patch_index	patch_x	patch_y	in_comparison_cohort	xenium_cell_count	xenium_cancer_cell_count	xenium_cancer_cell_fraction	cancer_rich	cancer_poor
0	-3	43	0	1	0	0.0	0	0
1	-3	46	0	1	0	0.0	0	0
2	-3	48	0	1	0	0.0	0	0
3	-2	6	0	0	0	0.0	0	0
4	-2	7	0	0	0	0.0	0	0
5	-2	8	0	0	0	0.0	0	0
6	-2	9	0	0	0	0.0	0	0
7	-2	10	0	0	0	0.0	0	0
8	-2	11	0	0	0	0.0	0	0
9	-2	12	0	0	0	0.0	0	0
10	-2	13	0	0	0	0.0	0	0
11	-2	14	0	0	0	0.0	0	0
12	-2	15	0	0	0	0.0	0	0
13	-2	16	0	0	0	0.0	0	0
14	-2	17	0	0	0	0.0	0	0
15	-2	18	0	0	0	0.0	0	0
16	-2	19	0	0	0	0.0	0	0
17	-2	20	0	0	0	0.0	0	0
18	-2	21	0	0	0	0.0	0	0
19	-2	22	0	0	0	0.0	0	0
20	-2	23	0	0	0	0.0	0	0
21	-2	24	0	0	0	0.0	0	0
22	-2	25	0	0	0	0.0	0	0
23	-2	26	0	0	0	0.0	0	0
24	-2	27	0	0	0	0.0	0	0
25	-2	28	0	0	0	0.0	0	0
26	-2	29	0	0	0	0.0	0	0
27	-2	30	0	0	0	0.0	0	0
28	-2	31	0	0	0	0.0	0	0
29	-2	32	0	0	0	0.0	0	0
30	-2	33	0	0	0	0.0	0	0
31	-2	34	0	0	0	0.0	0	0
32	-2	35	0	0	0	0.0	0	0
33	-2	36	0	0	0	0.0	0	0
34	-2	37	0	0	0	0.0	0	0
35	-2	38	0	0	0	0.0	0	0
36	-2	39	0	0	0	0.0	0	0
37	-2	40	0	1	0	0.0	0	0
38	-2	41	0	3	0	0.0	0	0
39	-2	42	0	0	0	0.0	0	0
40	-2	43	0	2	0	0.0	0	0
41	-2	44	0	0	0	0.0	0	0
42	-2	45	0	0	0	0.0	0	0
43	-2	46	0	0	0	0.0	0	0
44	-2	47	0	1	0	0.0	0	0
45	-2	48	0	0	0	0.0	0	0
46	-2	49	0	0	0	0.0	0	0
47	-2	50	0	2	0	0.0	0	0
48	-2	51	0	0	0	0.0	0	0
49	-2	52	0	0	0	0.0	0	0
50	-2	53	0	0	0	0.0	0	0
51	-2	54	0	0	0	0.0	0	0
52	-2	55	0	0	0	0.0	0	0
53	-2	56	0	0	0	0.0	0	0
54	-2	57	0	0	0	0.0	0	0
55	-2	58	0	0	0	0.0	0	0
56	-1	6	0	0	0	0.0	0	0
57	-1	7	0	0	0	0.0	0	0
58	-1	8	0	0	0	0.0	0	0
59	-1	9	0	0	0	0.0	0	0
60	-1	10	0	0	0	0.0	0	0
61	-1	11	0	0	0	0.0	0	0
62	-1	12	0	0	0	0.0	0	0
63	-1	13	0	0	0	0.0	0	0
64	-1	14	0	0	0	0.0	0	0
65	-1	15	0	0	0	0.0	0	0
66	-1	16	0	0	0	0.0	0	0
67	-1	17	0	0	0	0.0	0	0
68	-1	18	0	0	0	0.0	0	0
69	-1	19	0	0	0	0.0	0	0
70	-1	20	0	0	0	0.0	0	0
71	-1	21	0	0	0	0.0	0	0
72	-1	22	0	0	0	0.0	0	0
73	-1	23	0	0	0	0.0	0	0
74	-1	24	0	0	0	0.0	0	0
75	-1	25	0	0	0	0.0	0	0
76	-1	26	0	0	0	0.0	0	0
77	-1	27	0	0	0	0.0	0	0
78	-1	28	0	0	0	0.0	0	0
79	-1	29	0	0	0	0.0	0	0
80	-1	30	0	0	0	0.0	0	0
81	-1	31	0	0	0	0.0	0	0
82	-1	32	0	0	0	0.0	0	0
83	-1	33	0	0	0	0.0	0	0
84	-1	34	0	0	0	0.0	0	0
85	-1	35	0	0	0	0.0	0	0
86	-1	36	0	0	0	0.0	0	0
87	-1	37	0	1	0	0.0	0	0
88	-1	38	0	0	0	0.0	0	0
89	-1	39	0	2	0	0.0	0	0
90	-1	40	0	1	0	0.0	0	0
91	-1	41	0	4	0	0.0	0	0
92	-1	42	0	6	0	0.0	0	0
93	-1	43	0	7	0	0.0	0	0
94	-1	44	0	1	0	0.0	0	0
95	-1	45	0	4	1	0.25	0	0
96	-1	46	0	6	0	0.0	0	0
97	-1	47	0	3	0	0.0	0	0
98	-1	48	0	3	0	0.0	0	0
99	-1	49	0	0	0	0.0	0	0
100	-1	50	0	3	1	0.3333333333333333	0	0
101	-1	51	0	0	0	0.0	0	0
102	-1	52	0	0	0	0.0	0	0
103	-1	53	0	0	0	0.0	0	0
104	-1	54	0	0	0	0.0	0	0
105	-1	55	0	0	0	0.0	0	0
106	-1	56	0	0	0	0.0	0	0
107	-1	57	0	0	0	0.0	0	0
108	-1	58	0	0	0	0.0	0	0
109	0	6	0	0	0	0.0	0	0
110	0	7	0	0	0	0.0	0	0
111	0	8	0	0	0	0.0	0	0
112	0	9	0	0	0	0.0	0	0
113	0	10	0	0	0	0.0	0	0
114	0	11	0	0	0	0.0	0	0
115	0	12	0	0	0	0.0	0	0
116	0	13	0	0	0	0.0	0	0
117	0	14	0	0	0	0.0	0	0
118	0	15	0	0	0	0.0	0	0
119	0	16	0	0	0	0.0	0	0
120	0	17	0	0	0	0.0	0	0
121	0	18	0	0	0	0.0	0	0
122	0	19	0	0	0	0.0	0	0
123	0	20	0	0	0	0.0	0	0
124	0	21	0	0	0	0.0	0	0
125	0	22	0	0	0	0.0	0	0
126	0	23	0	0	0	0.0	0	0
127	0	24	0	0	0	0.0	0	0
128	0	25	0	0	0	0.0	0	0
129	0	26	0	0	0	0.0	0	0
130	0	27	0	0	0	0.0	0	0
131	0	28	0	0	0	0.0	0	0
132	0	29	0	0	0	0.0	0	0
133	0	30	0	0	0	0.0	0	0
134	0	31	0	0	0	0.0	0	0
135	0	32	0	0	0	0.0	0	0
136	0	33	0	0	0	0.0	0	0
137	0	34	0	0	0	0.0	0	0
138	0	35	0	0	0	0.0	0	0
139	0	36	0	0	0	0.0	0	0
140	0	37	0	4	0	0.0	0	0
141	0	38	0	4	0	0.0	0	0
142	0	39	0	6	0	0.0	0	0
143	0	40	0	4	0	0.0	0	0
144	0	41	0	4	0	0.0	0	0
145	0	42	0	5	0	0.0	0	0
146	0	43	0	2	0	0.0	0	0
147	0	44	0	19	0	0.0	0	0
148	0	45	0	4	0	0.0	0	0
149	0	46	0	2	0	0.0	0	0
150	0	47	0	2	0	0.0	0	0
151	0	48	0	8	0	0.0	0	0
152	0	49	0	3	0	0.0	0	0
153	0	50	0	0	0	0.0	0	0
154	0	51	0	1	0	0.0	0	0
155	0	52	0	1	0	0.0	0	0
156	0	53	0	0	0	0.0	0	0
157	0	54	0	0	0	0.0	0	0
158	0	55	0	0	0	0.0	0	0
159	0	56	0	0	0	0.0	0	0
160	0	57	0	0	0	0.0	0	0
161	0	58	0	0	0	0.0	0	0
162	1	6	0	0	0	0.0	0	0
163	1	7	0	0	0	0.0	0	0
164	1	8	0	0	0	0.0	0	0
165	1	9	0	0	0	0.0	0	0
166	1	10	0	0	0	0.0	0	0
167	1	11	0	0	0	0.0	0	0
168	1	12	0	0	0	0.0	0	0
169	1	13	0	0	0	0.0	0	0
170	1	14	0	0	0	0.0	0	0
171	1	15	0	0	0	0.0	0	0
172	1	16	0	0	0	0.0	0	0
173	1	17	0	0	0	0.0	0	0
174	1	18	0	0	0	0.0	0	0
175	1	19	0	0	0	0.0	0	0
176	1	20	0	0	0	0.0	0	0
177	1	21	0	0	0	0.0	0	0
178	1	22	0	0	0	0.0	0	0
179	1	23	0	0	0	0.0	0	0
180	1	24	0	0	0	0.0	0	0
181	1	25	0	0	0	0.0	0	0
182	1	26	0	0	0	0.0	0	0
183	1	27	0	0	0	0.0	0	0
184	1	28	0	0	0	0.0	0	0
185	1	29	0	0	0	0.0	0	0
186	1	30	0	0	0	0.0	0	0
187	1	31	0	0	0	0.0	0	0
188	1	32	0	0	0	0.0	0	0
189	1	33	0	0	0	0.0	0	0
190	1	34	0	0	0	0.0	0	0
191	1	35	0	0	0	0.0	0	0
192	1	36	0	1	0	0.0	0	0
193	1	37	0	11	3	0.2727272727272727	0	0
194	1	38	1	42	9	0.21428571428571427	0	1
195	1	39	1	111	59	0.5315315315315315	0	0
196	1	40	1	90	39	0.43333333333333335	0	0
197	1	41	1	89	35	0.39325842696629215	0	0
198	1	42	1	87	44	0.5057471264367817	0	0
199	1	43	1	101	49	0.48514851485148514	0	0
200	1	44	1	126	78	0.6190476190476191	0	0
201	1	45	1	182	119	0.6538461538461539	0	0
202	1	46	1	69	29	0.42028985507246375	0	0
203	1	47	0	2	0	0.0	0	0
204	1	48	0	1	0	0.0	0	0
205	1	49	0	6	0	0.0	0	0
206	1	50	0	0	0	0.0	0	0
207	1	51	0	0	0	0.0	0	0
208	1	52	0	2	0	0.0	0	0
209	1	53	0	0	0	0.0	0	0
210	1	54	0	0	0	0.0	0	0
211	1	55	0	0	0	0.0	0	0
212	1	56	0	0	0	0.0	0	0
213	1	57	0	0	0	0.0	0	0
214	1	58	0	0	0	0.0	0	0
215	2	6	0	0	0	0.0	0	0
216	2	7	0	0	0	0.0	0	0
217	2	8	0	0	0	0.0	0	0
218	2	9	0	0	0	0.0	0	0
219	2	10	0	0	0	0.0	0	0
220	2	11	0	0	0	0.0	0	0
221	2	12	0	0	0	0.0	0	0
222	2	13	0	0	0	0.0	0	0
223	2	14	0	0	0	0.0	0	0
224	2	15	0	0	0	0.0	0	0
225	2	16	0	0	0	0.0	0	0
226	2	17	0	0	0	0.0	0	0
227	2	18	0	0	0	0.0	0	0
228	2	19	0	0	0	0.0	0	0
229	2	20	0	0	0	0.0	0	0
230	2	21	0	0	0	0.0	0	0
231	2	22	0	0	0	0.0	0	0
232	2	23	0	0	0	0.0	0	0
233	2	24	0	0	0	0.0	0	0
234	2	25	0	0	0	0.0	0	0
235	2	26	0	0	0	0.0	0	0
236	2	27	0	0	0	0.0	0	0
237	2	28	0	0	0	0.0	0	0
238	2	29	0	0	0	0.0	0	0
239	2	30	0	0	0	0.0	0	0
240	2	31	0	0	0	0.0	0	0
241	2	32	0	1	0	0.0	0	0
242	2	33	0	0	0	0.0	0	0
243	2	34	0	5	0	0.0	0	0
244	2	35	1	32	5	0.15625	0	1
245	2	36	1	73	33	0.4520547945205479	0	0
246	2	37	1	130	84	0.6461538461538462	0	0
247	2	38	1	123	90	0.7317073170731707	0	0
248	2	39	1	58	36	0.6206896551724138	0	0
249	2	40	1	73	47	0.6438356164383562	0	0
250	2	41	1	45	35	0.7777777777777778	1	0
251	2	42	1	111	83	0.7477477477477478	0	0
252	2	43	1	80	65	0.8125	1	0
253	2	44	0	3	2	0.6666666666666666	0	0
254	2	45	1	51	33	0.6470588235294118	0	0
255	2	46	1	131	91	0.6946564885496184	0	0
256	2	47	1	99	51	0.5151515151515151	0	0
257	2	48	1	81	56	0.691358024691358	0	0
258	2	49	1	106	70	0.660377358490566	0	0
259	2	50	1	20	6	0.3	0	0
260	2	51	0	5	0	0.0	0	0
261	2	52	0	0	0	0.0	0	0
262	2	53	0	0	0	0.0	0	0
263	2	54	0	0	0	0.0	0	0
264	2	55	0	0	0	0.0	0	0
265	2	56	0	0	0	0.0	0	0
266	2	57	0	0	0	0.0	0	0
267	2	58	0	0	0	0.0	0	0
268	3	6	0	0	0	0.0	0	0
269	3	7	0	0	0	0.0	0	0
270	3	8	0	0	0	0.0	0	0
271	3	9	0	0	0	0.0	0	0
272	3	10	0	0	0	0.0	0	0
273	3	11	0	0	0	0.0	0	0
274	3	12	0	0	0	0.0	0	0
275	3	13	0	0	0	0.0	0	0
276	3	14	0	0	0	0.0	0	0
277	3	15	0	0	0	0.0	0	0
278	3	16	0	0	0	0.0	0	0
279	3	17	0	0	0	0.0	0	0
280	3	18	0	0	0	0.0	0	0
281	3	19	0	0	0	0.0	0	0
282	3	20	0	0	0	0.0	0	0
283	3	21	0	0	0	0.0	0	0
284	3	22	0	0	0	0.0	0	0
285	3	23	0	0	0	0.0	0	0
286	3	24	0	0	0	0.0	0	0
287	3	25	0	0	0	0.0	0	0
288	3	26	0	0	0	0.0	0	0
289	3	27	0	0	0	0.0	0	0
290	3	28	0	2	0	0.0	0	0
291	3	29	0	0	0	0.0	0	0
292	3	30	0	1	0	0.0	0	0
293	3	31	0	1	0	0.0	0	0
294	3	32	1	14	2	0.14285714285714285	0	1
295	3	33	1	86	35	0.4069767441860465	0	0
296	3	34	1	136	74	0.5441176470588235	0	0
297	3	35	1	162	113	0.6975308641975309	0	0
298	3	36	1	166	118	0.7108433734939759	0	0
299	3	37	1	107	83	0.7757009345794392	1	0
300	3	38	1	51	36	0.7058823529411765	0	0
301	3	39	0	8	0	0.0	0	0
302	3	40	1	49	24	0.4897959183673469	0	0
303	3	41	1	33	22	0.6666666666666666	0	0
304	3	42	1	78	52	0.6666666666666666	0	0
305	3	43	1	63	39	0.6190476190476191	0	0
306	3	44	0	5	5	1.0	0	0
307	3	45	0	2	0	0.0	0	0
308	3	46	1	30	28	0.9333333333333333	1	0
309	3	47	1	115	63	0.5478260869565217	0	0
310	3	48	1	144	92	0.6388888888888888	0	0
311	3	49	1	161	120	0.7453416149068323	0	0
312	3	50	1	159	105	0.660377358490566	0	0
313	3	51	1	38	22	0.5789473684210527	0	0
314	3	52	0	0	0	0.0	0	0
315	3	53	0	0	0	0.0	0	0
316	3	54	0	0	0	0.0	0	0
317	3	55	0	0	0	0.0	0	0
318	3	56	0	0	0	0.0	0	0
319	3	57	0	0	0	0.0	0	0
320	3	58	0	0	0	0.0	0	0
321	4	6	0	0	0	0.0	0	0
322	4	7	0	0	0	0.0	0	0
323	4	8	0	0	0	0.0	0	0
324	4	9	0	0	0	0.0	0	0
325	4	10	0	0	0	0.0	0	0
326	4	11	0	0	0	0.0	0	0
327	4	12	0	0	0	0.0	0	0
328	4	13	0	0	0	0.0	0	0
329	4	14	0	0	0	0.0	0	0
330	4	15	0	0	0	0.0	0	0
331	4	16	0	0	0	0.0	0	0
332	4	17	0	0	0	0.0	0	0
333	4	18	0	0	0	0.0	0	0
334	4	19	0	0	0	0.0	0	0
335	4	20	0	0	0	0.0	0	0
336	4	21	0	0	0	0.0	0	0
337	4	22	0	0	0	0.0	0	0
338	4	23	0	1	0	0.0	0	0
339	4	24	0	1	0	0.0	0	0
340	4	25	0	0	0	0.0	0	0
341	4	26	0	0	0	0.0	0	0
342	4	27	0	4	0	0.0	0	0
343	4	28	0	25	11	0.44	0	0
344	4	29	1	87	15	0.1724137931034483	0	1
345	4	30	1	102	35	0.3431372549019608	0	0
346	4	31	1	119	60	0.5042016806722689	0	0
347	4	32	1	186	94	0.5053763440860215	0	0
348	4	33	1	184	94	0.5108695652173914	0	0
349	4	34	1	142	90	0.6338028169014085	0	0
350	4	35	1	67	45	0.6716417910447762	0	0
351	4	36	1	117	79	0.6752136752136753	0	0
352	4	37	1	110	75	0.6818181818181818	0	0
353	4	38	1	69	43	0.6231884057971014	0	0
354	4	39	0	5	1	0.2	0	0
355	4	40	1	17	5	0.29411764705882354	0	0
356	4	41	1	49	34	0.6938775510204082	0	0
357	4	42	1	39	31	0.7948717948717948	1	0
358	4	43	1	89	66	0.7415730337078652	0	0
359	4	44	1	98	67	0.6836734693877551	0	0
360	4	45	0	1	0	0.0	0	0
361	4	46	0	2	1	0.5	0	0
362	4	47	1	51	41	0.803921568627451	1	0
363	4	48	1	118	53	0.4491525423728814	0	0
364	4	49	1	155	72	0.4645161290322581	0	0
365	4	50	1	176	119	0.6761363636363636	0	0
366	4	51	1	171	113	0.6608187134502924	0	0
367	4	52	0	16	1	0.0625	0	0
368	4	53	0	0	0	0.0	0	0
369	4	54	0	0	0	0.0	0	0
370	4	55	0	0	0	0.0	0	0
371	4	56	0	0	0	0.0	0	0
372	4	57	0	0	0	0.0	0	0
373	4	58	0	0	0	0.0	0	0
374	5	6	0	0	0	0.0	0	0
375	5	7	0	0	0	0.0	0	0
376	5	8	0	0	0	0.0	0	0
377	5	9	0	0	0	0.0	0	0
378	5	10	0	0	0	0.0	0	0
379	5	11	0	0	0	0.0	0	0
380	5	12	0	0	0	0.0	0	0
381	5	13	0	0	0	0.0	0	0
382	5	14	0	0	0	0.0	0	0
383	5	15	0	0	0	0.0	0	0
384	5	16	0	0	0	0.0	0	0
385	5	17	0	0	0	0.0	0	0
386	5	18	0	0	0	0.0	0	0
387	5	19	0	0	0	0.0	0	0
388	5	20	0	0	0	0.0	0	0
389	5	21	0	0	0	0.0	0	0
390	5	22	0	0	0	0.0	0	0
391	5	23	0	0	0	0.0	0	0
392	5	24	0	0	0	0.0	0	0
393	5	25	0	0	0	0.0	0	0
394	5	26	0	25	8	0.32	0	0
395	5	27	1	81	39	0.48148148148148145	0	0
396	5	28	1	178	98	0.550561797752809	0	0
397	5	29	1	120	50	0.4166666666666667	0	0
398	5	30	1	124	92	0.7419354838709677	0	0
399	5	31	1	83	64	0.7710843373493976	1	0
400	5	32	1	94	82	0.8723404255319149	1	0
401	5	33	1	27	14	0.5185185185185185	0	0
402	5	34	1	101	81	0.801980198019802	1	0
403	5	35	1	99	73	0.7373737373737373	0	0
404	5	36	1	134	73	0.5447761194029851	0	0
405	5	37	1	108	80	0.7407407407407407	0	0
406	5	38	1	101	55	0.5445544554455446	0	0
407	5	39	1	106	80	0.7547169811320755	1	0
408	5	40	1	79	52	0.6582278481012658	0	0
409	5	41	1	129	75	0.5813953488372093	0	0
410	5	42	1	78	54	0.6923076923076923	0	0
411	5	43	1	18	14	0.7777777777777778	1	0
412	5	44	1	109	78	0.7155963302752294	0	0
413	5	45	0	114	78	0.6842105263157895	0	0
414	5	46	0	44	37	0.8409090909090909	0	0
415	5	47	1	155	111	0.7161290322580646	0	0
416	5	48	1	122	86	0.7049180327868853	0	0
417	5	49	1	130	89	0.6846153846153846	0	0
418	5	50	1	159	86	0.5408805031446541	0	0
419	5	51	1	172	56	0.32558139534883723	0	0
420	5	52	1	56	6	0.10714285714285714	0	1
421	5	53	0	0	0	0.0	0	0
422	5	54	0	1	0	0.0	0	0
423	5	55	0	0	0	0.0	0	0
424	5	56	0	0	0	0.0	0	0
425	5	57	0	0	0	0.0	0	0
426	5	58	0	0	0	0.0	0	0
427	6	6	0	0	0	0.0	0	0
428	6	7	0	0	0	0.0	0	0
429	6	8	0	0	0	0.0	0	0
430	6	9	0	0	0	0.0	0	0
431	6	10	0	0	0	0.0	0	0
432	6	11	0	0	0	0.0	0	0
433	6	12	0	0	0	0.0	0	0
434	6	13	0	0	0	0.0	0	0
435	6	14	0	0	0	0.0	0	0
436	6	15	0	0	0	0.0	0	0
437	6	16	0	0	0	0.0	0	0
438	6	17	0	0	0	0.0	0	0
439	6	18	0	0	0	0.0	0	0
440	6	19	0	0	0	0.0	0	0
441	6	20	0	0	0	0.0	0	0
442	6	21	0	0	0	0.0	0	0
443	6	22	0	1	0	0.0	0	0
444	6	23	0	1	0	0.0	0	0
445	6	24	0	1	1	1.0	0	0
446	6	25	0	35	20	0.5714285714285714	0	0
447	6	26	1	130	75	0.5769230769230769	0	0
448	6	27	1	123	103	0.8373983739837398	1	0
449	6	28	1	94	76	0.8085106382978723	1	0
450	6	29	1	119	86	0.7226890756302521	0	0
451	6	30	1	114	62	0.543859649122807	0	0
452	6	31	1	67	35	0.5223880597014925	0	0
453	6	32	1	105	85	0.8095238095238095	1	0
454	6	33	1	180	135	0.75	1	0
455	6	34	1	104	56	0.5384615384615384	0	0
456	6	35	1	55	39	0.7090909090909091	0	0
457	6	36	1	84	53	0.6309523809523809	0	0
458	6	37	1	17	10	0.5882352941176471	0	0
459	6	38	1	13	0	0.0	0	1
460	6	39	0	43	21	0.4883720930232558	0	0
461	6	40	1	113	80	0.7079646017699115	0	0
462	6	41	1	69	49	0.7101449275362319	0	0
463	6	42	1	115	82	0.7130434782608696	0	0
464	6	43	1	137	98	0.7153284671532847	0	0
465	6	44	1	96	49	0.5104166666666666	0	0
466	6	45	1	34	32	0.9411764705882353	1	0
467	6	46	1	163	128	0.7852760736196319	1	0
468	6	47	1	122	93	0.7622950819672131	1	0
469	6	48	1	102	84	0.8235294117647058	1	0
470	6	49	1	89	65	0.7303370786516854	0	0
471	6	50	1	161	116	0.7204968944099379	0	0
472	6	51	1	113	41	0.36283185840707965	0	0
473	6	52	1	117	44	0.37606837606837606	0	0
474	6	53	0	1	1	1.0	0	0
475	6	54	0	2	0	0.0	0	0
476	6	55	0	0	0	0.0	0	0
477	6	56	0	0	0	0.0	0	0
478	6	57	0	0	0	0.0	0	0
479	6	58	0	0	0	0.0	0	0
480	7	6	0	0	0	0.0	0	0
481	7	7	0	0	0	0.0	0	0
482	7	8	0	0	0	0.0	0	0
483	7	9	0	0	0	0.0	0	0
484	7	10	0	0	0	0.0	0	0
485	7	11	0	0	0	0.0	0	0
486	7	12	0	0	0	0.0	0	0
487	7	13	0	0	0	0.0	0	0
488	7	14	0	0	0	0.0	0	0
489	7	15	0	0	0	0.0	0	0
490	7	16	0	0	0	0.0	0	0
491	7	17	0	0	0	0.0	0	0
492	7	18	0	0	0	0.0	0	0
493	7	19	0	0	0	0.0	0	0
494	7	20	0	0	0	0.0	0	0
495	7	21	0	0	0	0.0	0	0
496	7	22	0	0	0	0.0	0	0
497	7	23	0	5	0	0.0	0	0
498	7	24	1	74	35	0.47297297297297297	0	0
499	7	25	1	148	89	0.6013513513513513	0	0
500	7	26	1	109	82	0.7522935779816514	1	0
501	7	27	1	67	49	0.7313432835820896	0	0
502	7	28	1	89	61	0.6853932584269663	0	0
503	7	29	1	66	46	0.696969696969697	0	0
504	7	30	1	141	93	0.6595744680851063	0	0
505	7	31	1	55	44	0.8	1	0
506	7	32	1	108	80	0.7407407407407407	0	0
507	7	33	1	136	96	0.7058823529411765	0	0
508	7	34	1	140	116	0.8285714285714286	1	0
509	7	35	1	77	58	0.7532467532467533	1	0
510	7	36	1	40	16	0.4	0	0
511	7	37	0	3	0	0.0	0	0
512	7	38	0	8	1	0.125	0	0
513	7	39	1	91	25	0.27472527472527475	0	0
514	7	40	1	95	56	0.5894736842105263	0	0
515	7	41	1	80	60	0.75	1	0
516	7	42	1	130	91	0.7	0	0
517	7	43	1	89	74	0.8314606741573034	1	0
518	7	44	1	171	99	0.5789473684210527	0	0
519	7	45	1	55	34	0.6181818181818182	0	0
520	7	46	1	191	124	0.6492146596858639	0	0
521	7	47	1	131	100	0.7633587786259542	1	0
522	7	48	1	90	55	0.6111111111111112	0	0
523	7	49	1	135	93	0.6888888888888889	0	0
524	7	50	1	113	59	0.5221238938053098	0	0
525	7	51	1	126	65	0.5158730158730159	0	0
526	7	52	1	159	116	0.7295597484276729	0	0
527	7	53	1	71	55	0.7746478873239436	1	0
528	7	54	0	1	0	0.0	0	0
529	7	55	0	0	0	0.0	0	0
530	7	56	0	0	0	0.0	0	0
531	7	57	0	0	0	0.0	0	0
532	7	58	0	0	0	0.0	0	0
533	8	6	0	0	0	0.0	0	0
534	8	7	0	0	0	0.0	0	0
535	8	8	0	0	0	0.0	0	0
536	8	9	0	0	0	0.0	0	0
537	8	10	0	0	0	0.0	0	0
538	8	11	0	0	0	0.0	0	0
539	8	12	0	0	0	0.0	0	0
540	8	13	0	0	0	0.0	0	0
541	8	14	0	0	0	0.0	0	0
542	8	15	0	0	0	0.0	0	0
543	8	16	0	0	0	0.0	0	0
544	8	17	0	0	0	0.0	0	0
545	8	18	0	0	0	0.0	0	0
546	8	19	0	0	0	0.0	0	0
547	8	20	0	0	0	0.0	0	0
548	8	21	0	0	0	0.0	0	0
549	8	22	1	17	1	0.058823529411764705	0	1
550	8	23	1	123	6	0.04878048780487805	0	1
551	8	24	1	136	70	0.5147058823529411	0	0
552	8	25	1	111	69	0.6216216216216216	0	0
553	8	26	1	115	79	0.6869565217391305	0	0
554	8	27	1	44	38	0.8636363636363636	1	0
555	8	28	1	114	98	0.8596491228070176	1	0
556	8	29	1	162	115	0.7098765432098766	0	0
557	8	30	1	117	89	0.7606837606837606	1	0
558	8	31	1	83	63	0.7590361445783133	1	0
559	8	32	1	107	76	0.7102803738317757	0	0
560	8	33	1	113	77	0.6814159292035398	0	0
561	8	34	1	91	58	0.6373626373626373	0	0
562	8	35	1	146	99	0.678082191780822	0	0
563	8	36	1	86	52	0.6046511627906976	0	0
564	8	37	0	17	2	0.11764705882352941	0	0
565	8	38	1	71	31	0.43661971830985913	0	0
566	8	39	1	78	56	0.717948717948718	0	0
567	8	40	1	99	64	0.6464646464646465	0	0
568	8	41	1	57	44	0.7719298245614035	1	0
569	8	42	1	94	77	0.8191489361702128	1	0
570	8	43	1	100	72	0.72	0	0
571	8	44	1	95	51	0.5368421052631579	0	0
572	8	45	1	111	74	0.6666666666666666	0	0
573	8	46	1	182	123	0.6758241758241759	0	0
574	8	47	1	82	49	0.5975609756097561	0	0
575	8	48	1	81	53	0.654320987654321	0	0
576	8	49	1	136	80	0.5882352941176471	0	0
577	8	50	1	65	21	0.3230769230769231	0	0
578	8	51	1	106	78	0.7358490566037735	0	0
579	8	52	1	140	91	0.65	0	0
580	8	53	1	112	70	0.625	0	0
581	8	54	0	2	1	0.5	0	0
582	8	55	0	0	0	0.0	0	0
583	8	56	0	0	0	0.0	0	0
584	8	57	0	0	0	0.0	0	0
585	8	58	0	0	0	0.0	0	0
586	9	6	0	0	0	0.0	0	0
587	9	7	0	0	0	0.0	0	0
588	9	8	0	0	0	0.0	0	0
589	9	9	0	0	0	0.0	0	0
590	9	10	0	0	0	0.0	0	0
591	9	11	0	0	0	0.0	0	0
592	9	12	0	0	0	0.0	0	0
593	9	13	0	0	0	0.0	0	0
594	9	14	0	0	0	0.0	0	0
595	9	15	0	0	0	0.0	0	0
596	9	16	0	0	0	0.0	0	0
597	9	17	0	0	0	0.0	0	0
598	9	18	0	0	0	0.0	0	0
599	9	19	0	1	0	0.0	0	0
600	9	20	0	2	1	0.5	0	0
601	9	21	1	60	11	0.18333333333333332	0	1
602	9	22	1	135	5	0.037037037037037035	0	1
603	9	23	1	117	53	0.452991452991453	0	0
604	9	24	1	94	49	0.5212765957446809	0	0
605	9	25	1	134	105	0.7835820895522388	1	0
606	9	26	1	112	91	0.8125	1	0
607	9	27	1	98	68	0.6938775510204082	0	0
608	9	28	1	131	101	0.7709923664122137	1	0
609	9	29	1	90	65	0.7222222222222222	0	0
610	9	30	1	59	33	0.559322033898305	0	0
611	9	31	1	88	71	0.8068181818181818	1	0
612	9	32	1	84	64	0.7619047619047619	1	0
613	9	33	1	41	34	0.8292682926829268	1	0
614	9	34	1	135	93	0.6888888888888889	0	0
615	9	35	1	122	91	0.7459016393442623	0	0
616	9	36	1	59	25	0.423728813559322	0	0
617	9	37	1	77	58	0.7532467532467533	1	0
618	9	38	1	68	52	0.7647058823529411	1	0
619	9	39	1	59	48	0.8135593220338984	1	0
620	9	40	1	90	50	0.5555555555555556	0	0
621	9	41	1	137	103	0.7518248175182481	1	0
622	9	42	1	91	39	0.42857142857142855	0	0
623	9	43	1	33	8	0.24242424242424243	0	1
624	9	44	1	73	46	0.6301369863013698	0	0
625	9	45	1	87	60	0.6896551724137931	0	0
626	9	46	1	113	87	0.7699115044247787	1	0
627	9	47	1	165	130	0.7878787878787878	1	0
628	9	48	1	53	42	0.7924528301886793	1	0
629	9	49	1	81	60	0.7407407407407407	0	0
630	9	50	1	102	68	0.6666666666666666	0	0
631	9	51	1	95	86	0.9052631578947369	1	0
632	9	52	1	166	109	0.6566265060240963	0	0
633	9	53	1	135	107	0.7925925925925926	1	0
634	9	54	1	63	40	0.6349206349206349	0	0
635	9	55	0	0	0	0.0	0	0
636	9	56	0	0	0	0.0	0	0
637	9	57	0	1	0	0.0	0	0
638	9	58	0	0	0	0.0	0	0
639	10	6	0	0	0	0.0	0	0
640	10	7	0	0	0	0.0	0	0
641	10	8	0	0	0	0.0	0	0
642	10	9	0	0	0	0.0	0	0
643	10	10	0	0	0	0.0	0	0
644	10	11	0	0	0	0.0	0	0
645	10	12	0	0	0	0.0	0	0
646	10	13	0	0	0	0.0	0	0
647	10	14	0	0	0	0.0	0	0
648	10	15	0	0	0	0.0	0	0
649	10	16	0	0	0	0.0	0	0
650	10	17	0	1	0	0.0	0	0
651	10	18	0	0	0	0.0	0	0
652	10	19	0	0	0	0.0	0	0
653	10	20	1	63	39	0.6190476190476191	0	0
654	10	21	1	94	56	0.5957446808510638	0	0
655	10	22	1	77	48	0.6233766233766234	0	0
656	10	23	1	99	83	0.8383838383838383	1	0
657	10	24	1	91	42	0.46153846153846156	0	0
658	10	25	1	85	61	0.7176470588235294	0	0
659	10	26	1	41	30	0.7317073170731707	0	0
660	10	27	1	100	78	0.78	1	0
661	10	28	1	11	11	1.0	1	0
662	10	29	0	0	0	0.0	0	0
663	10	30	1	44	29	0.6590909090909091	0	0
664	10	31	1	103	88	0.8543689320388349	1	0
665	10	32	1	125	95	0.76	1	0
666	10	33	1	103	74	0.7184466019417476	0	0
667	10	34	1	140	104	0.7428571428571429	0	0
668	10	35	1	141	120	0.851063829787234	1	0
669	10	36	1	103	57	0.5533980582524272	0	0
670	10	37	1	28	19	0.6785714285714286	0	0
671	10	38	1	56	29	0.5178571428571429	0	0
672	10	39	1	44	18	0.4090909090909091	0	0
673	10	40	1	79	32	0.4050632911392405	0	0
674	10	41	1	170	134	0.788235294117647	1	0
675	10	42	1	114	86	0.7543859649122807	1	0
676	10	43	1	121	54	0.4462809917355372	0	0
677	10	44	1	91	74	0.8131868131868132	1	0
678	10	45	1	73	48	0.6575342465753424	0	0
679	10	46	1	104	80	0.7692307692307693	1	0
680	10	47	1	93	68	0.7311827956989247	0	0
681	10	48	1	42	32	0.7619047619047619	1	0
682	10	49	1	67	54	0.8059701492537313	1	0
683	10	50	1	102	49	0.4803921568627451	0	0
684	10	51	1	120	50	0.4166666666666667	0	0
685	10	52	1	143	40	0.27972027972027974	0	0
686	10	53	1	122	84	0.6885245901639344	0	0
687	10	54	1	119	67	0.5630252100840336	0	0
688	10	55	0	2	2	1.0	0	0
689	10	56	0	0	0	0.0	0	0
690	10	57	0	3	1	0.3333333333333333	0	0
691	10	58	0	1	0	0.0	0	0
692	11	6	0	0	0	0.0	0	0
693	11	7	0	0	0	0.0	0	0
694	11	8	0	0	0	0.0	0	0
695	11	9	0	0	0	0.0	0	0
696	11	10	0	0	0	0.0	0	0
697	11	11	0	0	0	0.0	0	0
698	11	12	0	0	0	0.0	0	0
699	11	13	0	0	0	0.0	0	0
700	11	14	0	0	0	0.0	0	0
701	11	15	0	0	0	0.0	0	0
702	11	16	0	0	0	0.0	0	0
703	11	17	0	0	0	0.0	0	0
704	11	18	0	4	2	0.5	0	0
705	11	19	1	82	61	0.7439024390243902	0	0
706	11	20	1	84	37	0.44047619047619047	0	0
707	11	21	1	55	31	0.5636363636363636	0	0
708	11	22	1	92	59	0.6413043478260869	0	0
709	11	23	1	106	63	0.5943396226415094	0	0
710	11	24	1	82	34	0.4146341463414634	0	0
711	11	25	1	67	53	0.7910447761194029	1	0
712	11	26	1	117	87	0.7435897435897436	0	0
713	11	27	1	123	99	0.8048780487804879	1	0
714	11	28	1	78	55	0.7051282051282052	0	0
715	11	29	1	63	53	0.8412698412698413	1	0
716	11	30	1	109	87	0.7981651376146789	1	0
717	11	31	1	113	96	0.8495575221238938	1	0
718	11	32	1	84	50	0.5952380952380952	0	0
719	11	33	1	143	115	0.8041958041958042	1	0
720	11	34	1	114	83	0.7280701754385965	0	0
721	11	35	1	125	102	0.816	1	0
722	11	36	1	108	81	0.75	1	0
723	11	37	1	65	43	0.6615384615384615	0	0
724	11	38	1	19	4	0.21052631578947367	0	1
725	11	39	1	16	2	0.125	0	1
726	11	40	1	31	8	0.25806451612903225	0	0
727	11	41	1	51	46	0.9019607843137255	1	0
728	11	42	0	0	0	0.0	0	0
729	11	43	1	79	49	0.620253164556962	0	0
730	11	44	1	82	64	0.7804878048780488	1	0
731	11	45	1	36	31	0.8611111111111112	1	0
732	11	46	1	64	44	0.6875	0	0
733	11	47	1	96	75	0.78125	1	0
734	11	48	1	105	79	0.7523809523809524	1	0
735	11	49	1	100	69	0.69	0	0
736	11	50	1	80	28	0.35	0	0
737	11	51	1	134	39	0.291044776119403	0	0
738	11	52	1	97	11	0.1134020618556701	0	1
739	11	53	1	98	79	0.8061224489795918	1	0
740	11	54	1	149	87	0.5838926174496645	0	0
741	11	55	1	80	59	0.7375	0	0
742	11	56	0	2	0	0.0	0	0
743	11	57	0	1	0	0.0	0	0
744	11	58	0	0	0	0.0	0	0
745	12	6	0	0	0	0.0	0	0
746	12	7	0	0	0	0.0	0	0
747	12	8	0	0	0	0.0	0	0
748	12	9	0	0	0	0.0	0	0
749	12	10	0	0	0	0.0	0	0
750	12	11	0	0	0	0.0	0	0
751	12	12	0	0	0	0.0	0	0
752	12	13	0	0	0	0.0	0	0
753	12	14	0	0	0	0.0	0	0
754	12	15	0	0	0	0.0	0	0
755	12	16	0	0	0	0.0	0	0
756	12	17	0	3	0	0.0	0	0
757	12	18	1	101	49	0.48514851485148514	0	0
758	12	19	1	81	36	0.4444444444444444	0	0
759	12	20	1	72	15	0.20833333333333334	0	1
760	12	21	1	92	22	0.2391304347826087	0	1
761	12	22	1	98	43	0.4387755102040816	0	0
762	12	23	1	134	36	0.26865671641791045	0	0
763	12	24	1	71	22	0.30985915492957744	0	0
764	12	25	1	130	79	0.6076923076923076	0	0
765	12	26	1	133	96	0.7218045112781954	0	0
766	12	27	1	117	102	0.8717948717948718	1	0
767	12	28	1	73	45	0.6164383561643836	0	0
768	12	29	1	93	69	0.7419354838709677	0	0
769	12	30	1	91	62	0.6813186813186813	0	0
770	12	31	1	80	53	0.6625	0	0
771	12	32	1	110	91	0.8272727272727273	1	0
772	12	33	1	94	71	0.7553191489361702	1	0
773	12	34	1	83	60	0.7228915662650602	0	0
774	12	35	1	83	65	0.7831325301204819	1	0
775	12	36	1	84	61	0.7261904761904762	0	0
776	12	37	1	152	107	0.7039473684210527	0	0
777	12	38	1	32	6	0.1875	0	1
778	12	39	0	6	3	0.5	0	0
779	12	40	1	98	74	0.7551020408163265	1	0
780	12	41	1	75	59	0.7866666666666666	1	0
781	12	42	1	129	83	0.6434108527131783	0	0
782	12	43	1	61	36	0.5901639344262295	0	0
783	12	44	1	139	85	0.6115107913669064	0	0
784	12	45	1	99	71	0.7171717171717171	0	0
785	12	46	1	90	53	0.5888888888888889	0	0
786	12	47	1	15	14	0.9333333333333333	1	0
787	12	48	1	112	79	0.7053571428571429	0	0
788	12	49	1	97	75	0.7731958762886598	1	0
789	12	50	1	111	72	0.6486486486486487	0	0
790	12	51	1	95	61	0.6421052631578947	0	0
791	12	52	1	141	38	0.2695035460992908	0	0
792	12	53	1	160	104	0.65	0	0
793	12	54	1	112	90	0.8035714285714286	1	0
794	12	55	1	43	24	0.5581395348837209	0	0
795	12	56	0	1	0	0.0	0	0
796	12	57	0	0	0	0.0	0	0
797	12	58	0	0	0	0.0	0	0
798	13	6	0	0	0	0.0	0	0
799	13	7	0	0	0	0.0	0	0
800	13	8	0	0	0	0.0	0	0
801	13	9	0	0	0	0.0	0	0
802	13	10	0	0	0	0.0	0	0
803	13	11	0	0	0	0.0	0	0
804	13	12	0	0	0	0.0	0	0
805	13	13	0	0	0	0.0	0	0
806	13	14	0	0	0	0.0	0	0
807	13	15	0	0	0	0.0	0	0
808	13	16	0	1	0	0.0	0	0
809	13	17	1	68	28	0.4117647058823529	0	0
810	13	18	1	116	38	0.3275862068965517	0	0
811	13	19	1	49	11	0.22448979591836735	0	1
812	13	20	1	53	7	0.1320754716981132	0	1
813	13	21	1	52	26	0.5	0	0
814	13	22	1	78	17	0.21794871794871795	0	1
815	13	23	1	48	0	0.0	0	1
816	13	24	1	86	54	0.627906976744186	0	0
817	13	25	1	142	84	0.5915492957746479	0	0
818	13	26	1	134	89	0.664179104477612	0	0
819	13	27	1	90	48	0.5333333333333333	0	0
820	13	28	1	42	5	0.11904761904761904	0	1
821	13	29	1	124	98	0.7903225806451613	1	0
822	13	30	1	112	84	0.75	1	0
823	13	31	1	59	20	0.3389830508474576	0	0
824	13	32	1	86	57	0.6627906976744186	0	0
825	13	33	1	108	85	0.7870370370370371	1	0
826	13	34	1	95	59	0.6210526315789474	0	0
827	13	35	1	101	71	0.7029702970297029	0	0
828	13	36	1	54	41	0.7592592592592593	1	0
829	13	37	1	63	30	0.47619047619047616	0	0
830	13	38	1	33	5	0.15151515151515152	0	1
831	13	39	1	29	1	0.034482758620689655	0	1
832	13	40	1	73	22	0.3013698630136986	0	0
833	13	41	1	151	101	0.6688741721854304	0	0
834	13	42	1	49	4	0.08163265306122448	0	1
835	13	43	1	87	28	0.3218390804597701	0	0
836	13	44	1	108	73	0.6759259259259259	0	0
837	13	45	1	121	75	0.6198347107438017	0	0
838	13	46	1	65	54	0.8307692307692308	1	0
839	13	47	1	85	44	0.5176470588235295	0	0
840	13	48	1	81	37	0.4567901234567901	0	0
841	13	49	1	68	45	0.6617647058823529	0	0
842	13	50	1	110	72	0.6545454545454545	0	0
843	13	51	1	99	72	0.7272727272727273	0	0
844	13	52	1	134	23	0.17164179104477612	0	1
845	13	53	1	129	90	0.6976744186046512	0	0
846	13	54	1	98	76	0.7755102040816326	1	0
847	13	55	1	18	9	0.5	0	0
848	13	56	0	2	0	0.0	0	0
849	13	57	0	0	0	0.0	0	0
850	13	58	0	0	0	0.0	0	0
851	14	6	0	0	0	0.0	0	0
852	14	7	0	0	0	0.0	0	0
853	14	8	0	0	0	0.0	0	0
854	14	9	0	0	0	0.0	0	0
855	14	10	0	0	0	0.0	0	0
856	14	11	0	0	0	0.0	0	0
857	14	12	0	0	0	0.0	0	0
858	14	13	0	0	0	0.0	0	0
859	14	14	0	0	0	0.0	0	0
860	14	15	0	1	0	0.0	0	0
861	14	16	1	51	23	0.45098039215686275	0	0
862	14	17	1	116	9	0.07758620689655173	0	1
863	14	18	1	73	17	0.2328767123287671	0	1
864	14	19	1	46	10	0.21739130434782608	0	1
865	14	20	1	82	38	0.4634146341463415	0	0
866	14	21	1	104	68	0.6538461538461539	0	0
867	14	22	1	27	2	0.07407407407407407	0	1
868	14	23	1	72	52	0.7222222222222222	0	0
869	14	24	1	108	81	0.75	1	0
870	14	25	1	131	86	0.6564885496183206	0	0
871	14	26	1	152	123	0.8092105263157895	1	0
872	14	27	1	63	39	0.6190476190476191	0	0
873	14	28	1	117	78	0.6666666666666666	0	0
874	14	29	1	102	85	0.8333333333333334	1	0
875	14	30	1	102	73	0.7156862745098039	0	0
876	14	31	1	111	89	0.8018018018018018	1	0
877	14	32	1	68	43	0.6323529411764706	0	0
878	14	33	1	54	22	0.4074074074074074	0	0
879	14	34	1	125	98	0.784	1	0
880	14	35	1	80	68	0.85	1	0
881	14	36	1	130	86	0.6615384615384615	0	0
882	14	37	1	49	8	0.16326530612244897	0	1
883	14	38	1	28	4	0.14285714285714285	0	1
884	14	39	1	50	3	0.06	0	1
885	14	40	1	54	6	0.1111111111111111	0	1
886	14	41	1	66	14	0.21212121212121213	0	1
887	14	42	1	33	30	0.9090909090909091	1	0
888	14	43	1	137	90	0.656934306569343	0	0
889	14	44	1	148	101	0.6824324324324325	0	0
890	14	45	1	71	51	0.7183098591549296	0	0
891	14	46	1	128	96	0.75	1	0
892	14	47	1	181	123	0.6795580110497238	0	0
893	14	48	1	90	55	0.6111111111111112	0	0
894	14	49	1	91	51	0.5604395604395604	0	0
895	14	50	1	90	69	0.7666666666666667	1	0
896	14	51	1	71	64	0.9014084507042254	1	0
897	14	52	1	118	44	0.3728813559322034	0	0
898	14	53	1	152	99	0.6513157894736842	0	0
899	14	54	1	148	103	0.6959459459459459	0	0
900	14	55	1	46	34	0.7391304347826086	0	0
901	14	56	0	6	2	0.3333333333333333	0	0
902	14	57	0	0	0	0.0	0	0
903	14	58	0	0	0	0.0	0	0
904	15	6	0	0	0	0.0	0	0
905	15	7	0	0	0	0.0	0	0
906	15	8	0	0	0	0.0	0	0
907	15	9	0	0	0	0.0	0	0
908	15	10	0	0	0	0.0	0	0
909	15	11	0	0	0	0.0	0	0
910	15	12	0	0	0	0.0	0	0
911	15	13	0	1	0	0.0	0	0
912	15	14	0	0	0	0.0	0	0
913	15	15	1	25	21	0.84	1	0
914	15	16	1	180	55	0.3055555555555556	0	0
915	15	17	1	38	4	0.10526315789473684	0	1
916	15	18	1	73	34	0.4657534246575342	0	0
917	15	19	1	72	22	0.3055555555555556	0	0
918	15	20	1	116	89	0.7672413793103449	1	0
919	15	21	1	77	40	0.5194805194805194	0	0
920	15	22	1	40	31	0.775	1	0
921	15	23	1	96	81	0.84375	1	0
922	15	24	1	111	55	0.4954954954954955	0	0
923	15	25	1	123	87	0.7073170731707317	0	0
924	15	26	1	135	106	0.7851851851851852	1	0
925	15	27	1	140	115	0.8214285714285714	1	0
926	15	28	1	119	81	0.680672268907563	0	0
927	15	29	1	31	26	0.8387096774193549	1	0
928	15	30	1	120	94	0.7833333333333333	1	0
929	15	31	1	75	52	0.6933333333333334	0	0
930	15	32	1	41	25	0.6097560975609756	0	0
931	15	33	1	65	54	0.8307692307692308	1	0
932	15	34	1	123	100	0.8130081300813008	1	0
933	15	35	1	109	80	0.7339449541284404	0	0
934	15	36	1	148	114	0.7702702702702703	1	0
935	15	37	1	83	59	0.7108433734939759	0	0
936	15	38	1	75	50	0.6666666666666666	0	0
937	15	39	1	113	87	0.7699115044247787	1	0
938	15	40	1	152	109	0.7171052631578947	0	0
939	15	41	1	55	28	0.509090909090909	0	0
940	15	42	1	73	34	0.4657534246575342	0	0
941	15	43	1	127	91	0.7165354330708661	0	0
942	15	44	1	195	123	0.6307692307692307	0	0
943	15	45	1	106	65	0.6132075471698113	0	0
944	15	46	1	114	83	0.7280701754385965	0	0
945	15	47	1	145	98	0.6758620689655173	0	0
946	15	48	1	135	92	0.6814814814814815	0	0
947	15	49	1	89	43	0.48314606741573035	0	0
948	15	50	1	98	82	0.8367346938775511	1	0
949	15	51	1	108	54	0.5	0	0
950	15	52	1	118	11	0.09322033898305085	0	1
951	15	53	1	166	99	0.5963855421686747	0	0
952	15	54	1	156	103	0.6602564102564102	0	0
953	15	55	1	137	95	0.6934306569343066	0	0
954	15	56	1	10	6	0.6	0	0
955	15	57	0	3	0	0.0	0	0
956	15	58	0	1	0	0.0	0	0
957	16	6	0	0	0	0.0	0	0
958	16	7	0	0	0	0.0	0	0
959	16	8	0	0	0	0.0	0	0
960	16	9	0	0	0	0.0	0	0
961	16	10	0	0	0	0.0	0	0
962	16	11	0	0	0	0.0	0	0
963	16	12	0	0	0	0.0	0	0
964	16	13	0	0	0	0.0	0	0
965	16	14	0	9	3	0.3333333333333333	0	0
966	16	15	1	115	43	0.3739130434782609	0	0
967	16	16	1	73	15	0.2054794520547945	0	1
968	16	17	1	49	8	0.16326530612244897	0	1
969	16	18	1	87	44	0.5057471264367817	0	0
970	16	19	1	131	78	0.5954198473282443	0	0
971	16	20	1	103	76	0.7378640776699029	0	0
972	16	21	1	94	75	0.7978723404255319	1	0
973	16	22	1	89	77	0.8651685393258427	1	0
974	16	23	1	94	75	0.7978723404255319	1	0
975	16	24	1	126	50	0.3968253968253968	0	0
976	16	25	1	134	97	0.7238805970149254	0	0
977	16	26	1	88	61	0.6931818181818182	0	0
978	16	27	1	68	54	0.7941176470588235	1	0
979	16	28	1	82	66	0.8048780487804879	1	0
980	16	29	1	77	52	0.6753246753246753	0	0
981	16	30	1	166	130	0.7831325301204819	1	0
982	16	31	1	99	77	0.7777777777777778	1	0
983	16	32	1	122	90	0.7377049180327869	0	0
984	16	33	1	78	63	0.8076923076923077	1	0
985	16	34	1	97	75	0.7731958762886598	1	0
986	16	35	1	103	84	0.8155339805825242	1	0
987	16	36	1	34	27	0.7941176470588235	1	0
988	16	37	1	59	46	0.7796610169491526	1	0
989	16	38	1	122	98	0.8032786885245902	1	0
990	16	39	1	165	131	0.793939393939394	1	0
991	16	40	1	154	122	0.7922077922077922	1	0
992	16	41	1	59	5	0.0847457627118644	0	1
993	16	42	1	71	21	0.29577464788732394	0	0
994	16	43	1	118	62	0.5254237288135594	0	0
995	16	44	1	120	34	0.2833333333333333	0	0
996	16	45	1	123	91	0.7398373983739838	0	0
997	16	46	1	99	37	0.37373737373737376	0	0
998	16	47	1	146	103	0.7054794520547946	0	0
999	16	48	1	78	64	0.8205128205128205	1	0
1000	16	49	1	102	73	0.7156862745098039	0	0
1001	16	50	1	115	93	0.808695652173913	1	0
1002	16	51	1	129	113	0.875968992248062	1	0
1003	16	52	1	124	15	0.12096774193548387	0	1
1004	16	53	1	96	5	0.052083333333333336	0	1
1005	16	54	1	93	52	0.5591397849462365	0	0
1006	16	55	1	44	24	0.5454545454545454	0	0
1007	16	56	0	1	0	0.0	0	0
1008	16	57	0	1	0	0.0	0	0
1009	16	58	0	0	0	0.0	0	0
1010	17	6	0	0	0	0.0	0	0
1011	17	7	0	0	0	0.0	0	0
1012	17	8	0	0	0	0.0	0	0
1013	17	9	0	0	0	0.0	0	0
1014	17	10	0	0	0	0.0	0	0
1015	17	11	0	0	0	0.0	0	0
1016	17	12	0	0	0	0.0	0	0
1017	17	13	0	0	0	0.0	0	0
1018	17	14	1	27	3	0.1111111111111111	0	1
1019	17	15	1	30	2	0.06666666666666667	0	1
1020	17	16	1	36	5	0.1388888888888889	0	1
1021	17	17	1	52	33	0.6346153846153846	0	0
1022	17	18	1	97	90	0.9278350515463918	1	0
1023	17	19	1	95	35	0.3684210526315789	0	0
1024	17	20	1	98	45	0.45918367346938777	0	0
1025	17	21	1	120	61	0.5083333333333333	0	0
1026	17	22	1	124	81	0.6532258064516129	0	0
1027	17	23	1	110	35	0.3181818181818182	0	0
1028	17	24	1	131	82	0.6259541984732825	0	0
1029	17	25	1	52	41	0.7884615384615384	1	0
1030	17	26	1	54	41	0.7592592592592593	1	0
1031	17	27	1	59	43	0.7288135593220338	0	0
1032	17	28	1	118	90	0.7627118644067796	1	0
1033	17	29	1	137	118	0.8613138686131386	1	0
1034	17	30	1	132	95	0.7196969696969697	0	0
1035	17	31	1	115	87	0.7565217391304347	1	0
1036	17	32	1	111	67	0.6036036036036037	0	0
1037	17	33	1	108	71	0.6574074074074074	0	0
1038	17	34	1	100	78	0.78	1	0
1039	17	35	1	106	81	0.7641509433962265	1	0
1040	17	36	1	129	87	0.6744186046511628	0	0
1041	17	37	1	147	118	0.8027210884353742	1	0
1042	17	38	1	118	95	0.8050847457627118	1	0
1043	17	39	1	142	91	0.6408450704225352	0	0
1044	17	40	1	113	90	0.7964601769911505	1	0
1045	17	41	1	61	50	0.819672131147541	1	0
1046	17	42	0	81	56	0.691358024691358	0	0
1047	17	43	1	76	58	0.7631578947368421	1	0
1048	17	44	1	66	36	0.5454545454545454	0	0
1049	17	45	1	118	49	0.4152542372881356	0	0
1050	17	46	1	133	71	0.5338345864661654	0	0
1051	17	47	1	95	77	0.8105263157894737	1	0
1052	17	48	1	111	57	0.5135135135135135	0	0
1053	17	49	1	60	33	0.55	0	0
1054	17	50	1	73	65	0.8904109589041096	1	0
1055	17	51	1	123	108	0.8780487804878049	1	0
1056	17	52	1	126	38	0.30158730158730157	0	0
1057	17	53	1	70	3	0.04285714285714286	0	1
1058	17	54	1	87	7	0.08045977011494253	0	1
1059	17	55	0	3	2	0.6666666666666666	0	0
1060	17	56	0	7	6	0.8571428571428571	0	0
1061	17	57	0	1	0	0.0	0	0
1062	17	58	0	1	0	0.0	0	0
1063	18	6	0	0	0	0.0	0	0
1064	18	7	0	0	0	0.0	0	0
1065	18	8	0	0	0	0.0	0	0
1066	18	9	0	0	0	0.0	0	0
1067	18	10	0	0	0	0.0	0	0
1068	18	11	0	0	0	0.0	0	0
1069	18	12	0	0	0	0.0	0	0
1070	18	13	1	10	2	0.2	0	1
1071	18	14	1	35	0	0.0	0	1
1072	18	15	1	41	13	0.3170731707317073	0	0
1073	18	16	1	63	27	0.42857142857142855	0	0
1074	18	17	1	75	24	0.32	0	0
1075	18	18	1	105	53	0.5047619047619047	0	0
1076	18	19	1	121	75	0.6198347107438017	0	0
1077	18	20	1	111	72	0.6486486486486487	0	0
1078	18	21	1	140	91	0.65	0	0
1079	18	22	1	126	52	0.4126984126984127	0	0
1080	18	23	1	110	59	0.5363636363636364	0	0
1081	18	24	1	107	71	0.6635514018691588	0	0
1082	18	25	1	98	74	0.7551020408163265	1	0
1083	18	26	1	119	73	0.6134453781512605	0	0
1084	18	27	1	144	113	0.7847222222222222	1	0
1085	18	28	1	178	140	0.7865168539325843	1	0
1086	18	29	1	110	63	0.5727272727272728	0	0
1087	18	30	1	76	58	0.7631578947368421	1	0
1088	18	31	0	3	2	0.6666666666666666	0	0
1089	18	32	1	57	50	0.8771929824561403	1	0
1090	18	33	1	135	99	0.7333333333333333	0	0
1091	18	34	1	93	62	0.6666666666666666	0	0
1092	18	35	1	77	59	0.7662337662337663	1	0
1093	18	36	1	116	100	0.8620689655172413	1	0
1094	18	37	1	90	64	0.7111111111111111	0	0
1095	18	38	1	74	47	0.6351351351351351	0	0
1096	18	39	1	139	106	0.762589928057554	1	0
1097	18	40	1	106	77	0.7264150943396226	0	0
1098	18	41	0	212	139	0.6556603773584906	0	0
1099	18	42	1	128	112	0.875	1	0
1100	18	43	1	109	95	0.8715596330275229	1	0
1101	18	44	1	47	45	0.9574468085106383	1	0
1102	18	45	1	84	52	0.6190476190476191	0	0
1103	18	46	1	101	78	0.7722772277227723	1	0
1104	18	47	1	192	139	0.7239583333333334	0	0
1105	18	48	1	97	60	0.6185567010309279	0	0
1106	18	49	1	22	12	0.5454545454545454	0	0
1107	18	50	1	56	48	0.8571428571428571	1	0
1108	18	51	1	97	92	0.9484536082474226	1	0
1109	18	52	1	126	21	0.16666666666666666	0	1
1110	18	53	1	57	5	0.08771929824561403	0	1
1111	18	54	1	75	28	0.37333333333333335	0	0
1112	18	55	0	2	0	0.0	0	0
1113	18	56	0	4	1	0.25	0	0
1114	18	57	0	0	0	0.0	0	0
1115	18	58	0	0	0	0.0	0	0
1116	19	6	0	0	0	0.0	0	0
1117	19	7	0	0	0	0.0	0	0
1118	19	8	0	0	0	0.0	0	0
1119	19	9	0	0	0	0.0	0	0
1120	19	10	0	0	0	0.0	0	0
1121	19	11	0	1	0	0.0	0	0
1122	19	12	0	3	0	0.0	0	0
1123	19	13	1	18	4	0.2222222222222222	0	1
1124	19	14	1	85	49	0.5764705882352941	0	0
1125	19	15	1	120	69	0.575	0	0
1126	19	16	1	91	57	0.6263736263736264	0	0
1127	19	17	1	131	55	0.4198473282442748	0	0
1128	19	18	1	106	87	0.8207547169811321	1	0
1129	19	19	1	113	77	0.6814159292035398	0	0
1130	19	20	1	123	71	0.5772357723577236	0	0
1131	19	21	1	102	77	0.7549019607843137	1	0
1132	19	22	1	102	66	0.6470588235294118	0	0
1133	19	23	1	111	72	0.6486486486486487	0	0
1134	19	24	1	99	63	0.6363636363636364	0	0
1135	19	25	1	24	6	0.25	0	1
1136	19	26	1	103	75	0.7281553398058253	0	0
1137	19	27	1	80	65	0.8125	1	0
1138	19	28	1	54	44	0.8148148148148148	1	0
1139	19	29	1	93	72	0.7741935483870968	1	0
1140	19	30	1	110	85	0.7727272727272727	1	0
1141	19	31	1	78	54	0.6923076923076923	0	0
1142	19	32	1	112	83	0.7410714285714286	0	0
1143	19	33	1	103	84	0.8155339805825242	1	0
1144	19	34	1	122	103	0.8442622950819673	1	0
1145	19	35	1	121	77	0.6363636363636364	0	0
1146	19	36	1	119	72	0.6050420168067226	0	0
1147	19	37	1	171	136	0.7953216374269005	1	0
1148	19	38	1	112	81	0.7232142857142857	0	0
1149	19	39	1	119	75	0.6302521008403361	0	0
1150	19	40	1	89	72	0.8089887640449438	1	0
1151	19	41	1	99	77	0.7777777777777778	1	0
1152	19	42	1	101	61	0.6039603960396039	0	0
1153	19	43	1	71	60	0.8450704225352113	1	0
1154	19	44	1	96	88	0.9166666666666666	1	0
1155	19	45	1	68	42	0.6176470588235294	0	0
1156	19	46	1	115	83	0.7217391304347827	0	0
1157	19	47	1	156	93	0.5961538461538461	0	0
1158	19	48	1	88	70	0.7954545454545454	1	0
1159	19	49	1	100	90	0.9	1	0
1160	19	50	1	97	90	0.9278350515463918	1	0
1161	19	51	1	110	94	0.8545454545454545	1	0
1162	19	52	1	114	9	0.07894736842105263	0	1
1163	19	53	1	110	4	0.03636363636363636	0	1
1164	19	54	1	91	46	0.5054945054945055	0	0
1165	19	55	0	1	0	0.0	0	0
1166	19	56	0	5	0	0.0	0	0
1167	19	57	0	0	0	0.0	0	0
1168	19	58	0	0	0	0.0	0	0
1169	20	6	0	0	0	0.0	0	0
1170	20	7	0	0	0	0.0	0	0
1171	20	8	0	0	0	0.0	0	0
1172	20	9	0	0	0	0.0	0	0
1173	20	10	0	0	0	0.0	0	0
1174	20	11	0	1	0	0.0	0	0
1175	20	12	0	3	1	0.3333333333333333	0	0
1176	20	13	1	73	35	0.4794520547945205	0	0
1177	20	14	1	91	42	0.46153846153846156	0	0
1178	20	15	1	130	91	0.7	0	0
1179	20	16	1	127	93	0.7322834645669292	0	0
1180	20	17	1	126	78	0.6190476190476191	0	0
1181	20	18	1	103	74	0.7184466019417476	0	0
1182	20	19	1	119	81	0.680672268907563	0	0
1183	20	20	1	104	78	0.75	1	0
1184	20	21	1	145	99	0.6827586206896552	0	0
1185	20	22	1	137	101	0.7372262773722628	0	0
1186	20	23	1	135	97	0.7185185185185186	0	0
1187	20	24	1	102	76	0.7450980392156863	0	0
1188	20	25	1	131	86	0.6564885496183206	0	0
1189	20	26	1	134	98	0.7313432835820896	0	0
1190	20	27	1	136	100	0.7352941176470589	0	0
1191	20	28	1	95	73	0.7684210526315789	1	0
1192	20	29	1	92	76	0.8260869565217391	1	0
1193	20	30	1	94	61	0.648936170212766	0	0
1194	20	31	1	130	101	0.7769230769230769	1	0
1195	20	32	1	105	82	0.780952380952381	1	0
1196	20	33	1	107	86	0.8037383177570093	1	0
1197	20	34	1	116	93	0.8017241379310345	1	0
1198	20	35	1	125	101	0.808	1	0
1199	20	36	1	133	107	0.8045112781954887	1	0
1200	20	37	1	104	85	0.8173076923076923	1	0
1201	20	38	1	105	79	0.7523809523809524	1	0
1202	20	39	1	127	103	0.8110236220472441	1	0
1203	20	40	1	131	114	0.8702290076335878	1	0
1204	20	41	1	135	76	0.562962962962963	0	0
1205	20	42	1	117	84	0.717948717948718	0	0
1206	20	43	1	93	72	0.7741935483870968	1	0
1207	20	44	1	102	94	0.9215686274509803	1	0
1208	20	45	1	83	60	0.7228915662650602	0	0
1209	20	46	1	99	18	0.18181818181818182	0	1
1210	20	47	1	89	5	0.056179775280898875	0	1
1211	20	48	1	115	77	0.6695652173913044	0	0
1212	20	49	1	136	125	0.9191176470588235	1	0
1213	20	50	1	118	105	0.8898305084745762	1	0
1214	20	51	1	124	104	0.8387096774193549	1	0
1215	20	52	1	96	6	0.0625	0	1
1216	20	53	1	95	6	0.06315789473684211	0	1
1217	20	54	1	127	72	0.5669291338582677	0	0
1218	20	55	1	49	38	0.7755102040816326	1	0
1219	20	56	1	36	24	0.6666666666666666	0	0
1220	20	57	0	0	0	0.0	0	0
1221	20	58	0	2	0	0.0	0	0
1222	21	6	0	0	0	0.0	0	0
1223	21	7	0	0	0	0.0	0	0
1224	21	8	0	0	0	0.0	0	0
1225	21	9	0	3	0	0.0	0	0
1226	21	10	0	2	0	0.0	0	0
1227	21	11	0	2	1	0.5	0	0
1228	21	12	1	42	23	0.5476190476190477	0	0
1229	21	13	1	108	79	0.7314814814814815	0	0
1230	21	14	1	118	72	0.6101694915254238	0	0
1231	21	15	1	143	91	0.6363636363636364	0	0
1232	21	16	1	138	105	0.7608695652173914	1	0
1233	21	17	1	115	92	0.8	1	0
1234	21	18	1	87	62	0.7126436781609196	0	0
1235	21	19	1	124	100	0.8064516129032258	1	0
1236	21	20	1	123	86	0.6991869918699187	0	0
1237	21	21	1	137	100	0.7299270072992701	0	0
1238	21	22	1	137	81	0.5912408759124088	0	0
1239	21	23	1	179	128	0.7150837988826816	0	0
1240	21	24	1	121	98	0.8099173553719008	1	0
1241	21	25	1	123	95	0.7723577235772358	1	0
1242	21	26	1	18	13	0.7222222222222222	0	0
1243	21	27	1	41	30	0.7317073170731707	0	0
1244	21	28	1	120	80	0.6666666666666666	0	0
1245	21	29	1	130	107	0.823076923076923	1	0
1246	21	30	1	145	120	0.8275862068965517	1	0
1247	21	31	1	128	102	0.796875	1	0
1248	21	32	1	83	44	0.5301204819277109	0	0
1249	21	33	1	114	84	0.7368421052631579	0	0
1250	21	34	1	109	84	0.7706422018348624	1	0
1251	21	35	1	91	78	0.8571428571428571	1	0
1252	21	36	1	90	55	0.6111111111111112	0	0
1253	21	37	1	106	86	0.8113207547169812	1	0
1254	21	38	1	140	115	0.8214285714285714	1	0
1255	21	39	1	102	65	0.6372549019607843	0	0
1256	21	40	1	117	95	0.811965811965812	1	0
1257	21	41	1	103	65	0.6310679611650486	0	0
1258	21	42	1	127	98	0.7716535433070866	1	0
1259	21	43	1	72	35	0.4861111111111111	0	0
1260	21	44	1	44	37	0.8409090909090909	1	0
1261	21	45	1	90	48	0.5333333333333333	0	0
1262	21	46	1	83	3	0.03614457831325301	0	1
1263	21	47	1	145	97	0.6689655172413793	0	0
1264	21	48	1	145	91	0.6275862068965518	0	0
1265	21	49	1	155	108	0.6967741935483871	0	0
1266	21	50	1	143	67	0.46853146853146854	0	0
1267	21	51	1	139	37	0.26618705035971224	0	0
1268	21	52	1	133	7	0.05263157894736842	0	1
1269	21	53	1	111	4	0.036036036036036036	0	1
1270	21	54	1	151	98	0.6490066225165563	0	0
1271	21	55	1	126	110	0.873015873015873	1	0
1272	21	56	1	33	24	0.7272727272727273	0	0
1273	21	57	0	0	0	0.0	0	0
1274	21	58	0	0	0	0.0	0	0
1275	22	6	0	0	0	0.0	0	0
1276	22	7	0	0	0	0.0	0	0
1277	22	8	0	1	0	0.0	0	0
1278	22	9	0	2	0	0.0	0	0
1279	22	10	1	34	26	0.7647058823529411	1	0
1280	22	11	1	102	74	0.7254901960784313	0	0
1281	22	12	1	72	30	0.4166666666666667	0	0
1282	22	13	1	114	78	0.6842105263157895	0	0
1283	22	14	1	133	80	0.6015037593984962	0	0
1284	22	15	1	131	88	0.6717557251908397	0	0
1285	22	16	1	106	90	0.8490566037735849	1	0
1286	22	17	1	114	74	0.6491228070175439	0	0
1287	22	18	1	85	72	0.8470588235294118	1	0
1288	22	19	1	89	74	0.8314606741573034	1	0
1289	22	20	1	130	108	0.8307692307692308	1	0
1290	22	21	1	157	110	0.7006369426751592	0	0
1291	22	22	1	122	96	0.7868852459016393	1	0
1292	22	23	1	161	120	0.7453416149068323	0	0
1293	22	24	1	75	54	0.72	0	0
1294	22	25	1	78	57	0.7307692307692307	0	0
1295	22	26	1	132	95	0.7196969696969697	0	0
1296	22	27	1	105	83	0.7904761904761904	1	0
1297	22	28	1	119	99	0.8319327731092437	1	0
1298	22	29	1	90	73	0.8111111111111111	1	0
1299	22	30	1	97	77	0.7938144329896907	1	0
1300	22	31	1	72	50	0.6944444444444444	0	0
1301	22	32	1	88	70	0.7954545454545454	1	0
1302	22	33	1	116	90	0.7758620689655172	1	0
1303	22	34	1	137	102	0.7445255474452555	0	0
1304	22	35	1	106	87	0.8207547169811321	1	0
1305	22	36	1	117	79	0.6752136752136753	0	0
1306	22	37	1	103	95	0.9223300970873787	1	0
1307	22	38	1	89	75	0.8426966292134831	1	0
1308	22	39	1	78	54	0.6923076923076923	0	0
1309	22	40	1	99	93	0.9393939393939394	1	0
1310	22	41	1	117	89	0.7606837606837606	1	0
1311	22	42	1	92	65	0.7065217391304348	0	0
1312	22	43	1	83	63	0.7590361445783133	1	0
1313	22	44	1	94	65	0.6914893617021277	0	0
1314	22	45	1	59	18	0.3050847457627119	0	0
1315	22	46	1	80	19	0.2375	0	1
1316	22	47	1	135	115	0.8518518518518519	1	0
1317	22	48	1	171	114	0.6666666666666666	0	0
1318	22	49	1	154	121	0.7857142857142857	1	0
1319	22	50	1	174	88	0.5057471264367817	0	0
1320	22	51	1	111	14	0.12612612612612611	0	1
1321	22	52	1	86	2	0.023255813953488372	0	1
1322	22	53	1	135	2	0.014814814814814815	0	1
1323	22	54	1	141	13	0.09219858156028368	0	1
1324	22	55	1	135	88	0.6518518518518519	0	0
1325	22	56	1	61	48	0.7868852459016393	1	0
1326	22	57	0	0	0	0.0	0	0
1327	22	58	0	0	0	0.0	0	0
1328	23	6	0	0	0	0.0	0	0
1329	23	7	0	0	0	0.0	0	0
1330	23	8	0	0	0	0.0	0	0
1331	23	9	0	7	4	0.5714285714285714	0	0
1332	23	10	1	115	60	0.5217391304347826	0	0
1333	23	11	1	103	64	0.6213592233009708	0	0
1334	23	12	1	111	78	0.7027027027027027	0	0
1335	23	13	1	97	65	0.6701030927835051	0	0
1336	23	14	1	119	74	0.6218487394957983	0	0
1337	23	15	1	125	102	0.816	1	0
1338	23	16	1	121	102	0.8429752066115702	1	0
1339	23	17	1	82	64	0.7804878048780488	1	0
1340	23	18	1	103	85	0.8252427184466019	1	0
1341	23	19	1	130	97	0.7461538461538462	0	0
1342	23	20	1	156	111	0.7115384615384616	0	0
1343	23	21	1	108	83	0.7685185185185185	1	0
1344	23	22	1	88	60	0.6818181818181818	0	0
1345	23	23	1	130	101	0.7769230769230769	1	0
1346	23	24	1	118	87	0.7372881355932204	0	0
1347	23	25	1	106	81	0.7641509433962265	1	0
1348	23	26	1	86	65	0.7558139534883721	1	0
1349	23	27	1	123	94	0.7642276422764228	1	0
1350	23	28	1	35	19	0.5428571428571428	0	0
1351	23	29	1	103	79	0.7669902912621359	1	0
1352	23	30	1	108	73	0.6759259259259259	0	0
1353	23	31	1	61	44	0.7213114754098361	0	0
1354	23	32	1	111	83	0.7477477477477478	0	0
1355	23	33	1	71	42	0.5915492957746479	0	0
1356	23	34	1	82	58	0.7073170731707317	0	0
1357	23	35	1	89	60	0.6741573033707865	0	0
1358	23	36	1	117	72	0.6153846153846154	0	0
1359	23	37	1	120	97	0.8083333333333333	1	0
1360	23	38	1	119	107	0.8991596638655462	1	0
1361	23	39	1	69	46	0.6666666666666666	0	0
1362	23	40	1	83	78	0.9397590361445783	1	0
1363	23	41	1	98	61	0.6224489795918368	0	0
1364	23	42	1	113	81	0.7168141592920354	0	0
1365	23	43	1	70	52	0.7428571428571429	0	0
1366	23	44	1	90	75	0.8333333333333334	1	0
1367	23	45	1	96	62	0.6458333333333334	0	0
1368	23	46	1	86	14	0.16279069767441862	0	1
1369	23	47	1	114	42	0.3684210526315789	0	0
1370	23	48	1	149	123	0.825503355704698	1	0
1371	23	49	1	199	151	0.7587939698492462	1	0
1372	23	50	1	146	121	0.8287671232876712	1	0
1373	23	51	1	118	95	0.8050847457627118	1	0
1374	23	52	1	101	55	0.5445544554455446	0	0
1375	23	53	1	100	5	0.05	0	1
1376	23	54	1	155	16	0.1032258064516129	0	1
1377	23	55	1	83	58	0.6987951807228916	0	0
1378	23	56	0	11	7	0.6363636363636364	0	0
1379	23	57	0	0	0	0.0	0	0
1380	23	58	0	0	0	0.0	0	0
1381	24	6	0	0	0	0.0	0	0
1382	24	7	0	0	0	0.0	0	0
1383	24	8	1	14	10	0.7142857142857143	0	0
1384	24	9	1	86	62	0.7209302325581395	0	0
1385	24	10	1	97	71	0.7319587628865979	0	0
1386	24	11	1	119	98	0.8235294117647058	1	0
1387	24	12	1	141	99	0.7021276595744681	0	0
1388	24	13	1	92	73	0.7934782608695652	1	0
1389	24	14	1	89	39	0.43820224719101125	0	0
1390	24	15	1	142	95	0.6690140845070423	0	0
1391	24	16	1	119	71	0.5966386554621849	0	0
1392	24	17	1	124	84	0.6774193548387096	0	0
1393	24	18	1	157	109	0.6942675159235668	0	0
1394	24	19	1	129	90	0.6976744186046512	0	0
1395	24	20	1	125	100	0.8	1	0
1396	24	21	1	134	92	0.6865671641791045	0	0
1397	24	22	1	91	63	0.6923076923076923	0	0
1398	24	23	1	110	77	0.7	0	0
1399	24	24	1	137	97	0.708029197080292	0	0
1400	24	25	1	88	58	0.6590909090909091	0	0
1401	24	26	1	99	77	0.7777777777777778	1	0
1402	24	27	1	130	97	0.7461538461538462	0	0
1403	24	28	1	94	68	0.723404255319149	0	0
1404	24	29	1	129	102	0.7906976744186046	1	0
1405	24	30	1	106	77	0.7264150943396226	0	0
1406	24	31	1	96	64	0.6666666666666666	0	0
1407	24	32	1	100	84	0.84	1	0
1408	24	33	1	100	57	0.57	0	0
1409	24	34	1	125	80	0.64	0	0
1410	24	35	1	111	67	0.6036036036036037	0	0
1411	24	36	1	99	70	0.7070707070707071	0	0
1412	24	37	1	123	104	0.8455284552845529	1	0
1413	24	38	1	120	105	0.875	1	0
1414	24	39	1	54	23	0.42592592592592593	0	0
1415	24	40	1	58	16	0.27586206896551724	0	0
1416	24	41	1	96	52	0.5416666666666666	0	0
1417	24	42	1	92	76	0.8260869565217391	1	0
1418	24	43	1	113	101	0.8938053097345132	1	0
1419	24	44	1	96	83	0.8645833333333334	1	0
1420	24	45	1	77	43	0.5584415584415584	0	0
1421	24	46	1	102	84	0.8235294117647058	1	0
1422	24	47	1	96	70	0.7291666666666666	0	0
1423	24	48	1	95	45	0.47368421052631576	0	0
1424	24	49	1	150	96	0.64	0	0
1425	24	50	1	173	121	0.6994219653179191	0	0
1426	24	51	1	176	111	0.6306818181818182	0	0
1427	24	52	1	147	105	0.7142857142857143	0	0
1428	24	53	1	135	47	0.34814814814814815	0	0
1429	24	54	1	91	16	0.17582417582417584	0	1
1430	24	55	0	14	7	0.5	0	0
1431	24	56	0	1	0	0.0	0	0
1432	24	57	0	0	0	0.0	0	0
1433	24	58	0	0	0	0.0	0	0
1434	25	2	0	1	0	0.0	0	0
1435	25	6	0	1	0	0.0	0	0
1436	25	7	1	11	8	0.7272727272727273	0	0
1437	25	8	1	83	65	0.7831325301204819	1	0
1438	25	9	1	98	84	0.8571428571428571	1	0
1439	25	10	1	82	62	0.7560975609756098	1	0
1440	25	11	1	145	102	0.7034482758620689	0	0
1441	25	12	1	112	87	0.7767857142857143	1	0
1442	25	13	1	154	100	0.6493506493506493	0	0
1443	25	14	1	122	77	0.6311475409836066	0	0
1444	25	15	1	97	7	0.07216494845360824	0	1
1445	25	16	1	106	65	0.6132075471698113	0	0
1446	25	17	1	120	87	0.725	0	0
1447	25	18	1	128	97	0.7578125	1	0
1448	25	19	1	135	106	0.7851851851851852	1	0
1449	25	20	1	142	100	0.704225352112676	0	0
1450	25	21	1	123	94	0.7642276422764228	1	0
1451	25	22	1	127	93	0.7322834645669292	0	0
1452	25	23	1	129	91	0.7054263565891473	0	0
1453	25	24	1	91	69	0.7582417582417582	1	0
1454	25	25	1	78	53	0.6794871794871795	0	0
1455	25	26	1	74	59	0.7972972972972973	1	0
1456	25	27	1	159	131	0.8238993710691824	1	0
1457	25	28	1	125	95	0.76	1	0
1458	25	29	1	93	65	0.6989247311827957	0	0
1459	25	30	1	108	73	0.6759259259259259	0	0
1460	25	31	1	89	42	0.47191011235955055	0	0
1461	25	32	1	93	73	0.7849462365591398	1	0
1462	25	33	1	93	64	0.6881720430107527	0	0
1463	25	34	1	123	86	0.6991869918699187	0	0
1464	25	35	1	144	95	0.6597222222222222	0	0
1465	25	36	1	90	78	0.8666666666666667	1	0
1466	25	37	1	94	85	0.9042553191489362	1	0
1467	25	38	1	134	109	0.8134328358208955	1	0
1468	25	39	1	28	15	0.5357142857142857	0	0
1469	25	40	0	50	27	0.54	0	0
1470	25	41	1	95	83	0.8736842105263158	1	0
1471	25	42	1	96	58	0.6041666666666666	0	0
1472	25	43	1	103	77	0.7475728155339806	0	0
1473	25	44	1	84	62	0.7380952380952381	0	0
1474	25	45	1	91	65	0.7142857142857143	0	0
1475	25	46	1	100	74	0.74	0	0
1476	25	47	1	105	88	0.8380952380952381	1	0
1477	25	48	1	114	83	0.7280701754385965	0	0
1478	25	49	1	132	62	0.4696969696969697	0	0
1479	25	50	1	136	71	0.5220588235294118	0	0
1480	25	51	1	146	94	0.6438356164383562	0	0
1481	25	52	1	155	112	0.7225806451612903	0	0
1482	25	53	1	115	75	0.6521739130434783	0	0
1483	25	54	1	80	33	0.4125	0	0
1484	25	55	0	56	24	0.42857142857142855	0	0
1485	25	56	0	2	0	0.0	0	0
1486	25	57	0	1	0	0.0	0	0
1487	25	58	0	0	0	0.0	0	0
1488	26	5	0	4	0	0.0	0	0
1489	26	6	1	23	20	0.8695652173913043	1	0
1490	26	7	1	90	66	0.7333333333333333	0	0
1491	26	8	1	91	68	0.7472527472527473	0	0
1492	26	9	1	87	60	0.6896551724137931	0	0
1493	26	10	1	112	81	0.7232142857142857	0	0
1494	26	11	1	100	80	0.8	1	0
1495	26	12	1	143	107	0.7482517482517482	0	0
1496	26	13	1	115	73	0.6347826086956522	0	0
1497	26	14	1	126	93	0.7380952380952381	0	0
1498	26	15	1	110	61	0.5545454545454546	0	0
1499	26	16	1	111	70	0.6306306306306306	0	0
1500	26	17	1	107	65	0.6074766355140186	0	0
1501	26	18	1	113	73	0.6460176991150443	0	0
1502	26	19	1	115	82	0.7130434782608696	0	0
1503	26	20	1	125	85	0.68	0	0
1504	26	21	1	86	55	0.6395348837209303	0	0
1505	26	22	1	120	82	0.6833333333333333	0	0
1506	26	23	1	102	84	0.8235294117647058	1	0
1507	26	24	1	123	104	0.8455284552845529	1	0
1508	26	25	1	119	91	0.7647058823529411	1	0
1509	26	26	1	88	68	0.7727272727272727	1	0
1510	26	27	1	83	47	0.5662650602409639	0	0
1511	26	28	1	141	115	0.8156028368794326	1	0
1512	26	29	1	96	56	0.5833333333333334	0	0
1513	26	30	1	125	85	0.68	0	0
1514	26	31	1	105	75	0.7142857142857143	0	0
1515	26	32	1	116	76	0.6551724137931034	0	0
1516	26	33	1	103	73	0.7087378640776699	0	0
1517	26	34	1	93	55	0.5913978494623656	0	0
1518	26	35	1	57	39	0.6842105263157895	0	0
1519	26	36	1	123	110	0.8943089430894309	1	0
1520	26	37	1	120	97	0.8083333333333333	1	0
1521	26	38	1	87	58	0.6666666666666666	0	0
1522	26	39	1	53	21	0.39622641509433965	0	0
1523	26	40	0	122	104	0.8524590163934426	0	0
1524	26	41	1	113	67	0.5929203539823009	0	0
1525	26	42	1	37	10	0.2702702702702703	0	0
1526	26	43	1	70	40	0.5714285714285714	0	0
1527	26	44	1	73	32	0.4383561643835616	0	0
1528	26	45	1	105	83	0.7904761904761904	1	0
1529	26	46	1	91	54	0.5934065934065934	0	0
1530	26	47	1	99	74	0.7474747474747475	0	0
1531	26	48	1	124	109	0.8790322580645161	1	0
1532	26	49	1	128	105	0.8203125	1	0
1533	26	50	1	130	104	0.8	1	0
1534	26	51	1	150	111	0.74	0	0
1535	26	52	1	103	80	0.7766990291262136	1	0
1536	26	53	1	107	65	0.6074766355140186	0	0
1537	26	54	1	128	63	0.4921875	0	0
1538	26	55	0	138	66	0.4782608695652174	0	0
1539	26	56	0	2	0	0.0	0	0
1540	26	57	0	0	0	0.0	0	0
1541	26	58	0	0	0	0.0	0	0
1542	27	3	0	1	0	0.0	0	0
1543	27	4	0	1	0	0.0	0	0
1544	27	5	0	20	10	0.5	0	0
1545	27	6	1	85	57	0.6705882352941176	0	0
1546	27	7	1	91	70	0.7692307692307693	1	0
1547	27	8	1	119	99	0.8319327731092437	1	0
1548	27	9	1	120	81	0.675	0	0
1549	27	10	1	130	91	0.7	0	0
1550	27	11	1	136	108	0.7941176470588235	1	0
1551	27	12	1	125	98	0.784	1	0
1552	27	13	1	128	91	0.7109375	0	0
1553	27	14	1	112	74	0.6607142857142857	0	0
1554	27	15	1	103	78	0.7572815533980582	1	0
1555	27	16	1	106	77	0.7264150943396226	0	0
1556	27	17	1	139	105	0.7553956834532374	1	0
1557	27	18	1	86	55	0.6395348837209303	0	0
1558	27	19	1	104	91	0.875	1	0
1559	27	20	1	120	82	0.6833333333333333	0	0
1560	27	21	1	100	81	0.81	1	0
1561	27	22	1	58	44	0.7586206896551724	1	0
1562	27	23	1	32	3	0.09375	0	1
1563	27	24	1	82	46	0.5609756097560976	0	0
1564	27	25	1	97	75	0.7731958762886598	1	0
1565	27	26	1	67	55	0.8208955223880597	1	0
1566	27	27	1	29	23	0.7931034482758621	1	0
1567	27	28	1	67	47	0.7014925373134329	0	0
1568	27	29	1	101	79	0.7821782178217822	1	0
1569	27	30	1	100	63	0.63	0	0
1570	27	31	1	70	35	0.5	0	0
1571	27	32	1	69	26	0.37681159420289856	0	0
1572	27	33	1	117	104	0.8888888888888888	1	0
1573	27	34	1	131	93	0.7099236641221374	0	0
1574	27	35	1	122	98	0.8032786885245902	1	0
1575	27	36	1	105	80	0.7619047619047619	1	0
1576	27	37	1	105	75	0.7142857142857143	0	0
1577	27	38	1	89	75	0.8426966292134831	1	0
1578	27	39	1	75	56	0.7466666666666667	0	0
1579	27	40	1	95	79	0.8315789473684211	1	0
1580	27	41	1	119	67	0.5630252100840336	0	0
1581	27	42	1	143	109	0.7622377622377622	1	0
1582	27	43	1	101	79	0.7821782178217822	1	0
1583	27	44	1	77	66	0.8571428571428571	1	0
1584	27	45	1	94	56	0.5957446808510638	0	0
1585	27	46	1	110	84	0.7636363636363637	1	0
1586	27	47	1	51	33	0.6470588235294118	0	0
1587	27	48	1	53	31	0.5849056603773585	0	0
1588	27	49	1	82	65	0.7926829268292683	1	0
1589	27	50	1	98	78	0.7959183673469388	1	0
1590	27	51	1	134	114	0.8507462686567164	1	0
1591	27	52	1	109	79	0.7247706422018348	0	0
1592	27	53	1	94	77	0.8191489361702128	1	0
1593	27	54	1	78	59	0.7564102564102564	1	0
1594	27	55	1	104	61	0.5865384615384616	0	0
1595	27	56	0	1	0	0.0	0	0
1596	27	57	0	1	0	0.0	0	0
1597	27	58	0	1	0	0.0	0	0
1598	27	59	0	1	0	0.0	0	0
1599	28	4	0	1	0	0.0	0	0
1600	28	5	0	46	35	0.7608695652173914	0	0
1601	28	6	1	125	91	0.728	0	0
1602	28	7	1	119	109	0.9159663865546218	1	0
1603	28	8	1	120	93	0.775	1	0
1604	28	9	1	134	108	0.8059701492537313	1	0
1605	28	10	1	134	104	0.7761194029850746	1	0
1606	28	11	1	151	110	0.7284768211920529	0	0
1607	28	12	1	102	69	0.6764705882352942	0	0
1608	28	13	1	139	113	0.8129496402877698	1	0
1609	28	14	1	115	84	0.7304347826086957	0	0
1610	28	15	1	105	83	0.7904761904761904	1	0
1611	28	16	1	87	45	0.5172413793103449	0	0
1612	28	17	1	97	71	0.7319587628865979	0	0
1613	28	18	1	106	82	0.7735849056603774	1	0
1614	28	19	1	94	69	0.7340425531914894	0	0
1615	28	20	1	30	27	0.9	1	0
1616	28	21	0	27	22	0.8148148148148148	0	0
1617	28	22	1	65	50	0.7692307692307693	1	0
1618	28	23	1	46	36	0.782608695652174	1	0
1619	28	24	1	92	66	0.717391304347826	0	0
1620	28	25	1	51	17	0.3333333333333333	0	0
1621	28	26	1	99	74	0.7474747474747475	0	0
1622	28	27	1	65	57	0.8769230769230769	1	0
1623	28	28	1	100	61	0.61	0	0
1624	28	29	1	32	4	0.125	0	1
1625	28	30	1	34	2	0.058823529411764705	0	1
1626	28	31	1	38	5	0.13157894736842105	0	1
1627	28	32	1	110	74	0.6727272727272727	0	0
1628	28	33	1	123	75	0.6097560975609756	0	0
1629	28	34	1	80	50	0.625	0	0
1630	28	35	1	35	26	0.7428571428571429	0	0
1631	28	36	1	65	51	0.7846153846153846	1	0
1632	28	37	1	88	63	0.7159090909090909	0	0
1633	28	38	1	81	43	0.5308641975308642	0	0
1634	28	39	1	65	43	0.6615384615384615	0	0
1635	28	40	1	91	68	0.7472527472527473	0	0
1636	28	41	1	74	61	0.8243243243243243	1	0
1637	28	42	1	100	76	0.76	1	0
1638	28	43	1	73	58	0.7945205479452054	1	0
1639	28	44	1	124	106	0.8548387096774194	1	0
1640	28	45	1	107	87	0.8130841121495327	1	0
1641	28	46	1	112	82	0.7321428571428571	0	0
1642	28	47	1	80	52	0.65	0	0
1643	28	48	1	109	81	0.7431192660550459	0	0
1644	28	49	1	74	60	0.8108108108108109	1	0
1645	28	50	1	90	69	0.7666666666666667	1	0
1646	28	51	1	117	88	0.7521367521367521	1	0
1647	28	52	1	119	86	0.7226890756302521	0	0
1648	28	53	1	133	112	0.8421052631578947	1	0
1649	28	54	1	172	139	0.8081395348837209	1	0
1650	28	55	0	13	12	0.9230769230769231	0	0
1651	28	56	0	0	0	0.0	0	0
1652	28	57	0	0	0	0.0	0	0
1653	28	58	0	0	0	0.0	0	0
1654	29	3	0	1	0	0.0	0	0
1655	29	5	0	119	67	0.5630252100840336	0	0
1656	29	6	1	143	101	0.7062937062937062	0	0
1657	29	7	1	120	90	0.75	1	0
1658	29	8	1	133	98	0.7368421052631579	0	0
1659	29	9	1	153	114	0.7450980392156863	0	0
1660	29	10	1	180	131	0.7277777777777777	0	0
1661	29	11	1	122	81	0.6639344262295082	0	0
1662	29	12	1	117	85	0.7264957264957265	0	0
1663	29	13	1	113	91	0.8053097345132744	1	0
1664	29	14	1	134	111	0.8283582089552238	1	0
1665	29	15	1	142	108	0.7605633802816901	1	0
1666	29	16	1	122	98	0.8032786885245902	1	0
1667	29	17	1	111	76	0.6846846846846847	0	0
1668	29	18	1	126	98	0.7777777777777778	1	0
1669	29	19	1	139	110	0.7913669064748201	1	0
1670	29	20	1	100	53	0.53	0	0
1671	29	21	1	122	93	0.7622950819672131	1	0
1672	29	22	1	77	61	0.7922077922077922	1	0
1673	29	23	1	27	19	0.7037037037037037	0	0
1674	29	24	1	127	101	0.7952755905511811	1	0
1675	29	25	1	92	61	0.6630434782608695	0	0
1676	29	26	1	91	52	0.5714285714285714	0	0
1677	29	27	1	125	103	0.824	1	0
1678	29	28	1	52	19	0.36538461538461536	0	0
1679	29	29	0	26	1	0.038461538461538464	0	0
1680	29	30	0	21	3	0.14285714285714285	0	0
1681	29	31	0	43	20	0.46511627906976744	0	0
1682	29	32	1	49	35	0.7142857142857143	0	0
1683	29	33	1	29	25	0.8620689655172413	1	0
1684	29	34	1	102	78	0.7647058823529411	1	0
1685	29	35	1	96	67	0.6979166666666666	0	0
1686	29	36	1	129	81	0.627906976744186	0	0
1687	29	37	1	83	45	0.5421686746987951	0	0
1688	29	38	1	52	48	0.9230769230769231	1	0
1689	29	39	1	105	81	0.7714285714285715	1	0
1690	29	40	1	85	32	0.3764705882352941	0	0
1691	29	41	1	76	59	0.7763157894736842	1	0
1692	29	42	1	100	73	0.73	0	0
1693	29	43	1	115	94	0.8173913043478261	1	0
1694	29	44	1	121	107	0.8842975206611571	1	0
1695	29	45	1	123	96	0.7804878048780488	1	0
1696	29	46	1	128	79	0.6171875	0	0
1697	29	47	1	68	38	0.5588235294117647	0	0
1698	29	48	1	151	113	0.7483443708609272	0	0
1699	29	49	1	100	58	0.58	0	0
1700	29	50	1	133	93	0.6992481203007519	0	0
1701	29	51	1	90	69	0.7666666666666667	1	0
1702	29	52	1	90	69	0.7666666666666667	1	0
1703	29	53	1	138	98	0.7101449275362319	0	0
1704	29	54	1	141	111	0.7872340425531915	1	0
1705	29	55	0	29	23	0.7931034482758621	0	0
1706	29	56	0	0	0	0.0	0	0
1707	29	57	0	0	0	0.0	0	0
1708	29	58	0	0	0	0.0	0	0
1709	30	3	0	5	0	0.0	0	0
1710	30	4	0	10	3	0.3	0	0
1711	30	5	0	105	69	0.6571428571428571	0	0
1712	30	6	1	139	104	0.7482014388489209	0	0
1713	30	7	1	120	82	0.6833333333333333	0	0
1714	30	8	1	154	119	0.7727272727272727	1	0
1715	30	9	1	154	106	0.6883116883116883	0	0
1716	30	10	1	132	97	0.7348484848484849	0	0
1717	30	11	1	82	55	0.6707317073170732	0	0
1718	30	12	1	101	59	0.5841584158415841	0	0
1719	30	13	1	100	78	0.78	1	0
1720	30	14	1	136	99	0.7279411764705882	0	0
1721	30	15	1	150	115	0.7666666666666667	1	0
1722	30	16	1	124	85	0.6854838709677419	0	0
1723	30	17	1	124	88	0.7096774193548387	0	0
1724	30	18	1	127	88	0.6929133858267716	0	0
1725	30	19	1	112	88	0.7857142857142857	1	0
1726	30	20	1	107	82	0.7663551401869159	1	0
1727	30	21	1	60	23	0.38333333333333336	0	0
1728	30	22	1	118	83	0.7033898305084746	0	0
1729	30	23	1	125	99	0.792	1	0
1730	30	24	1	84	68	0.8095238095238095	1	0
1731	30	25	1	96	68	0.7083333333333334	0	0
1732	30	26	1	170	104	0.611764705882353	0	0
1733	30	27	1	143	104	0.7272727272727273	0	0
1734	30	28	1	85	33	0.38823529411764707	0	0
1735	30	29	1	35	5	0.14285714285714285	0	1
1736	30	30	1	45	35	0.7777777777777778	1	0
1737	30	31	1	74	52	0.7027027027027027	0	0
1738	30	32	1	107	89	0.8317757009345794	1	0
1739	30	33	1	88	66	0.75	1	0
1740	30	34	1	119	87	0.7310924369747899	0	0
1741	30	35	1	84	61	0.7261904761904762	0	0
1742	30	36	1	143	97	0.6783216783216783	0	0
1743	30	37	1	125	95	0.76	1	0
1744	30	38	1	87	54	0.6206896551724138	0	0
1745	30	39	1	90	60	0.6666666666666666	0	0
1746	30	40	1	91	40	0.43956043956043955	0	0
1747	30	41	1	125	90	0.72	0	0
1748	30	42	1	136	111	0.8161764705882353	1	0
1749	30	43	1	88	60	0.6818181818181818	0	0
1750	30	44	1	102	48	0.47058823529411764	0	0
1751	30	45	1	112	72	0.6428571428571429	0	0
1752	30	46	1	104	81	0.7788461538461539	1	0
1753	30	47	1	105	90	0.8571428571428571	1	0
1754	30	48	1	90	76	0.8444444444444444	1	0
1755	30	49	1	89	64	0.7191011235955056	0	0
1756	30	50	1	37	6	0.16216216216216217	0	1
1757	30	51	1	89	64	0.7191011235955056	0	0
1758	30	52	1	118	92	0.7796610169491526	1	0
1759	30	53	1	92	79	0.8586956521739131	1	0
1760	30	54	1	175	124	0.7085714285714285	0	0
1761	30	55	0	25	21	0.84	0	0
1762	30	56	0	0	0	0.0	0	0
1763	30	57	0	0	0	0.0	0	0
1764	30	58	0	1	0	0.0	0	0
1765	31	2	0	1	0	0.0	0	0
1766	31	4	0	80	61	0.7625	0	0
1767	31	5	0	148	111	0.75	0	0
1768	31	6	1	156	116	0.7435897435897436	0	0
1769	31	7	1	172	123	0.7151162790697675	0	0
1770	31	8	1	147	106	0.7210884353741497	0	0
1771	31	9	1	176	119	0.6761363636363636	0	0
1772	31	10	1	201	137	0.681592039800995	0	0
1773	31	11	1	150	103	0.6866666666666666	0	0
1774	31	12	1	109	84	0.7706422018348624	1	0
1775	31	13	1	146	109	0.7465753424657534	0	0
1776	31	14	1	107	73	0.6822429906542056	0	0
1777	31	15	1	113	89	0.7876106194690266	1	0
1778	31	16	1	100	69	0.69	0	0
1779	31	17	1	156	116	0.7435897435897436	0	0
1780	31	18	1	142	111	0.7816901408450704	1	0
1781	31	19	1	114	81	0.7105263157894737	0	0
1782	31	20	1	123	96	0.7804878048780488	1	0
1783	31	21	1	121	80	0.6611570247933884	0	0
1784	31	22	1	117	89	0.7606837606837606	1	0
1785	31	23	1	88	59	0.6704545454545454	0	0
1786	31	24	1	122	73	0.5983606557377049	0	0
1787	31	25	1	99	51	0.5151515151515151	0	0
1788	31	26	1	173	118	0.6820809248554913	0	0
1789	31	27	1	136	96	0.7058823529411765	0	0
1790	31	28	1	73	37	0.5068493150684932	0	0
1791	31	29	1	54	36	0.6666666666666666	0	0
1792	31	30	1	88	63	0.7159090909090909	0	0
1793	31	31	1	107	75	0.7009345794392523	0	0
1794	31	32	1	84	54	0.6428571428571429	0	0
1795	31	33	1	79	45	0.569620253164557	0	0
1796	31	34	1	110	68	0.6181818181818182	0	0
1797	31	35	1	105	70	0.6666666666666666	0	0
1798	31	36	1	132	81	0.6136363636363636	0	0
1799	31	37	1	100	82	0.82	1	0
1800	31	38	1	69	54	0.782608695652174	1	0
1801	31	39	1	80	68	0.85	1	0
1802	31	40	1	78	25	0.32051282051282054	0	0
1803	31	41	1	107	88	0.822429906542056	1	0
1804	31	42	1	65	47	0.7230769230769231	0	0
1805	31	43	1	88	37	0.42045454545454547	0	0
1806	31	44	1	54	34	0.6296296296296297	0	0
1807	31	45	1	136	101	0.7426470588235294	0	0
1808	31	46	1	110	80	0.7272727272727273	0	0
1809	31	47	1	124	70	0.5645161290322581	0	0
1810	31	48	1	91	69	0.7582417582417582	1	0
1811	31	49	1	75	39	0.52	0	0
1812	31	50	1	114	93	0.8157894736842105	1	0
1813	31	51	1	104	79	0.7596153846153846	1	0
1814	31	52	1	97	74	0.7628865979381443	1	0
1815	31	53	1	66	48	0.7272727272727273	0	0
1816	31	54	0	112	86	0.7678571428571429	0	0
1817	31	55	0	0	0	0.0	0	0
1818	31	56	0	0	0	0.0	0	0
1819	31	57	0	0	0	0.0	0	0
1820	31	58	0	0	0	0.0	0	0
1821	32	3	0	17	14	0.8235294117647058	0	0
1822	32	4	0	135	111	0.8222222222222222	0	0
1823	32	5	0	123	93	0.7560975609756098	0	0
1824	32	6	1	142	117	0.823943661971831	1	0
1825	32	7	1	139	107	0.7697841726618705	1	0
1826	32	8	1	131	90	0.6870229007633588	0	0
1827	32	9	1	128	70	0.546875	0	0
1828	32	10	1	144	105	0.7291666666666666	0	0
1829	32	11	1	143	94	0.6573426573426573	0	0
1830	32	12	1	123	96	0.7804878048780488	1	0
1831	32	13	1	85	67	0.788235294117647	1	0
1832	32	14	1	135	99	0.7333333333333333	0	0
1833	32	15	1	136	107	0.7867647058823529	1	0
1834	32	16	1	105	86	0.819047619047619	1	0
1835	32	17	1	115	97	0.8434782608695652	1	0
1836	32	18	1	142	117	0.823943661971831	1	0
1837	32	19	1	62	33	0.532258064516129	0	0
1838	32	20	1	107	80	0.7476635514018691	0	0
1839	32	21	1	104	53	0.5096153846153846	0	0
1840	32	22	1	105	75	0.7142857142857143	0	0
1841	32	23	1	55	36	0.6545454545454545	0	0
1842	32	24	1	104	68	0.6538461538461539	0	0
1843	32	25	1	77	40	0.5194805194805194	0	0
1844	32	26	1	118	75	0.635593220338983	0	0
1845	32	27	1	141	100	0.7092198581560284	0	0
1846	32	28	0	8	7	0.875	0	0
1847	32	29	1	32	29	0.90625	1	0
1848	32	30	1	67	42	0.6268656716417911	0	0
1849	32	31	1	97	60	0.6185567010309279	0	0
1850	32	32	1	125	81	0.648	0	0
1851	32	33	1	112	91	0.8125	1	0
1852	32	34	1	65	57	0.8769230769230769	1	0
1853	32	35	1	112	67	0.5982142857142857	0	0
1854	32	36	1	102	66	0.6470588235294118	0	0
1855	32	37	1	132	103	0.7803030303030303	1	0
1856	32	38	1	150	110	0.7333333333333333	0	0
1857	32	39	1	108	39	0.3611111111111111	0	0
1858	32	40	1	94	59	0.6276595744680851	0	0
1859	32	41	1	57	36	0.631578947368421	0	0
1860	32	42	1	32	12	0.375	0	0
1861	32	43	1	61	24	0.39344262295081966	0	0
1862	32	44	1	100	69	0.69	0	0
1863	32	45	1	111	63	0.5675675675675675	0	0
1864	32	46	1	118	60	0.5084745762711864	0	0
1865	32	47	1	94	62	0.6595744680851063	0	0
1866	32	48	1	144	98	0.6805555555555556	0	0
1867	32	49	1	114	81	0.7105263157894737	0	0
1868	32	50	1	126	89	0.7063492063492064	0	0
1869	32	51	1	132	94	0.7121212121212122	0	0
1870	32	52	1	115	97	0.8434782608695652	1	0
1871	32	53	1	90	64	0.7111111111111111	0	0
1872	32	54	0	48	41	0.8541666666666666	0	0
1873	32	55	0	0	0	0.0	0	0
1874	32	56	0	0	0	0.0	0	0
1875	32	57	0	0	0	0.0	0	0
1876	32	58	0	0	0	0.0	0	0
1877	33	2	0	2	0	0.0	0	0
1878	33	3	0	32	23	0.71875	0	0
1879	33	4	0	107	90	0.8411214953271028	0	0
1880	33	5	0	108	78	0.7222222222222222	0	0
1881	33	6	1	138	102	0.7391304347826086	0	0
1882	33	7	1	127	95	0.7480314960629921	0	0
1883	33	8	1	119	80	0.6722689075630253	0	0
1884	33	9	1	113	77	0.6814159292035398	0	0
1885	33	10	1	147	110	0.7482993197278912	0	0
1886	33	11	1	128	104	0.8125	1	0
1887	33	12	1	127	101	0.7952755905511811	1	0
1888	33	13	1	161	122	0.7577639751552795	1	0
1889	33	14	1	139	106	0.762589928057554	1	0
1890	33	15	1	134	107	0.7985074626865671	1	0
1891	33	16	1	111	88	0.7927927927927928	1	0
1892	33	17	1	107	93	0.8691588785046729	1	0
1893	33	18	1	93	74	0.7956989247311828	1	0
1894	33	19	1	95	49	0.5157894736842106	0	0
1895	33	20	1	112	87	0.7767857142857143	1	0
1896	33	21	1	117	97	0.8290598290598291	1	0
1897	33	22	1	134	100	0.746268656716418	0	0
1898	33	23	1	82	51	0.6219512195121951	0	0
1899	33	24	1	54	37	0.6851851851851852	0	0
1900	33	25	1	69	31	0.4492753623188406	0	0
1901	33	26	1	139	115	0.8273381294964028	1	0
1902	33	27	1	46	28	0.6086956521739131	0	0
1903	33	28	1	59	35	0.5932203389830508	0	0
1904	33	29	1	74	51	0.6891891891891891	0	0
1905	33	30	0	20	7	0.35	0	0
1906	33	31	0	50	33	0.66	0	0
1907	33	32	1	83	71	0.8554216867469879	1	0
1908	33	33	1	63	41	0.6507936507936508	0	0
1909	33	34	1	25	12	0.48	0	0
1910	33	35	1	75	35	0.4666666666666667	0	0
1911	33	36	1	123	89	0.7235772357723578	0	0
1912	33	37	1	124	100	0.8064516129032258	1	0
1913	33	38	1	146	108	0.7397260273972602	0	0
1914	33	39	1	145	124	0.8551724137931035	1	0
1915	33	40	1	47	23	0.48936170212765956	0	0
1916	33	41	1	69	33	0.4782608695652174	0	0
1917	33	42	1	59	34	0.576271186440678	0	0
1918	33	43	1	94	69	0.7340425531914894	0	0
1919	33	44	1	57	41	0.7192982456140351	0	0
1920	33	45	1	69	51	0.7391304347826086	0	0
1921	33	46	1	81	73	0.9012345679012346	1	0
1922	33	47	1	115	94	0.8173913043478261	1	0
1923	33	48	1	121	77	0.6363636363636364	0	0
1924	33	49	1	132	80	0.6060606060606061	0	0
1925	33	50	1	117	86	0.7350427350427351	0	0
1926	33	51	1	123	93	0.7560975609756098	1	0
1927	33	52	1	131	112	0.8549618320610687	1	0
1928	33	53	1	125	92	0.736	0	0
1929	33	54	0	0	0	0.0	0	0
1930	33	55	0	0	0	0.0	0	0
1931	33	56	0	0	0	0.0	0	0
1932	33	57	0	0	0	0.0	0	0
1933	33	58	0	0	0	0.0	0	0
1934	34	3	0	34	24	0.7058823529411765	0	0
1935	34	4	0	114	84	0.7368421052631579	0	0
1936	34	5	0	131	104	0.7938931297709924	0	0
1937	34	6	1	157	128	0.8152866242038217	1	0
1938	34	7	1	128	90	0.703125	0	0
1939	34	8	1	134	99	0.7388059701492538	0	0
1940	34	9	1	140	105	0.75	1	0
1941	34	10	1	116	87	0.75	1	0
1942	34	11	1	168	121	0.7202380952380952	0	0
1943	34	12	1	109	84	0.7706422018348624	1	0
1944	34	13	1	111	80	0.7207207207207207	0	0
1945	34	14	1	134	104	0.7761194029850746	1	0
1946	34	15	1	155	118	0.7612903225806451	1	0
1947	34	16	1	95	59	0.6210526315789474	0	0
1948	34	17	1	108	82	0.7592592592592593	1	0
1949	34	18	1	81	57	0.7037037037037037	0	0
1950	34	19	1	38	6	0.15789473684210525	0	1
1951	34	20	1	92	62	0.6739130434782609	0	0
1952	34	21	1	113	76	0.672566371681416	0	0
1953	34	22	1	106	63	0.5943396226415094	0	0
1954	34	23	1	109	79	0.7247706422018348	0	0
1955	34	24	1	139	96	0.6906474820143885	0	0
1956	34	25	1	148	101	0.6824324324324325	0	0
1957	34	26	1	49	46	0.9387755102040817	1	0
1958	34	27	1	29	19	0.6551724137931034	0	0
1959	34	28	1	95	74	0.7789473684210526	1	0
1960	34	29	1	82	59	0.7195121951219512	0	0
1961	34	30	0	13	2	0.15384615384615385	0	0
1962	34	31	0	6	0	0.0	0	0
1963	34	32	1	85	62	0.7294117647058823	0	0
1964	34	33	1	110	84	0.7636363636363637	1	0
1965	34	34	1	59	27	0.4576271186440678	0	0
1966	34	35	1	148	125	0.8445945945945946	1	0
1967	34	36	1	132	81	0.6136363636363636	0	0
1968	34	37	1	109	77	0.7064220183486238	0	0
1969	34	38	1	143	120	0.8391608391608392	1	0
1970	34	39	1	136	111	0.8161764705882353	1	0
1971	34	40	1	139	106	0.762589928057554	1	0
1972	34	41	1	124	91	0.7338709677419355	0	0
1973	34	42	1	121	84	0.6942148760330579	0	0
1974	34	43	1	136	103	0.7573529411764706	1	0
1975	34	44	1	96	76	0.7916666666666666	1	0
1976	34	45	1	122	91	0.7459016393442623	0	0
1977	34	46	1	98	73	0.7448979591836735	0	0
1978	34	47	1	97	80	0.8247422680412371	1	0
1979	34	48	1	148	125	0.8445945945945946	1	0
1980	34	49	1	140	109	0.7785714285714286	1	0
1981	34	50	1	129	86	0.6666666666666666	0	0
1982	34	51	1	113	76	0.672566371681416	0	0
1983	34	52	1	143	105	0.7342657342657343	0	0
1984	34	53	1	22	15	0.6818181818181818	0	0
1985	34	54	0	1	0	0.0	0	0
1986	34	55	0	0	0	0.0	0	0
1987	34	56	0	0	0	0.0	0	0
1988	34	57	0	0	0	0.0	0	0
1989	34	58	0	0	0	0.0	0	0
1990	35	3	0	83	61	0.7349397590361446	0	0
1991	35	4	0	116	100	0.8620689655172413	0	0
1992	35	5	0	172	141	0.8197674418604651	0	0
1993	35	6	1	101	77	0.7623762376237624	1	0
1994	35	7	1	121	88	0.7272727272727273	0	0
1995	35	8	1	156	108	0.6923076923076923	0	0
1996	35	9	1	170	117	0.6882352941176471	0	0
1997	35	10	1	123	92	0.7479674796747967	0	0
1998	35	11	1	109	74	0.6788990825688074	0	0
1999	35	12	1	112	70	0.625	0	0
2000	35	13	1	142	108	0.7605633802816901	1	0
2001	35	14	1	116	95	0.8189655172413793	1	0
2002	35	15	1	122	100	0.819672131147541	1	0
2003	35	16	1	61	32	0.5245901639344263	0	0
2004	35	17	1	148	108	0.7297297297297297	0	0
2005	35	18	1	40	14	0.35	0	0
2006	35	19	1	91	70	0.7692307692307693	1	0
2007	35	20	1	101	71	0.7029702970297029	0	0
2008	35	21	1	143	105	0.7342657342657343	0	0
2009	35	22	1	96	49	0.5104166666666666	0	0
2010	35	23	1	151	114	0.7549668874172185	1	0
2011	35	24	1	84	47	0.5595238095238095	0	0
2012	35	25	1	121	85	0.7024793388429752	0	0
2013	35	26	1	95	63	0.6631578947368421	0	0
2014	35	27	1	140	101	0.7214285714285714	0	0
2015	35	28	1	147	120	0.8163265306122449	1	0
2016	35	29	1	50	23	0.46	0	0
2017	35	30	1	80	45	0.5625	0	0
2018	35	31	0	96	50	0.5208333333333334	0	0
2019	35	32	0	71	45	0.6338028169014085	0	0
2020	35	33	1	120	97	0.8083333333333333	1	0
2021	35	34	1	115	79	0.6869565217391305	0	0
2022	35	35	1	95	80	0.8421052631578947	1	0
2023	35	36	1	150	92	0.6133333333333333	0	0
2024	35	37	1	100	62	0.62	0	0
2025	35	38	1	69	51	0.7391304347826086	0	0
2026	35	39	1	59	49	0.8305084745762712	1	0
2027	35	40	1	70	60	0.8571428571428571	1	0
2028	35	41	1	39	32	0.8205128205128205	1	0
2029	35	42	1	51	44	0.8627450980392157	1	0
2030	35	43	1	45	41	0.9111111111111111	1	0
2031	35	44	1	46	35	0.7608695652173914	1	0
2032	35	45	1	27	27	1.0	1	0
2033	35	46	0	5	4	0.8	0	0
2034	35	47	1	102	79	0.7745098039215687	1	0
2035	35	48	1	171	115	0.672514619883041	0	0
2036	35	49	1	150	110	0.7333333333333333	0	0
2037	35	50	1	168	105	0.625	0	0
2038	35	51	1	153	93	0.6078431372549019	0	0
2039	35	52	1	105	71	0.6761904761904762	0	0
2040	35	53	0	1	0	0.0	0	0
2041	35	54	0	0	0	0.0	0	0
2042	35	55	0	0	0	0.0	0	0
2043	35	56	0	0	0	0.0	0	0
2044	35	57	0	0	0	0.0	0	0
2045	35	58	0	0	0	0.0	0	0
2046	36	3	0	140	104	0.7428571428571429	0	0
2047	36	4	0	145	109	0.7517241379310344	0	0
2048	36	5	0	134	100	0.746268656716418	0	0
2049	36	6	1	138	110	0.7971014492753623	1	0
2050	36	7	1	124	78	0.6290322580645161	0	0
2051	36	8	1	104	69	0.6634615384615384	0	0
2052	36	9	1	127	98	0.7716535433070866	1	0
2053	36	10	1	133	98	0.7368421052631579	0	0
2054	36	11	1	126	97	0.7698412698412699	1	0
2055	36	12	1	123	98	0.7967479674796748	1	0
2056	36	13	1	56	48	0.8571428571428571	1	0
2057	36	14	1	91	62	0.6813186813186813	0	0
2058	36	15	1	134	115	0.8582089552238806	1	0
2059	36	16	1	151	95	0.6291390728476821	0	0
2060	36	17	1	139	106	0.762589928057554	1	0
2061	36	18	1	128	89	0.6953125	0	0
2062	36	19	1	99	74	0.7474747474747475	0	0
2063	36	20	1	135	87	0.6444444444444445	0	0
2064	36	21	1	120	80	0.6666666666666666	0	0
2065	36	22	1	83	46	0.5542168674698795	0	0
2066	36	23	1	99	66	0.6666666666666666	0	0
2067	36	24	1	136	113	0.8308823529411765	1	0
2068	36	25	1	94	62	0.6595744680851063	0	0
2069	36	26	1	93	65	0.6989247311827957	0	0
2070	36	27	1	126	77	0.6111111111111112	0	0
2071	36	28	1	129	109	0.8449612403100775	1	0
2072	36	29	1	119	88	0.7394957983193278	0	0
2073	36	30	1	147	100	0.6802721088435374	0	0
2074	36	31	1	138	97	0.7028985507246377	0	0
2075	36	32	1	134	98	0.7313432835820896	0	0
2076	36	33	1	98	58	0.5918367346938775	0	0
2077	36	34	1	71	59	0.8309859154929577	1	0
2078	36	35	1	104	89	0.8557692307692307	1	0
2079	36	36	1	31	23	0.7419354838709677	0	0
2080	36	37	0	6	2	0.3333333333333333	0	0
2081	36	38	0	0	0	0.0	0	0
2082	36	39	0	1	1	1.0	0	0
2083	36	40	0	2	0	0.0	0	0
2084	36	41	0	0	0	0.0	0	0
2085	36	42	0	0	0	0.0	0	0
2086	36	43	0	0	0	0.0	0	0
2087	36	44	0	0	0	0.0	0	0
2088	36	45	0	0	0	0.0	0	0
2089	36	46	0	0	0	0.0	0	0
2090	36	47	0	1	0	0.0	0	0
2091	36	48	1	10	10	1.0	1	0
2092	36	49	1	63	39	0.6190476190476191	0	0
2093	36	50	1	161	116	0.7204968944099379	0	0
2094	36	51	1	117	59	0.5042735042735043	0	0
2095	36	52	1	24	17	0.7083333333333334	0	0
2096	36	53	0	1	0	0.0	0	0
2097	36	54	0	0	0	0.0	0	0
2098	36	55	0	0	0	0.0	0	0
2099	36	56	0	0	0	0.0	0	0
2100	36	57	0	0	0	0.0	0	0
2101	36	58	0	0	0	0.0	0	0
2102	37	1	0	2	0	0.0	0	0
2103	37	3	0	94	60	0.6382978723404256	0	0
2104	37	4	0	151	106	0.7019867549668874	0	0
2105	37	5	0	132	91	0.6893939393939394	0	0
2106	37	6	1	128	86	0.671875	0	0
2107	37	7	1	112	59	0.5267857142857143	0	0
2108	37	8	1	102	45	0.4411764705882353	0	0
2109	37	9	1	106	81	0.7641509433962265	1	0
2110	37	10	1	116	84	0.7241379310344828	0	0
2111	37	11	1	168	106	0.6309523809523809	0	0
2112	37	12	1	136	100	0.7352941176470589	0	0
2113	37	13	1	128	101	0.7890625	1	0
2114	37	14	1	90	65	0.7222222222222222	0	0
2115	37	15	1	162	125	0.7716049382716049	1	0
2116	37	16	1	141	106	0.75177304964539	1	0
2117	37	17	1	134	108	0.8059701492537313	1	0
2118	37	18	1	134	98	0.7313432835820896	0	0
2119	37	19	1	98	66	0.673469387755102	0	0
2120	37	20	1	59	34	0.576271186440678	0	0
2121	37	21	1	62	47	0.7580645161290323	1	0
2122	37	22	1	124	88	0.7096774193548387	0	0
2123	37	23	1	80	64	0.8	1	0
2124	37	24	1	94	55	0.5851063829787234	0	0
2125	37	25	1	103	65	0.6310679611650486	0	0
2126	37	26	1	133	96	0.7218045112781954	0	0
2127	37	27	1	106	84	0.7924528301886793	1	0
2128	37	28	1	80	42	0.525	0	0
2129	37	29	1	126	86	0.6825396825396826	0	0
2130	37	30	1	70	39	0.5571428571428572	0	0
2131	37	31	1	84	57	0.6785714285714286	0	0
2132	37	32	1	112	74	0.6607142857142857	0	0
2133	37	33	1	147	121	0.8231292517006803	1	0
2134	37	34	1	69	34	0.4927536231884058	0	0
2135	37	35	1	83	48	0.5783132530120482	0	0
2136	37	36	1	116	85	0.7327586206896551	0	0
2137	37	37	1	143	124	0.8671328671328671	1	0
2138	37	38	1	156	114	0.7307692307692307	0	0
2139	37	39	1	33	29	0.8787878787878788	1	0
2140	37	40	0	0	0	0.0	0	0
2141	37	41	0	0	0	0.0	0	0
2142	37	42	0	2	0	0.0	0	0
2143	37	43	0	2	0	0.0	0	0
2144	37	44	0	0	0	0.0	0	0
2145	37	45	0	0	0	0.0	0	0
2146	37	46	0	0	0	0.0	0	0
2147	37	47	0	0	0	0.0	0	0
2148	37	48	0	0	0	0.0	0	0
2149	37	49	0	0	0	0.0	0	0
2150	37	50	1	95	62	0.6526315789473685	0	0
2151	37	51	1	95	65	0.6842105263157895	0	0
2152	37	52	0	0	0	0.0	0	0
2153	37	53	0	0	0	0.0	0	0
2154	37	54	0	0	0	0.0	0	0
2155	37	55	0	0	0	0.0	0	0
2156	37	56	0	0	0	0.0	0	0
2157	37	57	0	0	0	0.0	0	0
2158	37	58	0	0	0	0.0	0	0
2159	38	2	0	16	13	0.8125	0	0
2160	38	3	0	111	86	0.7747747747747747	0	0
2161	38	4	0	163	116	0.7116564417177914	0	0
2162	38	5	0	146	110	0.7534246575342466	0	0
2163	38	6	1	139	94	0.6762589928057554	0	0
2164	38	7	1	101	73	0.7227722772277227	0	0
2165	38	8	1	110	78	0.7090909090909091	0	0
2166	38	9	1	117	89	0.7606837606837606	1	0
2167	38	10	1	83	65	0.7831325301204819	1	0
2168	38	11	1	79	56	0.7088607594936709	0	0
2169	38	12	1	128	106	0.828125	1	0
2170	38	13	1	43	38	0.8837209302325582	1	0
2171	38	14	1	59	57	0.9661016949152542	1	0
2172	38	15	1	121	103	0.8512396694214877	1	0
2173	38	16	1	112	94	0.8392857142857143	1	0
2174	38	17	1	99	89	0.898989898989899	1	0
2175	38	18	1	125	96	0.768	1	0
2176	38	19	1	89	67	0.7528089887640449	1	0
2177	38	20	1	17	0	0.0	0	1
2178	38	21	1	91	41	0.45054945054945056	0	0
2179	38	22	1	59	48	0.8135593220338984	1	0
2180	38	23	1	88	69	0.7840909090909091	1	0
2181	38	24	1	118	81	0.6864406779661016	0	0
2182	38	25	1	107	80	0.7476635514018691	0	0
2183	38	26	1	161	122	0.7577639751552795	1	0
2184	38	27	1	140	114	0.8142857142857143	1	0
2185	38	28	1	118	92	0.7796610169491526	1	0
2186	38	29	1	55	31	0.5636363636363636	0	0
2187	38	30	1	95	69	0.7263157894736842	0	0
2188	38	31	1	140	110	0.7857142857142857	1	0
2189	38	32	1	124	73	0.5887096774193549	0	0
2190	38	33	1	83	44	0.5301204819277109	0	0
2191	38	34	1	93	83	0.8924731182795699	1	0
2192	38	35	1	95	81	0.8526315789473684	1	0
2193	38	36	1	161	98	0.6086956521739131	0	0
2194	38	37	1	141	88	0.624113475177305	0	0
2195	38	38	1	152	111	0.7302631578947368	0	0
2196	38	39	1	75	63	0.84	1	0
2197	38	40	0	9	4	0.4444444444444444	0	0
2198	38	41	0	0	0	0.0	0	0
2199	38	42	0	0	0	0.0	0	0
2200	38	43	0	0	0	0.0	0	0
2201	38	44	1	18	17	0.9444444444444444	1	0
2202	38	45	1	37	32	0.8648648648648649	1	0
2203	38	46	0	9	8	0.8888888888888888	0	0
2204	38	47	0	0	0	0.0	0	0
2205	38	48	1	23	18	0.782608695652174	1	0
2206	38	49	1	105	72	0.6857142857142857	0	0
2207	38	50	1	132	101	0.7651515151515151	1	0
2208	38	51	1	52	38	0.7307692307692307	0	0
2209	38	52	0	0	0	0.0	0	0
2210	38	53	0	0	0	0.0	0	0
2211	38	54	0	0	0	0.0	0	0
2212	38	55	0	0	0	0.0	0	0
2213	38	56	0	0	0	0.0	0	0
2214	38	57	0	0	0	0.0	0	0
2215	38	58	0	0	0	0.0	0	0
2216	39	2	0	63	54	0.8571428571428571	0	0
2217	39	3	0	80	47	0.5875	0	0
2218	39	4	0	142	99	0.6971830985915493	0	0
2219	39	5	0	150	110	0.7333333333333333	0	0
2220	39	6	1	167	123	0.7365269461077845	0	0
2221	39	7	1	135	109	0.8074074074074075	1	0
2222	39	8	1	125	92	0.736	0	0
2223	39	9	1	123	97	0.7886178861788617	1	0
2224	39	10	1	145	118	0.8137931034482758	1	0
2225	39	11	1	124	96	0.7741935483870968	1	0
2226	39	12	1	112	85	0.7589285714285714	1	0
2227	39	13	1	29	23	0.7931034482758621	1	0
2228	39	14	1	35	29	0.8285714285714286	1	0
2229	39	15	0	7	5	0.7142857142857143	0	0
2230	39	16	1	51	36	0.7058823529411765	0	0
2231	39	17	1	93	68	0.7311827956989247	0	0
2232	39	18	1	85	69	0.8117647058823529	1	0
2233	39	19	1	117	80	0.6837606837606838	0	0
2234	39	20	0	12	0	0.0	0	0
2235	39	21	1	64	38	0.59375	0	0
2236	39	22	1	133	110	0.8270676691729323	1	0
2237	39	23	1	131	108	0.8244274809160306	1	0
2238	39	24	1	80	36	0.45	0	0
2239	39	25	1	124	81	0.6532258064516129	0	0
2240	39	26	1	139	118	0.8489208633093526	1	0
2241	39	27	1	90	69	0.7666666666666667	1	0
2242	39	28	1	104	80	0.7692307692307693	1	0
2243	39	29	1	124	74	0.5967741935483871	0	0
2244	39	30	1	151	119	0.7880794701986755	1	0
2245	39	31	1	135	107	0.7925925925925926	1	0
2246	39	32	1	118	82	0.6949152542372882	0	0
2247	39	33	1	127	102	0.8031496062992126	1	0
2248	39	34	1	120	98	0.8166666666666667	1	0
2249	39	35	1	116	106	0.9137931034482759	1	0
2250	39	36	1	105	79	0.7523809523809524	1	0
2251	39	37	1	131	93	0.7099236641221374	0	0
2252	39	38	1	103	67	0.6504854368932039	0	0
2253	39	39	1	104	68	0.6538461538461539	0	0
2254	39	40	1	103	84	0.8155339805825242	1	0
2255	39	41	1	79	65	0.8227848101265823	1	0
2256	39	42	1	95	73	0.7684210526315789	1	0
2257	39	43	1	136	107	0.7867647058823529	1	0
2258	39	44	1	127	98	0.7716535433070866	1	0
2259	39	45	1	143	112	0.7832167832167832	1	0
2260	39	46	1	98	77	0.7857142857142857	1	0
2261	39	47	1	87	77	0.8850574712643678	1	0
2262	39	48	1	130	96	0.7384615384615385	0	0
2263	39	49	1	162	97	0.5987654320987654	0	0
2264	39	50	1	117	80	0.6837606837606838	0	0
2265	39	51	1	11	2	0.18181818181818182	0	1
2266	39	52	0	0	0	0.0	0	0
2267	39	53	0	0	0	0.0	0	0
2268	39	54	0	0	0	0.0	0	0
2269	39	55	0	0	0	0.0	0	0
2270	39	56	0	0	0	0.0	0	0
2271	39	57	0	0	0	0.0	0	0
2272	39	58	0	0	0	0.0	0	0
2273	40	-2	0	1	0	0.0	0	0
2274	40	1	0	6	2	0.3333333333333333	0	0
2275	40	2	0	142	121	0.852112676056338	0	0
2276	40	3	0	120	91	0.7583333333333333	0	0
2277	40	4	0	171	125	0.7309941520467836	0	0
2278	40	5	0	125	98	0.784	0	0
2279	40	6	1	142	119	0.8380281690140845	1	0
2280	40	7	1	139	119	0.8561151079136691	1	0
2281	40	8	1	142	110	0.7746478873239436	1	0
2282	40	9	1	118	91	0.7711864406779662	1	0
2283	40	10	1	139	107	0.7697841726618705	1	0
2284	40	11	1	138	101	0.7318840579710145	0	0
2285	40	12	1	80	55	0.6875	0	0
2286	40	13	1	61	48	0.7868852459016393	1	0
2287	40	14	1	135	114	0.8444444444444444	1	0
2288	40	15	1	153	128	0.8366013071895425	1	0
2289	40	16	1	99	82	0.8282828282828283	1	0
2290	40	17	1	144	123	0.8541666666666666	1	0
2291	40	18	1	81	66	0.8148148148148148	1	0
2292	40	19	1	101	72	0.7128712871287128	0	0
2293	40	20	0	24	3	0.125	0	0
2294	40	21	1	64	35	0.546875	0	0
2295	40	22	1	88	73	0.8295454545454546	1	0
2296	40	23	1	176	146	0.8295454545454546	1	0
2297	40	24	1	74	28	0.3783783783783784	0	0
2298	40	25	1	116	91	0.7844827586206896	1	0
2299	40	26	1	119	92	0.773109243697479	1	0
2300	40	27	1	92	72	0.782608695652174	1	0
2301	40	28	1	11	8	0.7272727272727273	0	0
2302	40	29	1	29	25	0.8620689655172413	1	0
2303	40	30	1	116	87	0.75	1	0
2304	40	31	1	90	66	0.7333333333333333	0	0
2305	40	32	1	166	124	0.7469879518072289	0	0
2306	40	33	1	63	51	0.8095238095238095	1	0
2307	40	34	1	19	13	0.6842105263157895	0	0
2308	40	35	1	108	78	0.7222222222222222	0	0
2309	40	36	1	110	81	0.7363636363636363	0	0
2310	40	37	1	151	123	0.8145695364238411	1	0
2311	40	38	1	120	108	0.9	1	0
2312	40	39	1	99	74	0.7474747474747475	0	0
2313	40	40	1	120	84	0.7	0	0
2314	40	41	1	145	103	0.7103448275862069	0	0
2315	40	42	1	157	116	0.7388535031847133	0	0
2316	40	43	1	135	95	0.7037037037037037	0	0
2317	40	44	1	115	84	0.7304347826086957	0	0
2318	40	45	1	196	149	0.7602040816326531	1	0
2319	40	46	1	175	116	0.6628571428571428	0	0
2320	40	47	1	149	110	0.738255033557047	0	0
2321	40	48	1	116	92	0.7931034482758621	1	0
2322	40	49	1	152	121	0.7960526315789473	1	0
2323	40	50	1	50	32	0.64	0	0
2324	40	51	0	0	0	0.0	0	0
2325	40	52	0	0	0	0.0	0	0
2326	40	53	0	0	0	0.0	0	0
2327	40	54	0	0	0	0.0	0	0
2328	40	55	0	0	0	0.0	0	0
2329	40	56	0	0	0	0.0	0	0
2330	40	57	0	0	0	0.0	0	0
2331	40	58	0	0	0	0.0	0	0
2332	41	-1	0	2	0	0.0	0	0
2333	41	0	0	1	0	0.0	0	0
2334	41	1	0	68	53	0.7794117647058824	0	0
2335	41	2	0	142	120	0.8450704225352113	0	0
2336	41	3	0	114	100	0.8771929824561403	0	0
2337	41	4	0	125	93	0.744	0	0
2338	41	5	0	156	97	0.6217948717948718	0	0
2339	41	6	1	112	88	0.7857142857142857	1	0
2340	41	7	1	96	81	0.84375	1	0
2341	41	8	1	156	110	0.7051282051282052	0	0
2342	41	9	1	145	110	0.7586206896551724	1	0
2343	41	10	1	113	88	0.7787610619469026	1	0
2344	41	11	1	69	56	0.8115942028985508	1	0
2345	41	12	1	102	59	0.5784313725490197	0	0
2346	41	13	1	70	56	0.8	1	0
2347	41	14	1	109	87	0.7981651376146789	1	0
2348	41	15	1	58	43	0.7413793103448276	0	0
2349	41	16	1	50	40	0.8	1	0
2350	41	17	1	12	10	0.8333333333333334	1	0
2351	41	18	1	26	17	0.6538461538461539	0	0
2352	41	19	0	9	5	0.5555555555555556	0	0
2353	41	20	0	40	29	0.725	0	0
2354	41	21	1	30	21	0.7	0	0
2355	41	22	1	135	101	0.7481481481481481	0	0
2356	41	23	1	171	126	0.7368421052631579	0	0
2357	41	24	1	170	121	0.711764705882353	0	0
2358	41	25	1	68	26	0.38235294117647056	0	0
2359	41	26	1	92	48	0.5217391304347826	0	0
2360	41	27	1	122	78	0.639344262295082	0	0
2361	41	28	1	108	75	0.6944444444444444	0	0
2362	41	29	1	113	83	0.7345132743362832	0	0
2363	41	30	1	109	84	0.7706422018348624	1	0
2364	41	31	1	70	29	0.4142857142857143	0	0
2365	41	32	1	100	52	0.52	0	0
2366	41	33	1	124	102	0.8225806451612904	1	0
2367	41	34	1	109	80	0.7339449541284404	0	0
2368	41	35	1	140	82	0.5857142857142857	0	0
2369	41	36	1	122	85	0.6967213114754098	0	0
2370	41	37	1	167	116	0.6946107784431138	0	0
2371	41	38	1	107	67	0.6261682242990654	0	0
2372	41	39	1	111	71	0.6396396396396397	0	0
2373	41	40	1	87	56	0.6436781609195402	0	0
2374	41	41	1	44	12	0.2727272727272727	0	0
2375	41	42	1	137	113	0.8248175182481752	1	0
2376	41	43	1	132	107	0.8106060606060606	1	0
2377	41	44	1	145	125	0.8620689655172413	1	0
2378	41	45	1	131	98	0.7480916030534351	0	0
2379	41	46	1	162	119	0.7345679012345679	0	0
2380	41	47	1	137	107	0.781021897810219	1	0
2381	41	48	1	143	119	0.8321678321678322	1	0
2382	41	49	1	46	33	0.717391304347826	0	0
2383	41	50	0	0	0	0.0	0	0
2384	41	51	0	0	0	0.0	0	0
2385	41	52	0	0	0	0.0	0	0
2386	41	53	0	0	0	0.0	0	0
2387	41	54	0	0	0	0.0	0	0
2388	41	55	0	0	0	0.0	0	0
2389	41	56	0	0	0	0.0	0	0
2390	41	57	0	0	0	0.0	0	0
2391	41	58	0	0	0	0.0	0	0
2392	42	-1	0	2	0	0.0	0	0
2393	42	0	0	11	7	0.6363636363636364	0	0
2394	42	1	0	87	68	0.7816091954022989	0	0
2395	42	2	0	129	112	0.8682170542635659	0	0
2396	42	3	0	104	80	0.7692307692307693	0	0
2397	42	4	0	48	35	0.7291666666666666	0	0
2398	42	5	0	97	61	0.6288659793814433	0	0
2399	42	6	1	107	82	0.7663551401869159	1	0
2400	42	7	1	64	56	0.875	1	0
2401	42	8	0	7	7	1.0	0	0
2402	42	9	1	49	19	0.3877551020408163	0	0
2403	42	10	1	65	30	0.46153846153846156	0	0
2404	42	11	1	66	32	0.48484848484848486	0	0
2405	42	12	1	99	54	0.5454545454545454	0	0
2406	42	13	1	12	10	0.8333333333333334	1	0
2407	42	14	0	8	8	1.0	0	0
2408	42	15	1	25	17	0.68	0	0
2409	42	16	1	29	24	0.8275862068965517	1	0
2410	42	17	1	32	21	0.65625	0	0
2411	42	18	1	31	10	0.3225806451612903	0	0
2412	42	19	1	35	5	0.14285714285714285	0	1
2413	42	20	1	30	12	0.4	0	0
2414	42	21	1	105	68	0.6476190476190476	0	0
2415	42	22	1	96	46	0.4791666666666667	0	0
2416	42	23	1	134	87	0.6492537313432836	0	0
2417	42	24	1	146	90	0.6164383561643836	0	0
2418	42	25	1	94	64	0.6808510638297872	0	0
2419	42	26	1	90	66	0.7333333333333333	0	0
2420	42	27	1	159	119	0.7484276729559748	0	0
2421	42	28	1	101	92	0.9108910891089109	1	0
2422	42	29	1	92	78	0.8478260869565217	1	0
2423	42	30	1	110	94	0.8545454545454545	1	0
2424	42	31	1	162	120	0.7407407407407407	0	0
2425	42	32	1	112	87	0.7767857142857143	1	0
2426	42	33	1	102	74	0.7254901960784313	0	0
2427	42	34	1	33	13	0.3939393939393939	0	0
2428	42	35	1	35	6	0.17142857142857143	0	1
2429	42	36	1	89	72	0.8089887640449438	1	0
2430	42	37	1	117	88	0.7521367521367521	1	0
2431	42	38	1	62	34	0.5483870967741935	0	0
2432	42	39	1	126	75	0.5952380952380952	0	0
2433	42	40	1	92	31	0.33695652173913043	0	0
2434	42	41	1	66	9	0.13636363636363635	0	1
2435	42	42	1	102	67	0.6568627450980392	0	0
2436	42	43	1	136	75	0.5514705882352942	0	0
2437	42	44	1	119	62	0.5210084033613446	0	0
2438	42	45	1	144	94	0.6527777777777778	0	0
2439	42	46	1	150	108	0.72	0	0
2440	42	47	1	145	114	0.7862068965517242	1	0
2441	42	48	1	116	100	0.8620689655172413	1	0
2442	42	49	0	9	1	0.1111111111111111	0	0
2443	42	50	0	3	0	0.0	0	0
2444	42	51	0	0	0	0.0	0	0
2445	42	52	0	0	0	0.0	0	0
2446	42	53	0	0	0	0.0	0	0
2447	42	54	0	0	0	0.0	0	0
2448	42	55	0	0	0	0.0	0	0
2449	42	56	0	0	0	0.0	0	0
2450	42	57	0	0	0	0.0	0	0
2451	42	58	0	0	0	0.0	0	0
2452	43	-2	0	2	0	0.0	0	0
2453	43	-1	0	3	0	0.0	0	0
2454	43	0	0	37	32	0.8648648648648649	0	0
2455	43	1	0	137	109	0.7956204379562044	0	0
2456	43	2	0	88	83	0.9431818181818182	0	0
2457	43	3	0	104	68	0.6538461538461539	0	0
2458	43	4	0	54	43	0.7962962962962963	0	0
2459	43	5	0	77	71	0.922077922077922	0	0
2460	43	6	1	107	84	0.7850467289719626	1	0
2461	43	7	1	104	68	0.6538461538461539	0	0
2462	43	8	1	130	90	0.6923076923076923	0	0
2463	43	9	1	115	86	0.7478260869565218	0	0
2464	43	10	1	103	52	0.5048543689320388	0	0
2465	43	11	1	132	88	0.6666666666666666	0	0
2466	43	12	1	92	60	0.6521739130434783	0	0
2467	43	13	0	0	0	0.0	0	0
2468	43	14	0	107	89	0.8317757009345794	0	0
2469	43	15	1	89	76	0.8539325842696629	1	0
2470	43	16	1	66	46	0.696969696969697	0	0
2471	43	17	1	102	85	0.8333333333333334	1	0
2472	43	18	0	0	0	0.0	0	0
2473	43	19	0	8	3	0.375	0	0
2474	43	20	1	137	117	0.8540145985401459	1	0
2475	43	21	1	122	77	0.6311475409836066	0	0
2476	43	22	1	108	53	0.49074074074074076	0	0
2477	43	23	1	134	110	0.8208955223880597	1	0
2478	43	24	1	150	113	0.7533333333333333	1	0
2479	43	25	1	144	104	0.7222222222222222	0	0
2480	43	26	1	124	93	0.75	1	0
2481	43	27	1	78	65	0.8333333333333334	1	0
2482	43	28	1	129	114	0.8837209302325582	1	0
2483	43	29	1	96	84	0.875	1	0
2484	43	30	1	97	84	0.865979381443299	1	0
2485	43	31	0	4	3	0.75	0	0
2486	43	32	0	0	0	0.0	0	0
2487	43	33	1	32	28	0.875	1	0
2488	43	34	0	107	95	0.8878504672897196	0	0
2489	43	35	0	89	77	0.8651685393258427	0	0
2490	43	36	1	82	72	0.8780487804878049	1	0
2491	43	37	1	120	101	0.8416666666666667	1	0
2492	43	38	1	99	82	0.8282828282828283	1	0
2493	43	39	1	114	101	0.8859649122807017	1	0
2494	43	40	1	119	93	0.7815126050420168	1	0
2495	43	41	1	48	12	0.25	0	1
2496	43	42	1	49	4	0.08163265306122448	0	1
2497	43	43	0	63	10	0.15873015873015872	0	0
2498	43	44	1	77	28	0.36363636363636365	0	0
2499	43	45	1	58	25	0.43103448275862066	0	0
2500	43	46	1	54	30	0.5555555555555556	0	0
2501	43	47	1	107	84	0.7850467289719626	1	0
2502	43	48	0	5	4	0.8	0	0
2503	43	49	0	2	0	0.0	0	0
2504	43	50	0	2	0	0.0	0	0
2505	43	51	0	0	0	0.0	0	0
2506	43	52	0	0	0	0.0	0	0
2507	43	53	0	0	0	0.0	0	0
2508	43	54	0	0	0	0.0	0	0
2509	43	55	0	0	0	0.0	0	0
2510	43	56	0	0	0	0.0	0	0
2511	43	57	0	0	0	0.0	0	0
2512	43	58	0	0	0	0.0	0	0
2513	44	-1	0	3	1	0.3333333333333333	0	0
2514	44	0	0	53	38	0.7169811320754716	0	0
2515	44	1	0	123	99	0.8048780487804879	0	0
2516	44	2	0	89	80	0.898876404494382	0	0
2517	44	3	0	95	80	0.8421052631578947	0	0
2518	44	4	0	118	103	0.8728813559322034	0	0
2519	44	5	0	103	94	0.912621359223301	0	0
2520	44	6	1	100	87	0.87	1	0
2521	44	7	1	108	81	0.75	1	0
2522	44	8	1	122	71	0.5819672131147541	0	0
2523	44	9	1	121	89	0.7355371900826446	0	0
2524	44	10	1	97	60	0.6185567010309279	0	0
2525	44	11	1	112	87	0.7767857142857143	1	0
2526	44	12	1	28	23	0.8214285714285714	1	0
2527	44	13	1	15	14	0.9333333333333333	1	0
2528	44	14	0	62	35	0.5645161290322581	0	0
2529	44	15	1	23	0	0.0	0	1
2530	44	16	1	79	54	0.6835443037974683	0	0
2531	44	17	0	13	12	0.9230769230769231	0	0
2532	44	18	1	25	12	0.48	0	0
2533	44	19	1	60	40	0.6666666666666666	0	0
2534	44	20	1	117	76	0.6495726495726496	0	0
2535	44	21	1	81	61	0.7530864197530864	1	0
2536	44	22	1	82	65	0.7926829268292683	1	0
2537	44	23	1	105	58	0.5523809523809524	0	0
2538	44	24	1	119	78	0.6554621848739496	0	0
2539	44	25	1	128	100	0.78125	1	0
2540	44	26	1	110	87	0.7909090909090909	1	0
2541	44	27	1	115	73	0.6347826086956522	0	0
2542	44	28	1	40	12	0.3	0	0
2543	44	29	1	22	4	0.18181818181818182	0	1
2544	44	30	1	31	13	0.41935483870967744	0	0
2545	44	31	1	101	82	0.8118811881188119	1	0
2546	44	32	1	116	89	0.7672413793103449	1	0
2547	44	33	1	130	95	0.7307692307692307	0	0
2548	44	34	1	92	78	0.8478260869565217	1	0
2549	44	35	1	79	68	0.8607594936708861	1	0
2550	44	36	1	111	92	0.8288288288288288	1	0
2551	44	37	1	88	58	0.6590909090909091	0	0
2552	44	38	1	91	60	0.6593406593406593	0	0
2553	44	39	1	98	65	0.6632653061224489	0	0
2554	44	40	1	99	75	0.7575757575757576	1	0
2555	44	41	1	128	98	0.765625	1	0
2556	44	42	1	152	110	0.7236842105263158	0	0
2557	44	43	1	92	48	0.5217391304347826	0	0
2558	44	44	1	143	96	0.6713286713286714	0	0
2559	44	45	1	143	121	0.8461538461538461	1	0
2560	44	46	1	97	78	0.8041237113402062	1	0
2561	44	47	1	10	7	0.7	0	0
2562	44	48	0	1	0	0.0	0	0
2563	44	49	0	0	0	0.0	0	0
2564	44	50	0	0	0	0.0	0	0
2565	44	51	0	0	0	0.0	0	0
2566	44	52	0	0	0	0.0	0	0
2567	44	53	0	0	0	0.0	0	0
2568	44	54	0	0	0	0.0	0	0
2569	44	55	0	0	0	0.0	0	0
2570	44	56	0	0	0	0.0	0	0
2571	44	57	0	0	0	0.0	0	0
2572	44	58	0	0	0	0.0	0	0
2573	45	-2	0	12	1	0.08333333333333333	0	0
2574	45	-1	0	7	1	0.14285714285714285	0	0
2575	45	0	0	37	34	0.918918918918919	0	0
2576	45	1	0	122	98	0.8032786885245902	0	0
2577	45	2	0	96	81	0.84375	0	0
2578	45	3	0	57	49	0.8596491228070176	0	0
2579	45	4	0	106	85	0.8018867924528302	0	0
2580	45	5	0	106	12	0.11320754716981132	0	0
2581	45	6	1	136	25	0.18382352941176472	0	1
2582	45	7	1	127	26	0.2047244094488189	0	1
2583	45	8	1	122	64	0.5245901639344263	0	0
2584	45	9	1	137	105	0.7664233576642335	1	0
2585	45	10	1	121	93	0.768595041322314	1	0
2586	45	11	1	56	44	0.7857142857142857	1	0
2587	45	12	1	53	34	0.6415094339622641	0	0
2588	45	13	0	56	40	0.7142857142857143	0	0
2589	45	14	0	18	0	0.0	0	0
2590	45	15	1	28	4	0.14285714285714285	0	1
2591	45	16	1	72	47	0.6527777777777778	0	0
2592	45	17	0	0	0	0.0	0	0
2593	45	18	1	70	43	0.6142857142857143	0	0
2594	45	19	0	38	15	0.39473684210526316	0	0
2595	45	20	0	109	62	0.5688073394495413	0	0
2596	45	21	1	123	92	0.7479674796747967	0	0
2597	45	22	1	26	13	0.5	0	0
2598	45	23	1	52	40	0.7692307692307693	1	0
2599	45	24	1	110	76	0.6909090909090909	0	0
2600	45	25	1	135	82	0.6074074074074074	0	0
2601	45	26	1	131	83	0.6335877862595419	0	0
2602	45	27	1	69	10	0.14492753623188406	0	1
2603	45	28	1	59	20	0.3389830508474576	0	0
2604	45	29	1	98	65	0.6632653061224489	0	0
2605	45	30	1	129	90	0.6976744186046512	0	0
2606	45	31	1	94	76	0.8085106382978723	1	0
2607	45	32	1	68	55	0.8088235294117647	1	0
2608	45	33	1	78	50	0.6410256410256411	0	0
2609	45	34	1	92	49	0.532608695652174	0	0
2610	45	35	1	70	35	0.5	0	0
2611	45	36	1	111	76	0.6846846846846847	0	0
2612	45	37	1	116	96	0.8275862068965517	1	0
2613	45	38	1	144	112	0.7777777777777778	1	0
2614	45	39	1	167	144	0.8622754491017964	1	0
2615	45	40	1	82	61	0.7439024390243902	0	0
2616	45	41	1	102	58	0.5686274509803921	0	0
2617	45	42	1	95	23	0.24210526315789474	0	1
2618	45	43	1	71	42	0.5915492957746479	0	0
2619	45	44	1	41	33	0.8048780487804879	1	0
2620	45	45	0	6	4	0.6666666666666666	0	0
2621	45	46	0	3	0	0.0	0	0
2622	45	47	0	0	0	0.0	0	0
2623	45	48	0	1	0	0.0	0	0
2624	45	49	0	0	0	0.0	0	0
2625	45	50	0	0	0	0.0	0	0
2626	45	51	0	0	0	0.0	0	0
2627	45	52	0	0	0	0.0	0	0
2628	45	53	0	0	0	0.0	0	0
2629	45	54	0	0	0	0.0	0	0
2630	45	55	0	0	0	0.0	0	0
2631	45	56	0	0	0	0.0	0	0
2632	45	57	0	0	0	0.0	0	0
2633	45	58	0	0	0	0.0	0	0
2634	46	-2	0	1	0	0.0	0	0
2635	46	-1	0	2	0	0.0	0	0
2636	46	0	0	3	2	0.6666666666666666	0	0
2637	46	1	0	67	62	0.9253731343283582	0	0
2638	46	2	0	107	92	0.8598130841121495	0	0
2639	46	3	0	121	93	0.768595041322314	0	0
2640	46	4	0	136	89	0.6544117647058824	0	0
2641	46	5	0	104	61	0.5865384615384616	0	0
2642	46	6	1	142	50	0.352112676056338	0	0
2643	46	7	1	128	19	0.1484375	0	1
2644	46	8	1	125	80	0.64	0	0
2645	46	9	1	82	60	0.7317073170731707	0	0
2646	46	10	1	47	35	0.7446808510638298	0	0
2647	46	11	1	29	10	0.3448275862068966	0	0
2648	46	12	1	18	1	0.05555555555555555	0	1
2649	46	13	0	7	1	0.14285714285714285	0	0
2650	46	14	1	35	17	0.4857142857142857	0	0
2651	46	15	1	57	46	0.8070175438596491	1	0
2652	46	16	1	20	15	0.75	1	0
2653	46	17	1	15	3	0.2	0	1
2654	46	18	1	114	76	0.6666666666666666	0	0
2655	46	19	1	120	86	0.7166666666666667	0	0
2656	46	20	1	25	8	0.32	0	0
2657	46	21	1	68	41	0.6029411764705882	0	0
2658	46	22	1	28	15	0.5357142857142857	0	0
2659	46	23	1	34	16	0.47058823529411764	0	0
2660	46	24	1	15	6	0.4	0	0
2661	46	25	1	47	35	0.7446808510638298	0	0
2662	46	26	1	130	104	0.8	1	0
2663	46	27	1	144	91	0.6319444444444444	0	0
2664	46	28	1	146	109	0.7465753424657534	0	0
2665	46	29	1	67	14	0.208955223880597	0	1
2666	46	30	1	59	21	0.3559322033898305	0	0
2667	46	31	1	105	60	0.5714285714285714	0	0
2668	46	32	1	70	42	0.6	0	0
2669	46	33	1	35	2	0.05714285714285714	0	1
2670	46	34	1	83	54	0.6506024096385542	0	0
2671	46	35	1	106	88	0.8301886792452831	1	0
2672	46	36	1	55	50	0.9090909090909091	1	0
2673	46	37	1	91	65	0.7142857142857143	0	0
2674	46	38	1	109	88	0.8073394495412844	1	0
2675	46	39	1	88	76	0.8636363636363636	1	0
2676	46	40	1	15	14	0.9333333333333333	1	0
2677	46	41	0	0	0	0.0	0	0
2678	46	42	0	0	0	0.0	0	0
2679	46	43	0	0	0	0.0	0	0
2680	46	44	0	0	0	0.0	0	0
2681	46	45	0	0	0	0.0	0	0
2682	46	46	0	1	0	0.0	0	0
2683	46	47	0	0	0	0.0	0	0
2684	46	48	0	0	0	0.0	0	0
2685	46	49	0	0	0	0.0	0	0
2686	46	50	0	0	0	0.0	0	0
2687	46	51	0	0	0	0.0	0	0
2688	46	52	0	0	0	0.0	0	0
2689	46	53	0	0	0	0.0	0	0
2690	46	54	0	0	0	0.0	0	0
2691	46	55	0	0	0	0.0	0	0
2692	46	56	0	0	0	0.0	0	0
2693	46	57	0	0	0	0.0	0	0
2694	46	58	0	0	0	0.0	0	0
2695	47	0	0	2	0	0.0	0	0
2696	47	1	0	12	1	0.08333333333333333	0	0
2697	47	2	0	12	5	0.4166666666666667	0	0
2698	47	3	0	86	59	0.686046511627907	0	0
2699	47	4	0	57	41	0.7192982456140351	0	0
2700	47	5	0	36	25	0.6944444444444444	0	0
2701	47	6	1	125	85	0.68	0	0
2702	47	7	1	127	72	0.5669291338582677	0	0
2703	47	8	1	77	49	0.6363636363636364	0	0
2704	47	9	0	7	3	0.42857142857142855	0	0
2705	47	10	0	8	0	0.0	0	0
2706	47	11	0	0	0	0.0	0	0
2707	47	12	0	9	0	0.0	0	0
2708	47	13	0	8	0	0.0	0	0
2709	47	14	1	49	34	0.6938775510204082	0	0
2710	47	15	1	29	21	0.7241379310344828	0	0
2711	47	16	0	1	1	1.0	0	0
2712	47	17	0	16	0	0.0	0	0
2713	47	18	0	41	12	0.2926829268292683	0	0
2714	47	19	1	69	35	0.5072463768115942	0	0
2715	47	20	1	89	64	0.7191011235955056	0	0
2716	47	21	1	99	72	0.7272727272727273	0	0
2717	47	22	1	76	52	0.6842105263157895	0	0
2718	47	23	1	88	64	0.7272727272727273	0	0
2719	47	24	1	11	2	0.18181818181818182	0	1
2720	47	25	0	3	0	0.0	0	0
2721	47	26	0	1	1	1.0	0	0
2722	47	27	0	1	1	1.0	0	0
2723	47	28	1	41	35	0.8536585365853658	1	0
2724	47	29	1	124	90	0.7258064516129032	0	0
2725	47	30	1	124	60	0.4838709677419355	0	0
2726	47	31	1	95	57	0.6	0	0
2727	47	32	1	81	46	0.5679012345679012	0	0
2728	47	33	1	73	52	0.7123287671232876	0	0
2729	47	34	1	73	67	0.9178082191780822	1	0
2730	47	35	1	32	23	0.71875	0	0
2731	47	36	1	45	28	0.6222222222222222	0	0
2732	47	37	1	56	38	0.6785714285714286	0	0
2733	47	38	1	93	59	0.6344086021505376	0	0
2734	47	39	1	15	12	0.8	1	0
2735	47	40	0	1	0	0.0	0	0
2736	47	41	0	1	0	0.0	0	0
2737	47	42	0	0	0	0.0	0	0
2738	47	43	0	0	0	0.0	0	0
2739	47	44	0	0	0	0.0	0	0
2740	47	45	0	0	0	0.0	0	0
2741	47	46	0	0	0	0.0	0	0
2742	47	47	0	0	0	0.0	0	0
2743	47	48	0	0	0	0.0	0	0
2744	47	49	0	0	0	0.0	0	0
2745	47	50	0	0	0	0.0	0	0
2746	47	51	0	0	0	0.0	0	0
2747	47	52	0	0	0	0.0	0	0
2748	47	53	0	0	0	0.0	0	0
2749	47	54	0	0	0	0.0	0	0
2750	47	55	0	0	0	0.0	0	0
2751	47	56	0	0	0	0.0	0	0
2752	47	57	0	0	0	0.0	0	0
2753	47	58	0	0	0	0.0	0	0
2754	48	1	0	1	0	0.0	0	0
2755	48	3	0	15	11	0.7333333333333333	0	0
2756	48	4	0	35	20	0.5714285714285714	0	0
2757	48	5	0	133	91	0.6842105263157895	0	0
2758	48	6	1	152	87	0.5723684210526315	0	0
2759	48	7	1	70	43	0.6142857142857143	0	0
2760	48	8	1	74	55	0.7432432432432432	0	0
2761	48	9	0	0	0	0.0	0	0
2762	48	10	0	24	12	0.5	0	0
2763	48	11	1	83	50	0.6024096385542169	0	0
2764	48	12	0	93	52	0.5591397849462365	0	0
2765	48	13	0	22	3	0.13636363636363635	0	0
2766	48	14	1	60	36	0.6	0	0
2767	48	15	1	19	15	0.7894736842105263	1	0
2768	48	16	0	7	0	0.0	0	0
2769	48	17	0	7	0	0.0	0	0
2770	48	18	0	7	0	0.0	0	0
2771	48	19	1	15	2	0.13333333333333333	0	1
2772	48	20	1	70	47	0.6714285714285714	0	0
2773	48	21	1	136	89	0.6544117647058824	0	0
2774	48	22	1	19	5	0.2631578947368421	0	0
2775	48	23	1	39	8	0.20512820512820512	0	1
2776	48	24	1	134	106	0.7910447761194029	1	0
2777	48	25	1	42	35	0.8333333333333334	1	0
2778	48	26	1	40	38	0.95	1	0
2779	48	27	1	68	52	0.7647058823529411	1	0
2780	48	28	1	56	49	0.875	1	0
2781	48	29	1	77	62	0.8051948051948052	1	0
2782	48	30	1	157	120	0.7643312101910829	1	0
2783	48	31	1	99	84	0.8484848484848485	1	0
2784	48	32	1	131	96	0.732824427480916	0	0
2785	48	33	1	69	45	0.6521739130434783	0	0
2786	48	34	1	67	39	0.582089552238806	0	0
2787	48	35	1	90	57	0.6333333333333333	0	0
2788	48	36	0	82	58	0.7073170731707317	0	0
2789	48	37	0	112	90	0.8035714285714286	0	0
2790	48	38	0	76	47	0.618421052631579	0	0
2791	48	39	0	67	40	0.5970149253731343	0	0
2792	48	40	0	2	1	0.5	0	0
2793	48	41	0	1	0	0.0	0	0
2794	48	42	0	0	0	0.0	0	0
2795	48	43	0	0	0	0.0	0	0
2796	48	44	0	0	0	0.0	0	0
2797	48	45	0	0	0	0.0	0	0
2798	48	46	0	0	0	0.0	0	0
2799	48	47	0	0	0	0.0	0	0
2800	48	48	0	0	0	0.0	0	0
2801	48	49	0	0	0	0.0	0	0
2802	48	50	0	0	0	0.0	0	0
2803	48	51	0	0	0	0.0	0	0
2804	48	52	0	0	0	0.0	0	0
2805	48	53	0	0	0	0.0	0	0
2806	48	54	0	0	0	0.0	0	0
2807	48	55	0	0	0	0.0	0	0
2808	48	56	0	0	0	0.0	0	0
2809	48	57	0	0	0	0.0	0	0
2810	48	58	0	0	0	0.0	0	0
2811	49	3	0	6	1	0.16666666666666666	0	0
2812	49	4	0	87	48	0.5517241379310345	0	0
2813	49	5	0	60	43	0.7166666666666667	0	0
2814	49	6	0	73	59	0.8082191780821918	0	0
2815	49	7	0	3	3	1.0	0	0
2816	49	8	0	1	0	0.0	0	0
2817	49	9	0	5	1	0.2	0	0
2818	49	10	0	3	0	0.0	0	0
2819	49	11	0	1	1	1.0	0	0
2820	49	12	1	75	39	0.52	0	0
2821	49	13	1	50	17	0.34	0	0
2822	49	14	1	25	21	0.84	1	0
2823	49	15	1	43	33	0.7674418604651163	1	0
2824	49	16	1	108	90	0.8333333333333334	1	0
2825	49	17	1	69	47	0.6811594202898551	0	0
2826	49	18	0	5	2	0.4	0	0
2827	49	19	0	0	0	0.0	0	0
2828	49	20	1	17	9	0.5294117647058824	0	0
2829	49	21	1	57	28	0.49122807017543857	0	0
2830	49	22	1	63	34	0.5396825396825397	0	0
2831	49	23	0	2	0	0.0	0	0
2832	49	24	1	25	6	0.24	0	1
2833	49	25	1	86	49	0.5697674418604651	0	0
2834	49	26	1	79	55	0.6962025316455697	0	0
2835	49	27	1	82	57	0.6951219512195121	0	0
2836	49	28	1	51	28	0.5490196078431373	0	0
2837	49	29	1	70	30	0.42857142857142855	0	0
2838	49	30	1	140	110	0.7857142857142857	1	0
2839	49	31	1	106	88	0.8301886792452831	1	0
2840	49	32	0	97	87	0.8969072164948454	0	0
2841	49	33	0	69	57	0.8260869565217391	0	0
2842	49	34	0	89	71	0.797752808988764	0	0
2843	49	35	0	121	97	0.8016528925619835	0	0
2844	49	36	1	54	43	0.7962962962962963	1	0
2845	49	37	1	46	14	0.30434782608695654	0	0
2846	49	38	1	67	46	0.6865671641791045	0	0
2847	49	39	0	68	45	0.6617647058823529	0	0
2848	49	40	0	4	4	1.0	0	0
2849	49	41	0	9	1	0.1111111111111111	0	0
2850	49	42	0	0	0	0.0	0	0
2851	49	43	0	0	0	0.0	0	0
2852	49	44	0	0	0	0.0	0	0
2853	49	45	0	0	0	0.0	0	0
2854	49	46	0	0	0	0.0	0	0
2855	49	47	0	0	0	0.0	0	0
2856	49	48	0	0	0	0.0	0	0
2857	49	49	0	0	0	0.0	0	0
2858	49	50	0	0	0	0.0	0	0
2859	49	51	0	0	0	0.0	0	0
2860	49	52	0	0	0	0.0	0	0
2861	49	53	0	0	0	0.0	0	0
2862	49	54	0	0	0	0.0	0	0
2863	49	55	0	0	0	0.0	0	0
2864	49	56	0	0	0	0.0	0	0
2865	49	57	0	0	0	0.0	0	0
2866	49	58	0	0	0	0.0	0	0
2867	50	3	0	13	10	0.7692307692307693	0	0
2868	50	4	0	10	4	0.4	0	0
2869	50	6	0	2	0	0.0	0	0
2870	50	7	0	1	0	0.0	0	0
2871	50	8	0	2	0	0.0	0	0
2872	50	9	0	3	0	0.0	0	0
2873	50	10	0	4	0	0.0	0	0
2874	50	11	0	11	6	0.5454545454545454	0	0
2875	50	12	1	64	41	0.640625	0	0
2876	50	13	1	20	6	0.3	0	0
2877	50	14	1	42	27	0.6428571428571429	0	0
2878	50	15	1	74	43	0.581081081081081	0	0
2879	50	16	1	100	78	0.78	1	0
2880	50	17	1	33	23	0.696969696969697	0	0
2881	50	18	1	70	53	0.7571428571428571	1	0
2882	50	19	1	48	32	0.6666666666666666	0	0
2883	50	20	1	34	17	0.5	0	0
2884	50	21	1	81	52	0.6419753086419753	0	0
2885	50	22	1	56	37	0.6607142857142857	0	0
2886	50	23	0	9	1	0.1111111111111111	0	0
2887	50	24	0	0	0	0.0	0	0
2888	50	25	1	26	11	0.4230769230769231	0	0
2889	50	26	1	58	39	0.6724137931034483	0	0
2890	50	27	1	39	24	0.6153846153846154	0	0
2891	50	28	1	87	62	0.7126436781609196	0	0
2892	50	29	1	62	54	0.8709677419354839	1	0
2893	50	30	0	1	0	0.0	0	0
2894	50	31	0	0	0	0.0	0	0
2895	50	32	0	0	0	0.0	0	0
2896	50	33	1	25	23	0.92	1	0
2897	50	34	1	102	75	0.7352941176470589	0	0
2898	50	35	1	99	55	0.5555555555555556	0	0
2899	50	36	0	0	0	0.0	0	0
2900	50	37	0	3	3	1.0	0	0
2901	50	38	1	23	15	0.6521739130434783	0	0
2902	50	39	1	12	4	0.3333333333333333	0	0
2903	50	40	0	3	1	0.3333333333333333	0	0
2904	50	41	0	1	1	1.0	0	0
2905	50	42	0	0	0	0.0	0	0
2906	50	43	0	0	0	0.0	0	0
2907	50	44	0	0	0	0.0	0	0
2908	50	45	0	0	0	0.0	0	0
2909	50	46	0	0	0	0.0	0	0
2910	50	47	0	0	0	0.0	0	0
2911	50	48	0	0	0	0.0	0	0
2912	50	49	0	0	0	0.0	0	0
2913	50	50	0	0	0	0.0	0	0
2914	50	51	0	0	0	0.0	0	0
2915	50	52	0	0	0	0.0	0	0
2916	50	53	0	0	0	0.0	0	0
2917	50	54	0	0	0	0.0	0	0
2918	50	55	0	0	0	0.0	0	0
2919	50	56	0	0	0	0.0	0	0
2920	50	57	0	0	0	0.0	0	0
2921	50	58	0	0	0	0.0	0	0
2922	51	3	0	8	1	0.125	0	0
2923	51	4	0	1	0	0.0	0	0
2924	51	7	0	9	2	0.2222222222222222	0	0
2925	51	8	0	1	0	0.0	0	0
2926	51	9	0	8	0	0.0	0	0
2927	51	10	0	5	0	0.0	0	0
2928	51	11	0	5	0	0.0	0	0
2929	51	12	0	70	56	0.8	0	0
2930	51	13	0	109	64	0.5871559633027523	0	0
2931	51	14	0	125	80	0.64	0	0
2932	51	15	0	135	105	0.7777777777777778	0	0
2933	51	16	0	91	64	0.7032967032967034	0	0
2934	51	17	0	23	6	0.2608695652173913	0	0
2935	51	18	0	88	58	0.6590909090909091	0	0
2936	51	19	0	16	1	0.0625	0	0
2937	51	20	0	5	0	0.0	0	0
2938	51	21	0	64	42	0.65625	0	0
2939	51	22	0	40	24	0.6	0	0
2940	51	23	0	53	36	0.6792452830188679	0	0
2941	51	24	0	104	77	0.7403846153846154	0	0
2942	51	25	0	127	107	0.84251968503937	0	0
2943	51	26	0	138	112	0.8115942028985508	0	0
2944	51	27	0	113	83	0.7345132743362832	0	0
2945	51	28	0	120	98	0.8166666666666667	0	0
2946	51	29	0	146	115	0.7876712328767124	0	0
2947	51	30	0	94	72	0.7659574468085106	0	0
2948	51	31	0	47	35	0.7446808510638298	0	0
2949	51	32	0	96	78	0.8125	0	0
2950	51	33	0	96	67	0.6979166666666666	0	0
2951	51	34	0	50	35	0.7	0	0
2952	51	35	0	4	2	0.5	0	0
2953	51	36	0	1	1	1.0	0	0
2954	51	38	0	2	1	0.5	0	0
2955	51	40	0	1	1	1.0	0	0
2956	52	4	0	1	0	0.0	0	0
2957	52	6	0	2	0	0.0	0	0
2958	52	7	0	1	0	0.0	0	0
2959	52	8	0	3	0	0.0	0	0
2960	52	9	0	1	0	0.0	0	0
2961	52	11	0	5	0	0.0	0	0
2962	52	12	0	3	0	0.0	0	0
2963	52	14	0	46	40	0.8695652173913043	0	0
2964	52	15	0	67	61	0.9104477611940298	0	0
2965	52	16	0	76	55	0.7236842105263158	0	0
2966	52	17	0	62	42	0.6774193548387096	0	0
2967	52	18	0	112	78	0.6964285714285714	0	0
2968	52	19	0	67	51	0.7611940298507462	0	0
2969	52	20	0	12	0	0.0	0	0
2970	52	21	0	18	0	0.0	0	0
2971	52	22	0	49	33	0.673469387755102	0	0
2972	52	23	0	38	25	0.6578947368421053	0	0
2973	52	24	0	97	80	0.8247422680412371	0	0
2974	52	25	0	108	87	0.8055555555555556	0	0
2975	52	26	0	141	102	0.723404255319149	0	0
2976	52	27	0	134	92	0.6865671641791045	0	0
2977	52	28	0	90	66	0.7333333333333333	0	0
2978	52	29	0	84	54	0.6428571428571429	0	0
2979	52	30	0	60	34	0.5666666666666667	0	0
2980	52	31	0	61	30	0.4918032786885246	0	0
2981	52	32	0	55	26	0.4727272727272727	0	0
2982	52	33	0	10	7	0.7	0	0
2983	52	35	0	2	0	0.0	0	0
2984	52	37	0	17	12	0.7058823529411765	0	0
2985	52	38	0	52	34	0.6538461538461539	0	0
2986	52	40	0	1	0	0.0	0	0
2987	53	4	0	2	0	0.0	0	0
2988	53	8	0	1	0	0.0	0	0
2989	53	11	0	7	0	0.0	0	0
2990	53	12	0	10	0	0.0	0	0
2991	53	14	0	1	0	0.0	0	0
2992	53	15	0	1	0	0.0	0	0
2993	53	16	0	1	0	0.0	0	0
2994	53	17	0	1	1	1.0	0	0
2995	53	19	0	17	12	0.7058823529411765	0	0
2996	53	20	0	17	8	0.47058823529411764	0	0
2997	53	21	0	21	4	0.19047619047619047	0	0
2998	53	22	0	29	16	0.5517241379310345	0	0
2999	53	23	0	9	6	0.6666666666666666	0	0
3000	53	24	0	50	31	0.62	0	0
3001	53	25	0	23	12	0.5217391304347826	0	0
