dataset	rank	cumulative_star_positive_residual_fraction	method	gene_id	gene_name	star_mass	space_ranger_mass	signed_star_minus_space_ranger_mass	shared_gene_bin_mass	star_positive_gene_bin_residual_mass	space_ranger_positive_gene_bin_residual_mass	star_positive_residual_mass_fraction	star_cell_mass_fraction	space_ranger_cell_mass_fraction	star_minus_space_ranger_cell_fraction_pp	star_nucleus_mass_fraction	space_ranger_nucleus_mass_fraction	star_minus_space_ranger_nucleus_fraction_pp	star_positive_residual_cell_mass	star_positive_residual_cell_mass_fraction	star_positive_residual_nucleus_mass	star_positive_residual_nucleus_mass_fraction	space_ranger_positive_residual_cell_mass	space_ranger_positive_residual_cell_mass_fraction	space_ranger_positive_residual_nucleus_mass	space_ranger_positive_residual_nucleus_mass_fraction	star_positive_residual_gene_bin_nnz	space_ranger_positive_residual_gene_bin_nnz
CRC	1	0.01453406107500384	hard	ENSG00000211592	IGKC	1310277.0	1251508.0	58769.0	1236577.0	73700.0	14931.0	0.01453406107500384	0.5460153654532591	0.5460725680538998	-0.005720260064068228	0.23517031131585153	0.23518652098108841	-0.0016209665236882609	38812.625	0.5266299185888738	16719.125	0.22685379918588874	6795.4375	0.45512273123032615	2918.6875	0.19547836715558234	43909	12900
CRC	2	0.028150129554293395	hard	ENSG00000205542	TMSB4X	1090855.0	1043061.0	47794.0	1021810.0	69045.0	21251.0	0.013616068479289554	0.46051795380687627	0.46061789531005376	-0.009994150317749195	0.2175702774429232	0.2176883710540419	-0.011809361111869698	31532.8125	0.4566994351509885	14933.1875	0.21628195379824752	9627.0625	0.45301691685097173	4657.8125	0.21918086207707874	62402	20255
CRC	3	0.03921337007407244	hard	ENSG00000198938	MT-CO3	891908.0	852467.0	39441.0	835808.0	56100.0	16659.0	0.011063240519779043	0.4950940848159227	0.4954949869027188	-0.04009020867961066	0.26102979511339736	0.2613143675942881	-0.02845724808907546	27231.8125	0.48541555258467023	14302.1875	0.25494095365418895	8046.5625	0.4830159373311723	4249.5	0.25508734017648116	48794	15654
CRC	4	0.046098807556213	hard	ENSG00000198899	MT-ATP6	542752.0	518661.0	24091.0	507837.0	34915.0	10824.0	0.006885437482140558	0.49046065237898706	0.4907637165701682	-0.030306419118114603	0.25782413054212605	0.25804318716849733	-0.021905662637128342	16778.9375	0.4805653014463698	8791.9375	0.2518097522554776	5120.4375	0.4730633314855876	2694.3125	0.24892022357723578	31932	10432
CRC	5	0.05216091118505449	hard	ENSG00000198727	MT-CYB	476064.0	454898.0	21166.0	445324.0	30740.0	9574.0	0.006062103628841494	0.49278839084660886	0.49288095902817775	-0.009256818156888613	0.25887590744101635	0.25898553082229425	-0.010962338127790128	14972.375	0.4870648991541965	7852.6875	0.2554550260247235	4584.125	0.4788097973678713	2423.1875	0.253100846041362	28509	9300
CRC	6	0.058003722060634054	hard	ENSG00000212907	MT-ND4L	454854.0	434439.0	20415.0	425226.0	29628.0	9213.0	0.005842810875579563	0.49227980296974416	0.4924923291877571	-0.02125262180129317	0.2593303290726255	0.25955254937977484	-0.02222203071493567	14342.125	0.4840733427838531	7509.8125	0.25347011273120024	4384.5625	0.47591039835015736	2312.125	0.25096331271030065	27651	8942
CRC	7	0.0633953262640344	hard	ENSG00000162896	PIGR	425700.0	406171.0	19529.0	398360.0	27340.0	7811.0	0.0053916042034003395	0.5537768675123327	0.5540622053273129	-0.028533781498019106	0.30426885130373504	0.30452214092094215	-0.025328961720710863	14704.375	0.5378337600585223	8034.4375	0.29387115947329917	4005.5625	0.5128104596082448	2195.25	0.2810459608244783	23766	7404
CRC	8	0.06859504930833055	hard	ENSG00000198886	MT-ND4	419479.0	402139.0	17340.0	393112.0	26367.0	9027.0	0.00519972304429615	0.48506450859280204	0.48550563362419463	-0.04411250313925974	0.25361981767859654	0.2539624047903834	-0.034258711178686285	12516.625	0.47470796829370043	6520.0625	0.24728116585125345	4283.0	0.4744654924116539	2260.0625	0.2503669546914811	24712	8764
CRC	9	0.07323352489238977	hard	ENSG00000168542	COL3A1	361867.0	345663.0	16204.0	338346.0	23521.0	7317.0	0.004638475584059231	0.3872137415127657	0.3872218027385054	-0.0008061225739708355	0.15676944153514966	0.15673213505639885	0.003730647875080373	9143.0	0.38871646613664385	3745.625	0.15924599294247693	2871.375	0.3924251742517425	1192.4375	0.16296808801421347	21973	7109
CRC	10	0.07737997222160321	hard	ENSG00000198712	MT-CO2	328448.0	314295.0	14153.0	307422.0	21026.0	6873.0	0.004146447329213443	0.4874847007745518	0.4877523504987353	-0.026764972418347188	0.25700034708690567	0.2571829411858286	-0.01825940989229058	10083.125	0.47955507466945685	5318.9375	0.25296953771520975	3267.875	0.4754655899898152	1739.0	0.2530190600902081	19960	6731
CRC	11	0.08046604443005281	hard	ENSG00000211896	IGHG1	243685.0	232547.0	11138.0	228036.0	15649.0	4511.0	0.0030860722084495944	0.5379311406118554	0.5381473960102688	-0.02162553984134119	0.23127423723249277	0.2313715076952186	-0.009727046272584028	8187.5	0.5231963703751038	3530.9375	0.22563342705604192	2246.3125	0.4979633119042341	977.625	0.2167202394147639	13653	4317
CRC	12	0.08319458268017157	hard	ENSG00000198888	MT-ND1	212795.0	203556.0	9239.0	198959.0	13836.0	4597.0	0.0027285382501187672	0.4825330717357081	0.48277531735738566	-0.024224562167757258	0.2536837096736296	0.2537259402817898	-0.004223060816022084	6601.3125	0.4771113399826539	3491.1875	0.2523263587742122	2192.5	0.4769414835762454	1156.0	0.2514683489232108	13369	4536
CRC	13	0.08574879107967565	hard	ENSG00000108821	COL1A1	192827.0	184044.0	8783.0	179875.0	12952.0	4169.0	0.002554208399504067	0.3695861445751892	0.36954953706722304	0.0036607507966135433	0.14809907326256178	0.14813611147334332	-0.003703821078154812	4797.9375	0.37043989345274864	1946.5	0.1502856701667696	1545.125	0.3706224514272008	652.5625	0.1565273446869753	12404	4091
CRC	14	0.08814602373134113	hard	ENSG00000198763	MT-ND2	188138.0	180082.0	8056.0	175982.0	12156.0	4100.0	0.002397232651665491	0.49167898032295443	0.49178360413589367	-0.010462381293924183	0.2594531673558771	0.25953628069435036	-0.008311333847327296	5928.0625	0.48766555610398155	3124.5	0.2570335636722606	1985.9375	0.484375	1049.3125	0.2559298780487805	11827	4035
CRC	15	0.09049395495466536	hard	ENSG00000105388	CEACAM5	182220.0	174158.0	8062.0	170314.0	11906.0	3844.0	0.0023479312233242295	0.5674853885413237	0.5676921243927927	-0.020673585146901985	0.31834458347053013	0.31850711710056384	-0.016253363003371213	6624.0625	0.5563633882076264	3703.75	0.3110826474046699	2085.0	0.5424037460978148	1165.5625	0.3032160509885536	11388	3754
CRC	16	0.09270522261862761	hard	ENSG00000163586	FABP1	177079.0	169123.0	7956.0	165866.0	11213.0	3257.0	0.002211267663962253	0.4997342287905398	0.5000587590097149	-0.03245302191750565	0.2720159505079654	0.27215362487656913	-0.013767436860373516	5496.6875	0.49020667974672255	2993.5625	0.2669724872915366	1575.6875	0.48378492477740254	852.6875	0.26180150445194966	9873	3086
CRC	17	0.09491156013975574	hard	ENSG00000164692	COL1A2	167541.0	159897.0	7644.0	156353.0	11188.0	3544.0	0.0022063375211281273	0.37327877952262434	0.3734173405379713	-0.013856101534698295	0.15021733486131753	0.15033466856789057	-0.011733370657304731	4196.1875	0.37506144976760813	1701.0625	0.15204348409009652	1365.0	0.3851580135440181	571.5625	0.16127610045146726	10792	3498
CRC	18	0.09708595033531874	hard	ENSG00000148346	LCN2	173206.0	165811.0	7395.0	162180.0	11026.0	3631.0	0.00217439019556299	0.5381695062526702	0.5389517281724373	-0.07822219197670677	0.2965233594679168	0.2971794693958784	-0.06561099279616123	5698.3125	0.5168068655904227	3098.3125	0.2810005895156902	1848.25	0.5090195538419168	1014.3125	0.2793479757642523	10225	3510
CRC	19	0.09906983981177109	hard	ENSG00000198695	MT-ND6	145222.0	138407.0	6815.0	135162.0	10060.0	3245.0	0.001983889476452356	0.48458265620911434	0.4845830593828347	-4.03173720353589e-05	0.2522943321259864	0.25229666852110083	-0.00023363951144328432	4835.9375	0.4807094930417495	2511.0625	0.24960859840954275	1533.5625	0.4725924499229584	792.0	0.2440677966101695	9824	3205
CRC	20	0.10103519195116713	hard	ENSG00000034510	TMSB10	151815.0	145095.0	6720.0	141849.0	9966.0	3246.0	0.0019653521393960417	0.48109211869709845	0.48128338330059617	-0.019126460349772056	0.2426748839047525	0.24296581550018953	-0.02909315954370273	4731.0	0.47471402769416016	2378.0	0.2386112783463777	1525.8125	0.470059303758472	789.4375	0.2432031731361676	9789	3217
CRC	21	0.10276843296593252	hard	ENSG00000198840	MT-ND3	128879.0	123126.0	5753.0	120090.0	8789.0	3036.0	0.0017332410147653833	0.4813725471178392	0.48189710134333935	-0.0524554225500129	0.2519984830732703	0.2524979492552345	-0.04994661819642254	4138.9375	0.47092245989304815	2142.6875	0.24379195585390828	1434.1875	0.4723937747035573	754.4375	0.2484972002635046	8575	3010
CRC	22	0.10446045798660461	hard	ENSG00000197956	S100A6	126309.0	120556.0	5753.0	117729.0	8580.0	2827.0	0.0016920250206720888	0.48785171682144585	0.48819687531105876	-0.034515848961291784	0.258401024471732	0.2586676523773184	-0.026662790558640292	4128.6875	0.48119900932400933	2175.8125	0.2535912004662005	1363.6875	0.48237973116377786	721.375	0.2551733286169084	8388	2803
CRC	23	0.10605565500201446	hard	ENSG00000167996	FTH1	123840.0	118462.0	5378.0	115751.0	8089.0	2711.0	0.0015951970154098516	0.45385224886950903	0.4538048066046496	0.004744226485942082	0.22579639050387598	0.22578284597592477	0.0013544527951214747	3642.75	0.45033378662381013	1818.1875	0.2247728396587959	1196.3125	0.44128089265953524	602.25	0.22215049797122832	7972	2694
CRC	24	0.10756053180070312	hard	ENSG00000115414	FN1	119782.0	114520.0	5262.0	112151.0	7631.0	2369.0	0.0015048767986886608	0.49095440049423117	0.4914059771219001	-0.04515766276689259	0.2553941744168573	0.25568950838281523	-0.02953339659579335	3691.8125	0.4837914427991089	1909.5625	0.25023751801860833	1160.125	0.4897108484592655	599.5	0.25306036302237234	7179	2317
CRC	25	0.10901196585106986	hard	ENSG00000170421	KRT8	113063.0	108192.0	4871.0	105703.0	7360.0	2489.0	0.0014514340503667335	0.5154200534215437	0.5154083712289264	0.001168219261737935	0.28126575449085905	0.28131296676279205	-0.004721227193299482	3742.5625	0.5085003396739131	2035.0625	0.2765030570652174	1230.6875	0.49445058256327845	670.125	0.2692346323824829	7140	2457
CRC	26	0.1104164649416557	hard	ENSG00000135916	ITM2C	109694.0	104887.0	4807.0	102572.0	7122.0	2315.0	0.0014044990905858529	0.547458156325779	0.5480046383250545	-0.054648199927553875	0.2972695635130454	0.29748979854510094	-0.022023503205553796	3782.6875	0.5311271412524572	2048.9375	0.2876913086211738	1208.375	0.521976241900648	643.0625	0.27778077753779695	6963	2288
CRC	27	0.11180676522087928	hard	ENSG00000113140	SPARC	109186.0	104582.0	4604.0	102136.0	7050.0	2446.0	0.0013903002792235695	0.37074750883812946	0.37126549023732575	-0.05179813991962878	0.15034837341783744	0.1505451463923046	-0.019677297446715758	2598.5	0.36858156028368794	1064.5625	0.15100177304964538	945.75	0.3866516762060507	392.9375	0.1606449304987735	6905	2422
CRC	28	0.11304304783796475	hard	ENSG00000104904	OAZ1	93243.0	89070.0	4173.0	86974.0	6269.0	2096.0	0.001236282617085469	0.4938179005394507	0.4938980577074211	-0.008015716797044048	0.2534647372993147	0.25324113057146064	0.022360672785404212	3056.0625	0.48748803636943694	1579.125	0.2518942415058223	1002.5	0.4782919847328244	501.5	0.23926526717557253	6184	2081
CRC	29	0.1142517216551791	hard	ENSG00000075624	ACTB	99166.0	95386.0	3780.0	93037.0	6129.0	2349.0	0.0012086738172143628	0.4716220781316177	0.4724127492504141	-0.07906711187963822	0.22932507109291492	0.22980049483152665	-0.04754237386117299	2815.0	0.45929189100995266	1379.5	0.2250775004078969	1107.6875	0.4715570455512984	558.0	0.23754789272030652	6053	2328
CRC	30	0.11546000106096674	hard	ENSG00000167658	EEF2	91972.0	87899.0	4073.0	85845.0	6127.0	2054.0	0.0012082794057876327	0.4807869514634889	0.48118223756811795	-0.03952861046290779	0.24110055234201713	0.24124421210707744	-0.014365976506031108	2904.5625	0.4740594907785213	1465.25	0.23914640117512648	981.0625	0.4776351022395326	495.875	0.24141918208373905	6057	2035
CRC	31	0.11665092636397825	hard	ENSG00000019582	CD74	89710.0	85625.0	4085.0	83671.0	6039.0	1954.0	0.0011909253030115087	0.47908886969122727	0.4795788321167883	-0.04899624255610413	0.20821187715973694	0.20843503649635037	-0.022315933661343212	2802.75	0.4641082960755092	1223.875	0.20266186454711044	887.625	0.45426049129989765	392.4375	0.2008380245649949	5919	1936
CRC	32	0.11783396343845515	hard	ENSG00000160180	TFF3	90581.0	86600.0	3981.0	84582.0	5999.0	2018.0	0.001183037074476907	0.5309495092789879	0.5317508660508083	-0.08013567718204717	0.29214804981177067	0.2925433025404157	-0.03952527286450458	3059.9375	0.510074595765961	1674.875	0.27919236539423237	1015.625	0.5032829534192269	546.0625	0.2705958870168484	5856	1985
CRC	33	0.11895389468465524	hard	ENSG00000272398	CD24	86155.0	82385.0	3770.0	80476.0	5679.0	1909.0	0.0011199312462000924	0.5093414485520283	0.5089366996419251	0.04047489101032253	0.2777327200974987	0.2774511440189355	0.02815760785632171	2863.75	0.5042701179785174	1560.375	0.2747622820919176	910.1875	0.4767875851231011	490.125	0.2567443687794657	5558	1894
CRC	34	0.12000795922259141	hard	ENSG00000197747	S100A10	80388.0	76780.0	3608.0	75043.0	5345.0	1737.0	0.0010540645379361674	0.4814376834850973	0.4817099179473821	-0.027223446228480386	0.25535449942777527	0.25549866501693147	-0.01441655891561977	2530.0625	0.4733512628624883	1338.0	0.25032740879326476	813.9375	0.4685880829015544	427.75	0.2462579159470351	5256	1721
CRC	35	0.12103106246352927	hard	ENSG00000125730	C3	80607.0	77163.0	3444.0	75419.0	5188.0	1744.0	0.0010231032409378552	0.42432031337228776	0.42458172958542306	-0.02614162131353015	0.1707489734142196	0.17073435454816427	0.001461886605533258	2180.125	0.4202245566692367	898.0625	0.17310379722436392	738.9375	0.42370269495412843	308.875	0.1771072247706422	5083	1729
CRC	36	0.12204489703593896	hard	ENSG00000127324	TSPAN8	77594.0	74155.0	3439.0	72453.0	5141.0	1702.0	0.0010138345724096981	0.5473393561357837	0.5477816735216776	-0.04423173858939533	0.30454674330489473	0.3048302541972895	-0.028351089239475602	2722.875	0.529639175257732	1506.125	0.29296343123905855	873.375	0.5131462984723855	479.8125	0.28191098707403056	5046	1686
CRC	37	0.12305419587694127	hard	ENSG00000026025	VIM	77672.0	74341.0	3331.0	72554.0	5118.0	1787.0	0.001009298841002302	0.4189572819033886	0.41939424409141657	-0.04369621880279673	0.17145415980018539	0.17170790680781803	-0.025374700763264313	2111.6875	0.4126001367721766	873.125	0.1705988667448222	748.625	0.4189283715724678	320.875	0.17956071628427533	5047	1774
CRC	38	0.12405462046084215	hard	ENSG00000197746	PSAP	76218.0	72864.0	3354.0	71145.0	5073.0	1719.0	0.0010004245839008749	0.4871118042981973	0.48760876427316646	-0.049695997496918	0.23168247658033536	0.23224431818181818	-0.05618416014828154	2411.4375	0.4753474275576582	1127.875	0.2223289966489257	813.875	0.4734584060500291	391.75	0.22789412449098312	5004	1709
CRC	39	0.12504459314193467	hard	ENSG00000170144	HNRNPA3	75266.0	71922.0	3344.0	70246.0	5020.0	1676.0	0.0009899726810925276	0.506248671378843	0.5072335307694447	-0.09848593906016667	0.26225486939654025	0.2628759280887628	-0.06210586922225647	2465.0	0.4910358565737052	1272.6875	0.253523406374502	842.9375	0.5029460023866349	440.375	0.2627535799522673	4957	1663
CRC	40	0.12599551909178092	hard	ENSG00000171747	LGALS4	73134.0	69882.0	3252.0	68312.0	4822.0	1570.0	0.0009509259498462486	0.5193856482620942	0.5198101800177442	-0.04245317556499373	0.2850931167446058	0.28553937351535447	-0.04462567707486653	2470.25	0.5122874326005806	1344.5	0.2788262131895479	810.875	0.5164808917197452	448.5625	0.28570859872611465	4702	1557
CRC	41	0.12692928814456442	hard	ENSG00000076554	TPD52	71450.0	68350.0	3100.0	66715.0	4735.0	1635.0	0.0009337690527834896	0.5104776067179846	0.5102249451353329	0.025266158265169203	0.27622550734779566	0.27611375274323335	0.011175460456230857	2425.6875	0.5122888067581838	1306.1875	0.27585797254487854	825.9375	0.5051605504587156	442.25	0.2704892966360856	4658	1626
CRC	42	0.12785536617452667	hard	ENSG00000166710	B2M	69285.0	66087.0	3198.0	64589.0	4696.0	1498.0	0.0009260780299622528	0.4822860287219456	0.48246724015313147	-0.018121143118587923	0.22607256260373818	0.22625762252787993	-0.018505992414175054	2231.875	0.4752715076660988	1044.125	0.22234348381601363	701.5	0.4682910547396529	333.375	0.22254672897196262	4661	1491
CRC	43	0.12874101703324908	hard	ENSG00000221983	UBA52	68127.0	65160.0	2967.0	63636.0	4491.0	1524.0	0.0008856508587224186	0.4753319168611564	0.47462879834254146	0.07031185186149314	0.23879115475508975	0.23834119858809086	0.04499561669988883	2130.375	0.47436539746158984	1072.875	0.23889445557782232	674.25	0.4424212598425197	335.0625	0.21985728346456693	4448	1516
CRC	44	0.12958919880643213	hard	ENSG00000142192	APP	66563.0	63821.0	2742.0	62262.0	4301.0	1559.0	0.0008481817731830599	0.5045389330408786	0.5052568903652402	-0.071795732436164	0.2602928804290672	0.2606753654753138	-0.03824850462466056	2111.1875	0.49085968379446643	1086.9375	0.25271739130434784	773.5625	0.4961914688903143	397.625	0.2550513149454779	4263	1555
CRC	45	0.13043659175676173	hard	ENSG00000010278	CD9	66737.0	63905.0	2832.0	62440.0	4297.0	1465.0	0.0008473929503295997	0.546760043154472	0.5476332055394727	-0.08731623850006809	0.30202698652921167	0.3026866051169705	-0.06596185877588145	2269.0	0.5280428205724924	1234.0625	0.2871916453339539	776.375	0.5299488054607508	420.875	0.28728668941979524	4238	1454
CRC	46	0.13127057471858253	hard	ENSG00000089356	FXYD3	63577.0	60773.0	2804.0	59348.0	4229.0	1425.0	0.0008339829618207767	0.529423966214197	0.5296883484442104	-0.026438223001346017	0.2923482548720449	0.2924335231105919	-0.008526823854698717	2183.4375	0.5163011350200993	1201.5	0.2841097186096004	715.0	0.5017543859649123	386.9375	0.27153508771929824	4125	1405
CRC	47	0.13208325946335986	hard	ENSG00000086548	CEACAM6	63420.0	60740.0	2680.0	59299.0	4121.0	1441.0	0.0008126847447773518	0.5400691816461684	0.5407443612117221	-0.06751795655537407	0.29728693629769787	0.29763952914059927	-0.035259284290140025	2156.9375	0.5234014802232468	1176.4375	0.28547379276874546	750.5625	0.5208622484385843	401.125	0.2783657182512144	4032	1423
CRC	48	0.13288667553960906	hard	ENSG00000090382	LYZ	61227.0	58460.0	2767.0	57153.0	4074.0	1307.0	0.0008034160762491946	0.48734320642853646	0.48809549264454327	-0.07522862160068144	0.22109731001028957	0.2216376582278481	-0.05403482175585228	1939.125	0.47597569955817376	874.75	0.21471526755031908	634.625	0.4855585309869931	294.5625	0.22537299158377966	3993	1291
CRC	49	0.13366070796456686	hard	ENSG00000118816	CCNI	59769.0	57240.0	2529.0	55844.0	3925.0	1396.0	0.0007740324249578029	0.45841489735481605	0.4586543501048218	-0.023945275000575306	0.22373847646773412	0.22392994409503844	-0.019146762730432032	1764.375	0.44952229299363056	857.5625	0.2184872611464968	618.75	0.44323065902578795	302.6875	0.21682485673352436	3904	1391
CRC	50	0.1344339515666712	hard	ENSG00000084207	GSTP1	59339.0	56678.0	2661.0	55418.0	3921.0	1260.0	0.0007732436021043427	0.4866340012470719	0.4864365362221673	0.019746502490458617	0.2548060718920103	0.254736185115918	0.006988677609232052	1910.8125	0.48732785003825557	997.3125	0.25435156847742924	604.6875	0.4799107142857143	315.3125	0.25024801587301587	3879	1250
CRC	51	0.1352068007573488	hard	ENSG00000106211	HSPB1	59489.0	56897.0	2592.0	55570.0	3919.0	1327.0	0.0007728491906776126	0.4838594109835432	0.48380296852206617	0.005644246147701315	0.25227773201768394	0.2523902841977609	-0.011255218007694134	1881.625	0.4801288594029089	979.75	0.25	624.25	0.47042200452147703	332.25	0.2503767897513188	3872	1323
CRC	52	0.13597294495377202	hard	ENSG00000163359	COL6A3	56195.0	53589.0	2606.0	52310.0	3885.0	1279.0	0.0007661441964232011	0.39404973752113176	0.3944081341320047	-0.03583966108729464	0.15899657442832993	0.1589155423687697	0.008103205956022652	1519.9375	0.3912323037323037	627.4375	0.161502574002574	512.25	0.4005082095387021	208.75	0.1632134480062549	3812	1271
CRC	53	0.1367381031216284	hard	ENSG00000164713	BRI3	58891.0	56355.0	2536.0	55011.0	3880.0	1344.0	0.0007651581678563759	0.488266458372247	0.4883694880667199	-0.010302969447290034	0.2527964799375117	0.25263397214089256	0.016250779661913795	1882.5625	0.4851965206185567	981.0	0.25283505154639174	650.125	0.4837239583333333	330.75	0.24609375	3845	1338
CRC	54	0.13750128923235114	hard	ENSG00000158747	NBL1	59699.0	57146.0	2553.0	55829.0	3870.0	1317.0	0.0007631861107227254	0.46877879026449354	0.4690288909109999	-0.02501006465063793	0.2372621400693479	0.23744444055576944	-0.01823004864215383	1784.5	0.46111111111111114	903.0	0.23333333333333334	602.0	0.45709946848899013	307.6875	0.23362756264236903	3833	1311
CRC	55	0.13825954520023973	hard	ENSG00000254772	EEF1G	58774.0	56263.0	2511.0	54929.0	3845.0	1334.0	0.0007582559678885992	0.4913173767312077	0.4918463288484439	-0.05289521172362477	0.25629104706162587	0.2564773918916517	-0.01863448300258308	1854.8125	0.4823959687906372	966.3125	0.25131664499349804	650.875	0.48791229385307344	333.25	0.24981259370314843	3806	1327
CRC	56	0.13901149058530063	hard	ENSG00000108518	PFN1	55719.0	53144.0	2575.0	51906.0	3813.0	1238.0	0.0007519453850609178	0.4769075629498017	0.4773457492849616	-0.04381863351599069	0.2314134316839857	0.23150896620502784	-0.009553452104213433	1790.75	0.46964332546551274	872.5	0.22882244951481773	586.0	0.47334410339256866	281.6875	0.2275343295638126	3786	1235
CRC	57	0.13975613935896705	hard	ENSG00000166165	CKB	58949.0	56348.0	2601.0	55173.0	3776.0	1175.0	0.0007446487736664112	0.5123242124548338	0.5123495953716192	-0.0025382916785332554	0.28047443552901663	0.28024508412011073	0.02293514089058979	1907.375	0.505131091101695	1054.0	0.2791313559322034	576.25	0.49042553191489363	311.5625	0.2651595744680851	3576	1140
CRC	58	0.14049289990409886	hard	ENSG00000176153	GPX2	57026.0	54603.0	2423.0	53290.0	3736.0	1313.0	0.0007367605451318093	0.5162020394206152	0.5170640807281651	-0.08620413075499656	0.2807842036965595	0.28144401406516123	-0.06598103686017431	1871.25	0.5008699143468951	1009.875	0.2703091541755889	667.5625	0.508425361766946	365.5625	0.2784177456207159	3687	1304
CRC	59	0.14122867442066384	hard	ENSG00000122566	HNRNPA2B1	56857.0	54496.0	2361.0	53126.0	3731.0	1370.0	0.0007357745165649842	0.5186949276254463	0.519502578170875	-0.08076505454286398	0.2709780677840899	0.2716804903112155	-0.07024225271256013	1887.9375	0.5060138032699009	974.6875	0.26124028410613775	707.3125	0.5162864963503649	373.1875	0.27239963503649633	3697	1364
CRC	60	0.14196444893722884	hard	ENSG00000161011	SQSTM1	55663.0	53212.0	2451.0	51932.0	3731.0	1280.0	0.0007357745165649842	0.5039781811975639	0.5040439656468466	-0.00657844492827353	0.26020987909383253	0.26046286551905584	-0.02529864252233116	1867.1875	0.5004522916108282	962.9375	0.2580909943714822	635.4375	0.496435546875	338.625	0.26455078125	3691	1274
CRC	61	0.1426996318366537	hard	ENSG00000107281	NPDC1	56397.0	53952.0	2445.0	52669.0	3728.0	1283.0	0.000735182899424889	0.5660296646984768	0.5665012418446026	-0.047157714612577895	0.31597536216465416	0.31614096789739027	-0.016560573273610713	2045.0	0.5485515021459227	1135.8125	0.30467073497854075	686.5	0.5350740452065471	372.1875	0.29009158222915044	3693	1276
CRC	62	0.14342101033614305	hard	ENSG00000178980	SELENOW	53025.0	50637.0	2388.0	49367.0	3658.0	1270.0	0.0007213784994893358	0.49386845827439885	0.49400265616051503	-0.0134197886116183	0.25624233851956624	0.2565354878843533	-0.029314936478708198	1774.0	0.48496446145434663	911.0625	0.24906027884089665	601.4375	0.4735728346456693	314.0	0.247244094488189	3617	1265
CRC	63	0.14414081118992547	hard	ENSG00000099194	SCD	55881.0	53387.0	2494.0	52231.0	3650.0	1156.0	0.0007198008537824155	0.5384869186306616	0.5381260887481971	0.03608298824644418	0.29550853599613464	0.29550499185194895	0.0003544144185685383	1974.75	0.5410273972602739	1081.5625	0.2963184931506849	612.5	0.5298442906574394	344.375	0.2979022491349481	3565	1145
CRC	64	0.14485666792944057	hard	ENSG00000140416	TPM1	53078.0	50644.0	2434.0	49448.0	3630.0	1196.0	0.0007158567395151146	0.44168605636987074	0.442019291525156	-0.03332351552852719	0.20981150382456007	0.21001377260879867	-0.020226878423859618	1599.8125	0.440719696969697	762.625	0.21008953168044078	541.625	0.45286371237458195	262.1875	0.2192203177257525	3610	1191
CRC	65	0.1455719330518156	hard	ENSG00000143384	MCL1	53522.0	51104.0	2418.0	49895.0	3627.0	1209.0	0.0007152651223750194	0.5016511901647921	0.5012596861302442	0.039150403454790705	0.23958489032547364	0.23929511388541014	0.0289776440063505	1827.1875	0.5037737799834574	873.875	0.240936035290874	594.1875	0.491470223325062	279.75	0.2313895781637717	3600	1208
CRC	66	0.1462862121456238	hard	ENSG00000167460	TPM4	53286.0	50859.0	2427.0	49664.0	3622.0	1195.0	0.0007142790938081941	0.46053137784784	0.4615628502329971	-0.10314723851571062	0.22631061629696356	0.2269214888220374	-0.061087252507383005	1618.8125	0.4469388459414688	790.875	0.21835311982330205	553.5625	0.46323221757322175	272.6875	0.22819037656903765	3589	1188
CRC	67	0.14699319462803748	hard	ENSG00000149591	TAGLN	53639.0	51265.0	2374.0	50054.0	3585.0	1211.0	0.0007069824824136875	0.35453797609947985	0.35393299522091093	0.0604980878568917	0.14085949588918512	0.14048571149907343	0.03737843901116811	1314.6875	0.3667189679218968	537.1875	0.14984309623430964	442.0	0.36498761354252685	183.625	0.15163088356729976	3549	1206
CRC	68	0.1476920916762032	hard	ENSG00000119888	EPCAM	53581.0	51304.0	2277.0	50037.0	3544.0	1267.0	0.0006988970481657206	0.5681444915175156	0.5686362174489319	-0.049172593141633136	0.3180465090237211	0.31825613012630594	-0.02096211025848227	1971.125	0.5561865124153499	1112.625	0.3139461060948081	702.6875	0.5546073401736386	399.1875	0.3150651144435675	3508	1256
CRC	69	0.14839039710722884	hard	ENSG00000131981	LGALS3	53304.0	50969.0	2335.0	49763.0	3541.0	1206.0	0.0006983054310256255	0.5061979401170644	0.5053194098373521	0.08785302797122974	0.2729825622842563	0.27237144146441955	0.06111208198367746	1819.625	0.5138731996611127	981.0625	0.2770580344535442	592.875	0.4916044776119403	312.5	0.25912106135986734	3486	1199
CRC	70	0.14908495562970053	hard	ENSG00000211895	IGHA1	52690.0	50265.0	2425.0	49168.0	3522.0	1097.0	0.0006945585224716897	0.5314279275004745	0.5317641500049737	-0.03362225044991618	0.22798087872461567	0.2281035511787526	-0.012267245413694061	1805.625	0.5126703577512777	776.8125	0.22056005110732538	533.8125	0.4866112123974476	230.125	0.20977666362807657	3215	1068
CRC	71	0.14977931694645885	hard	ENSG00000107262	BAG1	52886.0	50618.0	2268.0	49365.0	3521.0	1253.0	0.0006943613167583245	0.4912677740800968	0.4918297344818049	-0.05619604017080837	0.2607566274628446	0.2614163933778498	-0.06597659150051616	1687.875	0.4793737574552684	879.375	0.24975149105367794	602.125	0.4805466879489226	321.375	0.25648443735035914	3494	1250
CRC	72	0.15046973414894987	hard	ENSG00000065978	YBX1	52380.0	50044.0	2336.0	48879.0	3501.0	1165.0	0.0006904172024910237	0.4550937857961054	0.4556340420430022	-0.05402562468967975	0.23019401489117983	0.23061830589081608	-0.04242909996362565	1563.0625	0.44646172522136535	783.5625	0.22381105398457585	527.0	0.45236051502145924	267.0625	0.2292381974248927	3468	1158
CRC	73	0.15115995414572753	hard	ENSG00000172757	CFL1	52107.0	49777.0	2330.0	48607.0	3500.0	1170.0	0.0006902199967776586	0.4948555376436947	0.4947553589006971	0.01001787429976142	0.2579295967912181	0.2577570966510637	0.017250014015435244	1716.6875	0.49048214285714287	896.6875	0.25619642857142855	558.6875	0.4775106837606838	287.125	0.2454059829059829	3462	1164
CRC	74	0.15184918811393835	hard	ENSG00000135052	GOLM1	52410.0	50051.0	2359.0	48915.0	3495.0	1136.0	0.0006892339682108334	0.5371100457927876	0.5377340113084653	-0.06239655156776713	0.29148778858996377	0.291802361591177	-0.03145730012132364	1814.875	0.519277539341917	985.0625	0.28184907010014304	579.0625	0.5097381161971831	313.1875	0.27569322183098594	3459	1131
CRC	75	0.15252737856220075	hard	ENSG00000198786	MT-ND5	50446.0	48232.0	2214.0	47007.0	3439.0	1225.0	0.0006781904482623909	0.471545067993498	0.47192994277657985	-0.03848747830818566	0.2418811699639218	0.2421149340686681	-0.02337641047462924	1599.3125	0.4650516138412329	819.75	0.2383687118348357	573.875	0.46846938775510205	295.5	0.24122448979591837	3411	1216
CRC	76	0.15320044166191565	hard	ENSG00000135821	GLUL	52018.0	49809.0	2209.0	48605.0	3413.0	1204.0	0.0006730630997148998	0.4903290687838825	0.49015991085948324	0.01691579243992547	0.24142484332346495	0.24125158103957117	0.017326228389377696	1668.4375	0.4888477878699092	818.4375	0.2398000292997363	576.875	0.4791320598006645	276.5	0.22965116279069767	3393	1195
CRC	77	0.15387232152735036	hard	ENSG00000167642	SPINT2	52158.0	49856.0	2302.0	48751.0	3407.0	1105.0	0.0006718798654347095	0.5548609513401588	0.555058568677792	-0.019761733763323797	0.3078123202576786	0.308058458360077	-0.024613810239842993	1867.0	0.5479894335192251	1032.75	0.30312591722923393	599.5625	0.5425904977375565	336.4375	0.3044683257918552	3372	1095
CRC	78	0.15454203212993806	hard	ENSG00000130066	SAT1	51181.0	48959.0	2222.0	47785.0	3396.0	1174.0	0.000669710602587694	0.508765459838612	0.508833922261484	-0.006846242287206206	0.25494812528086597	0.2549888682366878	-0.004074295582184861	1729.1875	0.5091835983510011	870.875	0.2564414016489988	602.0625	0.5128300681431005	306.375	0.26096678023850084	3369	1170
CRC	79	0.15520799582397182	hard	ENSG00000108639	SYNGR2	50289.0	48058.0	2231.0	46912.0	3377.0	1146.0	0.0006659636940337581	0.5490365686332995	0.5501282304715136	-0.10916618382140753	0.3012997375171509	0.301963252736277	-0.06635152191261096	1780.75	0.5273171453953213	972.625	0.2880145099200474	608.3125	0.5308136998254799	332.3125	0.2899760034904014	3344	1140
CRC	80	0.1558715930494452	hard	ENSG00000137563	GGH	48256.0	46053.0	2203.0	44891.0	3365.0	1162.0	0.0006635972254733775	0.5532731681034483	0.5536637135474345	-0.039054544398620106	0.3070835750994695	0.3073537554556706	-0.02701803562011329	1810.3125	0.537982912332838	1002.75	0.29799405646359584	609.4375	0.5244728915662651	338.6875	0.2914694492254733	3322	1156
CRC	81	0.15653519027491858	hard	ENSG00000198363	ASPH	50766.0	48469.0	2297.0	47401.0	3365.0	1068.0	0.0006635972254733775	0.5571186916440137	0.5581157543997194	-0.09970627557056577	0.3072959756529961	0.30803193793971406	-0.07359622867179616	1829.9375	0.5438150074294205	1004.8125	0.2986069836552749	598.5625	0.5604517790262172	334.625	0.3133192883895131	3332	1062
CRC	82	0.15719582941469146	hard	ENSG00000198561	CTNND1	50405.0	48169.0	2236.0	47055.0	3350.0	1114.0	0.0006606391397729019	0.5302685745461759	0.5300867778031514	0.018179674302454263	0.28616704691994843	0.28629668458967383	-0.012963766972540203	1755.5625	0.5240485074626866	929.5	0.27746268656716416	561.125	0.5037028725314183	295.875	0.26559694793536803	3330	1111
CRC	83	0.1578517356173436	hard	ENSG00000148730	EIF4EBP2	49341.0	47086.0	2255.0	46015.0	3326.0	1071.0	0.0006559062026521408	0.48562807806894875	0.48594327400925963	-0.031519594031087506	0.2529488660545996	0.25327857537272225	-0.03297093181226507	1608.125	0.4835012026458208	830.625	0.24973692122669874	527.875	0.4928804855275444	275.75	0.25746965452847803	3300	1068
CRC	84	0.15849423183148692	hard	ENSG00000079112	CDH17	48160.0	45980.0	2180.0	44902.0	3258.0	1078.0	0.0006424962141433177	0.5584886316445182	0.558566224445411	-0.007759280089281173	0.3118835651993355	0.3117822966507177	0.010126854861780554	1777.5	0.5455801104972375	991.25	0.3042510742786986	563.5625	0.5227852504638218	306.6875	0.2844967532467532	3217	1072
CRC	85	0.1591353476056367	hard	ENSG00000125844	RRBP1	49758.0	47596.0	2162.0	46507.0	3251.0	1089.0	0.0006411157741497624	0.5529688693275453	0.5538648205731574	-0.08959512456121477	0.2986039933277061	0.2991296537524162	-0.05256604247100838	1746.5	0.5372193171331898	940.5	0.2892956013534297	593.625	0.5451101928374655	319.9375	0.2937901744719926	3223	1086
CRC	86	0.15977429411693944	hard	ENSG00000114942	EEF1B2	47815.0	45620.0	2195.0	44575.0	3240.0	1045.0	0.0006389465113027468	0.49016522011920943	0.48938787812363	0.07773419955794392	0.2555095158423089	0.2549430074528716	0.05665083894373368	1626.5	0.5020061728395062	856.1875	0.2642554012345679	515.125	0.4929425837320574	269.5	0.2578947368421053	3214	1044
CRC	87	0.1604087048968348	hard	ENSG00000164924	YWHAZ	48598.0	46509.0	2089.0	45381.0	3217.0	1128.0	0.0006344107798953508	0.5021232869665418	0.5021165258337096	0.0006761132832266981	0.26713033458167	0.2671915650734267	-0.006123049175665862	1617.375	0.5027587814734225	864.3125	0.2686703450419646	568.125	0.503656914893617	309.125	0.27404698581560283	3182	1125
CRC	88	0.16104035479674303	hard	ENSG00000104341	LAPTM4B	48766.0	46649.0	2117.0	45563.0	3203.0	1086.0	0.0006316498999082402	0.5533517204609769	0.5543058264914574	-0.09541060304805171	0.30745037526145264	0.3078830735921456	-0.043269833069298214	1713.9375	0.5351038089291289	949.0	0.29628473306275366	587.0	0.5405156537753223	318.3125	0.29310543278084716	3161	1084
CRC	89	0.16167101866808445	hard	ENSG00000165949	IFI27	50129.0	48010.0	2119.0	46931.0	3198.0	1079.0	0.000630663871341415	0.503119451814319	0.5037869714642783	-0.06675196499592584	0.2672517405094855	0.2679064257446365	-0.0654685235150998	1561.5	0.48827392120075047	815.9375	0.2551399312070044	527.4375	0.4888206672845227	281.0625	0.2604842446709917	3150	1075
CRC	90	0.16229951327657885	hard	ENSG00000125534	PPDPF	49155.0	47042.0	2113.0	45968.0	3187.0	1074.0	0.0006284946084943995	0.47097828298240263	0.47036026316908297	0.061801981331965905	0.24842844064693317	0.24806157263721781	0.03668680097153598	1515.4375	0.4755059617194854	801.75	0.251568873548792	491.1875	0.45734404096834264	259.5625	0.24167830540037244	3153	1071
CRC	91	0.16292011965653863	hard	ENSG00000101311	FERMT1	47738.0	45671.0	2067.0	44591.0	3147.0	1080.0	0.0006206063799597977	0.5299852842599188	0.530577390466598	-0.059210620667926595	0.29183512086807156	0.29239834906176787	-0.056322819369630794	1628.0	0.517318080711789	881.75	0.2801874801398157	559.5625	0.5181134259259259	304.25	0.28171296296296294	3113	1074
CRC	92	0.16353954280221825	hard	ENSG00000105357	MYH14	46228.0	44075.0	2153.0	43087.0	3141.0	988.0	0.0006194231456796074	0.5425999935104265	0.5436627906976744	-0.10627971872478881	0.29923017435320587	0.299804310833806	-0.05741364806001181	1624.75	0.5172715695638331	892.0625	0.2840058898439987	503.375	0.5094888663967612	273.125	0.2764423076923077	3111	983
CRC	93	0.1641587687421845	hard	ENSG00000183779	ZNF703	48748.0	46630.0	2118.0	45608.0	3140.0	1022.0	0.0006192259399662424	0.5350450274883072	0.5353634998927729	-0.031847240446569725	0.2936299950767211	0.29407168132103795	-0.04416862443168412	1635.6875	0.5209195859872612	883.625	0.28140923566878984	517.3125	0.506176614481409	282.3125	0.2762353228962818	3106	1017
CRC	94	0.16477069807075623	hard	ENSG00000076043	REXO2	45654.0	43562.0	2092.0	42551.0	3103.0	1011.0	0.0006119293285717357	0.5241709379243877	0.5244020017446398	-0.02310638202520643	0.281529274543304	0.28132030209815895	0.02089724451450614	1594.25	0.513776990009668	868.8125	0.2799911376087657	507.75	0.5022255192878339	270.75	0.2678041543026706	3077	1008
CRC	95	0.16538104975362103	hard	ENSG00000164733	CTSB	46807.0	44741.0	2066.0	43712.0	3095.0	1029.0	0.0006103516828648153	0.4737752900207234	0.47404226548356093	-0.02669754628375487	0.22372722028756384	0.2240310900516305	-0.030386976406665545	1447.125	0.4675686591276252	677.75	0.21898222940226172	480.25	0.46671525753158405	229.125	0.222667638483965	3063	1024
CRC	96	0.1659900209964923	hard	ENSG00000233041	PHGR1	46713.0	44678.0	2035.0	43625.0	3088.0	1053.0	0.0006089712428712599	0.5098072271102263	0.5100720712654998	-0.026484415527350258	0.27787767859054224	0.27843681453959446	-0.05591359490522141	1567.25	0.5075291450777202	839.8125	0.27196000647668395	541.625	0.514363722697056	299.3125	0.28424738841405506	3039	1043
CRC	97	0.1665982034165101	hard	ENSG00000184357	HIST1H1B	49261.0	47341.0	1920.0	46177.0	3084.0	1164.0	0.0006081824200177998	0.5013436085341345	0.501485234785915	-0.014162625178049115	0.2659076145429447	0.2659441604528844	-0.00365459099396781	1540.4375	0.49949335278858625	813.625	0.26382133592736706	584.5625	0.5022014604810997	304.8125	0.2618664089347079	3030	1153
CRC	98	0.1672046109851076	hard	ENSG00000167468	GPX4	45612.0	43562.0	2050.0	42537.0	3075.0	1025.0	0.0006064075685975143	0.48047251819696574	0.4815033745007116	-0.10308563037458862	0.24196209330877838	0.24265127863734448	-0.06891853285660998	1428.9375	0.46469512195121954	713.625	0.23207317073170733	488.875	0.4769512195121951	247.625	0.24158536585365853	3057	1020
CRC	99	0.16780766605657793	hard	ENSG00000142634	EFHD2	44101.0	42042.0	2059.0	41043.0	3058.0	999.0	0.0006030550714703086	0.509567526813451	0.510660470481899	-0.1092943668448032	0.2644540373234167	0.26532990818705104	-0.08758708636343315	1499.0	0.49018966644865924	774.1875	0.25316792020928713	495.75	0.49624624624624625	266.5	0.26676676676676675	3037	993
CRC	100	0.16840756583663438	hard	ENSG00000080824	HSP90AA1	46112.0	44102.0	2010.0	43070.0	3042.0	1032.0	0.0005998997800564679	0.512508945610687	0.5134418507097184	-0.09329050990313226	0.2720766828591256	0.27289578703913653	-0.081910418001091	1512.25	0.49712360289283364	788.25	0.25912228796844183	523.25	0.5070251937984496	277.5	0.2688953488372093	3014	1028
CRC	1	0.013260432211449763	soft_expected	ENSG00000211592	IGKC	1309335.6652906267	1251508.0	57827.6652906267	1231856.3098450706	77479.35544555612	19651.69015492942	0.013260432211449721	0.5459545430166253	0.5460725680538998	-0.01180250372745384	0.2351430285739102	0.23518652098108841	-0.00434924071782139	40395.60420528756	0.5213724865544744	17402.5251452312	0.22460854307777198	8972.036906173973	0.45655293948970754	3859.183888956537	0.19637923550247413	69933	30970
CRC	2	0.026439879054626997	soft_expected	ENSG00000205542	TMSB4X	1089870.3000436048	1043061.0	46809.3000436048	1012864.1338602251	77006.16618337968	30196.866139775	0.013179446843177192	0.46048786722940943	0.46061789531005376	-0.01300280806443288	0.21757886504258725	0.2176883710540419	-0.0109506011454652	35105.14098897109	0.45587441537308826	16648.61852285461	0.21619851172967364	13685.6534652112	0.4532143634330517	6578.125595740618	0.2178413337758907	112266	58594
CRC	3	0.037051041785733166	soft_expected	ENSG00000198938	MT-CO3	891329.5452729212	852467.0	38862.54527292121	829329.601694602	61999.94357831926	23137.398305398	0.010611162731106133	0.4950889808221267	0.4954949869027188	-0.040600608059210286	0.2610345144467505	0.2613143675942881	-0.027985314753758983	30102.844825224725	0.48553019709120154	15835.584304787382	0.2554128825098628	11208.53367940075	0.48443362263361206	5929.684242428693	0.25628137460231587	85955	43493
CRC	4	0.04372206914486118	soft_expected	ENSG00000198899	MT-ATP6	542292.172866967	518661.0	23631.17286696704	503314.039145306	38978.13372166097	15346.960854693974	0.006671027359127998	0.49035298706741376	0.4907637165701682	-0.041072950275444775	0.2577606477962193	0.25804318716849733	-0.02825393722780123	18780.717943930216	0.4818270181441082	9864.673942785383	0.25308225409733703	7406.131115335591	0.48257965765712985	3920.0296697770286	0.2554270977095807	57695	30745
CRC	5	0.049632720344148694	soft_expected	ENSG00000198727	MT-CYB	475740.37383710634	454898.0	20842.373837106337	441205.040608007	34535.333229099335	13692.959391993034	0.0059106511992875	0.4927582413267219	0.49288095902817775	-0.012271770145583227	0.25887497945729604	0.25898553082229425	-0.011055136499821261	16841.63546994852	0.48766390520181296	8847.62665354303	0.25619056850704003	6627.208029856584	0.4839865393694111	3502.3471494541227	0.255777224571492	51937	28077
CRC	6	0.05532979658970433	soft_expected	ENSG00000212907	MT-ND4L	454567.6391218491	434439.0	20128.63912184909	421280.20260460593	33287.43651724312	13158.797395394067	0.005697076245555622	0.49220067298159237	0.4924923291877571	-0.029165620616472543	0.25933174728500874	0.25955254937977484	-0.02208020947661038	16121.0251889793	0.48429758718814225	8479.425564529452	0.2547335106485912	6340.40229755096	0.4818375195722879	3355.355451840003	0.2549895215359473	50075	27075
CRC	7	0.06047772254092452	soft_expected	ENSG00000162896	PIGR	425365.90309584973	406171.0	19194.90309584973	395287.09584267467	30078.80725317505	10883.904157325323	0.005147925951220168	0.5536402334089678	0.5540622053273129	-0.04219719183450321	0.3042153565809011	0.30452214092094215	-0.030678434004105526	16141.55852450336	0.5366422407856446	8824.670565592578	0.29338499001356066	5685.880650300444	0.5224118632534639	3109.893177931094	0.2857332380897535	40891	20542
CRC	8	0.06557935238885586	soft_expected	ENSG00000198886	MT-ND4	419121.43178773846	402139.0	16982.43178773846	389313.12795294845	29808.30383479	12825.872047051587	0.005101629847931326	0.48495567771303444	0.48550563362419463	-0.05499559111601937	0.25355963828263045	0.2539624047903834	-0.040276650775294964	14152.56609027951	0.4747860250190319	7379.191931230833	0.2475549085962549	6137.998093598883	0.47856380221802436	3235.1007906339905	0.2522324235549875	46103	26305
CRC	9	0.07013643781782544	soft_expected	ENSG00000168542	COL3A1	361590.079508253	345663.0	15927.079508253024	334963.49327661947	26626.58623163357	10699.506723380526	0.004557085428969564	0.3872583379132959	0.3872218027385054	0.0036535174790464087	0.1568078520906565	0.15673213505639885	0.007571703425765519	10374.713718656418	0.38963739581196466	4261.057698465775	0.1600301916812546	4194.190522353451	0.3919984940229366	1737.3939934872467	0.16238075627268864	40656	22343
CRC	10	0.07422311214105798	soft_expected	ENSG00000198712	MT-CO2	328277.487420711	314295.0	13982.487420711026	304399.46539013466	23878.02203057634	9895.534609865364	0.004086674323232529	0.4875342803862515	0.4877523504987353	-0.021807011248375918	0.2570999806933884	0.2571829411858286	-0.008296049244016501	11465.924539311793	0.4801873674724573	6063.81305521879	0.25394955442515055	4717.520942649386	0.4767322968024636	2494.9898772792963	0.2521329039455749	37413	21093
CRC	11	0.07719589287264245	soft_expected	ENSG00000211896	IGHG1	243521.54677942148	232547.0	10974.546779421478	226151.89160594565	17369.6551734758	6395.108394054334	0.0029727807315844605	0.5379168783814564	0.5381473960102688	-0.02305176288124322	0.23124691658180938	0.2313715076952186	-0.012459111340923368	9025.329443829512	0.5196032594597257	3884.9345010281763	0.223662154615518	3175.5416816194725	0.4965579136347149	1376.0776870543978	0.21517660096797828	24383	12553
CRC	12	0.07991326692775336	soft_expected	ENSG00000198888	MT-ND1	212664.67459263199	203556.0	9108.674592631985	196787.33462835252	15877.339964279461	6768.6653716474575	0.002717374055110896	0.48245131460114643	0.48277531735738566	-0.03240027562392278	0.25363648787343496	0.2537259402817898	-0.00894524083548398	7559.76764070761	0.47613565356132903	4000.117883996746	0.2519387940924699	3231.228314267073	0.47738041945492266	1708.0342255745766	0.25234431483777875	25546	15154
CRC	13	0.0824258686052219	soft_expected	ENSG00000108821	COL1A1	192685.00715853582	184044.0	8641.007158535824	178004.13135015953	14680.875808376313	6039.868649840494	0.0025126016774685484	0.3696259289698544	0.36954953706722304	0.0076391902631367525	0.14813427230987813	0.14813611147334332	-0.00018391634651893085	5459.054053585993	0.3718479826980947	2217.776518662104	0.15106568215751343	2251.0542840495154	0.3726992116143061	938.0856982087145	0.15531557929384576	22981	13135
CRC	14	0.08481851870424216	soft_expected	ENSG00000198763	MT-ND2	187975.82239937177	180082.0	7893.822399371769	173995.8114523102	13980.010947061597	6086.188547689814	0.0023926500990202543	0.4916403129150946	0.49178360413589367	-0.014329122079909107	0.25942149844063966	0.25953628069435036	-0.011478225371069906	6809.904835618673	0.4871172749009914	3588.2693425567677	0.25667142580535474	2954.7876907192385	0.48549065931268465	1561.1123251000608	0.2565008153900565	22636	13489
CRC	15	0.08714690409472435	soft_expected	ENSG00000105388	CEACAM5	182097.4108948922	174158.0	7939.410894892208	168492.8920974098	13604.518797482444	5665.10790259023	0.002328385390482188	0.5673410226927631	0.5676921243927927	-0.035110170002961016	0.31828377150977866	0.31850711710056384	-0.022334559078518446	7527.393340919586	0.5533009622003354	4202.900948570843	0.3089341865842842	3084.187014106996	0.5444180529547951	1714.8127267787486	0.30269727536781654	21608	12174
CRC	16	0.08933750529828537	soft_expected	ENSG00000164692	COL1A2	167465.18361174467	159897.0	7568.1836117446655	154665.72379145195	12799.459820292712	5231.276208548039	0.002190601203561002	0.37319161875715895	0.3734173405379713	-0.022572178081237126	0.15015969538779114	0.15033466856789057	-0.01749731800994303	4793.83489946735	0.37453415743897533	1946.2119360048316	0.15205422442275565	2005.5444419354249	0.38337575038731736	837.7534768047306	0.16014323148065093	20392	11906
CRC	17	0.09147270848542226	soft_expected	ENSG00000148346	LCN2	173127.90835063352	165811.0	7316.9083506335155	160652.13350056356	12475.77485006996	5158.86649943645	0.0021352031871368724	0.5381864323882461	0.5389517281724373	-0.07652957841911556	0.2965683980851279	0.2971794693958784	-0.06110713107504995	6453.83450961203	0.5173093124212512	3522.3742445768844	0.2823371122762072	2642.8681675455055	0.5122962898602261	1453.7328012006992	0.2817930646895987	18917	10638
CRC	18	0.09360147303999804	soft_expected	ENSG00000163586	FABP1	176959.85989852354	169123.0	7836.859898523544	164521.70532302908	12438.154575494462	4601.294676970922	0.002128764554575776	0.49977000897108503	0.5000587590097149	-0.028875003862982584	0.2720427108230343	0.27215362487656913	-0.011091405353486072	6070.964825652025	0.4880920870378138	3299.061298386206	0.2652372004514228	2203.171556645142	0.4788155750319194	1185.858804727799	0.2577228558437952	17799	9212
CRC	19	0.09556834998359276	soft_expected	ENSG00000198695	MT-ND6	145064.92462366435	138407.0	6657.924623664352	133572.6628783148	11492.261745349546	4834.33712168521	0.001966876943594722	0.48461611370937546	0.4845830593828347	0.003305432654077123	0.2523152307055038	0.25229666852110083	0.001856218440299262	5531.761996749068	0.4813466765136592	2877.471250232033	0.2503833722196964	2300.649490085603	0.47589761164269306	1195.0063265356216	0.24719135146269075	18601	10948
CRC	20	0.09752525963293188	soft_expected	ENSG00000034510	TMSB10	151715.95200345994	145095.0	6620.952003459941	140281.92814373487	11434.023859725085	4813.071856265149	0.001956909649339106	0.4810216109805132	0.48128338330059617	-0.02617723200829536	0.24269816311920023	0.24296581550018953	-0.026765238098930277	5427.991726119378	0.47472279161833814	2736.7268352644105	0.2393494074211431	2281.152581972852	0.47394941320136086	1168.6689681439111	0.24281145244541927	18676	11386
CRC	21	0.09924085292675995	soft_expected	ENSG00000198840	MT-ND3	128780.08617832052	123126.0	5654.086178320518	118756.04921685974	10024.036961460786	4369.950783140259	0.001715593293828067	0.48120422426933984	0.48189710134333935	-0.06928770739995094	0.2518689836194344	0.2524979492552345	-0.06289656358001161	4727.233193611374	0.4715897608704031	2452.767841930326	0.24468862708312364	2091.7742228339175	0.4786722612309978	1106.1209257735263	0.25311976739899683	16232	9899
CRC	22	0.10092060090274683	soft_expected	ENSG00000197956	S100A6	126252.55396758838	120556.0	5696.553967588377	116437.9575490744	9814.59641851396	4118.042450925589	0.0016797479759868884	0.4878063232759593	0.48819687531105876	-0.039055203509946734	0.2584183021336897	0.2586676523773184	-0.024935024362870983	4724.583688698032	0.4813833893144826	2498.665705112667	0.254586699092309	1992.8520335691599	0.48393188203323106	1056.6325687662877	0.2565861283262863	16000	9487
CRC	23	0.10251448534399239	soft_expected	ENSG00000167996	FTH1	123749.67359814112	118462.0	5287.673598141118	114436.76907186373	9312.904526277396	4025.230928136268	0.0015938844412455386	0.4537590815187916	0.4538048066046496	-0.004572508585803936	0.22580311591430122	0.22578284597592477	0.0020269938376449304	4197.432583599915	0.4507114372059106	2099.798463686742	0.22547191993238272	1803.519353457186	0.44805363609094545	903.4240718486597	0.2244403086376354	15235	9384
CRC	24	0.10399445129123842	soft_expected	ENSG00000115414	FN1	119703.70951931339	114520.0	5183.709519313386	111056.41915610891	8647.290363204467	3463.580843891095	0.0014799659472460424	0.49077098382480894	0.4914059771219001	-0.06349932970911576	0.25527682743799185	0.25568950838281523	-0.04126809448233848	4161.317885992215	0.48122795826300163	2146.612689207306	0.2482410788865688	1690.0230977198653	0.4879409991831577	870.5919905580378	0.25135604733856526	13442	7576
CRC	25	0.10543377918500987	soft_expected	ENSG00000170421	KRT8	112991.11420958475	108192.0	4799.114209584746	104581.26785571325	8409.846353871508	3610.7321442867556	0.001439327893771436	0.5154470513638328	0.5154083712289264	0.003868013490648803	0.28124662064418277	0.28131296676279205	-0.006634611860928397	4280.117750668332	0.5089412541642883	2326.0291827245424	0.27658402839354435	1802.2436010238296	0.4991352249364471	983.4726484577898	0.27237485616703355	13585	8262
CRC	26	0.10683227206451053	soft_expected	ENSG00000113140	SPARC	109097.04808138154	104582.0	4515.0480813815375	100925.79655872358	8171.251522657948	3656.203441276421	0.0013984928795006614	0.3708182955777163	0.37126549023732575	-0.044719465960946225	0.15038639438802243	0.1505451463923046	-0.015875200428216996	3021.4717984174454	0.36976854647531643	1241.5898461765905	0.1519461055303222	1393.977876319433	0.38126376136027595	579.1906468409027	0.15841313431910692	13637	8472
CRC	27	0.10823040086927159	soft_expected	ENSG00000135916	ITM2C	109618.94101281857	104887.0	4731.94101281857	101449.81674179996	8169.124271018616	3437.1832582000393	0.0013981288047610378	0.547323869159442	0.5480046383250545	-0.06807691656125492	0.2971604474025724	0.29748979854510094	-0.03293511425285223	4345.82710970386	0.5319820051117883	2355.4323578998205	0.28833352018601616	1827.3266814072372	0.5316349301561998	983.8313027345188	0.28623184416699526	13389	8025
CRC	28	0.10946056514570845	soft_expected	ENSG00000104904	OAZ1	93181.71941650289	89070.0	4111.719416502892	85993.9947850101	7187.724631492796	3076.005214989895	0.0012301642764368705	0.4937597412616797	0.4938980577074211	-0.013831644574141544	0.2534485202119803	0.25324113057146064	0.02073896405196396	3517.7522428599104	0.48941110340357036	1824.0277881417005	0.2537698481310453	1499.8705734489931	0.48760339096301575	763.4463912211035	0.24819411472409075	11937	7358
CRC	29	0.11067754529412589	soft_expected	ENSG00000075624	ACTB	99089.3027785493	95386.0	3703.302778549303	91978.61166487614	7110.69111367315	3407.3883351238565	0.0012169801484174432	0.4715374934839978	0.4724127492504141	-0.0875255766416283	0.2293229487178952	0.22980049483152665	-0.04775461136314607	3295.9848465936298	0.46352524584505994	1617.9453346283535	0.22753700150428502	1633.2258833197152	0.4793189747362179	814.2442350510987	0.23896431958099706	11926	7903
CRC	30	0.1118860661112307	soft_expected	ENSG00000167658	EEF2	91896.92863211289	87899.0	3997.9286321128893	84835.66453010516	7061.264102007722	3063.3354698948338	0.001208520817104801	0.48090087201136716	0.48118223756811795	-0.028136555675079	0.24125021345019973	0.24124421210707744	0.0006001343122286062	3359.766708183559	0.47580244268562055	1697.5894878491974	0.2404087233285218	1461.8910938339557	0.4772220046419347	732.5608399341588	0.23913830108829318	11691	7364
CRC	31	0.11308208800632873	soft_expected	ENSG00000019582	CD74	89647.63330485972	85625.0	4022.6333048597153	82659.3991316965	6988.234173163212	2965.6008683035025	0.0011960218950980205	0.4793003660513388	0.4795788321167883	-0.02784660654495119	0.20834468369347275	0.20843503649635037	-0.00903528028776135	3269.201388238158	0.4678150885087412	1433.2925165448357	0.20510081388644397	1364.9954295826278	0.46027617680173033	602.9347117754243	0.2033094602242743	11431	7025
CRC	32	0.11425665631321424	soft_expected	ENSG00000160180	TFF3	90527.07354659808	86600.0	3927.0735465980833	83664.19050529794	6862.883041300151	2935.8094947020554	0.001174568306885524	0.5307516317592895	0.5317508660508083	-0.09992342915188246	0.29197596605134724	0.2925433025404157	-0.05673364890684818	3516.719764250412	0.5124260085866451	1926.375853032705	0.2806948393903795	1518.9527610000252	0.5173880538710426	828.8961004633542	0.28233988000896354	11292	6701
CRC	33	0.1153725372487751	soft_expected	ENSG00000272398	CD24	86084.4901130269	82385.0	3699.490113026899	79564.51140776373	6519.97870526318	2820.4885922362732	0.0011158809355608411	0.5091723591044642	0.5089366996419251	0.02356594625391173	0.277571088584678	0.2774511440189355	0.011994456574249135	3299.3013088118464	0.5060294608245457	1796.4224367883464	0.27552581350276567	1396.208395656941	0.4950235925435646	759.6693058584628	0.26933961298391423	10715	6623
CRC	34	0.11642934476332759	soft_expected	ENSG00000197747	S100A10	80326.58281852791	76780.0	3546.5828185279097	74151.76409830197	6174.81872022594	2628.2359016980254	0.0010568075145524862	0.48132391466134344	0.4817099179473821	-0.038600328603866085	0.2552943132331172	0.25549866501693147	-0.020435178381428276	2913.501917063203	0.47183602451678075	1541.346944083859	0.24961816919986604	1236.0841234808333	0.4703094279635386	651.6146490646775	0.24792852446908914	10320	6371
CRC	35	0.11745506361713187	soft_expected	ENSG00000125730	C3	80554.10892363069	77163.0	3391.108923630687	74560.9380832043	5993.170840426389	2602.0619167957	0.0010257188538042937	0.42410534816224493	0.42458172958542306	-0.04763814231781294	0.17061362832325708	0.17073435454816427	-0.012072622490719165	2526.1944025316734	0.421512162725524	1036.331499059685	0.17291873144499822	1124.7659915760091	0.4322595032485231	467.07769925217326	0.17950291506796826	9978	6230
CRC	36	0.11846947117442418	soft_expected	ENSG00000026025	VIM	77593.28350566168	74341.0	3252.283505661675	71666.20341921895	5927.080086442744	2674.796580781063	0.0010144075572922886	0.41912146203172485	0.41939424409141657	-0.027278205969172298	0.1716130077000729	0.17170790680781803	-0.009489910774512778	2468.3171786992807	0.4164474146966843	1023.4484865027033	0.17267330145305096	1125.4942519643737	0.42077751259713364	472.3692267716386	0.17660005630547906	9742	6307
CRC	37	0.11948231915412262	soft_expected	ENSG00000127324	TSPAN8	77547.28123187397	74155.0	3392.2812318739743	71629.31359854064	5917.967633333341	2525.6864014593666	0.001012847979698459	0.5472468153020773	0.5477816735216776	-0.05348582196003093	0.30456673429984565	0.3048302541972895	-0.02635198974438313	3134.3791296488794	0.5296377614494346	1733.4891373788917	0.29291967188446594	1317.6264401712644	0.5216904360770707	719.8544387552781	0.2850133881780965	9759	5876
CRC	38	0.12048701623866191	soft_expected	ENSG00000197746	PSAP	76163.79855734512	72864.0	3299.798557345115	70293.45577463262	5870.3427827125	2570.5442253673828	0.0010046970845392722	0.48702712447479884	0.48760876427316646	-0.05816397983676169	0.23160803599745505	0.23224431818181818	-0.06362821843631239	2803.728964448253	0.4776090712632523	1315.727030156401	0.224131209855593	1239.0181639866955	0.4820061649822869	597.8292321839339	0.23256912924674228	9784	6260
CRC	39	0.1214772334020354	soft_expected	ENSG00000170144	HNRNPA3	75215.59553468775	71922.0	3293.5955346877454	69429.85745723206	5785.738077455674	2492.142542767936	0.000990217163373483	0.506170487317578	0.5072335307694447	-0.10630434518666965	0.26223784272369394	0.2628759280887628	-0.06380853650688745	2850.979730159808	0.4927599023655681	1478.5985740388164	0.2555591964662601	1260.3150844850754	0.5057154889243564	660.7855618444215	0.2651475790427742	9610	5959
CRC	40	0.12242589862404031	soft_expected	ENSG00000171747	LGALS4	73088.31981239979	69882.0	3206.3198123997863	67545.36549820397	5542.9543141958	2336.6345017960207	0.0009486652220049147	0.5193787377476866	0.5198101800177442	-0.0431442270057536	0.2850692080809435	0.28553937351535447	-0.0470165434410974	2849.06489516761	0.5139975424064029	1555.311882162128	0.28059258546997073	1213.9206069042293	0.5195166834912206	674.1449332747376	0.2885110755475731	9093	5548
CRC	41	0.1233616955886844	soft_expected	ENSG00000076554	TPD52	71404.19809704437	68350.0	3054.198097044369	65936.43170056684	5467.7663964775165	2413.568299433164	0.0009357969646441012	0.5103916737391128	0.5102249451353329	0.01667286037798643	0.27619448247057765	0.27611375274323335	0.00807297273442975	2787.871488417656	0.5098739204026124	1503.6906665158756	0.27501004203189694	1217.6383096680352	0.5044971422412211	654.6201268761419	0.2712250268740611	9074	5701
CRC	42	0.12428219092162993	soft_expected	ENSG00000166710	B2M	69224.93669406333	66087.0	3137.9366940633336	63846.57617383228	5378.360520231044	2240.4238261677224	0.0009204953329455167	0.48224458476401827	0.48246724015313147	-0.022265538911320215	0.22597519392131946	0.22625762252787993	-0.028242860656046975	2583.9034521150775	0.48042585512733127	1208.3588707122856	0.2246704857673574	1085.3651007709639	0.4844463302407816	517.9278770802	0.23117406226040865	8907	5572
CRC	43	0.1251718805550142	soft_expected	ENSG00000221983	UBA52	68081.23697361868	65160.0	2921.236973618681	62882.871019778504	5198.365953840179	2277.1289802214937	0.0008896896333842635	0.47520199103173266	0.47462879834254146	0.057319268919120425	0.23871288944769817	0.23834119858809086	0.037169085960730985	2461.579415251537	0.47352945850861056	1239.656414697915	0.2384704012194728	1036.0525534847864	0.45498193667712694	518.1001195519189	0.22752339636972335	8661	5598
CRC	44	0.12602928099870253	soft_expected	ENSG00000010278	CD9	66691.02815878275	63905.0	2786.0281587827485	61681.32465316498	5009.703505617748	2223.675346835015	0.000857400443688337	0.5468661997297546	0.5476332055394727	-0.07670058097181132	0.3020718517735503	0.3026866051169705	-0.06147533434202046	2650.731987171105	0.5291195345590103	1442.5956397985994	0.2879602831147414	1176.1628619075877	0.5289274190054924	640.3007671930801	0.28794705490818534	8381	5271
CRC	45	0.1268841304201622	soft_expected	ENSG00000142192	APP	66520.05387190013	63821.0	2699.0538719001343	61525.25572946019	4994.798142439958	2295.7442705398116	0.0008548494214596476	0.5043140388173376	0.5052568903652402	-0.09428515479026345	0.26014116857612435	0.2606753654753138	-0.05341968991894319	2445.3472313867355	0.4895787901034543	1260.5832644202992	0.2523792210358484	1144.350200902089	0.4984658855896921	592.5412164374865	0.2581041904541741	8459	5547
CRC	46	0.12771330126491168	soft_expected	ENSG00000089356	FXYD3	63513.270141035755	60773.0	2740.270141035755	58668.50930812966	4844.76083290609	2104.4906918703346	0.0008291708447494918	0.5296228439472286	0.5296883484442104	-0.006550449698183858	0.2925936343384333	0.2924335231105919	0.01601112278413752	2509.2193945880895	0.5179243065096683	1384.2050444478693	0.28571173937962285	1061.8906341041456	0.5045831935518832	572.6890051635664	0.2721271267085518	7929	4807
CRC	47	0.12852470517981326	soft_expected	ENSG00000086548	CEACAM6	63358.90530838469	60740.0	2618.9053083846884	58617.954837834215	4740.9504705504705	2122.0451621657803	0.0008114039149015786	0.5399710368848484	0.5407443612117221	-0.07733243268737144	0.29731015371250313	0.29763952914059927	-0.032937542809613474	2477.9579685157564	0.5226711360745436	1350.5120561330073	0.28486103462207224	1110.796673258272	0.523455717655218	591.8911798411644	0.27892487417047923	7889	4856
CRC	48	0.12932992355646897	soft_expected	ENSG00000090382	LYZ	61192.52993398989	58460.0	2732.529933989892	56487.72093369716	4704.809000292738	1972.2790663028454	0.0008052183766556964	0.48743997361230273	0.48809549264454327	-0.06555190322405369	0.22116637709771772	0.2216376582278481	-0.047128113013036876	2247.1319706136183	0.47762448390015394	1015.5748319174777	0.21585888648280674	953.5092943195165	0.48345556701918785	438.78218097329875	0.22247469360196684	7663	4679
CRC	49	0.13011204906029544	soft_expected	ENSG00000106211	HSPB1	59442.153034519346	56897.0	2545.153034519346	54872.27333921934	4569.879695300011	2024.726660780661	0.0007821255038264773	0.4836303549401634	0.48380296852206617	-0.017261358190279186	0.2521717015366674	0.2523902841977609	-0.021858266109348046	2177.7320691134696	0.47654034992501093	1134.6346883371382	0.24828546132277335	956.6399986212971	0.47247859039523465	505.2558146194109	0.249542728115509	7663	4860
CRC	50	0.13089039700366242	soft_expected	ENSG00000084207	GSTP1	59301.842475487305	56678.0	2623.842475487305	54754.03468138114	4547.80779410616	1923.9653186188566	0.0007783479433669748	0.48673570992028503	0.4864365362221673	0.02991736981177162	0.254929418714429	0.254736185115918	0.019323359851097788	2227.6316259738774	0.48982536791920483	1168.5188148273905	0.2569411170678234	933.5572290866222	0.4852256015491944	488.6720838567847	0.25399214794972724	7603	4710
CRC	51	0.13166667397952986	soft_expected	ENSG00000118816	CCNI	59717.229155508285	57240.0	2477.2291555082847	55181.52181366904	4535.707341839246	2058.4781863309636	0.0007762769758674316	0.4583172488676879	0.4586543501048218	-0.03371012371339299	0.22377331174500514	0.22392994409503844	-0.01566323500332978	2047.8770099881788	0.45150113436502215	1002.6242485690249	0.22105135384737085	931.8158334343693	0.45267219231272987	457.25211220555883	0.22213114291998698	7606	4949
CRC	52	0.1324385620798276	soft_expected	ENSG00000164713	BRI3	58849.46703079472	56355.0	2494.4670307947235	54339.403442103925	4510.0635886907985	2015.5965578960752	0.0007718881002977184	0.4882730494777778	0.4883694880667199	-0.00964385889421493	0.2527552320296227	0.25263397214089256	0.012125988873012972	2192.6118392109292	0.48615985031985115	1137.8599372701972	0.2522935463977572	980.0656119428262	0.48624096330360905	500.5367430820178	0.24833181080865172	7511	4826
CRC	53	0.13320467936705713	soft_expected	ENSG00000158747	NBL1	59658.751999304746	57146.0	2512.7519993047463	55182.406683879104	4476.345315425637	1963.5933161208957	0.0007661172872295327	0.4689097855764083	0.4690288909109999	-0.011910533459164041	0.23735843281858432	0.23744444055576944	-0.008600773718511756	2084.512195086858	0.4656727862132438	1055.7981946527707	0.23586165057786193	913.064587336788	0.4649967892234218	464.29031618523305	0.23644932602563787	7571	4921
CRC	54	0.13396897690456303	soft_expected	ENSG00000163359	COL6A3	56159.72276050647	53589.0	2570.722760506469	51694.0100574581	4465.712703048375	1894.9899425418994	0.0007642975375059	0.39420204836757744	0.3944081341320047	-0.020608576442726623	0.1590896729748334	0.1589155423687697	0.01741306060636938	1753.98159952362	0.3927663323093581	724.6787851549735	0.16227617702775524	751.6413515768342	0.39664661785412875	306.3718568286918	0.16167466114238638	7384	4486
CRC	55	0.13472594098748447	soft_expected	ENSG00000254772	EEF1G	58725.405878048135	56263.0	2462.4058780481355	54302.54180356128	4422.864074486852	1960.4581964387146	0.0007569640829214341	0.49142591206919534	0.4918463288484439	-0.04204167792485891	0.2562867015653884	0.2564773918916517	-0.019069032626328752	2138.6342902289134	0.4835405868711987	1115.3491728774727	0.2521780353394372	952.1981449754282	0.48570183577754994	494.99610230390454	0.2524900062664399	7355	4728
CRC	56	0.1354769908759606	soft_expected	ENSG00000108518	PFN1	55676.44844671762	53144.0	2532.4484467176226	51288.14040828559	4388.30803843203	1855.8595917144119	0.0007510498884761361	0.47686174118414987	0.4773457492849616	-0.04840081008117281	0.23142676846131877	0.23150896620502784	-0.008219774370907262	2062.639473156878	0.47003069408360676	1007.7644823147809	0.2296476166871051	880.7338239055675	0.4745692119369658	426.0564388876941	0.22957363843140222	7310	4618
CRC	57	0.136217375911728	soft_expected	ENSG00000122566	HNRNPA2B1	56797.03253907231	54496.0	2301.0325390723083	52471.03814929205	4325.9943897802605	2024.9618507079488	0.0007403850357673972	0.5190242678042429	0.519502578170875	-0.047831036663203985	0.27122393074384726	0.2716804903112155	-0.0456559567368231	2195.428456387904	0.5074968339243319	1136.366378094596	0.2626832759605862	1027.2027293421654	0.5072701636245859	537.1519582612071	0.2652652236749117	7177	4744
CRC	58	0.13695692947817462	soft_expected	ENSG00000176153	GPX2	56968.43459070182	54603.0	2365.4345907018214	52647.298391516	4321.136199185814	1955.7016084839943	0.0007395535664466021	0.5161228573501538	0.5170640807281651	-0.094122337801128	0.2807514600528114	0.28144401406516123	-0.06925540123498553	2173.021444987636	0.5028819608595247	1176.5213524401413	0.27227129583691917	1003.5602052693373	0.513145870983493	550.2376641775254	0.2813505198290727	7258	4607
CRC	59	0.13769094031076312	soft_expected	ENSG00000161011	SQSTM1	55610.258251611434	53212.0	2398.2582516114344	51321.50768208556	4288.750569525871	1890.4923179144364	0.0007340108325885156	0.5038086546260256	0.5040439656468466	-0.02353110208209719	0.26012182337342915	0.26046286551905584	-0.0341042145626691	2129.1474758714526	0.4964493601004252	1093.3545270652812	0.2549354431647802	933.4055827212575	0.4937367763287062	487.6627523888658	0.2579554266196904	7132	4557
CRC	60	0.13842411085152323	soft_expected	ENSG00000166165	CKB	58891.55931363428	56348.0	2543.5593136342795	54607.718483716715	4283.840829917562	1740.2815162832837	0.0007331705407600996	0.5121675440621948	0.5123495953716192	-0.01820513094243914	0.28031190085828955	0.28024508412011073	0.0066816738178820945	2160.590029602803	0.504358148536621	1187.3171834617744	0.2771618345783924	868.1197299456113	0.4988386774340126	470.5622477482837	0.2703943260589601	6652	3779
CRC	61	0.13915642898944658	soft_expected	ENSG00000107281	NPDC1	56338.83819831739	53952.0	2386.8381983173895	52059.97787139692	4278.8603269204705	1892.0221286030787	0.0007323181379233431	0.5661403779535007	0.5665012418446026	-0.03608638911019035	0.3160489676180941	0.31614096789739027	-0.009200027929617827	2351.6233599264465	0.5495910546860333	1308.1817575528673	0.30573135311812716	1019.8072088698193	0.5390038485558122	558.7876081718407	0.29533883336999117	7120	4520
CRC	62	0.13987656709793983	soft_expected	ENSG00000140416	TPM1	53032.52008825172	50644.0	2388.5200882517165	48824.82643331474	4207.693654936979	1819.1735666852587	0.0007201381084932495	0.44148418895344094	0.442019291525156	-0.05351025717150737	0.20971171165376176	0.21001377260879867	-0.030206095503690356	1844.5642250290248	0.43837892591461763	876.7417570766612	0.2083663472144558	817.1701057101524	0.4491985375530326	391.1386960568994	0.21500900365961156	7105	4559
CRC	63	0.1405961432251118	soft_expected	ENSG00000178980	SELENOW	52992.464411986264	50637.0	2355.464411986264	48788.05435669757	4204.410055288699	1848.9456433024354	0.000719576127171965	0.49375782243341276	0.49400265616051503	-0.024483372710226714	0.25627744207871794	0.2565354878843533	-0.025804580563537627	2049.216795991519	0.48739698769719736	1060.4868154041683	0.2522320138755707	898.5854625490726	0.48599885334870785	469.90108645287654	0.25414543048089705	6981	4414
CRC	64	0.14131458692326168	soft_expected	ENSG00000099194	SCD	55837.75323291443	53387.0	2450.7532329144306	51639.95984511598	4197.793387798443	1747.040154884016	0.0007184436981498638	0.5385920435746158	0.5381260887481971	0.04659548264186464	0.2956884339776519	0.29550499185194895	0.018344212570292617	2258.616252777368	0.5380484564443778	1237.4448036157144	0.29478459021173964	913.7841304468103	0.5230470106209296	502.99199334465	0.2879109515247765	6869	4150
CRC	65	0.14202530523466936	soft_expected	ENSG00000143384	MCL1	53486.75661690799	51104.0	2382.7566169079873	49334.101877368346	4152.654739539639	1769.8981226316475	0.0007107183114076762	0.5011580277385499	0.5012596861302442	-0.010165839169429258	0.2393602404499501	0.23929511388541014	0.006512656453996901	2066.226379579261	0.49756758246853955	987.5583930246158	0.23781374926779875	877.2839233178298	0.49566916428692703	413.8929683135758	0.23385129517972572	6867	4404
CRC	66	0.14273599993497849	soft_expected	ENSG00000167460	TPM4	53244.96290984814	50859.0	2385.962909848138	49092.44612755363	4152.516782294501	1766.5538724463654	0.0007106947003091234	0.4604992423623615	0.4615628502329971	-0.10636078706355856	0.2263745155782018	0.2269214888220374	-0.054697324383559676	1865.8769631097418	0.4493364051086962	916.5909311172637	0.22073142124925868	821.2368835126119	0.46488074681546154	404.2882454210579	0.22885701462429223	6908	4327
CRC	67	0.14344334837310718	soft_expected	ENSG00000149591	TAGLN	53612.076158890544	51265.0	2347.0761588905443	49479.111245853084	4132.964913037461	1785.8887541469153	0.000707348438128712	0.35421465447368705	0.35393299522091093	0.028165925277612303	0.14064400330172377	0.14048571149907343	0.015829180265033993	1495.7450647036292	0.36190606409100956	607.6567769488252	0.14702684144062497	649.9370324652106	0.36392918145434705	269.43976064557114	0.1508715254631173	6854	4304
CRC	68	0.144145580530187	soft_expected	ENSG00000119888	EPCAM	53519.39718999204	51304.0	2215.3971899920434	49416.326186265156	4103.071003726879	1887.6738137348375	0.0007022321570797977	0.5681932970458251	0.5686362174489319	-0.04429204031067835	0.31796690100760383	0.31825613012630594	-0.028922911870210566	2284.9982634239486	0.5568995177876404	1282.1049937476348	0.3124744837666909	1048.9480181373322	0.5556828783156911	592.520625450767	0.31388930711415736	6853	4359
CRC	69	0.14484217618299788	soft_expected	ENSG00000107262	BAG1	52845.965783103384	50618.0	2227.9657831033837	48775.82830000081	4070.1374831025764	1842.1716999991922	0.0006965956528108662	0.49156147160722297	0.4918297344818049	-0.0268262874581926	0.2609524619164538	0.2614163933778498	-0.046393146139595	1964.540058799429	0.4826716706635431	1027.0144842865022	0.2523291875397859	882.9368499521902	0.4792912897058278	469.10461083298424	0.2546476046902631	6774	4437
CRC	70	0.14553581344352676	soft_expected	ENSG00000131981	LGALS3	53275.211587007565	50969.0	2306.211587007565	49222.359688832206	4052.851898175362	1746.640311167793	0.0006936372605288904	0.5061956692576345	0.5053194098373521	0.08762594202823548	0.2729575606382461	0.27237144146441955	0.05861191738265603	2081.9892740803416	0.5137096855223543	1119.4734401569349	0.2762186895259938	869.9328899529611	0.49806069652161483	460.10164288095643	0.26342094588057186	6712	4189
CRC	71	0.14622546170652728	soft_expected	ENSG00000135052	GOLM1	52375.769349772236	50051.0	2324.7693497722357	48346.22475805899	4029.544591713253	1704.7752419410162	0.0006896482630005172	0.5370233344945085	0.5377340113084653	-0.07106768139568675	0.29148463575913697	0.291802361591177	-0.03177258320400389	2102.6107590109214	0.5217986080449226	1142.5377638321356	0.28354017130912545	889.7254560810533	0.5219019106988163	480.80571230919696	0.2820346638550212	6807	4182
CRC	72	0.14691463082870715	soft_expected	ENSG00000065978	YBX1	52322.089433363486	50044.0	2278.089433363486	48295.344412686754	4026.7450206767335	1748.6555873132495	0.0006891691221798764	0.4552245264207984	0.4556340420430022	-0.04095156222037599	0.23027621043761903	0.23061830589081608	-0.03420954531970499	1806.9540612014541	0.44873813760817116	909.4250145403149	0.2258461883905123	790.4056775519142	0.4520076356295787	401.95503764719473	0.2298651836093036	6612	4216
CRC	73	0.14760284560149334	soft_expected	ENSG00000172757	CFL1	52063.26138816636	49777.0	2286.2613881663565	48042.09253384031	4021.1688543260525	1734.907466159694	0.0006882147727861861	0.49493217836198006	0.4947553589006971	0.0176819461282951	0.2578628264214185	0.2577570966510637	0.010572977035477882	1982.5331659291646	0.4930241026303376	1032.5786572419597	0.25678569954382574	842.187294454812	0.48543643443937473	437.77392297227124	0.25233272177985727	6683	4238
CRC	74	0.14828079408103403	soft_expected	ENSG00000198786	MT-ND5	50402.276791329234	48232.0	2170.2767913292337	46441.092843286155	3961.1839480430817	1790.9071567138494	0.0006779484795406979	0.47184090556331343	0.47192994277657985	-0.008903721326641856	0.24213031378425767	0.2421149340686681	0.0015379715589569631	1848.8741658750062	0.4667478688507747	948.8576304395913	0.23953889616975482	829.1432422014199	0.4629738839856008	422.6260355140351	0.2359843356087287	6563	4216
CRC	75	0.14895749288795157	soft_expected	ENSG00000135821	GLUL	51980.30280927992	49809.0	2171.3028092799213	48026.42057115219	3953.8822381277328	1782.5794288478096	0.0006766988069175409	0.4904402757122114	0.49015991085948324	0.028036485272814327	0.24144451376172715	0.24125158103957117	0.019293272215598067	1930.6061566639805	0.48828114758879954	947.7404219170812	0.23969869734053112	851.7471152765098	0.4778172021355852	413.88148494315016	0.23218123032568996	6675	4342
CRC	76	0.14963115809539343	soft_expected	ENSG00000211895	IGHA1	52649.66310430965	50265.0	2384.6631043096495	48713.50587908564	3936.157225224016	1551.4941209143622	0.0006736652074418462	0.5315153466945599	0.5317641500049737	-0.02488033104137699	0.22808537625707978	0.2281035511787526	-0.001817492167283108	2004.299773893104	0.5092021632288924	862.6230162271016	0.2191535974983844	749.3208356541378	0.4829672414179248	319.62979727209876	0.20601418527047152	5939	3225
CRC	77	0.1503017930777131	soft_expected	ENSG00000198363	ASPH	50720.63500193069	48469.0	2251.635001930692	46802.18307360626	3918.4519283244317	1666.8169263937418	0.0006706349823196779	0.5570748435628975	0.5581157543997194	-0.10409108368218956	0.30734602304843167	0.30803193793971406	-0.06859148912823909	2130.2303320072933	0.5436407976856821	1170.8921434644972	0.29881498226397335	926.3530228959717	0.5557617085759933	512.1066891300346	0.3072363143311774	6542	4138
CRC	78	0.15097120854583013	soft_expected	ENSG00000167642	SPINT2	52124.090078506255	49856.0	2268.090078506255	48212.76364751653	3911.326430989731	1643.2363524834705	0.0006694154681170067	0.5545121112971656	0.555058568677792	-0.054645738062641946	0.30752485589720796	0.308058458360077	-0.05336024628690428	2133.190792774452	0.5453880749694073	1175.855699670183	0.300628372603675	902.7515538983176	0.5493741375268161	504.9649095044678	0.3072990131585756	6514	3992
CRC	79	0.1516371150888178	soft_expected	ENSG00000108639	SYNGR2	50253.29905305148	48058.0	2195.29905305148	46362.47491436955	3890.8241386819236	1695.5250856304447	0.0006659065429876793	0.5489839622150661	0.5501282304715136	-0.11442682564475337	0.3012423410388136	0.301963252736277	-0.07209116974634111	2062.316596582164	0.5300462120811262	1121.8942085794918	0.2883435921520603	912.1238680593589	0.5379595240374784	495.22275691464563	0.2920763373610056	6506	4122
CRC	80	0.15230272111951493	soft_expected	ENSG00000198561	CTNND1	50375.45053307263	48169.0	2206.4505330726315	46486.382257111014	3889.068275961616	1682.6177428889846	0.0006656060306971296	0.5302864752798132	0.5300867778031514	0.01996974766618198	0.2862068242078695	0.28629668458967383	-0.008986038180430755	2048.4727801604054	0.5267258466049679	1091.949724308871	0.28077412038719585	868.8026763448034	0.5163398995502718	464.7770091975099	0.276222577089617	6429	4100
CRC	81	0.15296653074244734	soft_expected	ENSG00000130066	SAT1	51145.95796671277	48959.0	2186.957966712769	47267.38591843881	3878.572048273958	1691.614081561183	0.0006638096229324066	0.5088897918606669	0.508833922261484	0.0055869599182800656	0.25502098058349665	0.2549888682366878	0.003211234680883246	1968.7971362600492	0.5076087569744137	994.4775666395868	0.25640301488846884	853.1412320651441	0.5043356173045	435.1852130861435	0.2572603395950175	6435	4173
CRC	82	0.1536277648892023	soft_expected	ENSG00000137563	GGH	48216.28441311773	46053.0	2163.2844131177335	44352.76060995467	3863.523803163059	1700.2393900453305	0.0006612341467549548	0.5532209637692355	0.5536637135474345	-0.04427497781990253	0.3070943817982509	0.3073537554556706	-0.025937365741973695	2086.502919583131	0.5400517832645202	1154.351063363388	0.2987819209029651	910.118587186609	0.5352884967347711	501.96350890834026	0.2952310785453319	6358	3993
CRC	83	0.1542831770639568	soft_expected	ENSG00000148730	EIF4EBP2	49302.23976498134	47086.0	2216.239764981343	45472.73315151651	3829.506613464824	1613.2668484834835	0.000655412174754498	0.48584709829895295	0.48594327400925963	-0.009617571030667849	0.2530028024415127	0.25327857537272225	-0.027577293120956137	1850.4852800147464	0.4832176744409594	955.7259700219793	0.24956895665399223	778.260150559397	0.48241253534155465	407.9961428383055	0.25290059311752017	6357	4003
CRC	84	0.15492398593384063	soft_expected	ENSG00000125844	RRBP1	49719.102099208976	47596.0	2123.102099208976	45974.92110942759	3744.180989781383	1621.0788905724082	0.0006408088698838347	0.5525935718678999	0.5538648205731574	-0.12712487052575216	0.298351514023601	0.2991296537524162	-0.07781397288151859	1999.9857755447133	0.5341584130155763	1072.9693762265267	0.28656984775973016	887.2795564780679	0.5473389121517501	476.5749890335555	0.2939863024588984	6295	4093
CRC	85	0.15556379315017146	soft_expected	ENSG00000079112	CDH17	48130.866684908586	45980.0	2150.8666849085857	44392.53825486502	3738.3284300435535	1587.4617451349707	0.0006398072163308249	0.5582625249899267	0.558566224445411	-0.030369945548436306	0.31182090834146503	0.3117822966507177	0.003861169074731441	2046.7677671445074	0.5475088145534237	1143.617810168248	0.30591689081607104	859.9836016739098	0.541735008298289	471.1572412180703	0.2967991151043524	6160	3805
CRC	86	0.156203551279307	soft_expected	ENSG00000114942	EEF1B2	47794.10761439471	45620.0	2174.1076143947066	44056.06599583584	3738.0416185588683	1563.9340041641613	0.0006397581291355552	0.49028485567194247	0.48938787812363	0.0896977548312472	0.2555830848006463	0.2549430074528716	0.06400773477747146	1886.7858539371919	0.5047525004990733	994.1070345905085	0.2659432761943854	779.9337002444083	0.49869988002546245	409.24157520944163	0.2616744530905953	6159	3850
CRC	87	0.15683860709652772	soft_expected	ENSG00000125534	PPDPF	49109.35481638262	47042.0	2067.35481638262	45398.78832762772	3710.566488754901	1643.2116723722772	0.0006350558172207084	0.47084513123831256	0.47036026316908297	0.04848680692295937	0.2482169575783624	0.24806157263721781	0.015538494114458734	1757.7163973078355	0.47370567341528647	922.9193630381207	0.24872734819200365	761.5032837593326	0.4634237308331452	402.45722187935746	0.24492110702837006	6217	4061
CRC	88	0.157473375916586	soft_expected	ENSG00000164924	YWHAZ	48559.99971217038	46509.0	2050.999712170378	44851.11011861802	3708.8895935523683	1657.8898813819872	0.0006347688200582898	0.50200364058738	0.5021165258337096	-0.011288524632957486	0.267230638418447	0.2671915650734267	0.003907334502034621	1853.92119053126	0.4998588239871485	994.301649693581	0.26808607390797	829.5620480995813	0.5003722246064215	444.3944250107194	0.26804821598903794	6193	3954
CRC	89	0.15810644616227715	soft_expected	ENSG00000165949	IFI27	50090.34338227705	48010.0	2080.343382277053	46391.3783858302	3698.964996446857	1618.6216141698008	0.0006330702456911339	0.5029615906454519	0.5037869714642783	-0.08253808188264378	0.2672245820000361	0.2679064257446365	-0.06818437446003967	1817.4097343623066	0.49132925997084853	955.2844952623168	0.25825724119583227	810.7034508354401	0.500860388702553	432.10092269500814	0.266956105684178	6213	3995
CRC	90	0.15873755662423863	soft_expected	ENSG00000104341	LAPTM4B	48712.15245623699	46649.0	2063.1524562369887	45024.63827660857	3687.5141796284097	1624.3617233914244	0.0006311104619614739	0.5533730186881175	0.5543058264914574	-0.09328078033399301	0.30760463677636707	0.3078830735921456	-0.027843681577854884	1970.6842780811262	0.5344208000522758	1094.5621676483743	0.29682927694088845	872.5059265773704	0.5371377040057976	472.9157047525357	0.29113940444567876	6076	3851
CRC	91	0.1593602341017599	soft_expected	ENSG00000101311	FERMT1	47706.32934926209	45671.0	2035.329349262087	44068.088239205725	3638.241110056355	1602.9117607942705	0.0006226774775212586	0.5297898513501833	0.530577390466598	-0.0787539116414715	0.29160502137774374	0.29239834906176787	-0.07933276840241255	1873.8013588017407	0.5150294612477501	1012.7851899457376	0.27837220220131315	831.4722243932583	0.5187261362292641	455.50500020048355	0.2841734718914115	6034	3827
CRC	92	0.15998246377504705	soft_expected	ENSG00000183779	ZNF703	48702.301273747595	46630.0	2072.3012737475947	45066.67663824288	3635.624635504716	1563.3233617571182	0.000622229673287144	0.5349868232188719	0.5353634998927729	-0.03766766739009553	0.2936446962231241	0.29407168132103795	-0.042698509791383454	1888.922872336315	0.5195593774696945	1023.5483575125286	0.28153301292899685	797.83343044563	0.5103444686893788	434.9383946158649	0.27821396727994274	6014	3781
CRC	93	0.1606041517508922	soft_expected	ENSG00000105357	MYH14	46188.14088850501	44075.0	2113.1408885050114	42555.68133600673	3632.459552498278	1519.3186639932685	0.0006216879758451722	0.5428168730186079	0.5436627906976744	-0.0845917679066499	0.2995077108877124	0.299804310833806	-0.029659994609360085	1901.2232237585843	0.5233983190400536	1048.0332836250338	0.2885189135565827	791.4585161174543	0.5209298976405919	428.2039359497553	0.28183944954924384	6017	3738
CRC	94	0.16121735650269325	soft_expected	ENSG00000164733	CTSB	46765.04299236346	44741.0	2024.0429923634583	43182.150054328304	3582.8929380351574	1558.8499456717	0.0006132047518010443	0.4738114841314228	0.47404226548356093	-0.02307813521381097	0.22365645756133629	0.2240310900516305	-0.037463249029420775	1679.0894607109592	0.46864070173187045	788.3041913446284	0.220018907898747	730.4000350294223	0.4685505728485604	352.3753379690089	0.2260482729254433	5899	3782
CRC	95	0.16182546079303267	soft_expected	ENSG00000233041	PHGR1	46686.33307189174	44678.0	2008.3330718917423	43133.241610929246	3553.0914609624933	1544.7583890707529	0.0006081042903393996	0.5096161670770778	0.5100720712654998	-0.04559041884220072	0.2777366205311291	0.27843681453959446	-0.07001940084653824	1809.086468956968	0.5091584297317543	972.7318999169219	0.27377057714507	805.976353975707	0.5217491354492924	446.2275275390026	0.2888655796894103	5987	3764
CRC	96	0.1624321048207959	soft_expected	ENSG00000167468	GPX4	45586.931386197066	43562.0	2024.9313861970659	42042.37209080644	3544.5592953906316	1519.6279091935633	0.0006066440277632345	0.48066858310026817	0.4815033745007116	-0.08347914004434576	0.24212681833167649	0.24265127863734448	-0.05244603056679953	1664.8962069956856	0.4697047131249088	834.537250920813	0.23544175209765872	727.9404897031484	0.47902548071090123	367.09359687648316	0.2415680803541523	5875	3744
CRC	97	0.1630386961403237	soft_expected	ENSG00000184357	HIST1H1B	49238.35112058696	47341.0	1897.3511205869581	45694.09979405011	3544.25132653684	1646.9002059498853	0.0006065913195277896	0.5015170103173654	0.501485234785915	0.0031775531450395356	0.26595007324185616	0.2659441604528844	0.0005912788971773608	1783.458616209641	0.5031975590603205	941.3096727032444	0.2655877323527779	830.400469256091	0.5042202716691869	436.42908587491615	0.265000322604973	6001	3882
CRC	98	0.16364304566390359	soft_expected	ENSG00000076043	REXO2	45619.44402377581	43562.0	2057.44402377581	42088.29128273875	3531.1527410370627	1473.7087172612532	0.0006043495235798648	0.5241614777693925	0.5244020017446398	-0.024052397524731983	0.2815484565663966	0.28132030209815895	0.02281544682376513	1816.9110535452605	0.5145376557717672	988.21644944425	0.2798566139492514	748.9558590248856	0.5082115958550808	399.00739513305825	0.27075051566131425	5860	3629
CRC	99	0.16424692397386548	soft_expected	ENSG00000080824	HSP90AA1	46090.29277447265	44102.0	1988.2927744726476	42561.8932866339	3528.3994878387443	1540.1067133660956	0.0006038783099618977	0.5124470922781245	0.5134418507097184	-0.09947584315939118	0.27209951463999266	0.27289578703913653	-0.07962723991438714	1756.3733565763919	0.49778188740533624	919.9280246479606	0.2607210515188702	781.3493420503702	0.5073345471903266	414.03173109876843	0.2688331448110179	5944	3771
CRC	100	0.16484929876085028	soft_expected	ENSG00000142634	EFHD2	44060.286019142055	42042.0	2018.286019142055	40540.67146299363	3519.614556148416	1501.3285370063636	0.0006023747869848168	0.5096505742301625	0.510660470481899	-0.10098962517365306	0.2645380424073439	0.26532990818705104	-0.07918657797071349	1733.6132769353076	0.49255770746454547	898.1452546812342	0.2551828446987935	747.4507065343865	0.4978595211577054	397.52344326972644	0.2647811145070118	5713	3556
SPATCH	1	0.015208880965777482	hard	ENSG00000198938	MT-CO3	4873748.0	4781519.0	92229.0	4710321.0	163427.0	71198.0	0.015208880965777482	0.402726949231608	0.4029687829270746	-0.024183369546659783	0.19059892275517723	0.19072125007092008	-0.012232731574285394	64818.875	0.39708688647112156	31204.979166666664	0.19116481147949388	28893.749999999993	0.406027795733678	14240.291666666668	0.20011089720169006	119119	54780
SPATCH	2	0.02752240985015306	hard	ENSG00000205542	TMSB4X	3794801.0	3723120.0	71681.0	3662486.0	132315.0	60634.0	0.012313528884375577	0.38546483784449836	0.38559775782732275	-0.013291998282438655	0.18454543714084143	0.18462581103568826	-0.008037389484683022	50840.354166666664	0.38468499910462745	24586.395833333332	0.186033669791643	23750.270833333336	0.39192512802741525	11679.0	0.1927259525734748	104171	49523
SPATCH	3	0.03699344599943158	hard	ENSG00000198712	MT-CO2	2882155.0	2828060.0	54095.0	2780384.0	101771.0	47676.0	0.009471036149278517	0.40118116831083844	0.40147963764907113	-0.02984693382326875	0.18940103685153553	0.18954597525073563	-0.014493839920010076	40203.91666666668	0.3954548435220251	19327.791666666664	0.19011254282857093	19383.645833333332	0.4066641316129934	9509.750000000002	0.19951222070701777	82553	39946
SPATCH	4	0.04493546971950486	hard	ENSG00000211896	IGHG1	2871073.0	2817724.0	53349.0	2785732.0	85341.0	31992.0	0.007942023720073282	0.39233324755610444	0.3925214202816168	-0.018817272551235886	0.17878521370269151	0.17884995144538793	-0.0064737742696413525	31358.875	0.368230469346297	14482.520833333332	0.17006048347639569	11018.75	0.3446914005067726	5154.4375	0.1612424531548159	38088	18309
SPATCH	5	0.05269248572751119	hard	ENSG00000198899	MT-ATP6	2286621.0	2243857.0	42764.0	2203268.0	83353.0	40589.0	0.007757016008006329	0.40002335463258315	0.40022293731926534	-0.019958268668218704	0.1888482614073376	0.18896301860887502	-0.011475720153741875	32924.1875	0.39536225923435325	15742.479166666666	0.18903980938885953	16289.125	0.4014868628610865	7935.229166666666	0.19558387968714055	70500	35145
SPATCH	6	0.05968964863238539	hard	ENSG00000211592	IGKC	2549328.0	2500062.0	49266.0	2474140.0	75188.0	25922.0	0.006997162904874209	0.40992591252185107	0.4100491130497185	-0.012320052786746194	0.18717658669299594	0.18719215073562784	-0.0015564042631893704	29042.354166666664	0.38704560699753005	13433.854166666666	0.17903212013788936	9215.666666666666	0.35555641292745344	4279.166666666666	0.16509767609347067	31593	14699
SPATCH	7	0.06651957871100996	hard	ENSG00000198886	MT-ND4	1994210.0	1958061.0	36149.0	1920819.0	73391.0	37242.0	0.006829930078624555	0.39933697097778403	0.3994840371670464	-0.014706618926235704	0.1883688684947957	0.18843189468301585	-0.006302618822015549	29127.187500000004	0.3972611497545009	13995.999999999998	0.19088925259138023	15000.479166666668	0.4029787010172649	7319.958333333333	0.19664620495737517	63207	32678
SPATCH	8	0.07221117159949218	hard	ENSG00000212907	MT-ND4L	1655007.0	1624076.0	30931.0	1593848.0	61159.0	30228.0	0.0056915928884822276	0.3966057709457104	0.3967924261722106	-0.01866552265001875	0.18609726142687605	0.1862048359547012	-0.010757452782514387	24118.4375	0.3947241906975222	11499.937499999998	0.1882088556839383	12170.249999999998	0.4028283463524427	5926.000000000001	0.19614722626770822	53797	27080
SPATCH	9	0.07646672122594969	hard	ENSG00000198763	MT-ND2	1218637.0	1196140.0	22497.0	1172909.0	45728.0	23231.0	0.004255549626457518	0.3955205374414154	0.39549381445930465	0.002672298211076063	0.18529635527057006	0.18524237256251413	0.005398270805592742	18061.083333333332	0.3952788963786512	8622.979166666668	0.18871967011001198	9142.979166666666	0.39366971654108357	4395.395833333333	0.1892527807678507	41661	21376
SPATCH	10	0.08062892943630905	hard	ENSG00000198727	MT-CYB	1199711.0	1177686.0	22025.0	1154986.0	44725.0	22700.0	0.004162208210359352	0.39895315024379474	0.39911154079258043	-0.01583905487856918	0.1880781789678212	0.1881344695855668	-0.00562906177455913	17691.91666666667	0.3960758634070626	8493.083333333332	0.19013798095579235	9107.354166666668	0.401505716469015	4424.4375	0.1950552175638143	40800	20845
SPATCH	11	0.084575605523355	hard	ENSG00000108821	COL1A1	1167369.0	1145043.0	22326.0	1124960.0	42409.0	20083.0	0.003946676087045942	0.2837791347627005	0.2837605259822082	0.001860878049231296	0.12291658928390041	0.12289925526541805	0.0017334018482362268	12165.229166666666	0.2874513637831494	5349.875	0.12641182864299047	5825.604166666667	0.29046690101050393	2593.3125	0.12930357499002793	34498	16842
SPATCH	12	0.08746583918213935	hard	ENSG00000198840	MT-ND3	791188.0	776247.0	14941.0	760131.0	31057.0	16116.0	0.002890233658784358	0.3953400216831982	0.39560443751157287	-0.02644158283746645	0.18610464596459894	0.18622863038524112	-0.01239844206421814	12098.541666666666	0.3898730879951877	5778.541666666666	0.18621235069175904	6404.791666666667	0.39754153476920534	3097.8541666666665	0.19228192953054848	29203	15222
SPATCH	13	0.09023444050708491	hard	ENSG00000168542	COL3A1	796925.0	781859.0	15066.0	767175.0	29750.0	14684.0	0.0027686013249455725	0.2881794708134988	0.2881331464660316	0.004632434746720815	0.12593095653435118	0.12587193439508954	0.0059022139261649675	8719.854166666668	0.29355824692521776	3885.333333333333	0.13080168776371306	4351.479166666667	0.29660412832572197	1946.125	0.13265114852429963	25476	12858
SPATCH	14	0.09299764422272472	hard	ENSG00000198888	MT-ND1	767631.0	753214.0	14417.0	737939.0	29692.0	15275.0	0.0027632037156397962	0.3933423607195747	0.39344525052039364	-0.01028898008189616	0.1850061697194069	0.18510457678602774	-0.009840706662084253	11572.3125	0.39015247294427025	5491.291666666667	0.1851350819819516	5987.208333333333	0.3922180369035921	2902.0208333333335	0.19010945518069658	27985	14483
SPATCH	15	0.0957044522273421	hard	ENSG00000167996	FTH1	752376.0	738116.0	14260.0	723290.0	29086.0	14826.0	0.0027068080046173757	0.40981460936480135	0.40991991429029495	-0.010530492549359893	0.20331033555928682	0.20343437145914922	-0.012403589986240138	11767.6875	0.40495844660862385	5818.500000000001	0.20023056540142473	6009.604166666666	0.40553371797467214	3014.8541666666665	0.2034451829858065	27467	14088
SPATCH	16	0.09841032960966536	hard	ENSG00000164692	COL1A2	778054.0	763237.0	14817.0	748978.0	29076.0	14259.0	0.002705877382323276	0.2851264669976744	0.2851492056386068	-0.002273864093238487	0.12426401228656125	0.1242505093759068	0.0013502910654453193	8372.854166666666	0.28849030653849245	3713.041666666666	0.12793445428338443	4176.020833333333	0.293198120714269	1866.125	0.13102050129888365	25187	12704
SPATCH	17	0.10108056415812464	hard	ENSG00000130303	BST2	733982.0	719914.0	14068.0	705289.0	28693.0	14625.0	0.002670234548459271	0.41217664934037856	0.412495043960657	-0.031839462027843934	0.20118569322859595	0.20138787680066747	-0.02021835720715237	11575.249999999998	0.4037971813297983	5660.770833333334	0.1974733424033117	6014.458333333333	0.4114137993934833	2980.166666666667	0.20385571288505827	27144	13932
SPATCH	18	0.1036963573023791	hard	ENSG00000163220	S100A9	756971.0	742793.0	14178.0	728863.0	28108.0	13930.0	0.002615793144254459	0.39202217571028014	0.39209407825468134	-0.007190254440120336	0.18935349244911592	0.1893940975613041	-0.004060511218817453	11065.083333333336	0.39405567426400767	5397.083333333333	0.19220382241215572	5570.958333333333	0.3999539330413765	2747.6874999999995	0.19726380213942132	24391	12391
SPATCH	19	0.1062019647670122	hard	ENSG00000101443	WFDC2	683065.0	670129.0	12936.0	656141.0	26924.0	13988.0	0.002505607464633096	0.4237953789578731	0.424219603004217	-0.042422404634390176	0.20880328957775526	0.20904506698874614	-0.02417774109908788	11118.937500000002	0.4132973088503142	5487.770833333333	0.20398360158098847	5928.5	0.4239184840900965	2952.395833333333	0.21111160767488973	25119	13184
SPATCH	20	0.10868291074085165	hard	ENSG00000197956	S100A6	680500.0	667377.0	13123.0	653841.0	26659.0	13536.0	0.0024809459738394627	0.3876833674926658	0.3880907977446732	-0.040743025200740135	0.18735116553406672	0.18761584085783575	-0.026467532376903136	10125.854166666666	0.38017098429384893	4907.75	0.18425943307677867	5317.8125	0.39298052763819097	2629.4375	0.19431255542417972	24842	12666
SPATCH	21	0.11112281627152133	hard	ENSG00000130066	SAT1	669451.0	656847.0	12604.0	643233.0	26218.0	13614.0	0.0024399055306696814	0.4476279768101691	0.44802562780402694	-0.03976509938578565	0.22744099957272054	0.22772802518926444	-0.028702561654389558	11227.187500000002	0.42858403954802266	5638.833333333335	0.21525550974703522	5853.041666666667	0.43014931040395876	2964.0	0.21782905857279342	24688	12902
SPATCH	22	0.1135053954688745	hard	ENSG00000075624	ACTB	651578.0	640718.0	10860.0	625976.0	25602.0	14742.0	0.0023825791973531613	0.3659223159676463	0.3660947139442388	-0.017239797659251987	0.1725161238545497	0.17260486906303416	-0.00887452084844531	9314.395833333332	0.3643702160674933	4435.083333333333	0.1734961989333542	5460.0	0.37072243346007605	2622.6875	0.17807492531233027	24494	14110
SPATCH	23	0.11587671413646906	hard	ENSG00000166405	RIC3	669601.0	656973.0	12628.0	644120.0	25481.0	12853.0	0.002371318667594559	0.5580896294212649	0.5585964419436165	-0.05068125223515185	0.3062647754205055	0.30653132607860417	-0.02665506580986632	13161.208333333332	0.5171398166339227	7074.145833333333	0.27796250818598556	6460.916666666667	0.5028733395599834	3389.6041666666665	0.2638234874429224	23493	11978
SPATCH	24	0.11807251743939648	hard	ENSG00000142089	IFITM3	604763.0	593467.0	11296.0	581168.0	23595.0	12299.0	0.0021958033029274215	0.3850540611268938	0.38530437094161785	-0.02503098147240701	0.18430292182956007	0.1844399853990969	-0.013706356953682719	8987.958333333332	0.381265730607166	4340.208333333332	0.18410996578151065	4793.395833333334	0.3898654602141793	2342.75	0.19054493696624644	22583	11833
SPATCH	25	0.120188659473949	hard	ENSG00000196776	CD47	574388.0	563241.0	11147.0	551649.0	22739.0	11592.0	0.0021161420345525168	0.4481724259876731	0.44829632666185826	-0.012390067418516226	0.224036854021711	0.22406908908841336	-0.003223506670235743	9959.125	0.43828389737270607	5003.375	0.22018989570039169	5039.812500000001	0.4348039427141749	2527.5416666666665	0.2180607080205907	21541	10985
SPATCH	26	0.12213626581104012	hard	ENSG00000143320	CRABP2	522664.0	512732.0	9932.0	501736.0	20928.0	10996.0	0.001947606337091124	0.40239579664144826	0.4025218575022897	-0.012606086084143708	0.19448007279670013	0.19456539167551307	-0.008531887881293998	8446.666666666666	0.4039341335501251	4132.5	0.19762326048491224	4519.5	0.4112000727868256	2246.979166666667	0.20443810087040915	19808	10459
SPATCH	27	0.12408052190787248	hard	ENSG00000243649	CFB	541063.0	531070.0	9993.0	520171.0	20892.0	10899.0	0.0019442560968323665	0.4416589685120045	0.4417230042702271	-0.006403575822261365	0.2204351561084048	0.22044634989483022	-0.0011193786425417462	9068.458333333332	0.4342923391280749	4545.875	0.217703893491691	4692.479166666666	0.4306607164708761	2350.770833333333	0.215746221855115	19699	10347
SPATCH	28	0.1259907172287408	hard	ENSG00000019582	CD74	529836.0	519907.0	9929.0	509310.0	20526.0	10597.0	0.0019101953208683301	0.36752429741511206	0.36767114300958553	-0.0146845594473477	0.1718339761907632	0.17187664019844423	-0.00426640076810203	7546.020833333333	0.3679011668535582	3594.125	0.17522914533664863	3977.2083333333335	0.3754562761572108	1912.0416666666667	0.1805004877434784	19296	10001
SPATCH	29	0.12789988886508563	hard	ENSG00000108518	PFN1	515489.0	505499.0	9990.0	494974.0	20515.0	10525.0	0.001909171636344821	0.3871183650042738	0.38717003681928863	-0.0051671815014808775	0.18590375418251187	0.18587117537990516	0.0032578802606708646	7894.145833333333	0.38519302397449656	3839.6875	0.18735666536547282	4060.2916666666665	0.3858492508473502	1969.5833333333333	0.18716937501979788	19728	10107
SPATCH	30	0.12964117623957494	hard	ENSG00000104341	LAPTM4B	480341.0	471264.0	9077.0	461630.0	18711.0	9634.0	0.0017412873744892976	0.42513841901476407	0.42526595876444795	-0.012753974968388038	0.2072575414797007	0.20729425220485137	-0.0036710725150657098	7890.125000000001	0.4220220902866924	3898.7083333333335	0.20853168235629727	4096.3125	0.42532577094798046	2037.2083333333335	0.21152614820198665	17860	9239
SPATCH	31	0.13133565331267102	hard	ENSG00000034510	TMSB10	474014.0	465278.0	8736.0	455806.0	18208.0	9472.0	0.0016944770730961004	0.35880582168759784	0.3589429317559363	-0.013711006833844186	0.16810666832636054	0.16818130831751563	-0.00746399911550899	6539.333333333333	0.359580629788482	3100.2916666666665	0.17047683199530775	3473.9375	0.3670298468040148	1668.9375	0.17632725832012677	17696	9235
SPATCH	32	0.1329277619334162	hard	ENSG00000120738	EGR1	436645.0	428702.0	7943.0	419537.0	17108.0	9165.0	0.0015921086207451717	0.4277645485062255	0.4279044270979228	-0.013987859169733996	0.2134204116073298	0.21347290176598382	-0.005249015865402273	7088.1875	0.41480498010299627	3526.6874999999995	0.2063838658707865	3755.9375	0.4101263922253767	1856.75	0.2027462328019218	16434	8858
SPATCH	33	0.13442494708016325	hard	ENSG00000100342	APOL1	413628.0	405766.0	7862.0	397540.0	16088.0	8226.0	0.0014971851467470378	0.42793657685813663	0.4280055702544957	-0.006899339635907387	0.20989896540379976	0.20993507945236106	-0.003611404856129763	6728.645833333333	0.4186043196051594	3306.645833333333	0.20571393762183235	3396.8958333333335	0.4130969029956626	1673.375	0.2034993311443512	15269	7839
SPATCH	34	0.13590994107485757	hard	ENSG00000125730	C3	398597.0	391066.0	7531.0	382640.0	15957.0	8426.0	0.0014849939946943362	0.3920009383578779	0.3920209654118462	-0.002002705396830784	0.18987470851500163	0.18988588800253794	-0.0011179487536316923	6198.270833333333	0.3886794276875483	3020.8333333333335	0.18942956877991682	3256.291666666667	0.38664113828860924	1596.3958333333333	0.1895506807567482	15280	8110
SPATCH	35	0.13737660181035816	hard	ENSG00000165949	IFI27	391586.0	384200.0	7386.0	375826.0	15760.0	8374.0	0.001466660735500579	0.39406977284730943	0.3941918870164657	-0.012211416915625106	0.19068536555609913	0.19075724523067653	-0.007187967457739086	6188.583333333334	0.3930007832179675	3022.020833333333	0.1919108930801634	3328.8125	0.39766007645442597	1643.125	0.19628777923784493	15244	8110
SPATCH	36	0.13883674818980005	hard	ENSG00000185499	MUC1	392433.0	385051.0	7382.0	376743.0	15690.0	8308.0	0.0014601463794418836	0.46423454155608074	0.46473657326328077	-0.050203170720003465	0.23723848185626253	0.23760276624382234	-0.03642843875598101	6972.958333333334	0.44473233837192	3517.3125	0.22433270616748516	3742.4375	0.4506788896917148	1907.875	0.22975373314065511	15079	7995
SPATCH	37	0.1402703718338601	hard	ENSG00000113140	SPARC	399240.0	391953.0	7287.0	383835.0	15405.0	8118.0	0.001433623644060052	0.28488231640699124	0.28491671988080036	-0.0034403473809119234	0.12431920352820905	0.12430103235419329	0.0018171174015757519	4411.354166666666	0.28682406805374944	1964.8125	0.12775113784135242	2354.583333333333	0.2902235095936562	1054.2708333333333	0.12994833394962815	14228	7530
SPATCH	38	0.14166407178150328	hard	ENSG00000198786	MT-ND5	372604.0	365723.0	6881.0	357628.0	14976.0	8095.0	0.0013936999476431898	0.3962941397519255	0.39633609106201384	-0.004195131008832842	0.1857289207198969	0.18570195676101997	0.002696395887694103	5881.0625	0.3930666020585483	2787.9374999999995	0.18633454752038495	3173.854166666667	0.39222122672598453	1502.125	0.18563086999505685	14497	7835
SPATCH	39	0.14300007314691232	hard	ENSG00000115457	IGFBP2	359996.0	352992.0	7004.0	345640.0	14356.0	7352.0	0.00133600136540903	0.39172001523318173	0.39184897546095754	-0.012896022777580951	0.1856943027529991	0.18578298520551256	-0.008868245251344997	5546.229166666667	0.3866315208551179	2645.6666666666665	0.18443127686766583	2850.854166666667	0.3879768871348213	1377.6458333333333	0.18748582380693157	13916	7153
SPATCH	40	0.14430247904750437	hard	ENSG00000100097	LGALS1	348465.0	341903.0	6562.0	334470.0	13995.0	7433.0	0.0013024059005920432	0.3480158211610003	0.34830438751058607	-0.028856634958573935	0.16304919096825332	0.16319863171410393	-0.014944074585060418	4800.375	0.34339902711209674	2261.145833333333	0.1617530462360207	2619.458333333333	0.35259904877282716	1244.2291666666665	0.16748272535558845	13672	7244
SPATCH	41	0.14557743159042047	hard	ENSG00000106211	HSPB1	332351.0	326144.0	6207.0	318651.0	13700.0	7493.0	0.0012749525429161124	0.4077585346050939	0.40786799266131607	-0.010945805622214477	0.19939666142788037	0.19938164224529364	0.0015019182586728519	5523.958333333334	0.4036505906710511	2737.020833333333	0.20000152234806964	3033.9791666666665	0.4050165754460908	1497.0625	0.19984815111467094	13275	7252
SPATCH	42	0.14684465996829557	hard	ENSG00000164733	CTSB	340615.0	334412.0	6203.0	326998.0	13617.0	7414.0	0.0012672283778750878	0.3634186641048469	0.3636534137491049	-0.023474964425801437	0.17096391050295637	0.1711165891330818	-0.015267863012544125	4913.895833333334	0.36115653633201045	2332.8125	0.17145468910774658	2740.9583333333335	0.36984999775109073	1324.7083333333333	0.17874893176809248	13107	7175
SPATCH	43	0.1481012792520179	hard	ENSG00000181143	MUC16	337727.0	331299.0	6428.0	324224.0	13503.0	7075.0	0.0012566192837223551	0.458426224109088	0.4587862811243524	-0.036005701526437006	0.23382213015028436	0.23406578873191236	-0.024365858162800347	5936.999999999999	0.4400059290002223	2995.479166666667	0.22200245806467553	3113.125	0.4401420896366464	1575.0208333333335	0.2226807342476083	13026	6838
SPATCH	44	0.14935557198000501	hard	ENSG00000080824	HSP90AA1	341325.0	335109.0	6216.0	327847.0	13478.0	7262.0	0.0012542927279871067	0.4102021980695444	0.4102174024459298	-0.001520437638541372	0.20044481425789626	0.2004096619107471	0.0035152347149153274	5468.875	0.4059739440279118	2691.0	0.19976245267611908	2925.7916666666665	0.4030571244891399	1434.0625	0.19755648160903705	13113	7084
SPATCH	45	0.15058957714198076	hard	ENSG00000170345	FOS	333462.0	327172.0	6290.0	320202.0	13260.0	6970.0	0.0012340051619757408	0.45753692758890147	0.4575370922714462	-1.6468254471213584e-05	0.23550766413091023	0.2354335060709099	0.007415806000032887	5819.467948717948	0.4393709285555265	2966.8413461538457	0.22399708162731943	2947.5625	0.42301413605051663	1464.3125	0.21014817738231917	12888	6760
SPATCH	46	0.15180887847170974	hard	ENSG00000163041	H3F3A	325115.0	318926.0	6189.0	312013.0	13102.0	6913.0	0.0012193013297289712	0.39782568099453725	0.39806084886024423	-0.023516786570698667	0.19223660327681805	0.19235385929240376	-0.011725601558570942	5145.375000000001	0.3932269774551013	2511.7083333333335	0.1919532543625016	2764.145833333333	0.39996322288139674	1362.2083333333335	0.19710726860560462	12740	6734
SPATCH	47	0.15301999032525063	hard	ENSG00000096384	HSP90AB1	323311.0	317342.0	5969.0	310297.0	13014.0	7045.0	0.0012111118535408968	0.40602861710062466	0.4062074666380789	-0.01788495374542287	0.19703297267296171	0.19714223103675513	-0.010925836379341303	5238.145833333334	0.40293429487179494	2563.645833333333	0.1972035256410256	2875.75	0.40837120136324906	1424.375	0.20226853166714	12659	6867
SPATCH	48	0.15422123758247408	hard	ENSG00000102265	TIMP1	332943.0	326720.0	6223.0	320035.0	12908.0	6685.0	0.0012012472572234436	0.2968723543244053	0.2970108229550174	-0.013846863061212078	0.13028151992153017	0.13041109463921438	-0.012957471768421103	3868.7916666666665	0.2999528350648679	1712.25	0.1327531400217088	2068.9375	0.3095821487355978	944.8541666666667	0.1413817397376428	12082	6291
SPATCH	49	0.1554168080437035	hard	ENSG00000092010	PSME1	325096.0	318884.0	6212.0	312249.0	12847.0	6635.0	0.0011955704612294376	0.40571178962900944	0.4057698715071936	-0.005808187818417965	0.19786600100972168	0.197952724522428	-0.008672351270630485	5229.749999999999	0.40758709375730645	2566.645833333333	0.20003474657729975	2733.25	0.4121305790108565	1367.7083333333335	0.20622863892239648	12516	6444
SPATCH	50	0.1565902296943334	hard	ENSG00000120885	CLU	320506.0	314447.0	6059.0	307897.0	12609.0	6550.0	0.0011734216506298731	0.4156064739384027	0.41580756970337096	-0.02010957649682399	0.2025152786361281	0.20256176855469163	-0.0046489918563541455	5181.249999999999	0.4112103174603174	2560.1041666666665	0.20318287037037036	2730.041666666667	0.41680025445292623	1349.5000000000002	0.20603053435114507	11954	6281
SPATCH	51	0.15775239081520465	hard	ENSG00000104904	OAZ1	314804.0	308697.0	6107.0	302316.0	12488.0	6381.0	0.001162161120871271	0.37740954208541433	0.37742700252243866	-0.001746043702433031	0.17999907968418735	0.18003965396934965	-0.004057428516229811	4713.875000000001	0.3778051614971548	2259.479166666667	0.18109154177019052	2417.0625	0.37902814803199	1174.0	0.18409910616277247	12214	6266
SPATCH	52	0.1589079445177878	hard	ENSG00000160932	LY6E	312721.0	306833.0	5888.0	300304.0	12417.0	6529.0	0.0011555537025831656	0.39711743395763816	0.3971304495051156	-0.0013015547477457368	0.19112988977369597	0.19111112546758544	0.001876430611053026	4923.604166666667	0.39684082910185114	2393.6874999999995	0.19293040219231075	2591.75	0.39720306513409964	1263.7083333333333	0.19367177522349935	12109	6345
SPATCH	53	0.16003297380912454	hard	ENSG00000161960	EIF4A1	305087.0	299628.0	5459.0	292998.0	12089.0	6630.0	0.0011250292913367068	0.40903591389455596	0.4090723829148202	-0.0036469020264218166	0.20035675004318604	0.20038282075344616	-0.0026070710260117647	4947.229166666666	0.40970841959972387	2429.6458333333335	0.2012129054520359	2729.3125	0.4119095230908542	1345.7083333333335	0.20309513029479828	11832	6498
SPATCH	54	0.16113473754310875	hard	ENSG00000143384	MCL1	290792.0	285004.0	5788.0	278953.0	11839.0	6051.0	0.001101763733984223	0.44388067295327255	0.44409939810479493	-0.021872515152238092	0.22407524562211165	0.22414001497963057	-0.006476935751892343	5070.145833333333	0.4287649753347427	2551.5625	0.21577695560253699	2568.583333333333	0.4246294153303576	1275.75	0.21090262853364192	11594	5930
SPATCH	55	0.16222114600924034	hard	ENSG00000096696	DSP	291565.0	286055.0	5510.0	279891.0	11674.0	6164.0	0.0010864084661315837	0.42838546753944795	0.42871949719954894	-0.033402966010098734	0.2107139210016216	0.21088899503588998	-0.017507403426839097	4897.875	0.4199858514834505	2433.0625	0.20863166695249527	2637.25	0.4279860434923726	1324.1875	0.21489573190522557	11376	6016
SPATCH	56	0.16330169155491908	hard	ENSG00000160888	IER2	288599.0	283151.0	5448.0	276988.0	11611.0	6163.0	0.0010805455456787579	0.4264683277163688	0.42643853132980875	0.0029796386560032584	0.21089426757555157	0.21089730110825247	-0.00030335327008967905	4858.604166666666	0.41877298454289485	2401.2708333333335	0.20697042176636213	2528.4791666666665	0.41060070910468766	1254.0208333333333	0.20364092779040813	11317	6022
SPATCH	57	0.16436148422343944	hard	ENSG00000262655	SPON1	289192.0	283773.0	5419.0	277804.0	11388.0	5969.0	0.001059792668520342	0.43316260245582594	0.4336769158172229	-0.05143133613969564	0.21373269913652815	0.21405290115425613	-0.03202020177279774	4758.541666666666	0.41829656000937643	2346.166666666667	0.2062382794186592	2561.0	0.42926583975863225	1280.6875	0.21466434797184042	11040	5797
SPATCH	58	0.16534338380594366	hard	ENSG00000189143	CLDN4	264993.0	260092.0	4901.0	254442.0	10551.0	5650.0	0.0009818995825042263	0.44766889718223496	0.44827857974851776	-0.06096825662827987	0.22403728354303823	0.2243744852720457	-0.03372017290074747	4517.8125	0.42875699914586696	2246.270833333333	0.2131793521242605	2486.6875	0.44043349273822174	1238.125	0.21929241941197308	10276	5504
SPATCH	59	0.16632314295717146	hard	ENSG00000172757	CFL1	267473.0	262471.0	5002.0	256945.0	10528.0	5526.0	0.0009797591512277978	0.38415237888588366	0.3843411262755265	-0.018874738964286264	0.1838480893717367	0.1839091469381012	-0.006105756636451409	3988.3958333333335	0.3792332255712973	1938.125	0.18428496719596843	2119.833333333333	0.38374969828626593	1036.1875	0.1875791998551774	10339	5419
SPATCH	60	0.16729480569444058	hard	ENSG00000026025	VIM	262011.0	257175.0	4836.0	251570.0	10441.0	5605.0	0.0009716627372691335	0.2994640404551002	0.299315775309351	0.014826514574922678	0.13114735238335948	0.13111096822460203	0.0036384158757452045	3190.5	0.3060138116247842	1406.3333333333335	0.1348871411215551	1706.8958333333335	0.3048572661784843	763.9375	0.1364417753170209	10097	5458
SPATCH	61	0.16824943804372772	hard	ENSG00000164924	YWHAZ	257976.0	253149.0	4827.0	247718.0	10258.0	5431.0	0.0009546323492871154	0.4036191545442077	0.4038882769114826	-0.02691223672748877	0.19603398654433665	0.19624787750425104	-0.021389095991439233	4120.333333333334	0.4018661204850613	2014.0	0.1964303130790988	2240.9583333333335	0.4128515720953083	1122.25	0.20675202652910832	10038	5310
SPATCH	62	0.1692028605840325	hard	ENSG00000128016	ZFP36	253753.0	248807.0	4946.0	243508.0	10245.0	5299.0	0.0009534225403047863	0.43063544299881173	0.4307635413221936	-0.012809832338184224	0.21505469073385533	0.21509030572876534	-0.003561499491000486	4279.1875	0.4179710392654815	2127.625	0.207816468060168	2183.2708333333335	0.4121711975331949	1073.8958333333333	0.2027366119186961	10008	5193
SPATCH	63	0.1701413001054023	hard	ENSG00000184009	ACTG1	252448.0	247979.0	4469.0	242364.0	10084.0	5615.0	0.0009384395213697866	0.4031324864591303	0.4034870499880952	-0.035456352896490184	0.1958627836513241	0.1960261475362424	-0.0163363884918305	4008.1666666666665	0.39787241082655017	1961.5625	0.19471535636291443	2297.25	0.4093460441910192	1128.1041666666665	0.20101642314088855	9874	5506
SPATCH	64	0.17107890206670737	hard	ENSG00000184937	WT1	253356.0	248514.0	4842.0	243281.0	10075.0	5233.0	0.0009376019613050973	0.4461131681147973	0.4464923344419302	-0.03791663271329182	0.22494207477619801	0.2251430539561876	-0.020097917998959658	4387.5	0.435743370741881	2214.833333333333	0.21996557089416358	2323.375	0.4441550372777672	1176.4791666666665	0.2249052125151341	9820	5110
SPATCH	65	0.17201566646794778	hard	ENSG00000109971	HSPA8	243545.0	238871.0	4674.0	233479.0	10066.0	5392.0	0.0009367644012404078	0.3977413186241278	0.39781687018690354	-0.007555156277572195	0.19258308167443894	0.19261130776588534	-0.0028226091446398316	3978.666666666667	0.3954543948580327	1943.9375	0.19321513766027235	2139.25	0.39681877202745314	1051.3125	0.19501252086811352	9881	5277
SPATCH	66	0.17293893684592376	hard	ENSG00000084207	GSTP1	244434.0	239843.0	4591.0	234513.0	9921.0	5330.0	0.0009232703779759673	0.39581636085501715	0.39615059398146985	-0.033423312645269876	0.19111104401722698	0.19132755414813515	-0.021651013090817628	3862.9375	0.3896446943715957	1867.0833333333333	0.18832795373545827	2127.8333333333335	0.3993681181181181	1042.5416666666665	0.19567223473473472	9693	5202
SPATCH	67	0.1738612766016056	hard	ENSG00000110492	MDK	247723.0	242889.0	4834.0	237812.0	9911.0	5077.0	0.0009223397556818679	0.4149138150426783	0.415292603594176	-0.03787885514976996	0.2015443575480679	0.20170952363295785	-0.016516608488995055	4068.3125	0.4109406565656566	1996.4583333333333	0.2016624579124579	2159.125	0.4252757533976758	1064.5	0.2096710655899153	9676	4949
SPATCH	68	0.1747713321430054	hard	ENSG00000122566	HNRNPA2B1	247721.0	243138.0	4583.0	237942.0	9779.0	5196.0	0.0009100555413997564	0.4222257401437602	0.42226535168950907	-0.003961154574888548	0.2085588001228074	0.20855009534784807	0.0008704774959317207	4081.458333333333	0.41792528500238924	2027.5833333333335	0.20761656085739644	2160.666666666667	0.41599281221922735	1071.9375	0.20637995764343472	9586	5092
SPATCH	69	0.17567692069739346	hard	ENSG00000221983	UBA52	240896.0	236255.0	4641.0	231165.0	9731.0	5090.0	0.0009055885543880795	0.3891188356610143	0.38926215597657965	-0.014332031556535396	0.1872198578466805	0.1872816872872466	-0.006182944056609685	3744.7708333333335	0.38514561692207483	1827.5208333333333	0.18795853474579174	1975.0416666666665	0.38817642819706494	974.3541666666667	0.19150042583857443	9573	4999
SPATCH	70	0.17657990350935807	hard	ENSG00000231925	TAPBP	238033.0	233356.0	4677.0	228330.0	9703.0	5026.0	0.0009029828119646013	0.43266709783472784	0.4326464516240401	0.002064621068775807	0.21364860476710187	0.2136135156284188	0.0035089138683080945	4141.6875	0.4273746259415953	2054.020833333333	0.21195138100643204	2116.75	0.4214954201513341	1048.3125	0.20874402628434888	9499	4934
SPATCH	71	0.17748195569902855	hard	ENSG00000187837	HIST1H1C	239549.0	234824.0	4725.0	229856.0	9693.0	4968.0	0.000902052189670502	0.4114593342412874	0.4115045897754973	-0.0045255534209920345	0.2022042952354692	0.20213754481814197	0.006675041732723264	3980.229166666667	0.41122318076936326	1976.8333333333335	0.2042394186727279	2051.229166666667	0.41313779791876476	1007.9791666666666	0.20301695199731454	9434	4832
SPATCH	72	0.1783797270261462	hard	ENSG00000119888	EPCAM	239381.0	234977.0	4404.0	229734.0	9647.0	5243.0	0.0008977713271176449	0.42916377540996636	0.429406896708357	-0.024312129839065832	0.20943201087948543	0.209499262577699	-0.0067251698213560696	4068.6250000000005	0.4220127580126543	2011.7916666666667	0.2086704352937109	2237.3958333333335	0.42690246772244483	1106.0833333333335	0.21104432996247538	9404	5121
SPATCH	73	0.1792611194008877	hard	ENSG00000167642	SPINT2	238172.0	233639.0	4533.0	228701.0	9471.0	4938.0	0.0008813923747414963	0.42967281390338696	0.42994182352218846	-0.026900961880149676	0.20888426988169181	0.20900846534328302	-0.012419546159120332	3987.5416666666665	0.42164974798209437	1956.6666666666665	0.20690141341510696	2106.5	0.42702209608757347	1040.6666666666665	0.2109602000135144	9250	4840
SPATCH	74	0.1801155237291003	hard	ENSG00000170421	KRT8	231160.0	226777.0	4383.0	221979.0	9181.0	4798.0	0.0008544043282126152	0.41560780774541506	0.4155883419224275	0.0019465822987563275	0.2030140596842216	0.20303445785755045	-0.0020398173328856073	3780.0	0.4118095653121255	1861.6875	0.2028202963285761	1953.9791666666665	0.4074185084792883	976.5	0.2036071726438699	8953	4709
SPATCH	75	0.1809489890556957	hard	ENSG00000198695	MT-ND6	230183.0	225849.0	4334.0	221227.0	8956.0	4622.0	0.0008334653265953798	0.3857605320431454	0.38591820987654324	-0.015767783339781793	0.18071035685926748	0.18073507369011751	-0.002471683085003562	3449.9375	0.38572646466905186	1651.9375000000002	0.18469784212880144	1817.5	0.3933982683982684	876.125	0.18963744588744588	8808	4554
SPATCH	76	0.18178198907114404	hard	ENSG00000166710	B2M	220813.0	216530.0	4283.0	211862.0	8951.0	4668.0	0.0008330000154483301	0.3535942865473488	0.35393538417927656	-0.03410976319277448	0.1638899338146538	0.1640360931631279	-0.014615934847408973	3064.354166666667	0.3427689224459359	1429.9375000000002	0.1599482662192394	1625.8333333333333	0.34866680963614266	760.6041666666666	0.16311476874687253	8757	4587
SPATCH	77	0.18261415152652766	hard	ENSG00000149591	TAGLN	227942.0	223676.0	4266.0	219000.0	8942.0	4676.0	0.0008321624553836406	0.2856152165799469	0.285594713409996	0.002050316995089174	0.12618215182184755	0.12610845749996275	0.007369432188480962	2635.0416666666665	0.29520968705653894	1191.875	0.13352845619538428	1415.1666666666667	0.30296867194747734	638.5	0.13669449796617428	8595	4513
SPATCH	78	0.1834314240252057	hard	ENSG00000120129	DUSP1	215247.0	211148.0	4099.0	206465.0	8782.0	4683.0	0.0008172724986780511	0.39911764576155484	0.3991714022228557	-0.005375646130084677	0.19465731351087293	0.19466337936191877	-0.000606585104584445	3431.541666666667	0.39141572563780846	1663.6458333333335	0.18976227139652485	1811.2916666666667	0.3871108498967016	869.1666666666666	0.18575906532734915	8594	4589
SPATCH	79	0.1842470214037544	hard	ENSG00000181885	CLDN7	221636.0	217491.0	4145.0	212872.0	8764.0	4619.0	0.0008155973785486722	0.4521114938584848	0.4524326418473976	-0.03211479889128066	0.22768320707184722	0.2278249861212072	-0.01417790493599691	3849.1458333333335	0.4395005518763797	1938.8125	0.22137617035852936	2047.2083333333335	0.4433105962176989	1027.0208333333335	0.2223951566334633	8575	4522
SPATCH	80	0.1850537778705091	hard	ENSG00000167658	EEF2	220131.0	216198.0	3933.0	211462.0	8669.0	4736.0	0.0008067564667547283	0.3815016730847045	0.38163513526024395	-0.013346217553944495	0.18223381813387404	0.18229706720116529	-0.0063249067291243355	3313.145833333333	0.3826687264187264	1603.7916666666667	0.18523812273812273	1844.5833333333333	0.3897281498697091	902.1875	0.1906164166490598	8529	4666
SPATCH	81	0.18586034821280503	hard	ENSG00000172201	ID4	215747.0	211685.0	4062.0	207080.0	8667.0	4605.0	0.0008065703422959085	0.4318133419597003	0.4318018705754635	0.0011471384236794169	0.21483914840133933	0.21480282697649644	0.0036321424842888916	3688.916666666667	0.4258243872407557	1848.8958333333333	0.213424429566355	1932.8958333333335	0.4200121324062002	968.75	0.21050630160799652	8463	4497
SPATCH	82	0.1866657087461186	hard	ENSG00000130203	APOE	222186.0	217973.0	4213.0	213532.0	8654.0	4441.0	0.0008053605333135794	0.2907028773662107	0.2906160897533024	0.008678761290831227	0.12470748478583044	0.12465554698488347	0.005193780094696343	2603.4791666666665	0.30129373529298303	1148.0208333333335	0.1328574046213787	1363.625	0.3070535915334384	612.9375	0.1380179013735645	7889	4119
SPATCH	83	0.18745645850941484	hard	ENSG00000175567	UCP2	212693.0	208701.0	3992.0	204196.0	8497.0	4505.0	0.0007907497632962195	0.4072142556941856	0.40740720763051824	-0.01929519363326193	0.19822844724841138	0.19832431140901843	-0.00958641606070565	3433.1875	0.40428491521431936	1692.2708333333335	0.19927824226723193	1848.6458333333333	0.4106276839922997	921.3333333333334	0.20464978528061603	8304	4416
SPATCH	84	0.18822961951135256	hard	ENSG00000087086	FTL	204364.0	200415.0	3949.0	196056.0	8308.0	4359.0	0.0007731610019377417	0.3096254270794054	0.30969319008407536	-0.006776300466998508	0.13854706892526988	0.13863934843725817	-0.009227951198828577	2628.208333333333	0.31672792640796976	1197.3749999999998	0.14429681851048443	1421.8541666666665	0.32626300290653204	669.9791666666666	0.1537354673397583	8074	4242
SPATCH	85	0.1890025943888315	hard	ENSG00000157601	MX1	207342.0	203392.0	3950.0	199036.0	8306.0	4356.0	0.0007729748774789218	0.4088278413907025	0.4089189326564879	-0.00910912657853813	0.20166955779768997	0.20167104451964954	-0.00014867219595704473	3354.1875	0.40407029273581496	1664.8958333333335	0.20056569489619727	1759.0625	0.40401067983463484	869.2083333333334	0.1996344357678763	8132	4267
SPATCH	86	0.1897725912749693	hard	ENSG00000243678	NME2	205599.0	201758.0	3841.0	197325.0	8274.0	4433.0	0.000769996886137804	0.3946469042728887	0.3950986956306106	-0.045179135772194234	0.19082719282022334	0.19110871398105442	-0.028152116083107748	3197.458333333333	0.38677371880166117	1554.0416666666667	0.18798133139792753	1774.6875	0.4005162491536899	878.7916666666666	0.19832806740389677	8121	4357
SPATCH	87	0.19053579461836018	hard	ENSG00000126709	IFI6	198808.0	194883.0	3925.0	190607.0	8201.0	4276.0	0.0007632033433908787	0.3548561440773943	0.3551407687725928	-0.028462469519852096	0.1663762996780272	0.1664267247576405	-0.005042507961330878	2891.0	0.3529052734375	1371.6666666666665	0.16743977864583331	1555.75	0.36408846243856774	729.4583333333333	0.1707133941805133	8065	4204
SPATCH	88	0.19129518241034524	hard	ENSG00000165215	CLDN3	205083.0	201346.0	3737.0	196923.0	8160.0	4423.0	0.0007593877919850713	0.429048636657852	0.4293211149597221	-0.02724783018701049	0.2114986558484011	0.211610312400092	-0.011165655169090294	3435.4166666666665	0.42121342161190123	1696.3958333333333	0.20799360389079613	1887.75	0.42699615471612756	928.9166666666667	0.21011460453894293	7991	4329
SPATCH	89	0.1920434027348011	hard	ENSG00000160789	LMNA	200456.0	196660.0	3796.0	192416.0	8040.0	4244.0	0.0007482203244558791	0.40507138661181735	0.40532235316666754	-0.025096655485018493	0.1980352352567239	0.1981814284478504	-0.014619319112649243	3209.375	0.3998224741497446	1575.9583333333335	0.1963321705909223	1725.5	0.4067656765676568	855.125	0.2015853371051391	7932	4175
SPATCH	90	0.1927776637248455	hard	ENSG00000185650	ZFP36L1	195351.0	191681.0	3670.0	187461.0	7890.0	4220.0	0.0007342609900443888	0.4325343825231778	0.43281006123184046	-0.02756787086626855	0.2178480723590978	0.21797388990100935	-0.01258175419115437	3316.8958333333335	0.4209258671742809	1671.2916666666667	0.2120928510998308	1785.3333333333335	0.4233657418385899	897.4166666666667	0.21280926408979528	7736	4155
SPATCH	91	0.19351024959476051	hard	ENSG00000171223	JUNB	192143.0	188520.0	3623.0	184271.0	7872.0	4249.0	0.00073258586991501	0.4046333531276806	0.4050211916896724	-0.038783856199176014	0.19553157806091792	0.195740536738161	-0.020895867724307626	3080.1458333333335	0.3918262095577323	1490.0208333333335	0.1895459653139974	1690.8541666666667	0.39812907150145205	822.7291666666666	0.19372007691703946	7752	4168
SPATCH	92	0.19422729407236408	hard	ENSG00000142173	COL6A2	193490.0	189873.0	3617.0	185785.0	7705.0	4088.0	0.0007170444776035508	0.30914264925965	0.3092880805173858	-0.014543125773580634	0.13807207291084767	0.13809068571900437	-0.0018612808156709404	2367.083333333333	0.3076531496404124	1071.0416666666667	0.13920479161251192	1278.9791666666665	0.31309159526723784	576.2708333333334	0.14106997144022848	7446	3973
SPATCH	93	0.19494359405213235	hard	ENSG00000092841	MYL6	195207.0	191658.0	3549.0	187510.0	7697.0	4148.0	0.0007162999797682713	0.3994582910373537	0.399633316624372	-0.017502558701831816	0.19547418065424624	0.1956103731319904	-0.0136192477744157	3000.729166666667	0.3904149319108336	1457.0	0.18956544366380432	1620.1666666666665	0.39077826017044537	791.1041666666666	0.19081142466634507	7587	4080
SPATCH	94	0.19565905647183593	hard	ENSG00000142192	APP	189550.0	186101.0	3449.0	181862.0	7688.0	4239.0	0.0007154624197035819	0.3941747363493002	0.3942347853365599	-0.006004898725969765	0.18855117076398867	0.1885938200233038	-0.004264925931513064	2984.0625	0.388499218851712	1430.8125	0.18627945580002603	1638.4791666666667	0.3865249272627192	789.75	0.18630573248407642	7551	4175
SPATCH	95	0.19636670166426906	hard	ENSG00000254772	EEF1G	192221.0	188703.0	3518.0	184617.0	7604.0	4086.0	0.0007076451924331473	0.39555147352274656	0.3958747598367509	-0.032328631400435626	0.19071834233896579	0.19090183398997104	-0.018349165100525755	2977.6875	0.3918525463876826	1454.2083333333335	0.19136838180462343	1648.2916666666667	0.40359737185765593	818.4375	0.20040095494613125	7492	4027
SPATCH	96	0.19706215570464952	hard	ENSG00000168394	TAP1	188200.0	184720.0	3480.0	180727.0	7473.0	3993.0	0.0006954540403804458	0.4361530372962108	0.4364458562897392	-0.02928189935283987	0.2169785319025995	0.21709660832082808	-0.011807641822858539	3179.5625000000005	0.42592933690555934	1595.7708333333335	0.21376702388926103	1718.8541666666667	0.4305746910487642	863.9999999999999	0.2164328657314629	7323	3925
SPATCH	97	0.19775733055834174	hard	ENSG00000161011	SQSTM1	189603.0	186071.0	3532.0	182133.0	7470.0	3938.0	0.000695174853692216	0.41097558240180704	0.41099388276418386	-0.0018300362376821866	0.20210446639996343	0.2020511786322488	0.0053287767714627066	3037.0	0.4069954435808094	1504.3125	0.20159642187081211	1592.125	0.4042978669375317	782.1875	0.19862557135601827	7344	3865
SPATCH	98	0.19844571186928703	hard	ENSG00000177606	JUN	184833.0	181423.0	3410.0	177436.0	7397.0	3987.0	0.0006883813109452907	0.4092080208643546	0.4091887914961221	0.0019229368232509536	0.19938510165958254	0.19931940751609828	0.006569414348425728	2996.0416666666665	0.40558300618203147	1472.875	0.19938743739000947	1600.0208333333333	0.4016116549531459	782.4583333333334	0.1964001840696118	7283	3912
SPATCH	99	0.19913269724679117	hard	ENSG00000147684	NDUFB9	183451.0	179954.0	3497.0	176069.0	7382.0	3885.0	0.0006869853775041418	0.40387527977323595	0.40418995125296564	-0.0314671479729689	0.1958213787661432	0.19594199473606166	-0.012061596991846946	2928.8125	0.39701945235190456	1436.9375	0.19478615968550902	1574.6666666666665	0.40542396155166494	774.625	0.19944001029866118	7236	3800
SPATCH	100	0.19981540176174245	hard	ENSG00000211450	SELENOH	180392.0	177052.0	3340.0	173056.0	7336.0	3996.0	0.0006827045149512848	0.410788378865622	0.41078025507705057	0.0008123788571401391	0.20111819904775113	0.20105355864511512	0.006464040263601256	2997.479166666667	0.40898883431118394	1489.8333333333335	0.20327921044253425	1626.0625	0.40712631447170755	807.6666666666666	0.20221999666165916	7219	3930
SPATCH	1	0.012597402383956938	soft_expected	ENSG00000198938	MT-CO3	4872508.006194749	4781519.0	90989.00619474892	4674741.645753566	197766.36044118294	106777.35424643393	0.012597402383956936	0.40269162899887206	0.4029687829270746	-0.02771539282025448	0.1905765208950641	0.19072125007092008	-0.014472917585597878	78612.55641988045	0.39794552241348263	38008.58559006907	0.19240369652973827	43362.84299867823	0.4063155519640067	21391.235729254986	0.2004386970842607	236452	151672
SPATCH	2	0.02309864275236443	soft_expected	ENSG00000205542	TMSB4X	3793321.607815236	3723120.0	70201.60781523585	3628462.8516622363	164858.7561529999	94657.14833776408	0.010501240368407489	0.38542456701087957	0.38559775782732275	-0.017319081644318057	0.18453203361499604	0.18462581103568826	-0.00937774206922204	63601.282540297296	0.38620156277653106	30939.364656071877	0.18787091241308285	37235.47701255789	0.39358844740989485	18356.448014403013	0.1940323168550437	225611	150831
SPATCH	3	0.03131464339117011	soft_expected	ENSG00000198712	MT-CO2	2881641.046858788	2828060.0	53581.046858788	2752658.2221307065	128982.8247280815	75401.77786929361	0.00821600063880568	0.40110480043977903	0.40147963764907113	-0.03748372092921004	0.1893668950888639	0.18954597525073563	-0.017908016187173637	51121.04318967674	0.39674244977456263	24708.788013279765	0.19176105329025372	30730.018635030163	0.40770179239833404	15087.890900722789	0.20017430632870026	189357	128318
SPATCH	4	0.038178506547662604	soft_expected	ENSG00000198899	MT-ATP6	2285502.2752604852	2243857.0	41645.27526048524	2177746.629004827	107755.64625565826	66110.37099517314	0.00686386315649249	0.4000640068313144	0.40022293731926534	-0.0158930487950959	0.18888065813917448	0.18896301860887502	-0.008236046970053201	42888.354317511345	0.3983846201734843	20671.982009291	0.19201948482415837	26609.905892789142	0.4027213231347114	13002.927458528602	0.19678972829972807	172187	119831
SPATCH	5	0.04437757810644697	soft_expected	ENSG00000211896	IGHG1	2870436.8436776884	2817724.0	52712.84367768839	2773117.7470156234	97319.09666206519	44606.252984376835	0.00619907155878437	0.3921785021318381	0.3925214202816168	-0.03429181497787148	0.17869424759559183	0.17884995144538793	-0.015570384979610163	35264.103185595384	0.36308284961668985	16269.723497337003	0.16751475399214807	15621.59996846952	0.3504380656775513	7318.176964541861	0.16416806120476532	77134	45576
SPATCH	6	0.05048852154015019	soft_expected	ENSG00000198886	MT-ND4	1993417.357992711	1958061.0	35356.35799271101	1897481.7829503096	95935.57504240169	60579.21704969055	0.006110943433703217	0.3993372724307233	0.3994840371670464	-0.014676473632307951	0.188375097002345	0.18843189468301585	-0.005679768067085034	38287.42414235059	0.39945717697552063	18493.864642235283	0.19294865420792864	24480.77145525645	0.40426929849191195	11956.670857852929	0.1974494532918409	159405	112962
SPATCH	7	0.05594230062893965	soft_expected	ENSG00000211592	IGKC	2547894.4654641687	2500062.0	47832.465464168694	2462275.6999309096	85618.7655332587	37786.300069090124	0.0054537790887894625	0.40979092087807933	0.4100491130497185	-0.025819217163919328	0.1870883321780668	0.18719215073562784	-0.010381855756103064	32433.478932040027	0.3796079479770409	14986.453465590608	0.17540445967719795	13545.169192060248	0.35858881698427825	6327.970425025662	0.16752388962048187	66532	38826
SPATCH	8	0.061159003356586965	soft_expected	ENSG00000212907	MT-ND4L	1654480.0488666624	1624076.0	30404.04886666243	1572583.1402417324	81896.90862493025	51492.85975826765	0.005216702727647307	0.3965604348085039	0.3967924261722106	-0.023199136370671836	0.18607570561783573	0.1862048359547012	-0.012913033686545727	32405.48218281572	0.3960223884840271	15560.2269725366	0.1901591285157693	20742.607708309777	0.4030212550747394	10120.633303832084	0.1966401907426315	142897	101967
SPATCH	9	0.06515430925040173	soft_expected	ENSG00000198763	MT-ND2	1218037.7686836906	1196140.0	21897.768683690578	1155315.5437847532	62722.22489893722	40824.4562152467	0.0039953058938147715	0.39554905606183766	0.39549381445930465	0.005524160253300714	0.18530895392149366	0.18524237256251413	0.0066581358979522776	24940.51089580188	0.3979108605297808	11980.801468199063	0.1911464862113152	16224.404059163986	0.3975583543770521	7848.778821732654	0.19232432703591568	118792	86920
SPATCH	10	0.06905894843660822	soft_expected	ENSG00000198727	MT-CYB	1199237.6115222978	1177686.0	21551.61152229784	1137938.7613978072	61298.85012449075	39747.23860219286	0.003904639186206484	0.398855635975033	0.39911154079258043	-0.025590481754744765	0.18804453008541552	0.1881344695855668	-0.008993950015126484	24419.375603469816	0.39881198611284596	11798.29462278343	0.19268720820970464	16143.246694328085	0.40637026615984284	7860.285438020935	0.19786517210711885	115974	84798
SPATCH	11	0.07251643866349906	soft_expected	ENSG00000108821	COL1A1	1166921.9063422708	1145043.0	21878.906342270784	1112642.838516037	54279.06782623418	32400.161483963144	0.0034574902268908474	0.28381950160819097	0.2837605259822082	0.005897562598278228	0.12295986057828721	0.12289925526541805	0.006060531286916637	15591.65944626566	0.28779106779822844	6886.517926227537	0.12711144405320768	9333.223799284973	0.2883837878699434	4135.067566567796	0.12776790459437262	85099	57974
SPATCH	12	0.0752826682253684	soft_expected	ENSG00000198840	MT-ND3	791022.0325235645	776247.0	14775.032523564529	747595.0516332496	43426.98089031498	28651.948366750425	0.002766229561869334	0.39531293166615133	0.39560443751157287	-0.02915058454215358	0.18609795649355107	0.18622863038524112	-0.013067389169005295	17133.574746870047	0.3948403450060171	8231.496315066976	0.18969344652087475	11527.718901274453	0.4024924027608288	5587.391815217402	0.19508480178367418	88046	66086
SPATCH	13	0.07794800758107115	soft_expected	ENSG00000198888	MT-ND1	767470.3511564271	753214.0	14256.35115642706	725627.2435337581	41843.10762266899	27586.75646624186	0.002665339355702733	0.3933358597669943	0.39344525052039364	-0.010939075339932991	0.18501048969602832	0.18510457678602774	-0.009408708999941728	16508.02363141475	0.3948600841717844	7899.480358716766	0.1889499039376492	10991.876711722693	0.3986332537067621	5336.98444675375	0.1935519775911315	85424	64278
SPATCH	14	0.08057407569655022	soft_expected	ENSG00000167996	FTH1	752180.5579967671	738116.0	14064.557996767107	710953.9687651382	41226.58923162876	27162.03123486169	0.002626068115479078	0.4097607898818142	0.40991991429029495	-0.01591244084807597	0.20332209862994083	0.20343437145914922	-0.011227282920839299	16677.641721673215	0.40490923673008694	8280.708934488925	0.20104374408587142	11041.545435756036	0.40672358098531153	5508.669444174206	0.20291595735714935	84367	63992
SPATCH	15	0.08315433197938607	soft_expected	ENSG00000130303	BST2	733706.292900175	719914.0	13792.292900174973	693198.9026852048	40507.39021497031	26715.0973147953	0.0025802562828358463	0.41213576901801785	0.412495043960657	-0.035927494263915394	0.201195848660962	0.20138787680066747	-0.019202813970548016	16520.729405832313	0.4081935432176201	8145.931990108005	0.20126937256644856	11104.00773313718	0.41583991198792386	5513.573848518305	0.20648076973727064	83394	62993
SPATCH	16	0.08565070396505677	soft_expected	ENSG00000168542	COL3A1	796745.9686080386	781859.0	14886.968608038616	757555.4762457275	39190.492362311146	24303.523754272483	0.0024963719856707063	0.28817749686342214	0.2881331464660316	0.00443503973905357	0.125937677067795	0.12587193439508954	0.006574267270545442	11417.131502034641	0.29176325331432984	5077.016154470603	0.1297424620268035	7103.990194760342	0.2925293869676514	3155.9103043335117	0.12995464257995376	67146	47390
SPATCH	17	0.08809306612311228	soft_expected	ENSG00000164692	COL1A2	777702.7473709707	763237.0	14465.747370970668	739360.1541794535	38342.5931915172	23876.84582054655	0.0024423621580555014	0.28507309244053625	0.2851492056386068	-0.007611319807054873	0.12422585297774227	0.1242505093759068	-0.0024656398164527027	11017.61392299646	0.28782262610963705	4878.071144505203	0.12743405758942034	6964.426588609173	0.29191697307180847	3105.3310725564133	0.13016130410063412	67095	47324
SPATCH	18	0.09049382810024655	soft_expected	ENSG00000163220	S100A9	756699.4212188295	742793.0	13906.421218829462	719009.9084103731	37689.512808456326	23783.091589626794	0.0024007619771342706	0.391889310998688	0.39209407825468134	-0.020476725599333223	0.1892936994519613	0.1893940975613041	-0.010039810934278637	14853.640859674144	0.39448862539867646	7271.592974922863	0.1931217231004818	9567.894847247686	0.40239907252299073	4719.533051254147	0.19849044673735908	67453	48821
SPATCH	19	0.09288264746610925	soft_expected	ENSG00000101443	WFDC2	682885.4039492626	670129.0	12756.403949262574	645383.3779490669	37502.02600019569	24745.62205093306	0.002388819365862697	0.42379773534616466	0.424219603004217	-0.042186765805235504	0.2088041060454747	0.20904506698874614	-0.024096094327144546	15688.201218182716	0.4186502924660926	7789.9361652864445	0.2078797313046663	10573.617460097841	0.4274229693103165	5292.169332270806	0.21392817913343082	75130	56230
SPATCH	20	0.0952433303520758	soft_expected	ENSG00000197956	S100A6	680323.4275311595	667377.0	12946.427531159483	643263.1155490675	37060.31198209188	24113.88445093251	0.0023606828859665465	0.38775022801602527	0.3880907977446732	-0.034056972864793256	0.18742747053450812	0.18761584085783575	-0.01883703233276357	14313.883800079075	0.38655563319981184	7002.50051187178	0.18910702763520051	9529.55655049309	0.3953395932509028	4705.733634411682	0.19522029289800957	74420	55368
SPATCH	21	0.0975956207063016	soft_expected	ENSG00000130066	SAT1	669264.9887139011	656847.0	12417.98871390114	632336.4309146691	36928.55779923198	24510.56908533087	0.002352290354225795	0.44758016992496247	0.44802562780402694	-0.04454578790644703	0.22745827238785946	0.22772802518926444	-0.026975280140498215	15808.836905391398	0.42841294878037894	7943.172757788677	0.21525670004702796	10550.573265618903	0.43064659066892386	5299.419090535297	0.2163083186485944	75707	57483
SPATCH	22	0.0998989013425245	soft_expected	ENSG00000075624	ACTB	651324.5743825586	640718.0	10606.574382558581	615165.4191363503	36159.15524620846	25552.580863649844	0.0023032806362229007	0.365935752504862	0.3660947139442388	-0.015896143937682572	0.17255841166698152	0.17260486906303416	-0.004645739605263488	13294.787182099662	0.3681393358723681	6376.448408540126	0.17656705971984196	9524.499028500717	0.373038511673864	4580.307336893775	0.17939327064351587	76393	60316
SPATCH	23	0.10215715162694006	soft_expected	ENSG00000166405	RIC3	669432.6491532444	656973.0	12459.649153244449	633980.4244721552	35452.224681089356	22992.575527844874	0.002258250284415562	0.55805643485765	0.5585964419436165	-0.05400070859664652	0.3062537607223653	0.30653132607860417	-0.027756535623885137	18178.08909370387	0.513287152675476	9709.690748186882	0.27416850538060444	11594.786752552765	0.5044966520232336	6084.5318915672	0.264741908060398	69489	50894
SPATCH	24	0.1043087719648312	soft_expected	ENSG00000142089	IFITM3	604511.2096845321	593467.0	11044.209684532136	570732.966336692	33778.24334784006	22734.03366330797	0.0021516203378911343	0.38498300341606867	0.38530437094161785	-0.03213675255491766	0.18426279108385443	0.1844399853990969	-0.017719431524246265	13004.500227934186	0.38531620845032283	6315.524864884841	0.1871255375184634	8950.846055809194	0.3938651797057118	4389.208194358926	0.1931388679302534	71761	55454
SPATCH	25	0.10635696275085976	soft_expected	ENSG00000196776	CD47	574205.0955164031	563241.0	10964.09551640309	542050.590571964	32154.504944439213	21190.409428036037	0.002048190786028558	0.4481622134008286	0.44829632666185826	-0.013411326102963361	0.22401941919213234	0.22406908908841336	-0.004966989628102381	14175.500695248722	0.44114665547073273	7123.564724583008	0.2216878839653534	9344.138496987916	0.4410843159281822	4698.772143372268	0.22180265170832425	66374	50252
SPATCH	26	0.10824179155417563	soft_expected	ENSG00000243649	CFB	540907.8541263229	531070.0	9837.854126322898	511317.96558222093	29589.888544102007	19752.03441777908	0.001884828803315874	0.4416291262688738	0.4417230042702271	-0.009387800135329805	0.22040275061404185	0.22044634989483022	-0.004359928078837005	12877.730581007409	0.4354277761413544	6464.953093136706	0.2185959809063245	8586.868986347241	0.4348642182252918	4321.797433458462	0.21886849155578658	61279	46383
SPATCH	27	0.11011275265067683	soft_expected	ENSG00000108518	PFN1	515333.41990011034	505499.0	9834.41990011034	485961.2401995312	29372.179700579134	19537.75980046875	0.0018709610965011996	0.38714212794771036	0.38717003681928863	-0.002790887157827493	0.18591578770635223	0.18587117537990516	0.0044612326447063255	11416.378644917986	0.3890081984885223	5576.903424353773	0.19003058865939684	7630.476098208774	0.3906678021467237	3729.506496469026	0.1909445868534346	62865	48600
SPATCH	28	0.11198129407263827	soft_expected	ENSG00000143320	CRABP2	522488.452800896	512732.0	9756.452800896019	493154.2595210562	29334.193279839856	19577.740478943797	0.0018685414219614474	0.4022728701789017	0.4025218575022897	-0.024898732338801688	0.19441309646517455	0.19456539167551307	-0.015229521033852111	11896.068314897759	0.40584849896896763	5849.6386317607485	0.19956736926585056	8104.530265764912	0.41414874100850846	4033.6183756188943	0.20612150454023695	60747	46270
SPATCH	29	0.11381999674590206	soft_expected	ENSG00000019582	CD74	529619.7911952107	519907.0	9712.791195210651	500754.03581631207	28865.755378898582	19152.964183687916	0.0018387026732637971	0.36755527292691714	0.36767114300958553	-0.011587008266839005	0.17184696316804496	0.17187664019844423	-0.0029677030399272164	10681.095403713847	0.3702822219060263	5094.077340409109	0.17659670706732689	7175.184989898734	0.3748089461702114	3442.195004473353	0.17980936853270343	59795	45728
SPATCH	30	0.11553037316967381	soft_expected	ENSG00000104341	LAPTM4B	480228.7152024538	471264.0	8964.715202453779	453377.550970015	26851.16423243879	17886.449029985008	0.0017103764237717412	0.4249895036474093	0.42526595876444795	-0.027645511703866532	0.20718952668971286	0.20729425220485137	-0.010472551513851514	11365.650309143772	0.42356860180607137	5639.130431663703	0.21015591078147502	7691.4066553983275	0.4301387385394251	3833.7217999293357	0.2143993072808471	57267	43796
SPATCH	31	0.1172282302007355	soft_expected	ENSG00000034510	TMSB10	473858.0073381753	465278.0	8580.007338175317	447203.3847939147	26654.6225442606	18074.61520608532	0.0016978570310616792	0.3588550818015296	0.3589429317559363	-0.008784995440669352	0.16817654492297185	0.16818130831751563	-0.00047633945437774994	9670.361883433614	0.3631844540511704	4616.907385864538	0.1733946473308875	6638.304551113349	0.36749805911916333	3179.013560934281	0.1759909182474777	58866	46913
SPATCH	32	0.11878640138001752	soft_expected	ENSG00000120738	EGR1	436540.4838345839	428702.0	7838.483834583894	412078.786599018	24461.697235565818	16623.213400981924	0.0015581711792820128	0.42763956349716925	0.4279044270979228	-0.026486360075356208	0.21334755896096683	0.21347290176598382	-0.012534280501699802	10096.592578176882	0.413171172621706	5025.064589574694	0.20563490235923582	6863.870468737718	0.41318642677400685	3409.3617076466917	0.2052343481682466	52591	41342
SPATCH	33	0.12024354211294336	soft_expected	ENSG00000100342	APOL1	413517.8289595641	405766.0	7751.828959564096	390642.2066194905	22875.622340073605	15123.7933805095	0.001457140732925843	0.4278105520222543	0.4280055702544957	-0.019501823224138404	0.209801274293321	0.20993507945236106	-0.01338051590400735	9624.643513211086	0.42099732625532926	4748.7769356242625	0.20771911085710296	6391.965228014438	0.4227397822780339	3178.927445309201	0.21024192844758738	47474	36455
SPATCH	34	0.12168571905911305	soft_expected	ENSG00000125730	C3	398486.4064999935	391066.0	7420.406499993522	375845.700339858	22640.706160135487	15220.299660141975	0.0014421769461696893	0.3918991387318519	0.3920209654118462	-0.012182667999433017	0.18981195185843835	0.18988588800253794	-0.007393614409959004	8832.871052453633	0.39038288607428656	4314.072488250585	0.1906673445922336	5974.72671991844	0.39277418832866967	2935.5982667142935	0.1929840945902704	48337	37572
SPATCH	35	0.12312503665349674	soft_expected	ENSG00000165949	IFI27	391540.3333011859	384200.0	7340.333301185921	368944.51604581845	22595.817255367518	15255.483954181545	0.0014393175943836942	0.3941039991244489	0.3941918870164657	-0.008788789201680247	0.1907243630268571	0.19075724523067653	-0.0032882203819417644	8975.149076873122	0.3974899067973106	4411.477022702424	0.1953747593018674	6120.344406115375	0.4013300496605939	3026.205200770826	0.19843770267159838	49170	38789
SPATCH	36	0.12454938691502535	soft_expected	ENSG00000185499	MUC1	392365.4964353398	385051.0	7314.496435339795	370004.6510300444	22360.84540529537	15046.348969955605	0.0014243502615286106	0.46420642911766274	0.46473657326328077	-0.05301441456180278	0.2372267310196683	0.23760276624382234	-0.03760352241540532	10019.253878581541	0.448325270116009	5079.419219813295	0.22728558646700728	6831.416454999533	0.45417497267116896	3490.768588713717	0.23207774534374156	48082	37355
SPATCH	37	0.12591700705356798	soft_expected	ENSG00000198786	MT-ND5	372467.84220865835	365723.0	6744.842208658345	350997.6018351278	21470.240373530585	14725.39816487224	0.0013676201385426317	0.39619427388923206	0.39633609106201384	-0.014181717278177741	0.18567526006225185	0.18570195676101997	-0.002669669876811942	8503.406431306314	0.3963903699008678	4057.8828388364436	0.18916015510899892	5887.636420086764	0.40000146268831266	2817.4765232225445	0.1914171749012979	47012	37321
SPATCH	38	0.12727121655882853	soft_expected	ENSG00000113140	SPARC	399155.1995358683	391953.0	7202.199535868305	377895.492417891	21259.7071179773	14057.50758210897	0.0013542095052605477	0.28491173780112217	0.28491671988080036	-0.0004982079678195195	0.12435213661580471	0.12430103235419329	0.005110426161142323	6076.391048254053	0.28628627228815406	2706.8440281147646	0.12753166811031538	4033.267351887729	0.2871275069008972	1794.2467944688901	0.12773207524159177	42204	31534
SPATCH	39	0.12859520154661333	soft_expected	ENSG00000115457	IGFBP2	359876.41706153087	352992.0	6884.4170615308685	339091.20402059297	20785.21304093787	13900.795979407032	0.0013239849877847978	0.3916650985047334	0.39184897546095754	-0.018387695622412714	0.18566072886853827	0.18578298520551256	-0.012225633697429683	8072.40792571962	0.3886897273558483	3872.889015764323	0.18648118250078385	5444.191775689084	0.39188595647486874	2639.416519923313	0.18999151941424708	45606	35943
SPATCH	40	0.12989260320568732	soft_expected	ENSG00000100097	LGALS1	348367.47124474513	341903.0	6464.471244745131	327999.5893334568	20367.88191128827	13903.410666543139	0.0012974016590739938	0.34802019323832173	0.34830438751058607	-0.028419427226433758	0.16304872788395433	0.16319863171410393	-0.014990383014959474	7077.315700525299	0.3477797745991614	3361.0239101348534	0.1651609434071639	4928.470128765803	0.3546550021174963	2360.0071290567466	0.16982721036853013	45092	36267
SPATCH	41	0.1311396791018085	soft_expected	ENSG00000106211	HSPB1	332257.99286287447	326144.0	6113.992862874467	312680.17406716023	19577.81879571429	13463.82593283981	0.0012470758961211578	0.4075355916011095	0.40786799266131607	-0.033240106020654414	0.1992311554518448	0.19938164224529364	-0.015048679344883964	7943.068990319924	0.4060635510250025	3935.7768938734416	0.2012037845215838	5564.6518287264735	0.41344599758155154	2769.1288617908535	0.20574247588766112	42915	34175
SPATCH	42	0.13238357610621412	soft_expected	ENSG00000080824	HSP90AA1	341191.8312251369	335109.0	6082.831225136877	321663.9177849593	19527.91344017756	13445.0822150407	0.00124389700440566	0.41003515109220046	0.4102174024459298	-0.018225135372934576	0.20031601148519226	0.2004096619107471	-0.009365042555484204	7946.572561093272	0.4071335470830979	3915.589183704119	0.20061072884261788	5515.425920753067	0.4103633247688311	2729.437617103385	0.20307789668412946	43461	34652
SPATCH	43	0.13362584714336626	soft_expected	ENSG00000164733	CTSB	340563.7299873942	334412.0	6151.729987394181	321061.342573625	19502.387413769182	13350.657426375012	0.0012422710371521165	0.3633692182720528	0.3636534137491049	-0.028419547705210713	0.17090741456491393	0.1711165891330818	-0.020917456816788027	7095.882153411736	0.3641457515489871	3375.2361001200707	0.17321001952414733	4958.40353320095	0.3716205904268618	2395.1225403159956	0.1795087565215405	42126	33846
SPATCH	44	0.13486197201780903	soft_expected	ENSG00000181143	MUC16	337601.4445772892	331299.0	6302.444577289221	318195.5456452446	19405.898932044613	13103.454354755446	0.0012361248744427967	0.45849234559505125	0.4587862811243524	-0.029393552930112588	0.23384315379764647	0.23406578873191236	-0.02226349342658862	8636.534576309785	0.4453414353402319	4371.494440996535	0.22541536674621554	5848.410720974386	0.4464532234745187	2973.556880895067	0.22699398486145622	41999	32742
SPATCH	45	0.13608789131069507	soft_expected	ENSG00000170345	FOS	333349.94404025225	327172.0	6177.944040252245	314104.2623227688	19245.68171748345	13067.737677231231	0.0012259192928860488	0.45747684753133394	0.4575370922714462	-0.006024474011223635	0.23543583302117113	0.2354335060709099	0.0002326950261227756	8379.606860059655	0.4358266839414893	4242.214624352917	0.22063926902253983	5579.71831293494	0.4271200875968544	2790.382065424075	0.21360007179031212	42260	33766
SPATCH	46	0.13730192262800028	soft_expected	ENSG00000163041	H3F3A	325011.03697291145	318926.0	6085.036972911446	305951.9843391057	19059.05263380574	12974.015660894285	0.001214031317305204	0.39783750650985555	0.39806084886024423	-0.022334235038867778	0.1922674637572878	0.19235385929240376	-0.008639553511596842	7602.6132749930775	0.3993135883234108	3743.83294804417	0.19663809199453094	5259.02918128421	0.40549249706574925	2604.3571660699013	0.20080650898059568	42214	33805
SPATCH	47	0.13849912708332424	soft_expected	ENSG00000096384	HSP90AB1	323165.60214612074	317342.0	5823.602146120742	304370.714071821	18794.88807429972	12971.285928178984	0.0011972044553239536	0.4058303696734646	0.4062074666380789	-0.037709696461429854	0.19691977329561725	0.19714223103675513	-0.022245774113788253	7603.370327741231	0.40487890582793634	3738.8309884455207	0.1990924727359831	5364.410098199965	0.41367521939247026	2664.9487311691523	0.2055068928093331	41746	33503
SPATCH	48	0.1396879237519943	soft_expected	ENSG00000092010	PSME1	324989.7729302842	318884.0	6105.772930284205	306326.8785254116	18662.894404872644	12557.121474588455	0.001188796668670053	0.40572819140100663	0.4057698715071936	-0.004168010618699203	0.19794477800087426	0.197952724522428	-0.000794652155372555	7640.086406899461	0.4098057190747089	3775.857779131646	0.20253280262688006	5181.75330838249	0.41284287582281476	2572.5502858780205	0.2049613316215961	41433	32862
SPATCH	49	0.14085007130449465	soft_expected	ENSG00000104904	OAZ1	314716.63967979746	308697.0	6019.639679797459	296472.10920053616	18244.53047926129	12224.89079946386	0.0011621475525003418	0.37747634938851965	0.37742700252243866	0.004934686608099037	0.1800653932294459	0.18003965396934965	0.002573926009624694	6922.69590174132	0.3797620722419287	3340.760906804272	0.18326592744218195	4638.314536257788	0.37964087435439103	2250.377000782091	0.18419084896584142	41038	33230
SPATCH	50	0.1420017904208728	soft_expected	ENSG00000160932	LY6E	312580.12888922426	306833.0	5747.128889224259	294499.3142137546	18080.81467546962	12333.685786245378	0.0011517191163781632	0.3970706050881086	0.3971304495051156	-0.005984441700701559	0.19105910624420896	0.19111112546758544	-0.005201922337647047	7207.399533387975	0.3988948631370489	3512.263282079398	0.19438686237888714	4946.364515690247	0.40123268729365336	2431.4378367996546	0.19723017463674639	39826	32104
SPATCH	51	0.14315130603237666	soft_expected	ENSG00000102265	TIMP1	332867.7799087417	326720.0	6147.779908741708	314821.5580108878	18046.221897853917	11898.441989112182	0.001149515611503868	0.29701116684301393	0.2970108229550174	3.438879965234065e-05	0.13036780956844368	0.13041109463921438	-0.0043285070770698875	5444.457934918353	0.30192728950889736	2419.355276754902	0.13416751305667132	3621.0017838487247	0.30445539274779293	1633.1624592795622	0.13731700442091888	36908	28269
SPATCH	52	0.14429214180145114	soft_expected	ENSG00000120885	CLU	320374.25499420677	314447.0	5927.254994206771	302464.2977637934	17909.957230413453	11982.702236206658	0.001140835769074477	0.4156399391375971	0.41580756970337096	-0.01676305657738464	0.20256399626339788	0.20256176855469163	0.00022277087062538836	7410.498168318592	0.4140076327189664	3684.1461444086676	0.20582484324173517	5003.417207109341	0.41759917028225535	2484.6646435958464	0.20737704865406129	37639	29391
SPATCH	53	0.14541720028246347	soft_expected	ENSG00000161960	EIF4A1	305095.6746439276	299628.0	5467.674643927603	287433.4047336917	17662.26991023584	12194.595266308253	0.001125058481012338	0.40886533288088334	0.4090723829148202	-0.020705003393683974	0.2002124494005024	0.20038282075344616	-0.017037135294376005	7209.43148727623	0.40858526656360655	3544.8943086770446	0.2009023303164552	5040.5402504148105	0.413546429465308	2503.4914277537846	0.20539662212981694	39516	32067
SPATCH	54	0.14651739466923586	soft_expected	ENSG00000143384	MCL1	290750.987285833	285004.0	5746.987285832991	273479.05827871565	17271.92900711735	11524.941721284356	0.0011001943867723915	0.44395064780524796	0.44409939810479493	-0.01487502995469736	0.22409667939894207	0.22414001497963057	-0.004333558068850274	7411.003393324374	0.42952509659758353	3718.2671134993425	0.2155024031617684	4907.538224214342	0.4260215053629619	2445.529669232483	0.2122954898151609	38576	31142
SPATCH	55	0.14759703147626	soft_expected	ENSG00000096696	DSP	291489.0931211975	286055.0	5434.093121197482	274539.89713493444	16949.195986263017	11515.102865065552	0.0010796368070241356	0.4284145911204305	0.42871949719954894	-0.03049060791184277	0.21074740234286593	0.21088899503588998	-0.014159269302405075	7197.17658977312	0.4250297247023253	3584.759118185441	0.21169817943490787	4961.05625604423	0.4310080700515282	2482.357085222049	0.21566293169459144	37439	29902
SPATCH	56	0.14866964886463246	soft_expected	ENSG00000160888	IER2	288510.17097096005	283151.0	5359.170970960055	271671.17269346595	16838.998277494127	11479.827306534042	0.0010726173883724753	0.4262728738225259	0.42643853132980875	-0.01656575072828681	0.21076885443516113	0.21089730110825247	-0.012844667309133695	7049.4624312620235	0.4189505066928413	3488.5817530080044	0.2073268858885815	4814.097224027603	0.4196192543500161	2396.4834641788516	0.20888871942215417	37597	30335
SPATCH	57	0.1497242480504771	soft_expected	ENSG00000262655	SPON1	289117.9137444985	283773.0	5344.91374449851	272561.7828572022	16556.130887296236	11211.217142797743	0.0010545991858446375	0.4331652201702848	0.4336769158172229	-0.05116956469380929	0.21367753785685506	0.21405290115425613	-0.03753632974010657	7045.0755370029865	0.4259227550965992	3497.161268514582	0.21142719544728952	4878.792500846345	0.4354258795951133	2463.418097611967	0.219856858388041	36613	28922
SPATCH	58	0.15071102566048517	soft_expected	ENSG00000172757	CFL1	267431.288425884	262471.0	4960.288425883977	251939.88706010158	15491.401365782393	10531.112939898405	0.000986777610008049	0.38415647526489066	0.3843411262755265	-0.01846510106358612	0.18386016091833934	0.1839091469381012	-0.004898601976185968	5976.17105886465	0.3860815856360552	2920.567816367945	0.1886789120315415	4122.417358917693	0.3915879771986666	2023.0152210914243	0.1921659961371031	34823	28502
SPATCH	59	0.15168466500388908	soft_expected	ENSG00000189143	CLDN4	264866.6476334678	260092.0	4774.647633467801	249581.50364437373	15285.143989094122	10510.496355626277	0.0009736393434039351	0.4476949248326599	0.44827857974851776	-0.058365491585787854	0.22409700719708253	0.2243744852720457	-0.027747807496317223	6643.843620320563	0.43520828121272287	3335.1759768204206	0.21847236138648687	4662.348136140358	0.4439849102267498	2339.5105856414707	0.22278632290218348	33926	27334
SPATCH	60	0.15264243704083474	soft_expected	ENSG00000026025	VIM	261949.50595468096	257175.0	4774.505954680964	246913.46248271025	15036.043471970654	10261.537517289724	0.0009577720369456694	0.299518508509825	0.299315775309351	0.020273320047398125	0.13119788666971877	0.13111096822460203	0.00869184451167404	4578.917923152358	0.3049081875555887	2025.4052000601964	0.13487086665027134	3099.724000883568	0.3023327936625333	1377.9590901144295	0.1343997791894461	32564	25703
SPATCH	61	0.1535960238195735	soft_expected	ENSG00000128016	ZFP36	253706.93927353123	248807.0	4899.9392735312285	238736.60008390923	14970.339189621978	10070.399916090748	0.0009535867787387179	0.43058862337259374	0.4307635413221936	-0.017491794959983986	0.21498850117238436	0.21509030572876534	-0.010180455638097996	6273.938506857594	0.4193792180100994	3111.7656433942043	0.20800488253605645	4210.378660751639	0.41825101892817723	2085.0493692256273	0.2071248439774509	33620	27169
SPATCH	62	0.154545811639859	soft_expected	ENSG00000164924	YWHAZ	257853.240665809	253149.0	4704.240665808989	242942.54124666148	14910.69941914751	10206.45875333851	0.0009497878202855326	0.40357499440785227	0.4038882769114826	-0.031328250363032994	0.19603145743850023	0.19624787750425104	-0.02164200657508164	6039.065407742312	0.40515898898774544	2966.3064200261533	0.19900855993791164	4220.6297586871	0.41365711255122406	2099.2786396067086	0.2057469122262688	33472	27016
SPATCH	63	0.1554829659476938	soft_expected	ENSG00000184009	ACTG1	252363.03022685647	247979.0	4384.03022685647	237650.6640593444	14712.366167512102	10328.335940655626	0.0009371543078347997	0.40317579690216987	0.4034870499880952	-0.031125308592533374	0.19594783501204863	0.1960261475362424	-0.007831252419376877	5908.203817902308	0.40191317800683163	2911.005668036725	0.19802491168152273	4220.717197012547	0.4088490622606521	2072.7893807199957	0.20078530614916457	33312	27476
SPATCH	64	0.1564159893398271	soft_expected	ENSG00000184937	WT1	253290.0714755377	248514.0	4776.071475537698	238642.55646850137	14647.515007036347	9871.443531498642	0.0009330233921332762	0.44603266764142646	0.4464923344419302	-0.04596668005037441	0.22489831465465446	0.2251430539561876	-0.024473930153315337	6445.442116621945	0.44032602695276674	3260.308674696791	0.22273084443139415	4430.971687731772	0.4491374844901943	2247.7940054630635	0.22784360100089457	32569	26059
SPATCH	65	0.1573441020303094	soft_expected	ENSG00000109971	HSPA8	243489.79995257157	238871.0	4618.799952571571	228919.37794956277	14570.422003008796	9951.622050437212	0.0009281126904823151	0.397622691166088	0.39781687018690354	-0.01941790208155325	0.19254906553536838	0.19261130776588534	-0.0062242230516956765	5788.17328215678	0.3974516406845554	2844.1609039209693	0.19529761161764034	3999.3380536142913	0.4020319423242114	1970.3276628112349	0.19806644166507878	32874	26804
SPATCH	66	0.15826855935716502	soft_expected	ENSG00000110492	MDK	247608.327768469	242889.0	4719.3277684689965	233095.29124371283	14513.036524756162	9793.708756287184	0.0009244573268556015	0.4148470092632029	0.415292603594176	-0.04455943309731314	0.20152971155838886	0.20170952363295785	-0.01798120745689913	5993.60183334422	0.41339780823013367	2956.1386468958217	0.20389429785816424	4148.528809710444	0.4237485005495747	2050.9183696210694	0.20948958624615782	32486	26199
SPATCH	67	0.1591869805165245	soft_expected	ENSG00000084207	GSTP1	244371.6258900104	239843.0	4528.625890010386	229953.35103439342	14418.27485561699	9889.64896560659	0.0009184211593594788	0.39588786907137685	0.39615059398146985	-0.026272491009299292	0.19114769152679145	0.19132755414813515	-0.017986262134370157	5717.039478943286	0.39677764193170395	2793.225706525583	0.1938572425991171	3989.675292041227	0.4035540866224097	1971.9030669601352	0.19945721965956995	32148	26087
SPATCH	68	0.16010262134736708	soft_expected	ENSG00000122566	HNRNPA2B1	247668.87105880392	243138.0	4530.871058803925	233294.2445232817	14374.626535522264	9843.755476718323	0.0009156408308425845	0.4222336801211054	0.42226535168950907	-0.003167156840366836	0.2086341104162463	0.20855009534784807	0.008401506839822437	6023.593650633936	0.4195472211594467	3006.6229756730263	0.20941324858210023	4123.94296343151	0.4190959820066667	2043.7520446209426	0.20769643947884148	32417	26526
SPATCH	69	0.16101563972103902	soft_expected	ENSG00000221983	UBA52	240825.25492267575	236255.0	4570.254922675755	226491.7982882369	14333.456634438868	9763.201711763124	0.0009130183736719198	0.3889693127580829	0.38926215597657965	-0.02928432184967633	0.187196380602824	0.1872816872872466	-0.008530668442258138	5560.392145725612	0.3882324961657641	2733.764325587003	0.19087433408225168	3854.553853704293	0.39497243290596873	1899.674939970016	0.19465786735587767	32451	26478
SPATCH	70	0.16191285669952052	soft_expected	ENSG00000231925	TAPBP	237947.52636259858	233356.0	4591.526362598583	223862.13550564746	14085.39085695113	9493.864494352547	0.0008972169784814999	0.4325633040997763	0.4326464516240401	-0.008314752426380467	0.21362466038883196	0.2136135156284188	0.0011144760413167587	6028.687500995518	0.428347864382647	3002.282315790919	0.2133169480140523	4064.9019471835177	0.4283546028427911	2020.2767916732575	0.2128944003998226	31655	25716
SPATCH	71	0.1628098090618305	soft_expected	ENSG00000187837	HIST1H1C	239457.59717553284	234824.0	4633.5971755328355	225376.36052240504	14081.23665312779	9447.639477594948	0.0008969523623100193	0.4115528171066439	0.4115045897754973	0.004822733114656641	0.20227058117941604	0.20213754481814197	0.013303636127406926	5809.2541951550165	0.41304697473529545	2889.5880425227338	0.20545418725018466	3896.216181997439	0.4125797381843828	1923.70998900538	0.20370629516754143	31065	24701
SPATCH	72	0.16370370010745502	soft_expected	ENSG00000119888	EPCAM	239326.0653918605	234977.0	4349.065391860495	225292.88828629634	14033.177105564133	9684.11171370365	0.0008938910456245138	0.4290730048403902	0.429406896708357	-0.03338918679668401	0.20935184832757348	0.209499262577699	-0.014741425012551601	5977.298409553144	0.42619904411960463	2960.5782878708487	0.2110979827132542	4191.059475628043	0.43300944935964797	2085.403485837609	0.21545850645794432	31190	25335
SPATCH	73	0.1645857418868216	soft_expected	ENSG00000167642	SPINT2	238102.7711294568	233639.0	4463.771129456814	224255.6154107079	13847.155718748896	9383.384589292102	0.000882041779366564	0.4297225511568239	0.42994182352218846	-0.02192723653645645	0.20899617547613056	0.20900846534328302	-0.001228986715245961	5923.3235770998535	0.4282731523474283	2942.914468831917	0.2127810916034067	4061.3375231692553	0.4330429993418239	2015.3088127402843	0.2148837342108029	30994	24971
SPATCH	74	0.16544596551625415	soft_expected	ENSG00000170421	KRT8	231143.5009441355	226777.0	4366.500944135507	217638.8679116114	13504.633032524122	9138.13208838862	0.0008602236294325635	0.41543410787229373	0.4155883419224275	-0.015423405013376135	0.2029063782707408	0.20303445785755045	-0.012807958680965958	5579.779657670415	0.4132997945030161	2752.4680548959977	0.20387802946677352	3801.13186962399	0.4161064441701013	1895.695830183668	0.2075200961664726	30435	24422
SPATCH	75	0.16629854100672756	soft_expected	ENSG00000198695	MT-ND6	230061.37885117927	225849.0	4212.378851179266	216676.81379457607	13384.565056603204	9172.186205423943	0.0008525754904733957	0.38578391074677437	0.38591820987654324	-0.013429912976886671	0.18080570565289755	0.18073507369011751	0.0070631962780037805	5220.468691418297	0.3904336647865861	2516.5550070466543	0.18821064776299226	3629.8473371338973	0.39587037315222884	1740.926674662673	0.18986509026948611	30661	25348
SPATCH	76	0.16713557557372297	soft_expected	ENSG00000166710	B2M	220752.5549556462	216530.0	4222.554955646192	207611.9665364849	13140.588419161348	8918.033463515121	0.0008370345669953913	0.3536084515661064	0.35393538417927656	-0.03269326131701833	0.1639281957365386	0.1640360931631279	-0.010789742658928736	4583.024423938133	0.349131867703234	2157.243640716964	0.16433744001897665	3163.186853317068	0.3549520238341843	1489.5782950724142	0.16715067905045727	29846	24544
SPATCH	77	0.16796009118867325	soft_expected	ENSG00000167658	EEF2	220056.1077302476	216198.0	3858.107730247604	207112.05408127446	12944.053648973142	9085.945918725527	0.0008245156149502802	0.38154657960756594	0.38163513526024395	-0.00885556526780129	0.18228450068027385	0.18229706720116529	-0.001256652089143273	4984.296262484784	0.3854538862240571	2420.862624265691	0.18721417375631544	3534.65748133613	0.3892166864142286	1721.8704248675635	0.1896027280550757	29640	24921
SPATCH	78	0.16878372716423842	soft_expected	ENSG00000149591	TAGLN	227911.192065797	223676.0	4235.1920657969895	214980.94785740494	12930.244208392054	8695.052142595043	0.0008236359755651532	0.28575567277926645	0.285594713409996	0.01609593692704636	0.1262399829717346	0.12610845749996275	0.013152547177186502	3799.4178660289112	0.2942381828263045	1707.1059265753204	0.13220334362761954	2555.8795344829705	0.29422358048289243	1144.237896714519	0.1317205159137765	28014	21987
SPATCH	79	0.16960330942892068	soft_expected	ENSG00000181885	CLDN7	221578.48683276307	217491.0	4087.4868327630684	208711.88174799006	12866.605084773031	8779.118252009954	0.0008195822646822569	0.4521182431340482	0.4524326418473976	-0.03143987133494286	0.22773835458077657	0.2278249861212072	-0.00866315404306206	5708.470235284467	0.44400584990651165	2890.606317842236	0.22483188349929564	3931.5596754345843	0.44802021096503913	1979.9590400048514	0.22562589405616904	29022	23531
SPATCH	80	0.1704140529301475	soft_expected	ENSG00000120129	DUSP1	215157.20619171427	211148.0	4009.206191714271	202429.3606722948	12727.845519419467	8718.63932770518	0.0008107435012268224	0.3989798529784922	0.3991714022228557	-0.019154924436348697	0.19460552003004683	0.19466337936191877	-0.005785933187194003	4967.60982004695	0.390778943065435	2415.4555257499896	0.19001274084872158	3413.3104011731025	0.3916554814934664	1649.828373805127	0.18930722676207618	28445	23411
SPATCH	81	0.1712202195490579	soft_expected	ENSG00000172201	ID4	215703.71078296372	211685.0	4018.7107829637243	203047.71764471766	12655.993138246065	8637.282355282368	0.0008061666189103983	0.43181293448511177	0.4318018705754635	0.001106390964827897	0.2148008739395277	0.21480282697649644	-0.00019530369687326132	5392.134249445912	0.4262719544408665	2701.3769206894626	0.21355573997106536	3655.4241999030883	0.4234229094783292	1839.0459952676551	0.21302430672788802	28411	23000
SPATCH	82	0.17201108272163668	soft_expected	ENSG00000175567	UCP2	212630.65678638	208701.0	3929.6567863799864	200214.91213674797	12415.744649632008	8486.087863252045	0.0007908631725787919	0.4070206138729542	0.40740720763051824	-0.03865937575640577	0.19814425011110734	0.19832431140901843	-0.018006129791109382	5053.902003214867	0.4072642721050213	2502.330369262144	0.20164810393148985	3535.8240172551746	0.4168836528659977	1761.607849981544	0.20769854829704415	27903	22733
SPATCH	83	0.17278812549714267	soft_expected	ENSG00000157601	MX1	207281.5373512876	203392.0	3889.5373512876104	195082.75883051564	12198.778520771968	8309.24116948437	0.0007770427755059932	0.40892518608116774	0.4089189326564879	0.0006253424679858455	0.20176406338123695	0.20167104451964954	0.00930188615874128	4972.972354554292	0.4079346148195516	2476.019058679291	0.20310868610865876	3382.4080921305012	0.40731791162757863	1672.950083130951	0.2014607686468934	27319	22488
SPATCH	84	0.17356190376303163	soft_expected	ENSG00000243678	NME2	205508.95584195727	201758.0	3750.9558419572713	193361.4267903942	12147.529051563068	8396.573209605798	0.0007737782658889457	0.3946715822581895	0.3950986956306106	-0.042711337242112846	0.19082739346594502	0.19110871398105442	-0.028132051510940115	4800.498212863825	0.39550915829340316	2350.1696502168143	0.19362857332456657	3409.106012035978	0.40614245170695606	1692.5019137661436	0.2016355239024002	27456	22709
SPATCH	85	0.17433104623955578	soft_expected	ENSG00000087086	FTL	204311.72474287002	200415.0	3896.724742870021	192236.97285301844	12074.75188985161	8178.027146981589	0.0007691424765241806	0.309627666202384	0.30969319008407536	-0.006552388169134282	0.13860913754481463	0.13863934843725817	-0.0030210892443538473	3850.1609920549854	0.3192060812328641	1769.3783961652384	0.14669421492334567	2659.5074203449035	0.3253672716453971	1236.5416088349439	0.15127995750824358	26940	21827
SPATCH	86	0.1750955565749769	soft_expected	ENSG00000130203	APOE	222071.24511467342	217973.0	4098.245114673424	210069.21311254805	12002.032002125374	7903.78688745194	0.0007645103354211136	0.2907472898267794	0.2906160897533024	0.013120007347700025	0.12474315995166811	0.12465554698488347	0.008761296678463926	3633.8627705732556	0.3031742365240046	1605.5140223281699	0.1339485056754468	2417.068934318814	0.3059860321125113	1076.63491124238	0.13629534509643768	24015	18151
SPATCH	87	0.17585658169937896	soft_expected	ENSG00000126709	IFI6	198721.45454213934	194883.0	3838.4545421393414	186774.13679598528	11947.31774615404	8108.863204014692	0.00076102512440205	0.35474728730958294	0.3551407687725928	-0.03934814630098815	0.1662404686521342	0.1664267247576405	-0.01862561055062939	4231.040406325499	0.35446855410139544	2003.8520083394794	0.16787892712330393	2948.4958331174325	0.3637917238239554	1403.193376126809	0.17312900070128628	26977	22256
SPATCH	88	0.1766174442378401	soft_expected	ENSG00000165215	CLDN3	205023.56718738587	201346.0	3677.5671873858664	193078.8018745678	11944.7653128181	8267.198125432216	0.0007608625384611481	0.429217141156496	0.4293211149597221	-0.010397380322607619	0.2116552474828539	0.211610312400092	0.004493508276187663	5115.109901498291	0.42844631079338186	2549.952081312578	0.2135863320587237	3558.7282583029437	0.4306353078865296	1763.110927073759	0.21335088318335982	26903	21882
SPATCH	89	0.17737099069019216	soft_expected	ENSG00000160789	LMNA	200380.93486375475	196660.0	3720.934863754752	188551.0246360063	11829.91022774844	8108.975363993686	0.0007535464523520729	0.40503388993759465	0.40532235316666754	-0.028846322907288835	0.19802885264615966	0.1981814284478504	-0.01525758016907297	4721.410183683242	0.3995867131397401	2318.383580135885	0.19621156360978295	3275.6996437642224	0.4040873176554866	1613.8158811879357	0.1990788538443901	27009	22253
SPATCH	90	0.1781006066392521	soft_expected	ENSG00000185650	ZFP36L1	195313.2008331083	191681.0	3632.2008331083052	183858.9750834268	11454.225749681542	7822.024916573214	0.0007296159490599162	0.43236835988483807	0.43281006123184046	-0.04417013470023878	0.217733430179519	0.21797388990100935	-0.024045972149036587	4837.704147061525	0.42273646429723427	2430.560827294344	0.21239138631780088	3355.1397241642917	0.4290930752282974	1687.4195873432875	0.21580623147190894	26125	21525
SPATCH	91	0.17882959345505248	soft_expected	ENSG00000092841	MYL6	195174.17620912552	191658.0	3516.1762091255223	183729.8272095214	11444.34899960413	7928.172790478587	0.0007289868158003802	0.3994506967886994	0.399633316624372	-0.018261983567263718	0.19549921407270582	0.1956103731319904	-0.011115905928457681	4507.775693313502	0.39428108567632536	2201.2679260056293	0.19253804243573558	3141.8478819537772	0.39640629731098126	1536.926763106668	0.1939137317566125	26130	22013
SPATCH	92	0.17955415270750966	soft_expected	ENSG00000171223	JUNB	192063.4667750138	188520.0	3543.4667750138033	180688.62600109956	11374.840773914246	7831.37399890044	0.0007245592524571656	0.4046754020244883	0.4050211916896724	-0.034578966518405974	0.19554119526681737	0.195740536738161	-0.019934147134362257	4511.766619186712	0.3971029567266118	2184.715688479174	0.19228766306588804	3147.4287019795493	0.40200557143228477	1531.536119538504	0.19561556788149947	25881	21245
SPATCH	93	0.18027018118413105	soft_expected	ENSG00000142192	APP	189529.4358097632	186101.0	3428.4358097632066	178288.51950990807	11240.916299855151	7812.48049009194	0.0007160284766213835	0.39414743216837833	0.3942347853365599	-0.0087353168181592	0.18859443561898545	0.1885938200233038	6.15595681652259e-05	4410.355701353804	0.3927167175644998	2128.806580957255	0.1895579380471771	3078.326920857118	0.3941699506366961	1483.561392312566	0.18996530771706652	25602	21346
SPATCH	94	0.18098427256250768	soft_expected	ENSG00000254772	EEF1G	192143.48933279165	188703.0	3440.4893327916507	180932.9834983647	11210.505834426966	7770.016501635302	0.0007140913783766281	0.39541136018503287	0.3958747598367509	-0.04633996517180439	0.19066808809738228	0.19090183398997104	-0.023374589258876033	4424.413386401404	0.39483558764158116	2166.6577641860385	0.19335299774879044	3152.4925495641082	0.40583093601347314	1555.2764504461288	0.2002159522094785	25647	21462
SPATCH	95	0.1816909260148464	soft_expected	ENSG00000142173	COL6A2	193415.4005153019	189873.0	3542.4005153019098	182321.66252847714	11093.737986824766	7551.337471522869	0.0007066534523386914	0.30923038204471964	0.3092880805173858	-0.005769847266617889	0.13809274200544439	0.13809068571900437	0.00020562864400108793	3433.477323606698	0.30983220811488565	1549.998882618793	0.1398697387850863	2351.7932400541213	0.3115641393136019	1061.6735695404857	0.14064986933896823	24383	19180
SPATCH	96	0.1823950639008427	soft_expected	ENSG00000161011	SQSTM1	189514.20985761774	186071.0	3443.2098576177377	178459.96369496576	11054.246162651973	7611.036305034239	0.0007041378859963097	0.41097898267042066	0.41099388276418386	-0.0014900093763203781	0.2019995716650477	0.2020511786322488	-0.005160696720110658	4489.187990433214	0.40641365541881824	2211.0231630219496	0.2001676044341179	3079.7096313875763	0.40471616005447014	1526.487390382203	0.200601416675995	25216	21067
SPATCH	97	0.1830959214165897	soft_expected	ENSG00000168394	TAP1	188107.03322605413	184720.0	3387.0332260541327	177104.2855283502	11002.747697703933	7615.714471649788	0.0007008575157469947	0.43604804001009706	0.4364458562897392	-0.039781627964213806	0.21694704668566978	0.21709660832082808	-0.014956163515830734	4696.351318139128	0.4272250024074416	2359.8996892951704	0.21467903104828623	3296.0539709605687	0.4329537855176054	1654.2820856715448	0.21729853261374987	25041	20725
SPATCH	98	0.18379091756158808	soft_expected	ENSG00000177606	JUN	184785.64159015965	181423.0	3362.6415901596483	173874.91143105773	10910.730159101928	7548.088568942265	0.000694996144998376	0.40919487416812134	0.4091887914961221	0.0006082671999252387	0.19940528448098702	0.19931940751609828	0.008587696488873697	4421.239596907842	0.405671082312541	2171.634642008224	0.19925845598302852	3047.0633119257795	0.4039573238026881	1486.9524154850228	0.1971292542660182	24872	20652
SPATCH	99	0.18448009460756906	soft_expected	ENSG00000147684	NDUFB9	183412.94520256532	179954.0	3458.9452025653154	172593.56895902794	10819.376243537348	7360.431040972039	0.0006891770459809811	0.4036984542432837	0.40418995125296564	-0.04914970096819293	0.19570638701181278	0.19594199473606166	-0.023560772424888188	4352.849345550133	0.40258767533992856	2141.8008863554332	0.19809154221253106	3046.7101494585477	0.41407940596028775	1508.1273070914576	0.2049700919347056	24597	20203
SPATCH	100	0.18516635092269718	soft_expected	ENSG00000211450	SELENOH	180350.6653120448	177052.0	3298.665312044788	169577.1415619818	10773.523750062988	7474.858438018168	0.0006862563151280914	0.41080526519127036	0.41078025507705057	0.0025010114219792268	0.20110693156702303	0.20105355864511512	0.00533729219079071	4437.683782629563	0.41227405219280044	2203.7596076406585	0.20473583698261266	3080.684577482645	0.41232901935656513	1532.1724154002104	0.20507102679216355	24661	20630
