gene_id	gene_name	xenium_cohort_counts	split_half_spatial_pearson	spearman_brown_reliability
ENSG00000166535	A2ML1	2099.0	0.26048989008977874	0.41331531833424745
ENSG00000127837	AAMP	147310.0	0.2296665807216673	0.3735428518954796
ENSG00000131043	AAR2	23494.0	0.0727580588300774	0.135646725244694
ENSG00000266967	AARSD1	16104.0	0.26096985730813116	0.4139192634869787
ENSG00000183044	ABAT	18772.0	0.29835745149059173	0.4595921579963354
ENSG00000165029	ABCA1	106283.0	0.5242943333347406	0.6879174472658801
ENSG00000167972	ABCA3	13169.0	0.10728592558509165	0.19378179222932249
ENSG00000198691	ABCA4	5018.0	0.134993913932602	0.237876013739785
ENSG00000064687	ABCA7	15793.0	0.33126641192609624	0.49767110318184177
ENSG00000085563	ABCB1	2941.0	0.6467019443184568	0.7854511213152374
ENSG00000005471	ABCB4	1591.0	0.36212386524797996	0.5317047509215381
ENSG00000115657	ABCB6	19366.0	0.3133313773356989	0.47715509237484494
ENSG00000103222	ABCC1	248231.0	0.5009691479410221	0.667527575271263
ENSG00000140798	ABCC12	220.0	0.24888517133882126	0.3985717455064553
ENSG00000023839	ABCC2	3474.0	0.1352210204110586	0.23822853520118162
ENSG00000108846	ABCC3	15622.0	0.720193633689494	0.8373401919234095
ENSG00000125257	ABCC4	43695.0	0.6326259969342422	0.7749796929880967
ENSG00000091262	ABCC6	9638.0	0.30959395584426447	0.47280907866541966
ENSG00000006071	ABCC8	105.0	-0.013454018847431675	0.0
ENSG00000069431	ABCC9	1216.0	0.2789329792776265	0.43619639777398633
ENSG00000101986	ABCD1	28097.0	0.07259580771337208	0.13536470530895778
ENSG00000117528	ABCD3	85435.0	0.3241705883531413	0.4896205839404864
ENSG00000119688	ABCD4	51009.0	0.21604668970909305	0.35532630701996565
ENSG00000161204	ABCF3	64183.0	0.15796707147417133	0.2728351701280563
ENSG00000160179	ABCG1	8019.0	0.37202338917637456	0.542298902644364
ENSG00000118777	ABCG2	9372.0	0.7597681911443968	0.8634866739468806
ENSG00000106077	ABHD11	117284.0	0.5777089622717082	0.7323390765808643
ENSG00000163686	ABHD6	7045.0	0.11332352861082033	0.2035769939259666
ENSG00000108798	ABI3	7491.0	0.4451122854165702	0.6160244984537814
ENSG00000154175	ABI3BP	10034.0	0.5848121812069281	0.7380208054200582
ENSG00000097007	ABL1	114569.0	0.34959064716374993	0.5180691610429233
ENSG00000143322	ABL2	44834.0	0.17208335507086797	0.2936367184575593
ENSG00000175164	ABO	37170.0	0.5762877969636842	0.73119616617442
ENSG00000114626	ABTB1	2305.0	0.0722917209696615	0.13483592115080195
ENSG00000166016	ABTB2	28639.0	0.38551973559273545	0.55649836763647
ENSG00000167315	ACAA2	27318.0	0.13732917471309578	0.24149415625030216
ENSG00000278540	ACACA	59179.0	0.18984651505529246	0.31911093179353517
ENSG00000076555	ACACB	49412.0	0.2955474337158261	0.45625104264712457
ENSG00000072818	ACAP1	1494.0	0.6270838266908875	0.7708070308414668
ENSG00000114331	ACAP2	55177.0	0.21221246908033928	0.35012421418389966
ENSG00000075239	ACAT1	15693.0	0.14966118739279022	0.2603570322004049
ENSG00000159640	ACE	20490.0	0.771814746285658	0.8712138195075427
ENSG00000130234	ACE2	1741.0	0.08393887844182392	0.15487751221265747
ENSG00000087085	ACHE	5804.0	0.39488250171048933	0.5661874763304586
ENSG00000144476	ACKR3	72673.0	0.6906778753798011	0.8170425430387137
ENSG00000131473	ACLY	104160.0	0.5182956451357646	0.6827334936990077
ENSG00000102794	ACOD1	74.0	-0.00634400472616237	0.0
ENSG00000102575	ACP5	36987.0	0.590151531887013	0.7422582314362047
ENSG00000014257	ACPP	10547.0	0.20558368002070382	0.34105252655240537
ENSG00000111644	ACRBP	6447.0	0.1360285420645291	0.23948085286188586
ENSG00000134940	ACRV1	456.0	-0.0031754430265001584	0.0
ENSG00000068366	ACSL4	52814.0	0.4343294851576758	0.6056202422833551
ENSG00000169067	ACTBL2	384.0	0.06191210976223221	0.11660496041634681
ENSG00000136518	ACTL6A	72508.0	0.09518928306408288	0.17383165547012217
ENSG00000072110	ACTN1	211819.0	0.5149871270847148	0.6798567695762577
ENSG00000077522	ACTN2	354.0	0.13462467826742056	0.23730257387490167
ENSG00000130402	ACTN4	735587.0	0.8029343287402324	0.8906972549591068
ENSG00000115170	ACVR1	44517.0	0.09811261337162182	0.17869317258888215
ENSG00000135503	ACVR1B	99889.0	0.2890977319495184	0.44852725248738484
ENSG00000121989	ACVR2A	15941.0	0.11318177108030629	0.20334822940995
ENSG00000139567	ACVRL1	5602.0	0.5459599669643016	0.7063054395080705
ENSG00000170634	ACYP2	28780.0	0.14058017773869694	0.2465064367809895
ENSG00000196839	ADA	14861.0	0.19066007722493228	0.3202594609022302
ENSG00000137845	ADAM10	116348.0	0.39593265201161754	0.5672661233922085
ENSG00000148848	ADAM12	21233.0	0.9008263133113891	0.9478260133531913
ENSG00000151694	ADAM17	131029.0	0.2512280973060914	0.40157042164732143
ENSG00000042980	ADAM28	1497.0	0.23977916057801005	0.386809470916127
ENSG00000149451	ADAM33	2527.0	0.10501596774465706	0.19007140314722357
ENSG00000151651	ADAM8	26886.0	0.5103053639572795	0.675764485958237
ENSG00000168615	ADAM9	45346.0	0.41110050701671536	0.5826665145005799
ENSG00000134028	ADAMDEC1	1496.0	0.7834825019820083	0.8785984736169977
ENSG00000154734	ADAMTS1	493820.0	0.9041638484017416	0.9496702178866075
ENSG00000151388	ADAMTS12	32800.0	0.7377295129506531	0.8490728936265729
ENSG00000145808	ADAMTS19	233.0	0.07739153022377142	0.14366463454134898
ENSG00000087116	ADAMTS2	30288.0	0.6287662819301657	0.7720767416489587
ENSG00000158859	ADAMTS4	3818.0	0.5115258071814615	0.6768337063795191
ENSG00000154736	ADAMTS5	5173.0	0.4980812923399691	0.6649589643589733
ENSG00000156218	ADAMTSL3	4674.0	0.2902759624959709	0.4499439979249824
ENSG00000160710	ADAR	495602.0	0.2309402556730627	0.37522577494516574
ENSG00000078295	ADCY2	91.0	0.04308046815373283	0.08260238681294813
ENSG00000141433	ADCYAP1	40.0	-0.006325001516353481	0.0
ENSG00000078549	ADCYAP1R1	11959.0	0.6650593681538807	0.7988416279610008
ENSG00000087274	ADD1	181979.0	0.27777611289423887	0.43478056928934045
ENSG00000197177	ADGRA1	66.0	-0.004592333313016562	0.0
ENSG00000020181	ADGRA2	28966.0	0.9037769940868491	0.9494567871068825
ENSG00000152990	ADGRA3	41749.0	0.19490522727460097	0.3262270895226569
ENSG00000181790	ADGRB1	2303.0	0.20632379603024378	0.3420703408308975
ENSG00000121753	ADGRB2	17262.0	0.3771754285964719	0.5477521901198378
ENSG00000111452	ADGRD1	2902.0	0.1994669425860363	0.3325926467902283
ENSG00000180264	ADGRD2	380.0	0.036921532494329216	0.07121374441036817
ENSG00000174837	ADGRE1	380.0	0.01893388593152002	0.03716411082787861
ENSG00000127507	ADGRE2	1603.0	0.2800640521553913	0.4375781847538257
ENSG00000123146	ADGRE5	150897.0	0.39675522066444974	0.5681098803779083
ENSG00000159618	ADGRG5	1083.0	0.004953768638168175	0.00985869955964466
ENSG00000112414	ADGRG6	1208.0	0.33912558094377027	0.5064880930805101
ENSG00000072071	ADGRL1	82269.0	0.27777150330305483	0.4347749227229002
ENSG00000162618	ADGRL4	3569.0	0.566291021214895	0.7230980878325548
ENSG00000181092	ADIPOQ	53.0	-0.009445268575632843	0.0
ENSG00000159346	ADIPOR1	115390.0	0.38089978751679743	0.5516689783865495
ENSG00000006831	ADIPOR2	5976.0	0.059964975491833356	0.11314520173463101
ENSG00000148926	ADM	9169.0	0.7158583067173419	0.8344025889723623
ENSG00000101126	ADNP	208931.0	0.398339607067332	0.5697322811341229
ENSG00000163485	ADORA1	27491.0	0.45112833330746543	0.6217621459836526
ENSG00000128271	ADORA2A	1727.0	0.12712047114943728	0.22556678616581213
ENSG00000170425	ADORA2B	418.0	0.04670412241436992	0.08924035248211369
ENSG00000282608	ADORA3	1620.0	0.2652079201856428	0.4192321529993728
ENSG00000120907	ADRA1A	131.0	0.7453352224912033	0.8540883297219539
ENSG00000170214	ADRA1B	19254.0	0.5648525061180736	0.7219242758147246
ENSG00000171873	ADRA1D	214.0	0.05107762579706786	0.09719096771436642
ENSG00000150594	ADRA2A	5159.0	0.6958890333734626	0.8206775557587045
ENSG00000274286	ADRA2B	11512.0	0.19566201427384033	0.32728649390550635
ENSG00000184160	ADRA2C	5643.0	0.22681717032391452	0.36976523610935175
ENSG00000043591	ADRB1	340.0	0.015858601911180215	0.031222065514520857
ENSG00000169252	ADRB2	934.0	0.24311989906462653	0.39114473068536626
ENSG00000188778	ADRB3	108.0	-0.0019110017468914413	0.0
ENSG00000111863	ADTRP	5310.0	0.3264480502820372	0.4922138491780751
ENSG00000106624	AEBP1	41405.0	0.8098872416030247	0.8949587830518151
ENSG00000169129	AFAP1L2	189845.0	0.718798189193166	0.8363962607274824
ENSG00000172493	AFF1	109572.0	0.4551291158474123	0.6255515210172429
ENSG00000155966	AFF2	9455.0	0.2060938270462719	0.34175421915722165
ENSG00000135537	AFG1L	12933.0	0.04629173680796935	0.0884872453436292
ENSG00000079557	AFM	284.0	0.0837748147229064	0.15459819435705466
ENSG00000157985	AGAP1	75524.0	0.18797035007923277	0.31645629887428744
ENSG00000133612	AGAP3	73687.0	0.21738354937988177	0.357132391826083
ENSG00000204305	AGER	29924.0	0.2948516189056492	0.45542147779811964
ENSG00000116771	AGMAT	9320.0	0.14542209700701675	0.2539187909627448
ENSG00000092847	AGO1	108284.0	0.31381608769798464	0.47771692040678315
ENSG00000173467	AGR3	8420.0	0.3606260434795413	0.5300884033607193
ENSG00000159723	AGRP	568.0	0.03530204073698479	0.06819660224344745
ENSG00000144891	AGTR1	606.0	0.12161553002115628	0.21685778551739976
ENSG00000172482	AGXT	47.0	-0.011411010543204142	0.0
ENSG00000101444	AHCY	320074.0	0.6314124516800851	0.7740684472891386
ENSG00000106546	AHR	23903.0	0.267236717545318	0.4217629016668092
ENSG00000063438	AHRR	3079.0	0.1247459172315812	0.22182061800878083
ENSG00000145192	AHSG	40.0	-0.009603181328476046	0.0
ENSG00000111732	AICDA	155.0	0.02200021510259684	0.04305324945628955
ENSG00000126878	AIF1L	38086.0	0.2430051609931802	0.3909962220897222
ENSG00000156709	AIFM1	120967.0	0.5021682860725015	0.6685912500329069
ENSG00000163568	AIM2	358.0	0.2026439940834544	0.33699747403285574
ENSG00000106305	AIMP2	99986.0	0.19259413172963014	0.32298353078479286
ENSG00000110711	AIP	58729.0	0.08569604195144365	0.1578637825692217
ENSG00000160224	AIRE	120.0	0.04216323978435459	0.08091484745341633
ENSG00000196581	AJAP1	122.0	0.33876543363672496	0.5060863167291025
ENSG00000023516	AKAP11	29229.0	0.205505446462451	0.3409448660153392
ENSG00000147081	AKAP4	119.0	0.013801449477252625	0.02722712516216874
ENSG00000105127	AKAP8	93410.0	0.22800793948258563	0.3713460347473902
ENSG00000085662	AKR1B1	42873.0	0.3691350046028484	0.5392236753305788
ENSG00000196139	AKR1C3	36123.0	0.37322512047545015	0.543574560223933
ENSG00000142208	AKT1	262790.0	0.42919602256236533	0.6006118346073646
ENSG00000105221	AKT2	177469.0	0.3111505593397133	0.4746221661933419
ENSG00000117020	AKT3	4987.0	0.5837116627626697	0.7371438583011092
ENSG00000166971	AKTIP	57685.0	0.2507067482892063	0.40090412661823155
ENSG00000148218	ALAD	15977.0	0.045422178587311256	0.08689729282133783
ENSG00000170017	ALCAM	11763.0	0.4421679544024595	0.6131989731884802
ENSG00000137124	ALDH1B1	23056.0	0.3833985124130608	0.5542849858126551
ENSG00000111275	ALDH2	41754.0	0.31713510299403685	0.48155288287912656
ENSG00000072210	ALDH3A2	57628.0	0.2607462382389073	0.4136379397064625
ENSG00000164904	ALDH7A1	119328.0	0.39858660926440787	0.5699848784824932
ENSG00000149925	ALDOA	162333.0	0.5433432194391938	0.7041119727556505
ENSG00000253710	ALG11	31990.0	0.08987278325271171	0.16492343809978904
ENSG00000101901	ALG13	36812.0	0.09818572817496092	0.17881443121307464
ENSG00000119523	ALG2	71339.0	0.23171066570136115	0.37624203825404134
ENSG00000088035	ALG6	34026.0	0.3331376165414381	0.4997797862844764
ENSG00000086848	ALG9	14212.0	0.11757385379879481	0.210409098958685
ENSG00000171094	ALK	12079.0	0.3872020365305884	0.5582489447593172
ENSG00000091542	ALKBH5	85747.0	0.28235485910739677	0.4403693051140841
ENSG00000108839	ALOX12	269.0	-0.021944908350440755	0.0
ENSG00000161905	ALOX15	782.0	0.22486411788963084	0.3671658179962991
ENSG00000012779	ALOX5	19244.0	0.5748669614767716	0.7300514589977962
ENSG00000073331	ALPK1	11600.0	0.0880037834609207	0.16177109822354155
ENSG00000136383	ALPK3	75560.0	0.7295206421141391	0.8436102170164149
ENSG00000162551	ALPL	70315.0	0.6802012577401179	0.8096664070529184
ENSG00000180318	ALX1	279.0	0.0037414640404742736	0.007455035334324706
ENSG00000183684	ALYREF	178028.0	0.37667570361854547	0.5472250329231003
ENSG00000242110	AMACR	16292.0	0.17004203571751517	0.29065970371438626
ENSG00000184675	AMER1	51724.0	0.33220890064413205	0.4987339455298742
ENSG00000159461	AMFR	50005.0	0.14166813903489495	0.248177441747045
ENSG00000104899	AMH	49.0	-0.00984624953145828	0.0
ENSG00000181754	AMIGO1	6362.0	0.1014593589494208	0.18422714941782947
ENSG00000176020	AMIGO3	7653.0	0.0434993819141984	0.08337212780021586
ENSG00000126016	AMOT	221597.0	0.7060280285946746	0.8276863178810244
ENSG00000153107	ANAPC1	190453.0	0.4895602575930465	0.657321857370333
ENSG00000154188	ANGPT1	845.0	0.17421779012251298	0.29673846127699327
ENSG00000091879	ANGPT2	5181.0	0.7577545516049207	0.8621847127780743
ENSG00000136859	ANGPTL2	10800.0	0.3351098229158324	0.5019958915199417
ENSG00000132855	ANGPTL3	406.0	-0.014361997065867759	0.0
ENSG00000167772	ANGPTL4	33982.0	0.6373364502482198	0.778503953969387
ENSG00000130812	ANGPTL6	23542.0	0.5609600514198545	0.7187372295781732
ENSG00000130173	ANGPTL8	1472.0	0.00836957321930173	0.016600209767498614
ENSG00000029534	ANK1	393.0	0.07466292922973851	0.13895134408935636
ENSG00000131503	ANKHD1	79721.0	0.17904514691152099	0.3037121137905961
ENSG00000170209	ANKK1	1472.0	0.14413019305886407	0.25194718911058184
ENSG00000076513	ANKRD13A	176047.0	0.5877279625008619	0.7403383657426048
ENSG00000172932	ANKRD13D	26048.0	0.1275905554631232	0.2263065344862157
ENSG00000132466	ANKRD17	130113.0	0.45057356462854137	0.621235041938632
ENSG00000148513	ANKRD30A	109.0	0.005141415624592777	0.010230233367506624
ENSG00000154945	ANKRD40	114070.0	0.4087468932127235	0.5802985549526986
ENSG00000065413	ANKRD44	11728.0	0.14086308140779497	0.24694125649849874
ENSG00000135299	ANKRD6	42371.0	0.24304268106302193	0.3910447883497891
ENSG00000064999	ANKS1A	102909.0	0.44926803331837073	0.6199930212904612
ENSG00000165138	ANKS6	48315.0	0.2841232690660296	0.44251712574709207
ENSG00000163516	ANKZF1	54846.0	0.25396547428230754	0.4050597556167353
ENSG00000131620	ANO1	79250.0	0.7664276028490813	0.8677713160877987
ENSG00000134343	ANO3	566.0	0.031625245027513016	0.06131149887994373
ENSG00000143401	ANP32E	46022.0	0.3108493179500064	0.47427162480602014
ENSG00000166825	ANPEP	166306.0	0.8741297492861889	0.9328380274835549
ENSG00000109511	ANXA10	109.0	-0.007258830453929583	0.0
ENSG00000182718	ANXA2	815520.0	0.7507943756227368	0.857661397679197
ENSG00000138772	ANXA3	33791.0	0.5401089444809751	0.7013905690457433
ENSG00000164111	ANXA5	93855.0	0.5097159273304087	0.6752474662325727
ENSG00000265190	ANXA8	2002.0	0.5250948149008441	0.6886061243805144
ENSG00000136250	AOAH	2080.0	0.5300348272080995	0.6928402122391815
ENSG00000131471	AOC3	2570.0	0.6998191214320915	0.8234042229652015
ENSG00000138356	AOX1	637.0	0.12618198237882441	0.2240880858567659
ENSG00000100280	AP1B1	98926.0	0.27332677981253356	0.42931128779491196
ENSG00000072958	AP1M1	32949.0	0.2154657557716613	0.35454023241464144
ENSG00000152056	AP1S3	3726.0	0.1043622256076909	0.18899999146614077
ENSG00000196961	AP2A1	70373.0	0.42903548983149253	0.6004546323507796
ENSG00000183020	AP2A2	60953.0	0.26306611227058235	0.41655161153468834
ENSG00000161203	AP2M1	340899.0	0.4494007121867571	0.6201193478216689
ENSG00000103723	AP3B2	10303.0	0.15216139080543678	0.2641320773629915
ENSG00000065000	AP3D1	80593.0	0.24848344120878982	0.3980564467370213
ENSG00000070718	AP3M2	10125.0	0.2013741054729231	0.3352396302792823
ENSG00000254470	AP5B1	30727.0	0.27699145185366336	0.43381880348781715
ENSG00000120868	APAF1	11879.0	0.0887880822977841	0.16309525010671547
ENSG00000134982	APC	17053.0	0.12327208167588226	0.2194874842646577
ENSG00000154856	APCDD1	29156.0	0.7012786036019593	0.8244135935374807
ENSG00000248329	APELA	61.0	-0.013705121908907388	0.0
ENSG00000100823	APEX1	306522.0	0.5232624899019456	0.6870286551014969
ENSG00000169188	APEX2	49018.0	0.17423037834415683	0.29675672092532324
ENSG00000138613	APH1B	33819.0	0.31802913077312606	0.4825828554890549
ENSG00000166181	API5	124415.0	0.45404198361110065	0.6245238978361427
ENSG00000169621	APLF	15737.0	0.09455332036240813	0.17277060624347
ENSG00000171388	APLN	5055.0	0.7659481883939728	0.867463941952406
ENSG00000134817	APLNR	7184.0	0.7862480222185662	0.8803346595082869
ENSG00000101474	APMAP	90541.0	0.23830959756221262	0.38489501822703903
ENSG00000084674	APOB	123.0	0.07333106756022886	0.13664202924250857
ENSG00000179750	APOBEC3B	85.0	-0.017598551091019383	0.0
ENSG00000244509	APOBEC3C	33726.0	0.35051320629095345	0.51908149384722
ENSG00000243811	APOBEC3D	4460.0	0.17844732892700688	0.30285159895858177
ENSG00000128394	APOBEC3F	6904.0	0.025479236891567218	0.04969235061023738
ENSG00000239713	APOBEC3G	9013.0	0.2539649339304446	0.4050590683336152
ENSG00000100342	APOL1	27331.0	0.7286072499649566	0.8429991832785931
ENSG00000128335	APOL2	17580.0	0.5048006939565546	0.670920336472318
ENSG00000128284	APOL3	4516.0	0.5492902467361013	0.709086303090456
ENSG00000221963	APOL6	42817.0	0.6188782938521965	0.7645766778175113
ENSG00000204444	APOM	8413.0	0.034905921832251614	0.06745718832191498
ENSG00000142192	APP	679543.0	0.7069654081892175	0.8283300936240768
ENSG00000062725	APPBP2	52435.0	0.213307457181559	0.3516131973293225
ENSG00000137074	APTX	43854.0	0.21731655540680483	0.35704197801562243
ENSG00000171885	AQP4	148.0	0.010414554945479671	0.020614419882424642
ENSG00000161798	AQP5	24966.0	0.49493375811339485	0.6621480790399714
ENSG00000165269	AQP7	2555.0	0.12189308892267564	0.21729893895634272
ENSG00000103375	AQP8	173.0	-0.0003146434907741026	0.0
ENSG00000103569	AQP9	1187.0	0.527689575441766	0.6908335095356957
ENSG00000169083	AR	51915.0	0.6863409840623625	0.8140002414090423
ENSG00000198576	ARC	2044.0	0.4421620498682668	0.6131932953147058
ENSG00000143761	ARF1	184278.0	0.34129593882254233	0.5089047524025895
ENSG00000165527	ARF6	263957.0	0.5524958455217378	0.7117517861518835
ENSG00000164144	ARFIP1	33112.0	0.1638839806177929	0.2816156650438694
ENSG00000118520	ARG1	182.0	0.05603829241390328	0.10612928113773293
ENSG00000081181	ARG2	1361.0	0.030291636469709757	0.058802062246188724
ENSG00000160007	ARHGAP35	64386.0	0.35338677170746846	0.5222258397895029
ENSG00000147256	ARHGAP36	141.0	0.054020799719401505	0.102504238500384
ENSG00000116584	ARHGEF2	217116.0	0.41573805739435304	0.5873092910414704
ENSG00000102606	ARHGEF7	21989.0	0.3198291435400671	0.484652343230149
ENSG00000117713	ARID1A	148297.0	0.15413582922181313	0.2671017142336542
ENSG00000179361	ARID3B	16259.0	0.03716400759087734	0.07166466888337522
ENSG00000175906	ARL4D	14626.0	0.20425801551256664	0.33922633336283603
ENSG00000134108	ARL8B	35634.0	0.2331105463799996	0.3780853988546838
ENSG00000140691	ARMC5	14397.0	0.027078326647760824	0.05272884442249049
ENSG00000125449	ARMC7	6428.0	0.02302038125520553	0.045004736321988884
ENSG00000120029	ARMH3	35823.0	0.05571515967163569	0.10554960618158606
ENSG00000143437	ARNT	48190.0	0.07643540863917807	0.14201578288066008
ENSG00000133794	ARNTL	5681.0	0.11590695000813951	0.20773586902975033
ENSG00000120500	ARR3	55.0	-0.01347532483727481	0.0
ENSG00000137486	ARRB1	9188.0	0.42197241952863174	0.5935029593169058
ENSG00000141480	ARRB2	59927.0	0.2654616597344365	0.4195491150480923
ENSG00000113369	ARRDC3	139306.0	0.3018900718466656	0.46377198563078326
ENSG00000129744	ART1	169.0	0.08361477121064234	0.15432563939161842
ENSG00000156219	ART3	119.0	0.0475487054530115	0.0907808967840767
ENSG00000111339	ART4	138.0	-0.006181961917930742	0.0
ENSG00000004848	ARX	1782.0	0.56874571708337	0.7250961209198244
ENSG00000100325	ASCC2	54422.0	0.2000915352085838	0.3334604558706542
ENSG00000112249	ASCC3	50359.0	0.24582109233728117	0.3946330558203938
ENSG00000139352	ASCL1	7379.0	0.142098334912878	0.2488373033548247
ENSG00000183734	ASCL2	1687.0	0.05204857455068236	0.09894709390754451
ENSG00000105011	ASF1B	62582.0	0.45617434276239116	0.6265380859506418
ENSG00000129691	ASH2L	23952.0	0.2337746460835294	0.37895842133832003
ENSG00000110881	ASIC1	3536.0	0.24459752569418847	0.3930548159458399
ENSG00000066279	ASPM	26345.0	0.4609883073822325	0.6310636506163714
ENSG00000106819	ASPN	470.0	0.6005084750637385	0.7503971199400539
ENSG00000148219	ASTN2	3458.0	0.08290739023201857	0.15312000080497232
ENSG00000171456	ASXL1	124807.0	0.19575572717856587	0.3274175866010016
ENSG00000197785	ATAD3A	30267.0	0.2629603271056713	0.4164189823892537
ENSG00000123268	ATF1	54437.0	0.17003502397626796	0.2906494600450812
ENSG00000115966	ATF2	47313.0	0.17714688761362798	0.30097669114641956
ENSG00000162772	ATF3	4807.0	0.6616745827888146	0.7963949014352928
ENSG00000128272	ATF4	282207.0	0.29445841829388275	0.4549523014914357
ENSG00000118217	ATF6	87273.0	0.11650492431149848	0.20869576438875478
ENSG00000152348	ATG10	8697.0	0.057577611464416534	0.10888583653863364
ENSG00000085978	ATG16L1	21752.0	0.05677765957969115	0.10745431466118076
ENSG00000110046	ATG2A	33309.0	0.2112312024991095	0.3487875841759696
ENSG00000057663	ATG5	29903.0	0.05888970296729182	0.11122915408898043
ENSG00000197548	ATG7	15589.0	0.0326086152879518	0.0631577439993731
ENSG00000138363	ATIC	111905.0	0.31625137584580526	0.48053340212858114
ENSG00000198513	ATL1	5157.0	0.07168842068827812	0.13378593871945943
ENSG00000119787	ATL2	121759.0	0.6090843269215275	0.7570570624931973
ENSG00000184743	ATL3	67824.0	0.2601825059591047	0.41292829368565775
ENSG00000149311	ATM	51926.0	0.2753121814012164	0.43175653054411234
ENSG00000172238	ATOH1	84.0	0.008800861289293858	0.017448163710022915
ENSG00000179774	ATOH7	2346.0	0.009554538125278638	0.018928225795549813
ENSG00000168874	ATOH8	1576.0	0.33601793297926474	0.5030141058510474
ENSG00000145246	ATP10D	11569.0	0.4262201323097285	0.5976919307953891
ENSG00000159363	ATP13A2	31730.0	0.0651733446421256	0.12237133978230065
ENSG00000163399	ATP1A1	659700.0	0.7195724263345792	0.83692017307862
ENSG00000174437	ATP2A2	148535.0	0.32305511685410304	0.48834717879667483
ENSG00000070961	ATP2B1	62974.0	0.3734690007306375	0.5438331706532366
ENSG00000152234	ATP5F1A	501458.0	0.6337721754837964	0.77583911024329
ENSG00000165629	ATP5F1C	245503.0	0.4484661766168891	0.619229062931037
ENSG00000116039	ATP6V1B1	41277.0	0.6032297860005089	0.7525181870595777
ENSG00000047249	ATP6V1H	76536.0	0.2989502476693788	0.46029514710939173
ENSG00000165240	ATP7A	13446.0	0.3481462526848324	0.5164814306927002
ENSG00000123191	ATP7B	129585.0	0.765675592142566	0.8672890938175726
ENSG00000123472	ATPAF1	71964.0	0.3055496402026148	0.46807816538510943
ENSG00000150756	ATPSCKMT	30325.0	0.3774585805130457	0.5480507157935133
ENSG00000175054	ATR	54396.0	0.030282689950188183	0.05878520574125589
ENSG00000085224	ATRX	146074.0	0.620634948815564	0.7659157903131154
ENSG00000124788	ATXN1	73681.0	0.2853502436641574	0.44400387376238765
ENSG00000224470	ATXN1L	18287.0	0.09399823456617176	0.1718434849274634
ENSG00000204842	ATXN2	161905.0	0.328382097941318	0.49440909878299855
ENSG00000168488	ATXN2L	261536.0	0.2780154435891622	0.43507368394295326
ENSG00000066427	ATXN3	75782.0	0.3034244241747086	0.465580387396574
ENSG00000162650	ATXN7L2	23131.0	0.2507050408278154	0.4009019435339911
ENSG00000127423	AUNIP	15712.0	0.22030183756169494	0.36106122400320834
ENSG00000087586	AURKA	25835.0	0.41894357180623465	0.5905006797034829
ENSG00000178999	AURKB	69094.0	0.5650705618942372	0.7221023456096709
ENSG00000105146	AURKC	1069.0	0.07462107474451404	0.1388788597176076
ENSG00000166148	AVPR1A	1479.0	0.3526524608368373	0.5214236044322338
ENSG00000198049	AVPR1B	308.0	0.06374394041023475	0.11984827924970701
ENSG00000126895	AVPR2	1083.0	0.29536966573094287	0.45603918872729443
ENSG00000103126	AXIN1	70735.0	0.3682743637202286	0.5383048509641298
ENSG00000168646	AXIN2	19799.0	0.43019235740845246	0.6015867098996008
ENSG00000167601	AXL	15159.0	0.5971578753216212	0.7477756389002822
ENSG00000109956	B3GAT1	1361.0	0.22713991228354188	0.3701939933823278
ENSG00000174684	B4GAT1	18673.0	0.3939744188716608	0.5652534415811727
ENSG00000164929	BAALC	26435.0	0.5865150914182554	0.7393753700684231
ENSG00000136881	BAAT	79.0	-0.004275747305423932	0.0
ENSG00000186318	BACE1	53114.0	0.33244301526883363	0.49899772291839434
ENSG00000182240	BACE2	31306.0	0.3539976217530017	0.5228925310735568
ENSG00000112182	BACH2	5354.0	0.14346516600864892	0.25093054038440865
ENSG00000002330	BAD	20853.0	0.6946862544178364	0.8198405487822605
ENSG00000112208	BAG2	20600.0	0.30527961595034925	0.46776125547334313
ENSG00000151929	BAG3	81006.0	0.2903178318014994	0.4499942954305563
ENSG00000204463	BAG6	498884.0	0.5765895958312357	0.7314390471126211
ENSG00000175866	BAIAP2	34382.0	0.1967871486791382	0.3288590605210407
ENSG00000030110	BAK1	55263.0	0.24104112705661285	0.38844986165493484
ENSG00000153064	BANK1	2412.0	0.05423395101336645	0.10288788548544635
ENSG00000163930	BAP1	134879.0	0.13899701328375877	0.24406914445372718
ENSG00000138376	BARD1	13377.0	0.25155199779363674	0.40198409372858374
ENSG00000143032	BARHL2	176.0	0.017282783029459608	0.03397832602256695
ENSG00000043039	BARX2	808.0	0.12406240628790874	0.2207393568077969
ENSG00000156127	BATF	6591.0	0.509304598285026	0.6748864329489651
ENSG00000123685	BATF3	2104.0	0.13842039502678144	0.2431797526317597
ENSG00000087088	BAX	8930.0	0.1749904148515713	0.29785845508140024
ENSG00000123636	BAZ2B	81307.0	0.48353107490229447	0.6518651116683079
ENSG00000105327	BBC3	7872.0	0.21145100691254765	0.34908717844305176
ENSG00000187244	BCAM	485687.0	0.7853355455147146	0.8797624037539692
ENSG00000132692	BCAN	2226.0	0.239829931789948	0.3868755312975941
ENSG00000050820	BCAR1	13597.0	0.16292408057088814	0.2801972773509127
ENSG00000137936	BCAR3	36981.0	0.30891838146708733	0.4720208468932027
ENSG00000262117	BCAR4	737.0	0.13318977023315423	0.23507054816732134
ENSG00000141376	BCAS3	35867.0	0.19923756313354168	0.332273720000806
ENSG00000107949	BCCIP	119941.0	0.3611886472253199	0.5306959442566255
ENSG00000114200	BCHE	91.0	0.2298907789367914	0.373839340653527
ENSG00000103507	BCKDK	93682.0	0.12772335240894442	0.22651539872099466
ENSG00000142867	BCL10	43757.0	0.18982651550223795	0.3190826780694331
ENSG00000119866	BCL11A	67888.0	0.5525721306161895	0.7118150837821403
ENSG00000127152	BCL11B	1518.0	0.04247362000570633	0.08148622505281973
ENSG00000171791	BCL2	4001.0	0.12252228308318032	0.21829817533181436
ENSG00000140379	BCL2A1	1003.0	0.5856081693249752	0.7386543291767729
ENSG00000171552	BCL2L1	380832.0	0.6888678005110372	0.8157746868080399
ENSG00000153094	BCL2L11	50863.0	0.5230206332970329	0.6868201544516157
ENSG00000126453	BCL2L12	9536.0	0.10681678951790434	0.19301620743290399
ENSG00000099968	BCL2L13	30061.0	0.16875696487433672	0.28878025106354127
ENSG00000129473	BCL2L2	84626.0	0.3195793048769653	0.48436543934244586
ENSG00000069399	BCL3	24112.0	0.5046543197545691	0.6707910423397256
ENSG00000113916	BCL6	29661.0	0.3671834176912987	0.5371384891594793
ENSG00000161940	BCL6B	2182.0	0.3063546314724399	0.46902215384981094
ENSG00000106635	BCL7B	40581.0	0.05920920055910926	0.11179887887653425
ENSG00000099385	BCL7C	15070.0	0.13248163560411624	0.23396694734646997
ENSG00000183337	BCOR	52867.0	0.1788998485338375	0.30350304778871573
ENSG00000085185	BCORL1	40302.0	0.19406560050163243	0.32505014870222304
ENSG00000186716	BCR	174282.0	0.5327862831710415	0.6951866532479775
ENSG00000100739	BDKRB1	121.0	-0.003133134378795121	0.0
ENSG00000168398	BDKRB2	1318.0	0.318610541261747	0.48325192510121473
ENSG00000176697	BDNF	1554.0	0.2725574811184285	0.42836175994012066
ENSG00000166546	BEAN1	350.0	-0.002596848114681166	0.0
ENSG00000126581	BECN1	35854.0	0.2117484742335788	0.3494924544757657
ENSG00000133134	BEX2	10154.0	0.2121055656684809	0.34997870099128514
ENSG00000125864	BFSP1	1884.0	0.0365115678629616	0.07045086421609303
ENSG00000170819	BFSP2	288.0	0.01520320168332832	0.029951051490223028
ENSG00000145692	BHMT	582.0	0.03913431775707968	0.07532099958270876
ENSG00000112624	BICRAL	53530.0	0.21645671310073158	0.35588066680808783
ENSG00000015475	BID	11089.0	0.07686569439238776	0.14275818199549678
ENSG00000100290	BIK	16876.0	0.38805838836811896	0.5591384218704843
ENSG00000110330	BIRC2	71012.0	0.29361818297343806	0.45394875680943786
ENSG00000089685	BIRC5	45300.0	0.43236072835193823	0.6037036897114719
ENSG00000101197	BIRC7	1424.0	0.505855983132347	0.6718517425286721
ENSG00000136573	BLK	291.0	0.0113444323698705	0.022434359663773964
ENSG00000197299	BLM	9898.0	0.23564627507366645	0.3814138072153663
ENSG00000095585	BLNK	4214.0	0.31520221713543944	0.479321298320135
ENSG00000196072	BLOC1S2	14846.0	0.12319530268215072	0.21936577260956255
ENSG00000106605	BLVRA	63012.0	0.18963821556375493	0.31881661682142204
ENSG00000168283	BMI1	125731.0	0.39071361661379106	0.5618893954100033
ENSG00000125845	BMP2	1378.0	0.28888504216003813	0.4482712308863429
ENSG00000138756	BMP2K	27737.0	0.18980143102476055	0.3190472394394198
ENSG00000125378	BMP4	4084.0	0.23181554681011426	0.376380290718719
ENSG00000112175	BMP5	410.0	0.05858918817095925	0.11069296536494996
ENSG00000153162	BMP6	7610.0	0.6817220709781074	0.8107428483490267
ENSG00000101144	BMP7	167803.0	0.7226668730815525	0.8390094270389338
ENSG00000183682	BMP8A	7648.0	0.6849570771706797	0.8130261434562301
ENSG00000116985	BMP8B	11740.0	0.584407073100568	0.7376981370790354
ENSG00000164619	BMPER	1579.0	0.4027956790146956	0.5742756198074601
ENSG00000107779	BMPR1A	89997.0	0.41466371019676534	0.5862364422129551
ENSG00000138696	BMPR1B	26706.0	0.3076192205660909	0.4705027514553009
ENSG00000204217	BMPR2	91552.0	0.26354538060957056	0.4171522204963128
ENSG00000169594	BNC1	248.0	0.40423833898749173	0.5757403537051448
ENSG00000173068	BNC2	24270.0	0.26671529921670184	0.42111325154378487
ENSG00000176171	BNIP3	16272.0	0.5316898965258035	0.6942526652839959
ENSG00000152430	BOLL	168.0	0.02242931441301031	0.043874552689028214
ENSG00000157764	BRAF	102406.0	0.1257018552459225	0.22333063530122987
ENSG00000012048	BRCA1	6948.0	0.10922754229546129	0.19694343699656658
ENSG00000139618	BRCA2	21191.0	0.2070106164255485	0.3430137458750636
ENSG00000169925	BRD3	104822.0	0.24159040849241192	0.38916281382321655
ENSG00000141867	BRD4	467541.0	0.5114930851222916	0.6768050613753325
ENSG00000137948	BRDT	828.0	0.042610158717578166	0.08173747082992001
ENSG00000184992	BRI3BP	33351.0	0.38063900881416035	0.5513954138397025
ENSG00000078725	BRINP1	38.0	-0.00790899049790546	0.0
ENSG00000136492	BRIP1	17158.0	0.26758254236738893	0.42219347998851553
ENSG00000113460	BRIX1	34598.0	0.12891403688825256	0.22838592253417667
ENSG00000174672	BRSK2	315.0	0.01806459298290445	0.03548810774368576
ENSG00000160058	BSDC1	40844.0	0.16613202353168094	0.2849283274608015
ENSG00000109743	BST1	2429.0	0.2377150783955875	0.38411922508648816
ENSG00000095564	BTAF1	114138.0	0.2983903506297038	0.45963118947239257
ENSG00000183826	BTBD9	34857.0	0.11250894160493632	0.20226164014938666
ENSG00000010671	BTK	2392.0	0.3141399696453556	0.47809210114830003
ENSG00000186265	BTLA	374.0	0.09759051355161534	0.17782681673482967
ENSG00000026950	BTN3A1	24758.0	0.43176099259382333	0.6031188093923854
ENSG00000204290	BTNL2	60.0	-0.010805816778076882	0.0
ENSG00000166167	BTRC	47510.0	0.16650289155373926	0.2854736027820102
ENSG00000169679	BUB1	67120.0	0.5875539437898231	0.7402002887375393
ENSG00000156970	BUB1B	31412.0	0.434723619544856	0.6060032937671512
ENSG00000112276	BVES	534.0	0.12011442850930391	0.21446813906175163
ENSG00000108561	C1QBP	179301.0	0.4540802481962228	0.6245600939281122
ENSG00000165985	C1QL3	98.0	-0.008156813691436518	0.0
ENSG00000173918	C1QTNF1	18124.0	0.8658263034365433	0.9280888599778389
ENSG00000133466	C1QTNF6	50579.0	0.5026275623685439	0.6689981935061381
ENSG00000240654	C1QTNF9	98.0	0.038089546352874655	0.07338393202531487
ENSG00000139178	C1RL	293628.0	0.7368668681189208	0.8485012658649765
ENSG00000171860	C3AR1	2849.0	0.40338402694082653	0.574873333595146
ENSG00000244731	C4A	86588.0	0.8306408756573948	0.9074864291546055
ENSG00000224389	C4B	146748.0	0.8848087426037078	0.938884378667957
ENSG00000106804	C5	4388.0	0.0969862669296809	0.17682311958404476
ENSG00000197405	C5AR1	8414.0	0.5840956084391044	0.7374499434597203
ENSG00000039537	C6	164.0	0.17145304287986304	0.2927185923873966
ENSG00000021852	C8B	66.0	-0.012362008691241346	0.0
ENSG00000176919	C8G	833.0	0.0001406800501976817	0.00028132052420989587
ENSG00000113600	C9	33.0	-0.007455166990936481	0.0
ENSG00000154975	CA10	97.0	-0.010571447766659869	0.0
ENSG00000074410	CA12	55267.0	0.6763587149146791	0.8069379290924658
ENSG00000118298	CA14	8631.0	0.25944832715152727	0.4120031311460266
ENSG00000167434	CA4	1917.0	0.5298925813287171	0.6927186755406103
ENSG00000107159	CA9	1173.0	0.6596681279933445	0.7949398037677926
ENSG00000183346	CABCOCO1	2420.0	0.12388947249116554	0.22046558051043474
ENSG00000175544	CABP4	5435.0	0.07197246296121235	0.13428043247005786
ENSG00000154040	CABYR	34777.0	0.3893937469655218	0.5605232466548372
ENSG00000148408	CACNA1B	4042.0	0.22620756106848627	0.36895476467519855
ENSG00000151067	CACNA1C	6564.0	0.563022356116359	0.7204277711232492
ENSG00000157388	CACNA1D	3742.0	0.20410877896846163	0.33902049803725864
ENSG00000006283	CACNA1G	1120.0	0.2272306230793268	0.3703144605521123
ENSG00000196557	CACNA1H	15135.0	0.8546353880821529	0.9216209219062912
ENSG00000153956	CACNA2D1	30670.0	0.4365391630389453	0.6077650707627948
ENSG00000006116	CACNG3	46.0	-0.008010797636091235	0.0
ENSG00000075461	CACNG4	37347.0	0.74836501875764	0.8560741157923831
ENSG00000075429	CACNG5	7154.0	0.4736867224682398	0.6428594561466553
ENSG00000151893	CACUL1	61429.0	0.22014286240291148	0.3608476829825796
ENSG00000116161	CACYBP	54877.0	0.22788609898955603	0.37118442692214954
ENSG00000084774	CAD	120927.0	0.2961264519378204	0.45694068120450115
ENSG00000162706	CADM3	467.0	0.6733865518140993	0.8048188878822872
ENSG00000105767	CADM4	85826.0	0.4409292795234012	0.6120068289114675
ENSG00000104327	CALB1	130.0	0.003980710026352889	0.007929853604953031
ENSG00000172137	CALB2	3795.0	0.767220538744113	0.8682793368725145
ENSG00000110680	CALCA	52.0	0.029408599226117865	0.05713688276594244
ENSG00000175868	CALCB	260.0	0.2108957363672499	0.3483301328650278
ENSG00000004948	CALCR	267.0	-0.0013881401226554044	0.0
ENSG00000064989	CALCRL	6749.0	0.6467477490828188	0.7854849043431634
ENSG00000160014	CALM3	64506.0	0.5380166054703783	0.6996239228585368
ENSG00000178363	CALML3	73.0	0.019928706789628575	0.039078627078469104
ENSG00000269058	CALR3	199.0	-0.004913250937518511	0.0
ENSG00000134072	CAMK1	31909.0	0.22732238819503417	0.37043630977733016
ENSG00000070808	CAMK2A	126.0	-0.007259373857761076	0.0
ENSG00000058404	CAMK2B	892.0	0.022625342486975723	0.0442495243310751
ENSG00000145349	CAMK2D	17997.0	0.15385922506380822	0.2666863023178583
ENSG00000148660	CAMK2G	65424.0	0.43638630478830215	0.6076169110406796
ENSG00000164076	CAMKV	100.0	0.01394930137791787	0.027514790648726337
ENSG00000164047	CAMP	348.0	0.0785473002222403	0.14565388130136753
ENSG00000118200	CAMSAP2	54540.0	0.16707426665223518	0.2863129989687623
ENSG00000111530	CAND1	155100.0	0.17863357686637438	0.30311978272552925
ENSG00000127022	CANX	258211.0	0.36869802117429623	0.5387572941151269
ENSG00000014216	CAPN1	85833.0	0.374269909656577	0.5446818081756664
ENSG00000092529	CAPN3	10725.0	0.13799302958059073	0.24251999088509058
ENSG00000100065	CARD10	61937.0	0.35572964779457256	0.5247796245708047
ENSG00000198286	CARD11	1874.0	0.45776755391937973	0.6280391584908277
ENSG00000141527	CARD14	12624.0	0.3538469507876432	0.5227281423232982
ENSG00000105483	CARD8	16679.0	0.3287771436415023	0.49485671124729214
ENSG00000187796	CARD9	3487.0	0.22178705958492326	0.36305354168715914
ENSG00000138380	CARF	22698.0	0.0807134150854866	0.14937061751769223
ENSG00000142453	CARM1	197419.0	0.48070776384807756	0.6492945813950616
ENSG00000246228	CASC8	791.0	0.15880207948087752	0.2740797281827764
ENSG00000147044	CASK	27758.0	0.12459690588149906	0.22158500566713826
ENSG00000137752	CASP1	4438.0	0.36388198344740813	0.5335974635102138
ENSG00000003400	CASP10	18160.0	0.21551995756217937	0.35461360584226287
ENSG00000106144	CASP2	68806.0	0.28040997474248514	0.4380002972077454
ENSG00000164305	CASP3	47428.0	0.2015852331699947	0.3355321413832244
ENSG00000138794	CASP6	30059.0	0.14163771394125166	0.2481307549875499
ENSG00000165806	CASP7	9420.0	0.13333715890400422	0.2353000743978926
ENSG00000064012	CASP8	20052.0	0.24469982604345628	0.3931868887959707
ENSG00000118412	CASP8AP2	45903.0	0.2272620671353245	0.37035621522271883
ENSG00000132906	CASP9	23912.0	0.14446866300959918	0.2524641655625436
ENSG00000118729	CASQ2	186.0	0.05939978589766067	0.1121385650410142
ENSG00000036828	CASR	541.0	0.5503781268397543	0.7099921203888874
ENSG00000087589	CASS4	5321.0	0.2479265698262811	0.3973415997718423
ENSG00000130940	CASZ1	39645.0	0.27203122011912295	0.4277115464094471
ENSG00000121691	CAT	58790.0	0.281131204866265	0.43887964604782503
ENSG00000166762	CATSPER2	2891.0	0.07155886127915172	0.1335602996063693
ENSG00000105971	CAV2	4327.0	0.4886394297964714	0.6564913168574056
ENSG00000168497	CAVIN2	2679.0	0.3309143067875722	0.4972736487990727
ENSG00000170955	CAVIN3	12834.0	0.3455274503779086	0.5135940560422796
ENSG00000099625	CBARP	916.0	-0.014360162329457369	0.0
ENSG00000067955	CBFB	70145.0	0.3335048495342563	0.500192930907956
ENSG00000110395	CBL	20489.0	0.0587443822743667	0.11096990597139901
ENSG00000114423	CBLB	131940.0	0.562640872598717	0.7201153924292649
ENSG00000134812	CBLIF	61.0	0.011038945611890814	0.021836835583440226
ENSG00000102924	CBLN1	253.0	0.45956675494300014	0.6297303681200211
ENSG00000139899	CBLN3	26409.0	0.25665054389544	0.40846764463230867
ENSG00000054803	CBLN4	330.0	0.26596007043838155	0.4201713413382523
ENSG00000159228	CBR1	24363.0	0.16044841763253595	0.27652830611785634
ENSG00000160200	CBS	8885.0	0.19205823774058742	0.3222296221107657
ENSG00000136682	CBWD2	92468.0	0.21422816666217437	0.3528631150948707
ENSG00000108468	CBX1	88632.0	0.21052449678937987	0.347823604309941
ENSG00000122565	CBX3	130187.0	0.3691091082629362	0.539196045129296
ENSG00000094916	CBX5	137118.0	0.4536340041751297	0.624137854332248
ENSG00000100307	CBX7	15444.0	0.2579944183821543	0.4101678268397223
ENSG00000132024	CC2D1A	83899.0	0.19607864050652352	0.3278691448306222
ENSG00000158941	CCAR2	104376.0	0.2342509759762334	0.3795840238910114
ENSG00000183287	CCBE1	2053.0	0.6054388890700803	0.7542347369207796
ENSG00000150636	CCDC102B	1381.0	0.5309810609709132	0.6936481116679224
ENSG00000167131	CCDC103	4043.0	0.06805034002454553	0.12742908732744118
ENSG00000103021	CCDC113	12257.0	0.21824374366653881	0.35829241036722637
ENSG00000007080	CCDC124	90930.0	0.28454592004116674	0.4430295804949467
ENSG00000128596	CCDC136	3967.0	0.2944862755966607	0.45498555086792974
ENSG00000185298	CCDC137	52652.0	0.19895315779141132	0.33187811633592496
ENSG00000175455	CCDC14	81455.0	0.377307536095838	0.5478914856813556
ENSG00000163492	CCDC141	256.0	-0.008079159942765366	0.0
ENSG00000120262	CCDC170	13785.0	0.39978629650752273	0.5712104733486711
ENSG00000162592	CCDC27	125.0	-0.013881480589534163	0.0
ENSG00000140481	CCDC33	17472.0	0.2981634409542113	0.45936194403232794
ENSG00000180329	CCDC43	12789.0	0.06395161722752898	0.12021527331134788
ENSG00000152492	CCDC50	184620.0	0.39662190629255956	0.5679731994830626
ENSG00000164051	CCDC51	9803.0	0.03231925081633659	0.06261483701050659
ENSG00000176155	CCDC57	35212.0	0.2779618473665481	0.4350080527667308
ENSG00000108091	CCDC6	208588.0	0.4005933978787161	0.5720338229288231
ENSG00000104983	CCDC61	5650.0	0.10893522708358368	0.19646815147188557
ENSG00000130783	CCDC62	1586.0	0.02653610905084701	0.0517002934760527
ENSG00000216937	CCDC7	13006.0	0.11996118568851759	0.2142238270780235
ENSG00000120647	CCDC77	19292.0	0.17186805898775565	0.2933232246917166
ENSG00000091986	CCDC80	13865.0	0.5072850418435807	0.6731109614451074
ENSG00000110104	CCDC86	17593.0	0.09567205793184426	0.1746363015087412
ENSG00000105321	CCDC9	53112.0	0.4380024964053827	0.6091818303518534
ENSG00000123106	CCDC91	23883.0	0.04948327465688445	0.09430026347597086
ENSG00000187094	CCK	291.0	0.19539037476522678	0.3269063878878918
ENSG00000163394	CCKAR	147.0	-0.01765840755169193	0.0
ENSG00000110148	CCKBR	2830.0	0.07390910694846765	0.13764499522400314
ENSG00000108702	CCL1	73.0	0.6350209757735727	0.776774102819234
ENSG00000172156	CCL11	172.0	0.0688905554577862	0.128901046240944
ENSG00000181374	CCL13	621.0	0.4809301063431472	0.6494973723381252
ENSG00000276409	CCL14	2045.0	0.5774288414465575	0.7321139645412277
ENSG00000275718	CCL15	120.0	-0.009063449574737219	0.0
ENSG00000275152	CCL16	101.0	0.00970125985331793	0.019216099333633118
ENSG00000102970	CCL17	386.0	0.04585621808836508	0.08769124721977924
ENSG00000275385	CCL18	1228.0	0.7614930873998548	0.8645995750388065
ENSG00000115009	CCL20	83.0	0.26304145185398387	0.4165206952913106
ENSG00000102962	CCL22	325.0	0.7984822902509274	0.8879512404200786
ENSG00000274736	CCL23	139.0	0.005806294557390055	0.01154555223766052
ENSG00000106178	CCL24	478.0	-0.02365292833056666	0.0
ENSG00000131142	CCL25	594.0	-0.016614602395311498	0.0
ENSG00000006606	CCL26	784.0	0.02005060817088907	0.039312967435690196
ENSG00000213927	CCL27	1301.0	-0.019450344669211254	0.0
ENSG00000151882	CCL28	27636.0	0.4863890327663267	0.6544572410644143
ENSG00000108688	CCL7	2432.0	0.8654381492620205	0.9278658202679017
ENSG00000108700	CCL8	3625.0	0.8297393900914732	0.9069481638584524
ENSG00000142871	CCN1	176525.0	0.898332300046862	0.9464436758777016
ENSG00000118523	CCN2	169478.0	0.910481285783441	0.9531433702686862
ENSG00000136999	CCN3	27405.0	0.5028267225769056	0.6691745828350799
ENSG00000104415	CCN4	6799.0	0.6829477995475726	0.811609010964178
ENSG00000064205	CCN5	4413.0	0.43250014034791945	0.6038395783233581
ENSG00000133101	CCNA1	31528.0	0.6854568709486458	0.8133781205126203
ENSG00000145386	CCNA2	20663.0	0.3303355463992154	0.4966198900620615
ENSG00000134057	CCNB1	164686.0	0.7108564808710018	0.8309948716552809
ENSG00000157456	CCNB2	23243.0	0.2838089363995834	0.44213578571203893
ENSG00000147082	CCNB3	1560.0	0.042505086378919164	0.0815441323678489
ENSG00000110092	CCND1	22546.0	0.3610546747181917	0.5305513164531007
ENSG00000118971	CCND2	124635.0	0.8185351284841345	0.9002137112043977
ENSG00000112576	CCND3	13466.0	0.1099653416673706	0.19814193748100742
ENSG00000166946	CCNDBP1	29867.0	0.07601373235230396	0.14128766216789482
ENSG00000105173	CCNE1	152829.0	0.6263142483056178	0.770225371828533
ENSG00000152669	CCNO	44283.0	0.8013791649337437	0.8897395734708846
ENSG00000129315	CCNT1	59293.0	0.04325503138608433	0.08292321644232101
ENSG00000108100	CCNY	89966.0	0.20682304272946936	0.34275620435900545
ENSG00000163823	CCR1	4460.0	0.5307767472161737	0.6934737520431101
ENSG00000121807	CCR2	390.0	0.1606375467039948	0.27680915055725536
ENSG00000183625	CCR3	79.0	-0.01185341373626916	0.0
ENSG00000183813	CCR4	305.0	0.5513660240068948	0.7108135868320967
ENSG00000160791	CCR5	508.0	0.1865258169858243	0.31440667251499466
ENSG00000112486	CCR6	1112.0	0.009015090037763792	0.01786908863261181
ENSG00000126353	CCR7	206.0	0.3585598428298384	0.5278528505346798
ENSG00000173585	CCR9	97.0	-0.0014270451068996292	0.0
ENSG00000121797	CCRL2	348.0	0.0380885920723083	0.07338216095077796
ENSG00000166226	CCT2	198400.0	0.21653747940798918	0.35598982040958427
ENSG00000163468	CCT3	552993.0	0.5573612038491695	0.7157764075175331
ENSG00000150753	CCT5	332980.0	0.42839695892644913	0.5998289988637648
ENSG00000146731	CCT6A	365877.0	0.605830554962358	0.7545385820318499
ENSG00000135624	CCT7	332992.0	0.5707408177476264	0.7267154597358001
ENSG00000156261	CCT8	188304.0	0.3148162852883068	0.47887494064507324
ENSG00000134256	CD101	1173.0	-0.0025891753596491056	0.0
ENSG00000156535	CD109	30854.0	0.47137557575499023	0.6407277428308794
ENSG00000170458	CD14	30741.0	0.8711178610617694	0.9311202454851796
ENSG00000177697	CD151	122401.0	0.16381064111890245	0.28150737814428783
ENSG00000117281	CD160	165.0	0.002534346174714035	0.0050558790018199904
ENSG00000177575	CD163	9717.0	0.7722125288222558	0.8714671815749304
ENSG00000204936	CD177	299.0	0.18021179457512432	0.3053889063021955
ENSG00000134061	CD180	516.0	0.08409477572179502	0.15514284840235365
ENSG00000177455	CD19	889.0	0.07560831385134065	0.14058707594145733
ENSG00000158477	CD1A	52.0	-0.005722741496118999	0.0
ENSG00000158481	CD1C	202.0	0.414424873222645	0.5859977169072454
ENSG00000158473	CD1D	3079.0	0.38081994647921835	0.5515852337594397
ENSG00000158488	CD1E	77.0	0.14114438422916825	0.24737340196352084
ENSG00000116824	CD2	688.0	0.5652701734198975	0.7222653098728137
ENSG00000091972	CD200	181134.0	0.903585783061083	0.9493512623403412
ENSG00000116031	CD207	3689.0	0.12405947438091006	0.2207347159263746
ENSG00000090659	CD209	1874.0	0.46977897359131143	0.6392511827046163
ENSG00000012124	CD22	131547.0	0.7411375189735471	0.8513256545186275
ENSG00000150637	CD226	361.0	0.10728033712121954	0.1937726762133861
ENSG00000122223	CD244	201.0	0.01487450598099276	0.029312995633119867
ENSG00000198821	CD247	1879.0	0.4867030234159376	0.6547414187638627
ENSG00000174807	CD248	4764.0	0.5495986422544392	0.7093432160663921
ENSG00000139193	CD27	1757.0	0.15495235147531664	0.26832682972138744
ENSG00000120217	CD274	1843.0	0.5114935984955087	0.6768055107936053
ENSG00000103855	CD276	68734.0	0.23619135536580602	0.38212749885459885
ENSG00000178562	CD28	982.0	0.25964821884976697	0.41225512800210473
ENSG00000198087	CD2AP	132127.0	0.2946864011641421	0.45522437078070666
ENSG00000169217	CD2BP2	49136.0	0.08193879767921111	0.15146660394279624
ENSG00000167851	CD300A	4895.0	0.4672876570141013	0.6369407590670007
ENSG00000167850	CD300C	556.0	0.0449493883185928	0.08603170415922241
ENSG00000186407	CD300E	435.0	0.40423809327423765	0.5757401044885241
ENSG00000241399	CD302	5746.0	0.3304242802381987	0.49672015934501684
ENSG00000167775	CD320	15195.0	0.16980734465535147	0.2903167695623934
ENSG00000105383	CD33	923.0	0.0771335355544318	0.14322000570658852
ENSG00000174059	CD34	29272.0	0.8808433388630528	0.9366472163444639
ENSG00000135218	CD36	1882.0	0.4531348272922625	0.6236652219486382
ENSG00000004468	CD38	2732.0	0.5877665673885275	0.7403689931011133
ENSG00000198851	CD3E	2095.0	0.7029560489409157	0.8255715693638607
ENSG00000117877	CD3EAP	11961.0	0.2368120994597318	0.38293949349812606
ENSG00000160654	CD3G	948.0	0.2218615993112127	0.363153403685459
ENSG00000010610	CD4	22102.0	0.7224519275465341	0.838864546513756
ENSG00000101017	CD40	5711.0	0.3735331223030276	0.5439011498706604
ENSG00000102245	CD40LG	217.0	0.489459230312144	0.6572307859807195
ENSG00000026508	CD44	24116.0	0.7109829711846877	0.831081294388806
ENSG00000117335	CD46	226809.0	0.5161285152537003	0.6808506139960494
ENSG00000196776	CD47	284709.0	0.7234090606866674	0.8395094086350405
ENSG00000110448	CD5	678.0	0.33336620543890366	0.5000369802070537
ENSG00000196352	CD55	65121.0	0.3686834790642049	0.5387417685735213
ENSG00000116815	CD58	25691.0	0.24890135444911676	0.3985924966170058
ENSG00000085063	CD59	39536.0	0.2035253748481496	0.33821534485524024
ENSG00000073754	CD5L	71.0	0.052730945556025706	0.10017933979925814
ENSG00000013725	CD6	940.0	0.3005130056692823	0.46214532935736297
ENSG00000129226	CD68	15508.0	0.7864001314962759	0.8804299973238278
ENSG00000173762	CD7	3142.0	0.38063932846093546	0.5513957492218511
ENSG00000125726	CD70	319.0	0.1898394320364929	0.3191009255955982
ENSG00000137101	CD72	2178.0	0.15365306963431447	0.26637656272698945
ENSG00000105369	CD79A	894.0	0.7993765017060377	0.8885038800363649
ENSG00000007312	CD79B	2501.0	0.2047480347713157	0.33990183650339933
ENSG00000121594	CD80	795.0	0.1865199875723287	0.3143983911370203
ENSG00000085117	CD82	94032.0	0.5857296908612609	0.7387509917193167
ENSG00000112149	CD83	19895.0	0.38249124250588884	0.5533362248466606
ENSG00000066294	CD84	2803.0	0.44802965412616436	0.6188128162285941
ENSG00000114013	CD86	2811.0	0.3705474516310598	0.5407291096562604
ENSG00000153563	CD8A	2283.0	0.41420316446480426	0.5857760396421636
ENSG00000172116	CD8B	1024.0	0.24130516520787926	0.3887926546530857
ENSG00000125810	CD93	3488.0	0.43292469150348956	0.6042532368525877
ENSG00000153283	CD96	1960.0	0.1282537113097346	0.2273490616943792
ENSG00000002586	CD99	90010.0	0.49364136853319834	0.6609904879883841
ENSG00000158825	CDA	3344.0	0.21624825916399615	0.3555988796442548
ENSG00000140326	CDAN1	50375.0	0.09457266323658707	0.17280289635032772
ENSG00000151465	CDC123	81233.0	0.19594458485646116	0.3276817125769731
ENSG00000079335	CDC14A	20281.0	0.1290716688122411	0.22863326107194187
ENSG00000117399	CDC20	161231.0	0.7581761355383225	0.862457543602345
ENSG00000164045	CDC25A	17310.0	0.2408427755438322	0.38819225173515876
ENSG00000158402	CDC25C	14654.0	0.30920331904970494	0.47235339927818465
ENSG00000004897	CDC27	51252.0	0.07163461161464951	0.13369223210645736
ENSG00000099804	CDC34	64768.0	0.13051425813259732	0.23089360827378327
ENSG00000105401	CDC37	595265.0	0.5641013629730464	0.7213104934590705
ENSG00000070831	CDC42	116687.0	0.08478690497400743	0.15631992714004783
ENSG00000171219	CDC42BPG	97890.0	0.6028873915730043	0.7522517111839737
ENSG00000094804	CDC6	17625.0	0.3157497206051728	0.47995407585561983
ENSG00000134371	CDC73	124483.0	0.22142124102603963	0.36256327234007735
ENSG00000184661	CDCA2	16778.0	0.34895821342545513	0.5173743855850564
ENSG00000111665	CDCA3	105401.0	0.6819800325252596	0.8109252420807412
ENSG00000164649	CDCA7L	94496.0	0.5724468126305882	0.7280968844636807
ENSG00000163814	CDCP1	16691.0	0.3217282878207114	0.48682969228294654
ENSG00000039068	CDH1	437518.0	0.7090047281060697	0.8297282230363322
ENSG00000140937	CDH11	37199.0	0.9203814437976969	0.958540238732545
ENSG00000140945	CDH13	1037.0	0.3448635052067974	0.5128602328364443
ENSG00000166589	CDH16	2693.0	0.25797806972515985	0.41014716541365825
ENSG00000170558	CDH2	43687.0	0.591263657920763	0.7431372607269147
ENSG00000149654	CDH22	1726.0	0.16811304737073327	0.2878369482288265
ENSG00000107736	CDH23	108441.0	0.7925883040641224	0.8842948514917577
ENSG00000062038	CDH3	183265.0	0.5923956376477851	0.7440307215647052
ENSG00000179776	CDH5	12368.0	0.8405279220462252	0.9133552520211266
ENSG00000113361	CDH6	268065.0	0.8514331643746113	0.9197557662441611
ENSG00000081138	CDH7	76.0	-0.01720215499706588	0.0
ENSG00000148600	CDHR1	10781.0	0.609940340541351	0.757717941692492
ENSG00000074276	CDHR2	2897.0	0.14061078545144062	0.2465534908926685
ENSG00000170312	CDK1	33247.0	0.4708466449511877	0.640238935265496
ENSG00000185324	CDK10	134038.0	0.3325417655349633	0.4991089572362646
ENSG00000058091	CDK14	27677.0	0.21484181165301292	0.353695122430272
ENSG00000102225	CDK16	197144.0	0.36928729920620024	0.5393861455083715
ENSG00000059758	CDK17	66080.0	0.25401454485659763	0.40512216688147806
ENSG00000117266	CDK18	99874.0	0.5527996163492032	0.7120038033611752
ENSG00000123374	CDK2	133201.0	0.6011744134382334	0.7509168375321709
ENSG00000250506	CDK3	23195.0	0.1226863900558412	0.21855861288162387
ENSG00000135446	CDK4	171770.0	0.463129865047496	0.6330673388755712
ENSG00000164885	CDK5	32159.0	0.19003829062487934	0.3193818083367583
ENSG00000101391	CDK5RAP1	51710.0	0.013801369999210401	0.027226970504530195
ENSG00000105810	CDK6	18642.0	0.3466405189288771	0.5148226479990313
ENSG00000134058	CDK7	50934.0	0.1451985009329209	0.25357787460363745
ENSG00000132964	CDK8	19664.0	0.0786977709766976	0.14591254954655442
ENSG00000136807	CDK9	57229.0	0.1185416960030587	0.21195758088705982
ENSG00000145996	CDKAL1	93334.0	0.26986930684559335	0.4250347738791476
ENSG00000100490	CDKL1	2529.0	0.09278395914484026	0.1698120810950565
ENSG00000006837	CDKL3	3390.0	-0.018916569039372565	0.0
ENSG00000124762	CDKN1A	246213.0	0.8141355175919653	0.8975465280263372
ENSG00000111276	CDKN1B	95369.0	0.25346299993392285	0.4044203936570674
ENSG00000129757	CDKN1C	16038.0	0.16714752571162686	0.2864205630041748
ENSG00000147889	CDKN2A	40305.0	0.37386287042038946	0.5442506358818633
ENSG00000168564	CDKN2AIP	22086.0	0.058236865840516204	0.1100639520704298
ENSG00000147883	CDKN2B	4583.0	0.2907744306886668	0.450542594856841
ENSG00000100526	CDKN3	8912.0	0.24005202507533763	0.38716444184791937
ENSG00000109089	CDR2L	96877.0	0.49726877699590005	0.6642344843303464
ENSG00000204539	CDSN	1574.0	0.1805919787526902	0.30593461924667287
ENSG00000091527	CDV3	81504.0	0.2923772180896569	0.45246420936116133
ENSG00000113722	CDX1	394.0	0.26627034810617256	0.4205584510517918
ENSG00000165556	CDX2	148.0	0.0052317174152325336	0.010408977998992963
ENSG00000079385	CEACAM1	2531.0	0.28491378722040483	0.4434753367177198
ENSG00000170956	CEACAM3	82.0	0.0019942366646776262	0.003980535200114144
ENSG00000245848	CEBPA	9369.0	0.28898887516805916	0.4483962286026411
ENSG00000075275	CELSR1	181208.0	0.7757393262535666	0.87370856159413
ENSG00000143126	CELSR2	363793.0	0.7612419977064816	0.8644377078195769
ENSG00000008300	CELSR3	5680.0	0.2115938411470355	0.34928180378783735
ENSG00000135048	CEMIP2	16746.0	0.2524806567561749	0.40316895178258433
ENSG00000115163	CENPA	21728.0	0.44899758999878375	0.6197354544932827
ENSG00000125817	CENPB	63595.0	0.16956732539242841	0.2899659074103032
ENSG00000117724	CENPF	71173.0	0.672895799397588	0.8044682754776462
ENSG00000166582	CENPV	5220.0	0.11606100096341115	0.20798325694245112
ENSG00000154240	CEP112	76062.0	0.5112456309585923	0.6765883989809203
ENSG00000100629	CEP128	20052.0	0.21331440166975027	0.35162263198423965
ENSG00000143702	CEP170	32835.0	0.26838179623331143	0.4231877137157275
ENSG00000174007	CEP19	6451.0	0.12340042625614085	0.21969090160912036
ENSG00000164118	CEP44	23962.0	0.09347896996922686	0.1709753411569636
ENSG00000138180	CEP55	62811.0	0.5683243150483855	0.7247535597008858
ENSG00000130695	CEP85	68195.0	0.2813036394607284	0.4390897376661206
ENSG00000198848	CES1	2132.0	0.19690191397137577	0.329019298361795
ENSG00000087237	CETP	504.0	0.16675078802026289	0.2858378836892921
ENSG00000070761	CFAP20	33070.0	0.12733087931162862	0.22589797130258593
ENSG00000197748	CFAP43	81942.0	0.6243181476675878	0.7687141199081804
ENSG00000171811	CFAP46	19886.0	0.6530493948363764	0.7901147985974335
ENSG00000165164	CFAP47	28995.0	0.6342447069147508	0.7761930685547397
ENSG00000243649	CFB	159352.0	0.8478238293016735	0.9176457364142573
ENSG00000136698	CFC1	45.0	0.020432211319167528	0.040046190413283236
ENSG00000153774	CFDP1	46054.0	0.10566323910441612	0.1911309617022323
ENSG00000000971	CFH	11530.0	0.7075612063471668	0.8287389098757862
ENSG00000244414	CFHR1	1229.0	0.2702449832621938	0.42550057165848615
ENSG00000165410	CFL2	11664.0	0.09705340538600936	0.1769346959947864
ENSG00000003402	CFLAR	111602.0	0.4737303702035637	0.6428996508202898
ENSG00000126759	CFP	6907.0	0.6422193259806317	0.7821358765183671
ENSG00000001626	CFTR	5484.0	0.45276605914708834	0.6233158550150945
ENSG00000164430	CGAS	51890.0	0.3996269090431724	0.5710477648881008
ENSG00000128849	CGNL1	26413.0	0.4134413360126717	0.5850137893646052
ENSG00000100532	CGRRF1	4745.0	0.030240022362104664	0.05870480995830702
ENSG00000138135	CH25H	312.0	0.5107273261832793	0.6761343590356406
ENSG00000136457	CHAD	77.0	0.019797933995073912	0.03882717023658835
ENSG00000167670	CHAF1A	33743.0	0.341911638772141	0.5095889012260042
ENSG00000198824	CHAMP1	22309.0	0.054060225435351716	0.10257521179688489
ENSG00000170004	CHD3	324266.0	0.38857980463273273	0.5596794701122831
ENSG00000116254	CHD5	597.0	-0.00826136855946706	0.0
ENSG00000171316	CHD7	158781.0	0.7057814083537428	0.8275168258925926
ENSG00000149554	CHEK1	45918.0	0.47002849615659414	0.6394821561425359
ENSG00000183765	CHEK2	63905.0	0.5020231945535317	0.6684626394238278
ENSG00000072609	CHFR	71677.0	0.1773249148332528	0.3012336061169108
ENSG00000133063	CHIT1	403.0	0.8064709123068083	0.8928689710004459
ENSG00000110721	CHKA	63207.0	0.2635701423915348	0.41718323906052523
ENSG00000154645	CHODL	1998.0	0.6235006701618264	0.7680941334008534
ENSG00000104472	CHRAC1	50838.0	0.22869821745287405	0.37226100633070325
ENSG00000054938	CHRDL2	208.0	0.006694064405982048	0.013299103754887043
ENSG00000168539	CHRM1	124.0	0.005489473798093913	0.010919007987936867
ENSG00000181072	CHRM2	66.0	0.010766365971317122	0.021303372042798353
ENSG00000133019	CHRM3	5445.0	0.06713611482328505	0.1258248388199337
ENSG00000180720	CHRM4	2090.0	0.31429247367140306	0.4782686958458257
ENSG00000184984	CHRM5	164.0	0.0114470418340359	0.022634980103909772
ENSG00000120903	CHRNA2	73.0	-0.01822987990746374	0.0
ENSG00000080644	CHRNA3	765.0	0.15313284908035915	0.26559446156179645
ENSG00000101204	CHRNA4	76.0	-0.017504357954697045	0.0
ENSG00000169684	CHRNA5	5273.0	0.14904450673775538	0.2594233832785236
ENSG00000147434	CHRNA6	291.0	0.025752371464770957	0.05021167326768479
ENSG00000175344	CHRNA7	336.0	0.07659836512653381	0.14229701178773593
ENSG00000170175	CHRNB1	6774.0	0.13625908037088832	0.2398380487774175
ENSG00000160716	CHRNB2	472.0	0.0673317343898608	0.1261683358985872
ENSG00000147432	CHRNB3	77.0	-0.004194478045786054	0.0
ENSG00000117971	CHRNB4	3139.0	0.11080183673233075	0.19949883600891202
ENSG00000124302	CHST8	408.0	0.022257913058743275	0.043546570340833826
ENSG00000213341	CHUK	17653.0	0.12875806413031865	0.22814111938065962
ENSG00000187288	CIDEC	1446.0	0.013805949489535684	0.02723588177103746
ENSG00000179583	CIITA	34865.0	0.6782364160247418	0.8082727910663365
ENSG00000160161	CILP2	15939.0	0.4156792285345673	0.587250586370269
ENSG00000100865	CINP	19725.0	0.07669266647979847	0.14245971736863766
ENSG00000163507	CIP2A	48882.0	0.4217280178483997	0.593261175912718
ENSG00000145354	CISD2	21588.0	0.0702683502507904	0.1313097789621169
ENSG00000136108	CKAP2	51367.0	0.22472959297394215	0.3669864666668891
ENSG00000136026	CKAP4	207741.0	0.37784324027408	0.5484560641295008
ENSG00000175216	CKAP5	146994.0	0.3087717876400062	0.47184969993399284
ENSG00000123975	CKS2	63433.0	0.5205421111697832	0.6846796380658209
ENSG00000109572	CLCN3	66749.0	0.2831569596313712	0.4413442291778822
ENSG00000073464	CLCN4	8702.0	0.19784572422430646	0.3303359025677972
ENSG00000171365	CLCN5	43139.0	0.7849923223296704	0.8795470014180712
ENSG00000163347	CLDN1	98674.0	0.8656767676531886	0.9280029452712889
ENSG00000066405	CLDN18	87.0	-0.01857440970897191	0.0
ENSG00000184113	CLDN5	7129.0	0.8589495069153933	0.9241235479716414
ENSG00000181885	CLDN7	36523.0	0.3710682168107748	0.541283376364616
ENSG00000132514	CLEC10A	498.0	0.6490715282309727	0.7871963309284208
ENSG00000172322	CLEC12A	1199.0	0.1028152689579408	0.18645963989071673
ENSG00000176435	CLEC14A	9524.0	0.8312170043609114	0.9078301505298695
ENSG00000038532	CLEC16A	61652.0	0.1276548265912068	0.22640762683931429
ENSG00000188393	CLEC2A	72.0	-0.008685727593138539	0.0
ENSG00000111729	CLEC4A	3570.0	0.08898839268296535	0.16343313350424726
ENSG00000198178	CLEC4C	29516.0	0.29079225445508555	0.4505639903732533
ENSG00000166527	CLEC4D	545.0	0.011232343650571637	0.02221515900099204
ENSG00000104938	CLEC4M	2107.0	0.6574644401146686	0.7933376115980904
ENSG00000258227	CLEC5A	1564.0	0.4273668035303074	0.5988184711502339
ENSG00000205846	CLEC6A	1014.0	0.021266296210898306	0.04164691675383885
ENSG00000172243	CLEC7A	1622.0	0.2609175935116471	0.41385352199741043
ENSG00000197992	CLEC9A	90.0	0.09925232202830672	0.18058150988513605
ENSG00000153132	CLGN	14339.0	0.37841878308166366	0.5490621394982028
ENSG00000169583	CLIC3	28455.0	0.44140694912371314	0.6124667976549738
ENSG00000169504	CLIC4	95397.0	0.5194419095195606	0.6837272373036036
ENSG00000159212	CLIC6	15262.0	0.35574218103025396	0.5247932623294479
ENSG00000176444	CLK2	185044.0	0.35773924169635724	0.5269631026490749
ENSG00000179335	CLK3	59060.0	0.10695350690727705	0.19323938402091517
ENSG00000113240	CLK4	27042.0	0.1740992644819352	0.2965665165606854
ENSG00000188603	CLN3	18957.0	0.17660372663424168	0.30019236321718806
ENSG00000102805	CLN5	21057.0	0.15966321683651233	0.27536135408703133
ENSG00000109684	CLNK	173.0	0.08984594386389913	0.1648782460856122
ENSG00000134852	CLOCK	56390.0	0.24765859127130577	0.39699737252472767
ENSG00000049656	CLPTM1L	195689.0	0.3635835384449627	0.5332765147041819
ENSG00000166855	CLPX	84862.0	0.28795156527626375	0.44714657451345785
ENSG00000171603	CLSTN1	99260.0	0.38570301445596006	0.5566892911860924
ENSG00000139182	CLSTN3	78779.0	0.6083930430167006	0.756522848265495
ENSG00000141367	CLTC	184183.0	0.3204961484792858	0.48541777096188676
ENSG00000092009	CMA1	69.0	0.22021111357549628	0.36093936717266506
ENSG00000174600	CMKLR1	3428.0	0.4544881872064408	0.6249458623371187
ENSG00000184220	CMSS1	34952.0	0.20555441094488494	0.34101224976444866
ENSG00000166091	CMTM5	39.0	-0.0061781159080247835	0.0
ENSG00000170293	CMTM8	22858.0	0.2709145272373462	0.4263300504184926
ENSG00000164309	CMYA5	1158.0	-0.0016697972111179688	0.0
ENSG00000150656	CNDP1	378.0	0.02491527693482352	0.048619193206557956
ENSG00000070729	CNGB1	2305.0	0.0459877925930496	0.08793179598978655
ENSG00000170289	CNGB3	1519.0	0.03182600129764726	0.06168869801230474
ENSG00000143771	CNIH4	22709.0	0.06738233209028911	0.12625716215169522
ENSG00000153721	CNKSR3	14207.0	0.1663277291784497	0.2852161103905322
ENSG00000136110	CNMD	106.0	0.004150651041942063	0.008266988698628441
ENSG00000119946	CNNM1	953.0	0.09406069872085987	0.17194786145016008
ENSG00000168763	CNNM3	54394.0	0.3053417916660663	0.467834238688313
ENSG00000125107	CNOT1	174656.0	0.4577839188370494	0.6280545599683218
ENSG00000173786	CNP	87077.0	0.4289260275675906	0.6003474207796969
ENSG00000118432	CNR1	280.0	0.077729575330735	0.14424690035416585
ENSG00000188822	CNR2	208.0	0.033356963053565336	0.06456038764183802
ENSG00000119865	CNRIP1	3365.0	0.5969401669745263	0.7476049251180849
ENSG00000162852	CNST	18863.0	0.09674996548805487	0.1764303050513451
ENSG00000242689	CNTF	3532.0	0.060839284193516384	0.11470028514218973
ENSG00000044459	CNTLN	15686.0	0.24486487363456444	0.3933999244747677
ENSG00000184144	CNTN2	555.0	0.11867960225527617	0.21217800345338592
ENSG00000134115	CNTN6	185.0	0.018334414250060695	0.036008631336618115
ENSG00000108797	CNTNAP1	4926.0	0.5416446811642909	0.702684201855419
ENSG00000106714	CNTNAP3	189.0	0.2966964457124493	0.4576189696416329
ENSG00000152910	CNTNAP4	47.0	-0.005870470889751172	0.0
ENSG00000170037	CNTROB	35511.0	0.18734567684743786	0.31557057140236666
ENSG00000068120	COASY	40478.0	0.15362809649874398	0.2663390341566828
ENSG00000082438	COBLL1	15245.0	0.3428102520253609	0.5105862894750769
ENSG00000100473	COCH	4832.0	0.3645005197654793	0.5342621926272729
ENSG00000121058	COIL	50887.0	0.28624453346060835	0.44508571428556387
ENSG00000123500	COL10A1	430.0	0.3640065641598839	0.5337313964967347
ENSG00000060718	COL11A1	2562.0	0.4485494786256181	0.6193084671863626
ENSG00000065618	COL17A1	1818.0	0.42234473563346636	0.5938711270940482
ENSG00000182871	COL18A1	613015.0	0.7920400005864984	0.8839534835464383
ENSG00000050767	COL23A1	7408.0	0.3455989236691725	0.5136730084872467
ENSG00000188517	COL25A1	841.0	0.11418416069877932	0.20496460948999098
ENSG00000139219	COL2A1	46892.0	0.8347214815613391	0.9099162896931856
ENSG00000187498	COL4A1	283197.0	0.9578243796551016	0.9784579144160376
ENSG00000134871	COL4A2	173248.0	0.9168865611160683	0.9566414410900035
ENSG00000169031	COL4A3	471.0	0.14161824310614743	0.24810087603510694
ENSG00000081052	COL4A4	1964.0	0.3966147026348508	0.567965813171805
ENSG00000188153	COL4A5	65302.0	0.5457098901787756	0.7060961356929135
ENSG00000130635	COL5A1	157473.0	0.9527371836828306	0.9757966321775915
ENSG00000204262	COL5A2	34554.0	0.857872742306662	0.9235000038178728
ENSG00000114270	COL7A1	16590.0	0.7301981982641058	0.8440630662969224
ENSG00000158270	COLEC12	8170.0	0.5579977479500745	0.7163010969486399
ENSG00000206561	COLQ	7167.0	0.10432745568989853	0.18894297185561285
ENSG00000105664	COMP	2170.0	0.35464098256585175	0.5235940550006385
ENSG00000093010	COMT	155844.0	0.6195734713787346	0.7651069646766873
ENSG00000121022	COPS5	70903.0	0.31519283664237013	0.4793104522178568
ENSG00000163050	COQ8A	20278.0	0.15182728387446875	0.2636285595940364
ENSG00000145244	CORIN	443.0	0.08654758499325882	0.15930749133972955
ENSG00000172725	CORO1B	75055.0	0.15758687082026582	0.27226789590071937
ENSG00000110880	CORO1C	76639.0	0.2632266754475397	0.4167528766826951
ENSG00000241563	CORT	4413.0	0.07224531149125232	0.1347551921505263
ENSG00000047457	CP	287306.0	0.7993441910556685	0.8884839210075713
ENSG00000128510	CPA4	1267.0	0.46541199588408383	0.6351961048378078
ENSG00000158525	CPA5	206.0	0.004489233473435858	0.008938340648833998
ENSG00000165078	CPA6	118.0	-0.0007509801831643119	0.0
ENSG00000080618	CPB2	456.0	0.015340057293396181	0.030216590359467055
ENSG00000214575	CPEB1	1624.0	0.046217636836289704	0.08835185951567315
ENSG00000137449	CPEB2	6137.0	0.3052564310243683	0.46773403872034913
ENSG00000107864	CPEB3	24002.0	0.30006278553939686	0.46161276036357063
ENSG00000213578	CPLX3	155.0	0.011725116772231113	0.02317846335502369
ENSG00000144550	CPNE9	481.0	0.10357157086459734	0.18770249904762187
ENSG00000021826	CPS1	482.0	0.13034187061860916	0.23062380330523571
ENSG00000111605	CPSF6	421621.0	0.38088736258860273	0.5516559466147821
ENSG00000110090	CPT1A	89101.0	0.4742749086490692	0.643400909649428
ENSG00000106066	CPVL	29394.0	0.4336144009890242	0.604924728281024
ENSG00000121898	CPXM2	1834.0	0.5965432111521857	0.7472935364169383
ENSG00000109625	CPZ	17338.0	0.7387504720462474	0.8497486947357655
ENSG00000203710	CR1	828.0	0.4568893776369509	0.6272121749943945
ENSG00000117322	CR2	1841.0	0.11057119229692883	0.19912490628942203
ENSG00000148204	CRB2	4967.0	0.4268211785621223	0.5982826509377314
ENSG00000118260	CREB1	97594.0	0.1563553159989558	0.27042780680933365
ENSG00000107175	CREB3	69234.0	0.24775573243002552	0.39712217061510435
ENSG00000146592	CREB5	3451.0	0.1564166503426025	0.27051954033394826
ENSG00000005339	CREBBP	254358.0	0.19871575680571493	0.3315477512955097
ENSG00000143162	CREG1	170431.0	0.5369026453883176	0.6986813992406948
ENSG00000175874	CREG2	279.0	0.024698590754045183	0.0482065477144264
ENSG00000120088	CRHR1	344.0	0.029798996820275824	0.057873423672554714
ENSG00000106113	CRHR2	332.0	0.20475541256358704	0.33991200276559047
ENSG00000119878	CRIPT	28732.0	0.177949457105537	0.3021342826419654
ENSG00000167193	CRK	48631.0	0.2928686901998472	0.45305249082113136
ENSG00000099942	CRKL	75354.0	0.359203344316455	0.528549824157619
ENSG00000245694	CRNDE	12801.0	0.22517107370465855	0.36757491021035743
ENSG00000143536	CRNN	129.0	0.060459221600779836	0.11402460437755578
ENSG00000095713	CRTAC1	81166.0	0.7587882051000479	0.8628534156639793
ENSG00000109943	CRTAM	552.0	0.13657894935386083	0.24033341358557667
ENSG00000121671	CRY2	21323.0	0.14791045003891198	0.2577038131047559
ENSG00000160202	CRYAA	312.0	-0.00200038046435622	0.0
ENSG00000100053	CRYBB3	3259.0	0.08009012660567584	0.14830267332851102
ENSG00000112297	CRYBG1	10166.0	0.2947571259585954	0.4553087525822528
ENSG00000080200	CRYBG3	37794.0	0.31373830576535316	0.47762679125440677
ENSG00000163254	CRYGC	98.0	0.007565423134443429	0.015017234535317999
ENSG00000213139	CRYGS	2832.0	0.03664666208501917	0.07070232013540916
ENSG00000116791	CRYZ	21907.0	0.045087901574467376	0.08628537658227718
ENSG00000205758	CRYZL1	29914.0	0.14048487562224107	0.24635990993846973
ENSG00000124207	CSE1L	147438.0	0.5097867273880445	0.6753095892821681
ENSG00000184371	CSF1	15411.0	0.48546889015334493	0.6536237727647464
ENSG00000182578	CSF1R	10265.0	0.6967092609171162	0.8212476668401355
ENSG00000164400	CSF2	139.0	0.4482789972922047	0.6190506085227168
ENSG00000198223	CSF2RA	1134.0	0.059442453135572	0.1122145954405424
ENSG00000100368	CSF2RB	1124.0	0.4163362556706431	0.5879059495988197
ENSG00000108342	CSF3	96.0	-0.011734171738941632	0.0
ENSG00000119535	CSF3R	2804.0	0.47154985845176883	0.6408887279536567
ENSG00000103653	CSK	111806.0	0.21932326269964708	0.3597458843097172
ENSG00000113712	CSNK1A1	48281.0	0.22700233120633243	0.37001124681345005
ENSG00000213923	CSNK1E	146236.0	0.34707585439353567	0.5153026138231718
ENSG00000169118	CSNK1G1	47742.0	0.07613679712366411	0.14150022065440973
ENSG00000101266	CSNK2A1	217763.0	0.13675906344354555	0.24061222442206173
ENSG00000070770	CSNK2A2	93718.0	0.1396575563190607	0.24508687814984645
ENSG00000204435	CSNK2B	407637.0	0.27497535244025384	0.4313422246382435
ENSG00000173546	CSPG4	17480.0	0.6154543336054626	0.7619581944255357
ENSG00000104218	CSPP1	31114.0	0.23856454192446802	0.38522746913744044
ENSG00000159176	CSRP1	65448.0	0.3819735495922724	0.5527942987113859
ENSG00000129170	CSRP3	101.0	0.007757691527377718	0.015395946054492533
ENSG00000170373	CST1	342.0	0.5395214945113419	0.700895046200821
ENSG00000170369	CST2	240.0	0.03625278657363299	0.06996900185620292
ENSG00000101441	CST4	896.0	0.21426043901971958	0.3529068923511886
ENSG00000170367	CST5	1303.0	0.26961109951387685	0.4247144651099988
ENSG00000077984	CST7	640.0	0.5559635266518319	0.7146228264722511
ENSG00000184033	CTAG1B	144232.0	0.6566967454517304	0.7927784578011824
ENSG00000159692	CTBP1	316666.0	0.13762896414564094	0.24195755994837956
ENSG00000175029	CTBP2	103055.0	0.26920251128271766	0.4242073410501663
ENSG00000102974	CTCF	89059.0	0.165651021056447	0.2842206081650664
ENSG00000124092	CTCFL	8665.0	0.2611377751085554	0.4141304467484964
ENSG00000144677	CTDSPL	29925.0	0.22829511460542956	0.37172681367989613
ENSG00000116761	CTH	2800.0	0.048197047007253656	0.0919618065035822
ENSG00000164932	CTHRC1	36441.0	0.5810060888659513	0.7349827340420989
ENSG00000163599	CTLA4	953.0	0.7201082876819036	0.8372825046408612
ENSG00000044115	CTNNA1	268561.0	0.3373858593698328	0.5045452769013226
ENSG00000119326	CTNNAL1	111083.0	0.44357292679663923	0.6145486917393911
ENSG00000168036	CTNNB1	346556.0	0.3288494020823499	0.49493855596733877
ENSG00000198561	CTNND1	232403.0	0.31390606587669945	0.4778211685433489
ENSG00000169862	CTNND2	450.0	0.1908726201039138	0.320559255258146
ENSG00000141086	CTRL	1781.0	0.17446374575706994	0.2970951574918288
ENSG00000064601	CTSA	165302.0	0.4650724729625066	0.6348798186373521
ENSG00000109861	CTSC	17611.0	0.4471408458814385	0.6179645155535495
ENSG00000100448	CTSG	78.0	0.0698013667421452	0.13049406910875533
ENSG00000103811	CTSH	28492.0	0.5508718992437489	0.7104028379292582
ENSG00000143387	CTSK	7119.0	0.4849934076590876	0.6531926743346572
ENSG00000135047	CTSL	142387.0	0.7214517920541368	0.8381899457007256
ENSG00000085733	CTTN	309186.0	0.334280817216224	0.5010651624500614
ENSG00000143079	CTTNBP2NL	73401.0	0.2109531783240464	0.3484084803609081
ENSG00000107611	CUBN	1606.0	0.14849329695761748	0.2585880080466805
ENSG00000107874	CUEDC2	116497.0	0.32576718709774904	0.4914395080344226
ENSG00000055130	CUL1	114224.0	0.20759763809204287	0.3438192184940657
ENSG00000108094	CUL2	40344.0	0.14934294210341809	0.25987533682523833
ENSG00000036257	CUL3	55088.0	0.20254047162835945	0.33685431202843347
ENSG00000139842	CUL4A	139381.0	0.4363797969181529	0.6076106025083816
ENSG00000158290	CUL4B	120204.0	0.39661504774462353	0.5679661670338041
ENSG00000166266	CUL5	61667.0	0.3024587850722575	0.4644427732206171
ENSG00000112514	CUTA	262349.0	0.617964723971576	0.7638791066528002
ENSG00000111249	CUX2	12446.0	0.4989895618240793	0.6657678939630142
ENSG00000138161	CUZD1	2223.0	0.062176958780204274	0.11707457644648553
ENSG00000006210	CX3CL1	23116.0	0.3156394488471658	0.4798266715455304
ENSG00000168329	CX3CR1	1116.0	0.3473470776275795	0.5156014859054598
ENSG00000154639	CXADR	70016.0	0.4187411295299171	0.590299556154634
ENSG00000169245	CXCL10	8357.0	0.8691553296148808	0.9299979684341813
ENSG00000169248	CXCL11	1449.0	0.7697347477187917	0.8698871384098533
ENSG00000107562	CXCL12	21627.0	0.7377900854692152	0.8491130104128852
ENSG00000156234	CXCL13	393.0	0.5863581935550142	0.7392506886997454
ENSG00000161921	CXCL16	22969.0	0.4569270190396397	0.6272476425632241
ENSG00000081041	CXCL2	826.0	0.7579665384961014	0.8623219178500676
ENSG00000163735	CXCL5	42.0	-0.004573931811839547	0.0
ENSG00000124875	CXCL6	65.0	0.7567609803732178	0.8615411986352822
ENSG00000138755	CXCL9	1489.0	0.803341276237516	0.8909475836028153
ENSG00000163464	CXCR1	177.0	0.0036861650222048733	0.007345254225205591
ENSG00000180871	CXCR2	76.0	0.1263278790478667	0.22431812511762925
ENSG00000186810	CXCR3	1067.0	0.5857101650363907	0.7387354611842942
ENSG00000121966	CXCR4	338021.0	0.8716189765549005	0.931406432049855
ENSG00000160683	CXCR5	110.0	0.014518187042955362	0.028620851214647868
ENSG00000172215	CXCR6	226.0	0.131530262053799	0.2324820934352445
ENSG00000051523	CYBA	461530.0	0.6837824199056048	0.8121980747891864
ENSG00000165168	CYBB	7130.0	0.6225297936850407	0.7673569953636041
ENSG00000178927	CYBC1	55529.0	0.17332290256536162	0.29543939215097087
ENSG00000172115	CYCS	30816.0	0.2530442625678258	0.40388718918718775
ENSG00000055163	CYFIP2	39711.0	0.32938837746812877	0.4955487546768862
ENSG00000187954	CYHR1	75102.0	0.2682939708746764	0.42307852443648847
ENSG00000083799	CYLD	26186.0	0.2594144671237625	0.4119604370056357
ENSG00000140459	CYP11A1	4417.0	0.8032937372658411	0.8909183464295698
ENSG00000148795	CYP17A1	24153.0	0.6974607548145124	0.8217695199565618
ENSG00000137869	CYP19A1	1701.0	0.8402574460163559	0.9131955399341314
ENSG00000140465	CYP1A1	720.0	0.10493070049373081	0.18993173136893243
ENSG00000140505	CYP1A2	103.0	0.010507490326213844	0.020796462028840175
ENSG00000138061	CYP1B1	12487.0	0.2722945763293202	0.42803699928504535
ENSG00000119004	CYP20A1	23088.0	0.14736333696897905	0.2568730100061813
ENSG00000019186	CYP24A1	726.0	0.3020892553902925	0.4640069859108749
ENSG00000135929	CYP27A1	10614.0	0.3566044766722906	0.5257309448764764
ENSG00000111012	CYP27B1	2411.0	0.30817615689996436	0.471153911916972
ENSG00000255974	CYP2A6	14.0	-0.003443792884337433	0.0
ENSG00000165841	CYP2C19	80.0	-0.012666254365636257	0.0
ENSG00000138115	CYP2C8	561.0	0.060040819561944764	0.1132802029015378
ENSG00000138109	CYP2C9	84.0	-0.013016168829629186	0.0
ENSG00000100197	CYP2D6	11605.0	0.15942274898751824	0.27500365872023186
ENSG00000134716	CYP2J2	3719.0	0.2652720445281018	0.41931226675768085
ENSG00000106258	CYP3A5	1643.0	0.1982729006811492	0.33093112690513565
ENSG00000036530	CYP46A1	2825.0	0.11259591910640677	0.20240217885544534
ENSG00000186115	CYP4F2	429.0	0.1387446310539142	0.24367997401753774
ENSG00000167910	CYP7A1	151.0	0.036150746242850536	0.06977893202110885
ENSG00000122783	CYREN	147651.0	0.3538803395173826	0.5227645740738509
ENSG00000173198	CYSLTR1	132.0	0.014799486106867729	0.029167310999818948
ENSG00000152207	CYSLTR2	155.0	0.03732171534528869	0.07195784064515719
ENSG00000105443	CYTH2	31783.0	0.3241618572921093	0.48961062502587915
ENSG00000222041	CYTOR	19052.0	0.5994837500021701	0.7495965495133748
ENSG00000173406	DAB1	278.0	0.12495971567289162	0.22215856075903534
ENSG00000153071	DAB2	8090.0	0.6229858827043804	0.7677033908222287
ENSG00000276644	DACH1	42088.0	0.5341515707055747	0.6963478458127993
ENSG00000126733	DACH2	186.0	0.1124610461651044	0.20218424106225047
ENSG00000164488	DACT2	14227.0	0.2653721802916625	0.4194373551511073
ENSG00000173402	DAG1	151662.0	0.4335479005485629	0.604860012536255
ENSG00000110887	DAO	60.0	0.2735861048948806	0.4296311083222157
ENSG00000182346	DAOA	56.0	-0.0004996097329570755	0.0
ENSG00000112977	DAP	73960.0	0.25545274815345076	0.40694920382973654
ENSG00000132676	DAP3	145843.0	0.20614080054646372	0.3418188000158322
ENSG00000196730	DAPK1	44101.0	0.3985869215195065	0.5699851977543997
ENSG00000204209	DAXX	46425.0	0.1399520617456966	0.2455402581252008
ENSG00000071626	DAZAP1	86918.0	0.28335748081650214	0.44158776498692076
ENSG00000183283	DAZAP2	62826.0	0.25096005135471366	0.40122792263899903
ENSG00000092345	DAZL	216.0	-0.0038600375828952084	0.0
ENSG00000113758	DBN1	92411.0	0.29175859415858435	0.45172309358410395
ENSG00000138231	DBR1	37868.0	0.10077265476397114	0.183094400697261
ENSG00000145041	DCAF1	42978.0	0.08449912217217272	0.15583068800079272
ENSG00000170959	DCDC1	2223.0	0.059561915597073536	0.11242743764248986
ENSG00000133083	DCLK1	305.0	0.13639583414749004	0.24004986651471227
ENSG00000080166	DCT	24.0	-0.0058961113760377494	0.0
ENSG00000204843	DCTN1	211000.0	0.3766041474483104	0.5471495173777999
ENSG00000077279	DCX	56.0	0.0915070233108611	0.16767097482028737
ENSG00000167986	DDB1	225511.0	0.3602669154463081	0.5297003277156136
ENSG00000134574	DDB2	53213.0	0.2821863083339224	0.4401642826783828
ENSG00000132437	DDC	705.0	0.053546715262040925	0.10165038623602493
ENSG00000197312	DDI2	54371.0	0.18469848506616499	0.31180673799181846
ENSG00000175197	DDIT3	29776.0	0.3610126918391364	0.5305059886712739
ENSG00000145358	DDIT4L	886.0	0.05540128426666441	0.10498619831632944
ENSG00000204580	DDR1	538488.0	0.8068221045855499	0.8930841642217116
ENSG00000162733	DDR2	14916.0	0.4999882232410821	0.6666561983543289
ENSG00000079785	DDX1	115238.0	0.15333528047138115	0.2658988813880926
ENSG00000178105	DDX10	54467.0	0.1997301746892997	0.3329584916725544
ENSG00000168872	DDX19A	17108.0	0.0884778740268362	0.1625717456240269
ENSG00000064703	DDX20	11068.0	0.08001965890851499	0.1481818562254397
ENSG00000165732	DDX21	49157.0	0.22008897397921723	0.360775285529244
ENSG00000109832	DDX25	3640.0	0.12333690162052283	0.21959022523447302
ENSG00000124228	DDX27	164859.0	0.0776987398004268	0.14419380283364794
ENSG00000182810	DDX28	23619.0	0.13889732002518596	0.24391543922873457
ENSG00000125485	DDX31	44719.0	0.16741765572581854	0.2868170699743786
ENSG00000198563	DDX39B	954068.0	0.6071298342489545	0.7555454715737749
ENSG00000215301	DDX3X	238713.0	0.4166872383231948	0.5882557942942862
ENSG00000067048	DDX3Y	55.0	-0.014258368606395084	0.0
ENSG00000080007	DDX43	164.0	0.3008588385146035	0.4625541674577723
ENSG00000107625	DDX50	81569.0	0.1337519810836115	0.23594575059666004
ENSG00000185163	DDX51	30579.0	0.22787119863359576	0.3711646610608283
ENSG00000184735	DDX53	99.0	0.017127507477439883	0.03367819147850502
ENSG00000111364	DDX55	75659.0	0.21602593864105782	0.3552982412241513
ENSG00000107201	DDX58	92128.0	0.6386009632190184	0.7794465859027593
ENSG00000110367	DDX6	228902.0	0.40760523071155247	0.5791470816082513
ENSG00000177243	DEFB103B	112.0	-0.01630218191138428	0.0
ENSG00000124795	DEK	114910.0	0.36175426937877475	0.5313062385973721
ENSG00000121690	DEPDC7	735.0	0.31474518510515925	0.4787926796324179
ENSG00000155792	DEPTOR	313105.0	0.8492346002790301	0.9184714585709023
ENSG00000099958	DERL3	6902.0	0.5774773371154807	0.7321529425854514
ENSG00000185000	DGAT1	108890.0	0.4564361904042061	0.626785015933353
ENSG00000116133	DHCR24	1629605.0	0.9438447985909354	0.9711112731583453
ENSG00000172893	DHCR7	17645.0	0.2770103295357214	0.4338419559009099
ENSG00000117682	DHDDS	28348.0	0.0809255387370353	0.149733789862324
ENSG00000228716	DHFR	45291.0	0.28664739245957244	0.4455725696713432
ENSG00000102967	DHODH	11991.0	0.18257944876133364	0.3087817041849871
ENSG00000157379	DHRS1	25740.0	0.15682637515046172	0.2711320877864048
ENSG00000100867	DHRS2	2229.0	0.6683956155631264	0.8012435531815104
ENSG00000067248	DHX29	38210.0	0.2530118602582451	0.4038459144450548
ENSG00000132153	DHX30	137421.0	0.18766411098861163	0.3160221972732678
ENSG00000134815	DHX34	30669.0	0.20198125314727747	0.336080538058989
ENSG00000163214	DHX57	33105.0	0.2022478892230874	0.33644956424715927
ENSG00000135829	DHX9	231119.0	0.49648281209382233	0.663532929454983
ENSG00000184047	DIABLO	7701.0	0.08363007549056013	0.1543517061441853
ENSG00000100697	DICER1	97722.0	0.30334439281318876	0.46548616694999323
ENSG00000211448	DIO2	127.0	0.05806637504925335	0.10975941853657402
ENSG00000160305	DIP2A	132191.0	0.3826852808619204	0.5535392415884648
ENSG00000066084	DIP2B	109060.0	0.4304171211342257	0.6018064448123126
ENSG00000162595	DIRAS3	6758.0	0.4317034178412317	0.6030626349864666
ENSG00000083520	DIS3	29927.0	0.12454079007850817	0.22149626083339055
ENSG00000144535	DIS3L2	111460.0	0.20952415896176332	0.34645717063082987
ENSG00000162946	DISC1	12398.0	0.4064221789492032	0.5779518910215967
ENSG00000154309	DISP1	7254.0	0.24203098743926466	0.3897342174018826
ENSG00000130826	DKC1	99065.0	0.39796496118685604	0.5693489783162925
ENSG00000107984	DKK1	116.0	0.01570594239131216	0.03092616029071388
ENSG00000050165	DKK3	8686.0	0.7792865476016954	0.8759539587955605
ENSG00000091140	DLD	132634.0	0.25957639019607925	0.4121645851994269
ENSG00000008226	DLEC1	8816.0	0.47862542832155125	0.6473923945226057
ENSG00000176124	DLEU1	59103.0	0.37496826316900256	0.5454209718336077
ENSG00000231607	DLEU2	49304.0	0.30512941013060485	0.4675849119055105
ENSG00000075711	DLG1	97176.0	0.3993524537050752	0.5707675041376559
ENSG00000132535	DLG4	19978.0	0.4620544723890543	0.6320619116660396
ENSG00000185559	DLK1	39902.0	0.9485721011188623	0.9736073923815249
ENSG00000171462	DLK2	381.0	0.032490838525337344	0.06293680740401073
ENSG00000198719	DLL1	6653.0	0.1973950619072119	0.3297074928516923
ENSG00000090932	DLL3	640.0	0.046121276793419375	0.08817577429414444
ENSG00000128917	DLL4	10298.0	0.717780684726872	0.8357070155798142
ENSG00000108813	DLX4	6210.0	0.12759565069683754	0.22631454922335908
ENSG00000197587	DMBX1	9837.0	0.4089072107448436	0.5804601007452685
ENSG00000198947	DMD	25543.0	0.2922232234962866	0.4522797890996521
ENSG00000161249	DMKN	94195.0	0.5947489741786237	0.7458841282339743
ENSG00000104936	DMPK	28512.0	0.4529329961714875	0.6234740313076743
ENSG00000173253	DMRT2	154.0	0.09587172546680339	0.1749688822858631
ENSG00000185800	DMWD	35255.0	0.47532013305868087	0.6443620234114639
ENSG00000172869	DMXL1	39040.0	0.1466189447260571	0.2557413609821114
ENSG00000104093	DMXL2	64592.0	0.35979004632057443	0.529184703615271
ENSG00000114841	DNAH1	113799.0	0.32441384175073923	0.4898979933974375
ENSG00000197653	DNAH10	5983.0	0.5549978495030523	0.7138245878351781
ENSG00000105877	DNAH11	13224.0	0.5180759975167835	0.6825429008353131
ENSG00000174844	DNAH12	983.0	0.18734220383423883	0.31556564439343904
ENSG00000185842	DNAH14	26666.0	0.23563292483468715	0.38139631940644836
ENSG00000183914	DNAH2	4902.0	0.16630170552916435	0.2851778484773996
ENSG00000039139	DNAH5	1108.0	0.23092444559083328	0.3752049062280041
ENSG00000118997	DNAH7	24310.0	0.43735964189181264	0.6085597913632417
ENSG00000124721	DNAH8	297.0	0.02001887570779168	0.03925197108514403
ENSG00000007174	DNAH9	859.0	0.3440029635951541	0.511908043230738
ENSG00000122735	DNAI1	25967.0	0.6166293741640998	0.762858060132597
ENSG00000086061	DNAJA1	133622.0	0.24161630245238533	0.389196407900179
ENSG00000103423	DNAJA3	30294.0	0.13892022184603578	0.2439507512139259
ENSG00000148719	DNAJB12	80161.0	0.3067225565042763	0.469453220926737
ENSG00000135924	DNAJB2	41516.0	0.13967518607156984	0.24511402508117508
ENSG00000162616	DNAJB4	18416.0	0.15930085536997696	0.27482228557338206
ENSG00000137094	DNAJB5	19960.0	0.314041812421038	0.47797841659609913
ENSG00000077232	DNAJC10	321825.0	0.5248878770101718	0.688428159110705
ENSG00000104129	DNAJC17	13321.0	0.0937890941735642	0.17149392816798664
ENSG00000213551	DNAJC9	119320.0	0.36816528891967276	0.5381883196443064
ENSG00000163687	DNASE1L3	144.0	0.1026635400323955	0.18621009275300665
ENSG00000106976	DNM1	96900.0	0.6581551788871188	0.793840271727576
ENSG00000079805	DNM2	764513.0	0.606517101292885	0.7550708309357868
ENSG00000130816	DNMT1	388495.0	0.5489818530326982	0.7088292893268769
ENSG00000119772	DNMT3A	266739.0	0.4413820830958787	0.6124428606020331
ENSG00000088305	DNMT3B	61097.0	0.4458240951329024	0.6167058588021685
ENSG00000123992	DNPEP	33021.0	0.16126844851361133	0.2777453373852189
ENSG00000107447	DNTT	158.0	0.011346882392613642	0.022439150384820552
ENSG00000149927	DOC2A	14754.0	0.3251122568908025	0.49069390944075125
ENSG00000088387	DOCK9	18142.0	0.11416312490426828	0.2049307185858937
ENSG00000101134	DOK5	10941.0	0.39124500866197864	0.562438687975249
ENSG00000175920	DOK7	40058.0	0.44607726587699564	0.6169480378442507
ENSG00000104885	DOT1L	43785.0	0.5229357444239094	0.6867469574321714
ENSG00000172269	DPAGT1	21041.0	0.15756208367895105	0.2722308995785159
ENSG00000133884	DPF2	40068.0	0.2355128646177144	0.3812390325706329
ENSG00000205683	DPF3	10742.0	0.532228790465309	0.6947119043542853
ENSG00000000419	DPM1	44602.0	0.13671096806871175	0.2405377829704338
ENSG00000197635	DPP4	6662.0	0.48714313192924147	0.6551395376412495
ENSG00000074603	DPP8	36753.0	0.18673028232693095	0.3146970884753893
ENSG00000163530	DPPA2	131.0	0.004053635361274378	0.008074539483771336
ENSG00000143196	DPT	555.0	0.23711933638869773	0.3833410883074191
ENSG00000177990	DPY19L2	3458.0	0.2783488157104418	0.4354817907125757
ENSG00000188641	DPYD	4462.0	0.5834561833772796	0.7369401054506645
ENSG00000092964	DPYSL2	7387.0	0.49116175756764757	0.6587638867145044
ENSG00000136048	DRAM1	5880.0	0.34487387707921224	0.5128717018850971
ENSG00000157856	DRC1	19039.0	0.45901477768082366	0.6292119650911973
ENSG00000171962	DRC3	13826.0	0.27365704879748204	0.42971857935517915
ENSG00000184845	DRD1	54.0	-0.013278224210579073	0.0
ENSG00000149295	DRD2	10436.0	0.31331060570056457	0.4771310066949989
ENSG00000151577	DRD3	74.0	-0.0010370114488578294	0.0
ENSG00000169676	DRD5	225.0	-0.0004952344936157021	0.0
ENSG00000185721	DRG1	107681.0	0.33987644244206927	0.507325051289965
ENSG00000134760	DSG1	78.0	-0.007070522398665238	0.0
ENSG00000046604	DSG2	78246.0	0.5057691954204607	0.6717751923185455
ENSG00000134757	DSG3	126.0	0.0049056855192668326	0.00976347450304634
ENSG00000151914	DST	61202.0	0.6720316017570381	0.8038503591090507
ENSG00000134769	DTNA	8377.0	0.34978784523494527	0.5182856646246669
ENSG00000047579	DTNBP1	26776.0	0.05087281316377579	0.09682011472086183
ENSG00000135144	DTX1	14889.0	0.6250182474339395	0.7692445896172595
ENSG00000140279	DUOX2	1378.0	0.2023478302741965	0.3365878411874389
ENSG00000140254	DUOXA1	2629.0	0.15925978781228278	0.2747611699925047
ENSG00000140274	DUOXA2	230.0	0.17535988417559772	0.29839351595464036
ENSG00000079393	DUSP13	126.0	0.06846077305816203	0.1281484071000805
ENSG00000158716	DUSP23	57280.0	0.1510841804027835	0.2625076132136863
ENSG00000188542	DUSP28	5026.0	0.06026703902426658	0.11368275501562063
ENSG00000138166	DUSP5	8188.0	0.621541114173468	0.7666054332396992
ENSG00000139318	DUSP6	81560.0	0.5052045821871178	0.6712769654913446
ENSG00000260596	DUX4	1393.0	0.2165772557719371	0.35604357182317287
ENSG00000107404	DVL1	191594.0	0.3791090488062917	0.5497883566704681
ENSG00000004975	DVL2	49313.0	0.11906038470130319	0.2127863452749826
ENSG00000161202	DVL3	130306.0	0.34815362397981364	0.5164895421221324
ENSG00000170788	DYDC1	14770.0	0.3115696644324825	0.4751095925465751
ENSG00000197102	DYNC1H1	216215.0	0.45576145714693517	0.6261485422758153
ENSG00000157540	DYRK1A	51365.0	0.15358224783071328	0.2662701304905158
ENSG00000105204	DYRK1B	100280.0	0.2868055573943654	0.4457636287724992
ENSG00000158163	DZIP1L	10484.0	0.44259045904018085	0.6136051382658608
ENSG00000101412	E2F1	83402.0	0.6407702422947119	0.7810602920230413
ENSG00000112242	E2F3	93213.0	0.2174907682100515	0.35727707164433825
ENSG00000205250	E2F4	24964.0	0.06581209819218053	0.12349662441214607
ENSG00000167967	E4F1	44132.0	0.11485577394978153	0.20604597766554722
ENSG00000164330	EBF1	1720.0	0.535961014362096	0.6978836172930957
ENSG00000221818	EBF2	62.0	0.3248394091614992	0.4903830712087475
ENSG00000105246	EBI3	844.0	0.35440065102756135	0.523332074240637
ENSG00000147155	EBP	102226.0	0.5617211890950872	0.719361679943098
ENSG00000122882	ECD	82668.0	0.26526177010203833	0.4192994309480259
ENSG00000117298	ECE1	206231.0	0.6379222307517822	0.7789408053384627
ENSG00000171551	ECEL1	42686.0	0.7598437568276275	0.8635354745325297
ENSG00000093144	ECHDC1	86208.0	0.2890469064342008	0.4484660798477393
ENSG00000127884	ECHS1	115325.0	0.35664817339858335	0.5257784300923539
ENSG00000136813	ECPAS	193464.0	0.14270550192095363	0.24976776900270015
ENSG00000119147	ECRG4	107347.0	0.6757143864910261	0.8064791851623155
ENSG00000130159	ECSIT	38949.0	0.194290163834686	0.32536509086007964
ENSG00000158813	EDA	5802.0	0.07508731517062656	0.13968598477735641
ENSG00000164176	EDIL3	4751.0	0.532309616853231	0.6947807557931905
ENSG00000078401	EDN1	3198.0	0.5433000157424853	0.7040756951992932
ENSG00000151617	EDNRA	3672.0	0.4672522653949231	0.636907880689703
ENSG00000136160	EDNRB	690.0	0.26971276327511073	0.4248405955681043
ENSG00000107938	EDRF1	50754.0	0.16055149411056677	0.2766813793706096
ENSG00000074266	EED	31549.0	0.18591760265857585	0.3135421925465783
ENSG00000101210	EEF1A2	631.0	0.16613106256575585	0.28492691413301247
ENSG00000010165	EEF1AKNMT	75964.0	0.21595335290014464	0.35520006155676753
ENSG00000254772	EEF1G	2763519.0	0.9123081093641754	0.954143430022382
ENSG00000096093	EFHC1	66560.0	0.5931167776437439	0.7445992484254383
ENSG00000183690	EFHC2	15862.0	0.3233249157848013	0.4886553739420113
ENSG00000125266	EFNB2	7832.0	0.697855653673413	0.8220435608451876
ENSG00000132294	EFR3A	40661.0	0.2425886013505481	0.39045682712183705
ENSG00000084710	EFR3B	8371.0	0.2956089845104228	0.45632438188459423
ENSG00000100842	EFS	80087.0	0.3971307374265634	0.5684947396663192
ENSG00000108883	EFTUD2	32318.0	0.16004413305392365	0.2759276625667553
ENSG00000138798	EGF	1799.0	0.20127818333688974	0.33510669906246476
ENSG00000198759	EGFL6	45658.0	0.7032710562694763	0.825788771177488
ENSG00000172889	EGFL7	16546.0	0.7432669715635859	0.8527287944851368
ENSG00000241404	EGFL8	52464.0	0.43141991440014793	0.6027859610727004
ENSG00000146648	EGFR	63265.0	0.5026872617688471	0.669051072113465
ENSG00000135766	EGLN1	20600.0	0.16419395244939025	0.28207319253623775
ENSG00000129521	EGLN3	4368.0	0.26621820333354795	0.4204934072700589
ENSG00000122877	EGR2	2679.0	0.5888400949906869	0.7412200848243805
ENSG00000179388	EGR3	17345.0	0.704352137269641	0.8265335805522064
ENSG00000135625	EGR4	312.0	0.25332557031525105	0.40424543520887657
ENSG00000115504	EHBP1	15684.0	0.1843043101473587	0.3112448524728013
ENSG00000135373	EHF	47504.0	0.6429286059613107	0.7826616489949302
ENSG00000181090	EHMT1	67667.0	0.27220710580422447	0.4279289190609402
ENSG00000204371	EHMT2	158287.0	0.4515225405086064	0.6221364503928338
ENSG00000255302	EID1	10121.0	0.23533179410345273	0.38100176038008604
ENSG00000175376	EIF1AD	39325.0	0.1543732176652642	0.2674580721432297
ENSG00000198692	EIF1AY	69.0	-0.011185065087878308	0.0
ENSG00000114784	EIF1B	51474.0	0.19117775994081102	0.320989471714634
ENSG00000055332	EIF2AK2	163108.0	0.40431508539866856	0.5758181900949789
ENSG00000172071	EIF2AK3	46230.0	0.25819460442532094	0.4104207783393747
ENSG00000128829	EIF2AK4	66906.0	0.22755525537042978	0.3707454379342984
ENSG00000134001	EIF2S1	47578.0	0.2470138311740174	0.3961685508194613
ENSG00000107581	EIF3A	410099.0	0.41459551324614086	0.5861682853704921
ENSG00000184110	EIF3C	346400.0	0.23847516797078905	0.3851109398689434
ENSG00000161960	EIF4A1	513434.0	0.44621789378470367	0.6170825235981093
ENSG00000141543	EIF4A3	104366.0	0.4371302622420543	0.6083377042803221
ENSG00000151247	EIF4E	43933.0	0.15449555371664717	0.2676416608436167
ENSG00000187840	EIF4EBP1	36848.0	0.2654938516058098	0.41958931885590667
ENSG00000148730	EIF4EBP2	148003.0	0.37474429425551214	0.5451839965023512
ENSG00000243056	EIF4EBP3	13623.0	0.04937597028907483	0.0941053953722098
ENSG00000184708	EIF4ENIF1	35747.0	0.1005736556796538	0.18276587879535433
ENSG00000114867	EIF4G1	878085.0	0.5739672650722853	0.7293255429247133
ENSG00000132507	EIF5A	168786.0	0.24427036262162585	0.39263229272287475
ENSG00000253626	EIF5AL1	471.0	0.025921311167832493	0.05053274726952616
ENSG00000032389	EIPR1	50607.0	0.31626668675024594	0.48055107666833435
ENSG00000141642	ELAC1	12421.0	0.1176408074553309	0.21051630661764772
ENSG00000006744	ELAC2	76701.0	0.23369478077300623	0.3788534804801203
ENSG00000197561	ELANE	207.0	0.15279561338142253	0.2650870832744355
ENSG00000066044	ELAVL1	116131.0	0.15786646725412212	0.27268510094864756
ENSG00000102034	ELF4	81164.0	0.3244748140169457	0.489967511021005
ENSG00000225968	ELFN1	1077.0	0.3006876580621651	0.46235182781721146
ENSG00000126767	ELK1	42789.0	0.7905766135369015	0.883041370651308
ENSG00000111145	ELK3	10425.0	0.31860281309331395	0.48324303562784426
ENSG00000158711	ELK4	30131.0	0.03456821869825403	0.06682636886284697
ENSG00000110675	ELMOD1	65.0	0.04659897319825585	0.0890483831755655
ENSG00000179387	ELMOD2	32705.0	0.26594035571020047	0.4201467383682642
ENSG00000049540	ELN	2118.0	0.20989075861989834	0.3469581978778268
ENSG00000103363	ELOB	4183.0	0.040851679290569105	0.07849663905699432
ENSG00000154582	ELOC	23082.0	0.11444421425156495	0.20538347776954102
ENSG00000169393	ELSPBP1	490.0	0.1047641940368997	0.18965892378188448
ENSG00000127463	EMC1	99383.0	0.3707576325092609	0.5409528624408458
ENSG00000128463	EMC4	36384.0	0.1764630813511618	0.2999891524832124
ENSG00000102119	EMD	106044.0	0.18780509597724981	0.31622207483919884
ENSG00000134531	EMP1	169053.0	0.701135345934193	0.8243145939092325
ENSG00000213853	EMP2	31126.0	0.21557100976159935	0.35468270965737764
ENSG00000158636	EMSY	42534.0	0.16852841602757088	0.2884455589030272
ENSG00000170370	EMX2	74642.0	0.5901949336019444	0.7422925593972257
ENSG00000164778	EN2	116.0	-0.009662863458498375	0.0
ENSG00000106991	ENG	93418.0	0.926990886481184	0.962112372180371
ENSG00000151023	ENKUR	4553.0	0.32788170352559826	0.49384173703885587
ENSG00000111674	ENO2	13923.0	0.5311980969665596	0.693833277377905
ENSG00000132199	ENOSF1	70581.0	0.28151128535765385	0.4393426551512382
ENSG00000120658	ENOX1	1006.0	0.1597433957284741	0.27548058702784656
ENSG00000165675	ENOX2	7002.0	0.04248252754990486	0.08150261788991216
ENSG00000138792	ENPEP	21443.0	0.28196511134156566	0.43989514043247485
ENSG00000197594	ENPP1	6177.0	0.3117720542783629	0.47534486386032393
ENSG00000136960	ENPP2	23025.0	0.9190407853489722	0.9578126659583707
ENSG00000154269	ENPP3	2549.0	0.5968205046339663	0.747511073288445
ENSG00000138185	ENTPD1	24587.0	0.5855025955729044	0.738570340039512
ENSG00000054179	ENTPD2	23157.0	0.3916371103930369	0.5628437291132998
ENSG00000163508	EOMES	185.0	-0.0038003212040392605	0.0
ENSG00000100393	EP300	193254.0	0.2508581626916833	0.40109769464488176
ENSG00000116016	EPAS1	55246.0	0.8367566542381056	0.9111241299247621
ENSG00000082397	EPB41L3	2417.0	0.402120381469654	0.573588953964374
ENSG00000119888	EPCAM	1180481.0	0.8911478929305137	0.9424412509056551
ENSG00000086289	EPDR1	39630.0	0.680786965364335	0.8100812052844122
ENSG00000152223	EPG5	48439.0	0.23513177721275286	0.38073958026302346
ENSG00000146904	EPHA1	157058.0	0.7660664653950283	0.867539790155833
ENSG00000183317	EPHA10	14315.0	0.3302292459126941	0.4964997528469131
ENSG00000142627	EPHA2	28091.0	0.34786045202393173	0.5161668650513316
ENSG00000044524	EPHA3	614.0	0.2901976276665308	0.44984988569756745
ENSG00000116106	EPHA4	14746.0	0.24265366639679423	0.39054110241414924
ENSG00000135333	EPHA7	3383.0	0.5067546554165866	0.6726438887643315
ENSG00000070886	EPHA8	1133.0	0.10224951513069766	0.18552880037978256
ENSG00000154928	EPHB1	664.0	0.0229949198624113	0.04495607830682879
ENSG00000133216	EPHB2	58608.0	0.4827704937988678	0.6511735913519652
ENSG00000196411	EPHB4	21436.0	0.1457313426116517	0.25439007765897814
ENSG00000106123	EPHB6	81750.0	0.5782316282306282	0.73275889025097
ENSG00000143819	EPHX1	92316.0	0.6205635756962499	0.7658614385796427
ENSG00000120915	EPHX2	8950.0	0.2159971485893503	0.3552593011257033
ENSG00000178567	EPM2AIP1	24780.0	0.16731197362193112	0.2866619676705554
ENSG00000130427	EPO	502.0	-0.005176493176762593	0.0
ENSG00000187266	EPOR	665233.0	0.9062126663074549	0.9507991236496074
ENSG00000136628	EPRS	116698.0	0.36716331741406655	0.5371169819104581
ENSG00000164307	ERAP1	65993.0	0.23331442062749583	0.37835351103539067
ENSG00000187682	ERAS	1405.0	0.22990719193101908	0.37386104161250194
ENSG00000141736	ERBB2	1879702.0	0.9014718055837907	0.9481831946564366
ENSG00000065361	ERBB3	485300.0	0.8676392805456477	0.9291293983623636
ENSG00000082805	ERC1	46455.0	0.19871750535871255	0.3315501850442185
ENSG00000012061	ERCC1	13194.0	0.3192489581864994	0.48398591669210606
ENSG00000104884	ERCC2	25280.0	0.3886043644118809	0.5597049445778856
ENSG00000163161	ERCC3	110226.0	0.3031844743499583	0.46529786122749783
ENSG00000175595	ERCC4	12441.0	0.0196156117967524	0.03847648382351864
ENSG00000134899	ERCC5	20244.0	0.11796272872295284	0.21103159468956803
ENSG00000225830	ERCC6	50429.0	0.25463827577461023	0.405915044505393
ENSG00000124882	EREG	57.0	-0.005948896027756569	0.0
ENSG00000178752	ERFE	12117.0	0.38222654609599677	0.5530591887061773
ENSG00000157554	ERG	22767.0	0.5413836128298992	0.702464471950558
ENSG00000133935	ERG28	24494.0	0.20253978952146912	0.33685336865579557
ENSG00000087502	ERGIC2	19112.0	0.08299616415212158	0.1532713907940742
ENSG00000147475	ERLIN2	35480.0	0.1515758497633772	0.2632494417011656
ENSG00000164010	ERMAP	65978.0	0.24461304843558743	0.39307485767251604
ENSG00000178607	ERN1	12381.0	0.18490456794669324	0.3121003546591303
ENSG00000139055	ERP27	55142.0	0.637138398568264	0.7783561843341581
ENSG00000116285	ERRFI1	64167.0	0.3193461838605266	0.484097635278848
ENSG00000244476	ERVFRD-1	60.0	0.0660777256294575	0.12396418017352798
ENSG00000089048	ESF1	47100.0	0.24561594368422163	0.39436865741739124
ENSG00000164283	ESM1	13777.0	0.8459494422233831	0.916546708023017
ENSG00000091831	ESR1	161184.0	0.7373517828906795	0.8488226623439985
ENSG00000140009	ESR2	17647.0	0.8905833365288961	0.9421254480789022
ENSG00000173153	ESRRA	29113.0	0.06094528341638473	0.11488864575585428
ENSG00000196482	ESRRG	9332.0	0.2630286215449001	0.41650460972637515
ENSG00000134954	ETS1	4572.0	0.544397632564467	0.7049967198674044
ENSG00000006468	ETV1	4521.0	0.4910947556246805	0.6587036186294423
ENSG00000117036	ETV3	28442.0	0.08419527954191769	0.15531386481869017
ENSG00000244405	ETV5	63111.0	0.6349279952183768	0.7767045363163773
ENSG00000139083	ETV6	59092.0	0.1935765947045693	0.3243639253038182
ENSG00000185862	EVI2B	1570.0	0.2779900149534262	0.4350425460304664
ENSG00000067208	EVI5	98056.0	0.2311155554310679	0.375457128149346
ENSG00000182944	EWSR1	367255.0	0.5623833424079803	0.7199044269650525
ENSG00000174371	EXO1	12276.0	0.22129031693918327	0.3623877367566206
ENSG00000171824	EXOSC10	64290.0	0.17731660369044	0.3012216138541151
ENSG00000104313	EYA1	84.0	-0.01856200734266209	0.0
ENSG00000112319	EYA4	7995.0	0.2703064281639222	0.4255767304186883
ENSG00000108799	EZH1	19583.0	0.09669537736772904	0.17633953669033559
ENSG00000106462	EZH2	116509.0	0.58595632583025	0.7389312256420444
ENSG00000187690	EZHIP	180.0	0.04639110672746534	0.08866877103447707
ENSG00000088926	F11	142.0	0.032057136415908016	0.062122793951573115
ENSG00000158769	F11R	189501.0	0.5042536213352522	0.6704369717756119
ENSG00000131187	F12	418.0	0.06526582103305764	0.122534337898432
ENSG00000124491	F13A1	5393.0	0.6545137813848193	0.7911856507317754
ENSG00000180210	F2	151.0	-0.01332157840920407	0.0
ENSG00000181104	F2R	9267.0	0.4813652031597083	0.6498940330621652
ENSG00000164251	F2RL1	11882.0	0.1855856462582219	0.31306999514365097
ENSG00000127533	F2RL3	9746.0	0.19531278333083874	0.3267977822283191
ENSG00000198734	F5	185.0	0.2775325633462068	0.4344821749502387
ENSG00000057593	F7	2744.0	0.13265146902340202	0.23423175204597962
ENSG00000185010	F8	1852.0	0.11887661175350565	0.2124927994825131
ENSG00000117480	FAAH	50460.0	0.4461178967371361	0.6169868967719827
ENSG00000145384	FABP2	89.0	-0.01986706222308387	0.0
ENSG00000121769	FABP3	6751.0	0.4657893470656419	0.6355474584367853
ENSG00000164434	FABP7	104.0	-0.003446056623462715	0.0
ENSG00000168040	FADD	29596.0	0.12369665582115867	0.22016022772758975
ENSG00000149485	FADS1	9831.0	0.08599278219811553	0.15836713393998975
ENSG00000134824	FADS2	114818.0	0.587709545075201	0.7403237536716635
ENSG00000185104	FAF1	73282.0	0.15453595692589028	0.26770228505894855
ENSG00000113194	FAF2	76141.0	0.19837568633275263	0.33107428429196234
ENSG00000158234	FAIM	29419.0	0.36930560636347043	0.5394056734263329
ENSG00000135472	FAIM2	2831.0	0.2451731870464962	0.39379772966046234
ENSG00000168309	FAM107A	16031.0	0.4916828902880658	0.6592324595117057
ENSG00000125898	FAM110A	14494.0	0.17653066210953444	0.30008680231590856
ENSG00000138439	FAM117B	100488.0	0.24932739895558653	0.399138607164174
ENSG00000155744	FAM126B	25427.0	0.1409770696608697	0.24711639420198345
ENSG00000185519	FAM131C	5019.0	0.07791567149924426	0.1445672858450484
ENSG00000170264	FAM161A	9609.0	0.08373860815454033	0.15453654142143336
ENSG00000054965	FAM168A	73465.0	0.48156183315690254	0.6500732164931566
ENSG00000125386	FAM193A	137642.0	0.2479352228282086	0.39735271237285924
ENSG00000071889	FAM3A	41885.0	0.08109039314828542	0.15001593513774356
ENSG00000120709	FAM53C	68995.0	0.2352454481254651	0.38088858936085873
ENSG00000077458	FAM76B	19761.0	0.09441431539367807	0.17253852415063806
ENSG00000119812	FAM98A	55699.0	0.4426116697959051	0.6136255224644398
ENSG00000177138	FAM9B	141.0	-0.014866441882513575	0.0
ENSG00000187741	FANCA	18210.0	0.3177653759232442	0.48227913971500963
ENSG00000158169	FANCC	16767.0	0.15730881040298597	0.2718527829200739
ENSG00000144554	FANCD2	24542.0	0.33275662005767925	0.49935091681372124
ENSG00000140525	FANCI	61270.0	0.5072658954074232	0.67309410629278
ENSG00000078098	FAP	1138.0	0.40994246735008694	0.5815024043081025
ENSG00000197601	FAR1	57083.0	0.21876194831550694	0.3589904470152935
ENSG00000026103	FAS	15284.0	0.5201083407830421	0.6843043049354266
ENSG00000117560	FASLG	317.0	0.23999741347849965	0.38709340982453744
ENSG00000169710	FASN	76451.0	0.33045782443007504	0.4967580608150919
ENSG00000083857	FAT1	9238.0	0.7510393614953422	0.8578212209392874
ENSG00000086570	FAT2	125457.0	0.7946340434928473	0.8855666662226831
ENSG00000165323	FAT3	635.0	0.1759329084876607	0.29922269751583674
ENSG00000196159	FAT4	5706.0	0.6730786148131968	0.8045989098824835
ENSG00000105202	FBL	297649.0	0.5980840705208489	0.7485013855696852
ENSG00000163520	FBLN2	32044.0	0.37942926247442155	0.5501250013992033
ENSG00000140092	FBLN5	15258.0	0.6483671847155316	0.7866781027037056
ENSG00000165140	FBP1	8294.0	0.40777769774335476	0.5793211504870633
ENSG00000214050	FBXO16	12087.0	0.1987351085194393	0.331574685861829
ENSG00000147364	FBXO25	16225.0	0.023814094465043376	0.04652034894574598
ENSG00000165355	FBXO33	13908.0	0.08951907168887112	0.16432768184609559
ENSG00000037637	FBXO42	35377.0	0.11566645713410105	0.207349528874826
ENSG00000156509	FBXO43	2853.0	0.08947559681276272	0.16425443043336013
ENSG00000174013	FBXO45	14708.0	0.07872973252043924	0.1459674840638501
ENSG00000072803	FBXW11	37280.0	0.20129290190553842	0.33512709778978905
ENSG00000109670	FBXW7	3900.0	0.09190276442233013	0.16833507051509516
ENSG00000186431	FCAR	223.0	0.03783658927665318	0.0729143483041475
ENSG00000179639	FCER1A	146.0	0.16868391862695695	0.2886732947008245
ENSG00000104921	FCER2	132.0	0.4571981341185791	0.6275030463103445
ENSG00000275395	FCGBP	22386.0	0.6847978368629282	0.8129139554666249
ENSG00000150337	FCGR1A	1453.0	0.32315614351377214	0.48846259770309347
ENSG00000143226	FCGR2A	7597.0	0.542987148521519	0.7038129242253327
ENSG00000072694	FCGR2B	1451.0	0.5053193552509397	0.6713782739699138
ENSG00000203747	FCGR3A	4525.0	0.5526760660518988	0.7119013142995474
ENSG00000162747	FCGR3B	980.0	0.1131160767542921	0.20324219390330703
ENSG00000162894	FCMR	1207.0	0.2773023503133111	0.4342000157524039
ENSG00000085265	FCN1	232.0	0.627840313718548	0.7713782591909699
ENSG00000160339	FCN2	122.0	0.018751389952255757	0.03681249446567047
ENSG00000163534	FCRL1	75.0	0.0928896122149518	0.1699890111073397
ENSG00000132704	FCRL2	51.0	-0.01076011466522494	0.0
ENSG00000160856	FCRL3	302.0	0.3594046571942972	0.5287677297444011
ENSG00000163518	FCRL4	57.0	0.035544677764939074	0.06864924040101619
ENSG00000143297	FCRL5	184.0	0.6035056700460426	0.7527328170017805
ENSG00000132185	FCRLA	37.0	-0.006233952545633621	0.0
ENSG00000079459	FDFT1	65391.0	0.26663620883543687	0.42101466384035546
ENSG00000160752	FDPS	123212.0	0.35129806761483157	0.519941641350684
ENSG00000137714	FDX1	18407.0	0.39114061889883817	0.5623308148509771
ENSG00000066926	FECH	18754.0	0.24311833355380796	0.3911427045867547
ENSG00000168496	FEN1	51294.0	0.3123392570432335	0.4760038311235916
ENSG00000268388	FENDRR	461.0	0.2585702207478322	0.4108951832567465
ENSG00000151422	FER	8300.0	0.002238027614889033	0.004466060064025025
ENSG00000149781	FERMT3	6846.0	0.46915170126967	0.6386701943226418
ENSG00000182511	FES	17980.0	0.3342936821230259	0.5010796147833413
ENSG00000090512	FETUB	80.0	-0.002048909687977085	0.0
ENSG00000149557	FEZ1	2534.0	0.19750500476551966	0.3298608423005173
ENSG00000126266	FFAR1	11508.0	0.39441669712802063	0.5657085115810392
ENSG00000113578	FGF1	585.0	0.10758011931563277	0.19426155713612103
ENSG00000070193	FGF10	73.0	0.005163385310981019	0.010273723429318017
ENSG00000129682	FGF13	4536.0	0.3772534023033154	0.5478344096625903
ENSG00000162344	FGF19	1076.0	0.44953044026883254	0.6202428424827862
ENSG00000138685	FGF2	1278.0	0.17912865402703124	0.30383224665987085
ENSG00000105550	FGF21	165.0	0.3817655381712823	0.5525764359075498
ENSG00000118972	FGF23	75.0	-0.004523566246523517	0.0
ENSG00000075388	FGF4	111.0	0.04200815415865133	0.08062922346815986
ENSG00000140285	FGF7	379.0	0.1772103268480622	0.3010682506031635
ENSG00000102678	FGF9	3037.0	0.13115178943391975	0.23189069877094765
ENSG00000137441	FGFBP2	1682.0	0.366376423492244	0.5362745100004628
ENSG00000077782	FGFR1	51986.0	0.47214370906687003	0.641436982217099
ENSG00000066468	FGFR2	66655.0	0.645404625622016	0.7844935106804287
ENSG00000068078	FGFR3	86051.0	0.6473281505761159	0.7859128132421309
ENSG00000160867	FGFR4	16773.0	0.5177131636801139	0.6822279414441864
ENSG00000000938	FGR	960.0	0.5189286380836851	0.683282446683443
ENSG00000091483	FH	55667.0	0.1175701418964589	0.21040315500367326
ENSG00000142621	FHAD1	8890.0	0.28110595546585065	0.4388488778254592
ENSG00000022267	FHL1	5908.0	0.5443831886338717	0.7049846082764232
ENSG00000115641	FHL2	14578.0	0.670795896645495	0.8029656979554131
ENSG00000183386	FHL3	31558.0	0.436983359610512	0.6081954348155492
ENSG00000135723	FHOD1	55268.0	0.4989397203486784	0.6657235292058531
ENSG00000130720	FIBCD1	1387.0	0.16178287984855064	0.2785079426710791
ENSG00000172500	FIBP	85413.0	0.246186077676212	0.39510323873185954
ENSG00000168386	FILIP1L	15796.0	0.736284074716542	0.8481147589132204
ENSG00000145216	FIP1L1	310614.0	0.6146434261097161	0.7613364240928705
ENSG00000134285	FKBP11	48854.0	0.22958199610080385	0.3734309656921525
ENSG00000119321	FKBP15	37257.0	0.17714510040656056	0.30097411159487214
ENSG00000106692	FKTN	7459.0	0.056921565925419026	0.10771199634966226
ENSG00000154803	FLCN	74448.0	0.27580461488313357	0.4323618392121866
ENSG00000151702	FLI1	3804.0	0.44547015693196235	0.6163671450367141
ENSG00000177731	FLII	434947.0	0.525867191090437	0.6892699366772992
ENSG00000136068	FLNB	140642.0	0.32722043422781666	0.4930913144329263
ENSG00000128591	FLNC	11825.0	0.740996357921229	0.851232519298303
ENSG00000132589	FLOT2	92797.0	0.2735629016649921	0.4296024975403252
ENSG00000125848	FLRT3	5764.0	0.17743096700860767	0.3013866154028384
ENSG00000122025	FLT3	489.0	0.004226115602107454	0.008416661420069894
ENSG00000090554	FLT3LG	4387.0	0.4822413047055042	0.6506920339820341
ENSG00000037280	FLT4	18285.0	0.7281968282399652	0.84272441233627
ENSG00000059122	FLYWCH1	5813.0	0.23380992705707743	0.37900477525702564
ENSG00000164898	FMC1	111679.0	0.46346465092338474	0.6333800418492623
ENSG00000248905	FMN1	37233.0	0.516852593446406	0.6814803174408359
ENSG00000155816	FMN2	261.0	0.04477675460806662	0.08571544956484793
ENSG00000007933	FMO3	261.0	0.11840362189724558	0.21173683557352435
ENSG00000131781	FMO5	989.0	0.02294808576297348	0.044866569638003624
ENSG00000122176	FMOD	29684.0	0.46419075142690136	0.6340577564426388
ENSG00000141560	FN3KRP	15687.0	0.12692331288453207	0.22525634430199598
ENSG00000102531	FNDC3A	46256.0	0.17427883789567797	0.2968270095167308
ENSG00000075420	FNDC3B	201697.0	0.43927474813032025	0.6104112487222568
ENSG00000160097	FNDC5	3979.0	0.2342605740567677	0.3795966248630952
ENSG00000168522	FNTA	26825.0	0.14981633400453664	0.2605917650913203
ENSG00000086205	FOLH1	12723.0	0.25529380681746505	0.4067474967708303
ENSG00000110195	FOLR1	201011.0	0.7831174434827805	0.8783688885384884
ENSG00000165457	FOLR2	4279.0	0.5766307356665356	0.7314721483249018
ENSG00000175592	FOSL1	6040.0	0.13594649904324588	0.23935370047400506
ENSG00000129514	FOXA1	70.0	-0.01607962278457119	0.0
ENSG00000125798	FOXA2	3132.0	0.167850574494233	0.28745214184087703
ENSG00000171956	FOXB1	77.0	-0.015076014358187876	0.0
ENSG00000054598	FOXC1	9543.0	0.37075504919662017	0.5409501127337294
ENSG00000176692	FOXC2	72.0	0.006135864103619282	0.012196889749250336
ENSG00000186564	FOXD2	608.0	0.03852495092832405	0.07419167135828002
ENSG00000178919	FOXE1	184.0	0.016689816469070532	0.03283167825371499
ENSG00000186790	FOXE3	107.0	-0.00933749062191598	0.0
ENSG00000103241	FOXF1	473.0	0.056886743145673484	0.10764964839346582
ENSG00000176165	FOXG1	61.0	-0.012498266123484763	0.0
ENSG00000168269	FOXI1	601.0	0.5011767885533212	0.6677118809388246
ENSG00000129654	FOXJ1	132639.0	0.7431829775743416	0.8526735140661929
ENSG00000065970	FOXJ2	90761.0	0.2064476160853567	0.34224049736238266
ENSG00000183770	FOXL2	31619.0	0.9240559636933884	0.9605291957512345
ENSG00000111206	FOXM1	51602.0	0.4850258313752189	0.653222080219382
ENSG00000109101	FOXN1	3333.0	0.14190720092470718	0.2485441913489851
ENSG00000150907	FOXO1	16824.0	0.42214021517421474	0.5936689092537923
ENSG00000118689	FOXO3	52108.0	0.3037295205398433	0.46593946942932785
ENSG00000184481	FOXO4	14191.0	0.17512619095276621	0.29805512344300283
ENSG00000114861	FOXP1	14417.0	0.3017204024511232	0.4635717499441316
ENSG00000128573	FOXP2	102.0	0.02539480092307117	0.04953175284331558
ENSG00000049768	FOXP3	3663.0	0.435077780141801	0.6063473160302303
ENSG00000137166	FOXP4	181524.0	0.7263891704923118	0.8415126588000648
ENSG00000110074	FOXRED1	56963.0	0.15104689439259675	0.2624513303991905
ENSG00000171051	FPR1	1511.0	0.3463195766743095	0.5144686041478966
ENSG00000171049	FPR2	230.0	0.047153771585013264	0.09006083512193144
ENSG00000148690	FRA10AC1	28529.0	0.15586335724729217	0.26969166600883226
ENSG00000138759	FRAS1	23983.0	0.31790801291469195	0.4824434024216986
ENSG00000164946	FREM1	9118.0	0.30170605396504835	0.4635548141549158
ENSG00000150893	FREM2	11265.0	0.3153282709834436	0.47946703182723993
ENSG00000139926	FRMD6	5143.0	0.24272519578454324	0.3906337404405947
ENSG00000165694	FRMD7	656.0	0.039822652313190446	0.07659508518034482
ENSG00000162998	FRZB	11627.0	0.5869505246246005	0.7397212647992867
ENSG00000075618	FSCN1	153514.0	0.693759877880964	0.8191950782880936
ENSG00000170820	FSHR	232.0	-0.013407221237668476	0.0
ENSG00000150667	FSIP1	2291.0	0.041264129204270514	0.07925775611958202
ENSG00000134363	FST	2813.0	0.6773833219113766	0.807666694980011
ENSG00000163430	FSTL1	82489.0	0.7642176913423474	0.8663530527923389
ENSG00000070404	FSTL3	2800.0	0.052839788185982055	0.1003757433541218
ENSG00000140718	FTO	39237.0	0.23013594177408725	0.3741634301688445
ENSG00000107164	FUBP3	51041.0	0.11396579387365292	0.2046127349698119
ENSG00000179163	FUCA1	25169.0	0.23264061857302998	0.37746706553017384
ENSG00000140564	FURIN	118102.0	0.40725299911903784	0.578791445992987
ENSG00000089280	FUS	220362.0	0.19496025812402903	0.32630417086857366
ENSG00000176920	FUT2	6033.0	0.38731284743761885	0.5583641038904666
ENSG00000171124	FUT3	13652.0	0.43792166069406635	0.6091036426597638
ENSG00000196371	FUT4	2433.0	0.04620655784780885	0.0883316157812318
ENSG00000180549	FUT7	1521.0	0.18946519636750414	0.3185720724677107
ENSG00000033170	FUT8	80131.0	0.4654141085093589	0.6351980724176118
ENSG00000129245	FXR2	37490.0	0.1538548106508272	0.26667967101345447
ENSG00000221946	FXYD7	505.0	0.0768469785576008	0.14272590272860247
ENSG00000010810	FYN	122201.0	0.5572756212210958	0.7157058309101675
ENSG00000157240	FZD1	5618.0	0.06283861715692562	0.11824677075625611
ENSG00000111432	FZD10	46073.0	0.6803853166982694	0.8097967887926262
ENSG00000104290	FZD3	50537.0	0.4047195664641459	0.5762282752035347
ENSG00000174804	FZD4	56143.0	0.5851029761737385	0.7382523217338368
ENSG00000164930	FZD6	23924.0	0.1778908803180856	0.3020498473849237
ENSG00000188763	FZD9	335.0	0.009571631120058417	0.0189617671991026
ENSG00000105325	FZR1	10058.0	0.18955218640088112	0.3186950325809442
ENSG00000160211	G6PD	33099.0	0.1664553950935201	0.2854037896239909
ENSG00000171298	GAA	186891.0	0.6724199427280626	0.8041281086749141
ENSG00000109458	GAB1	20155.0	0.22156473632113252	0.36275561946622237
ENSG00000033327	GAB2	13267.0	0.24517919059466514	0.39380547385725895
ENSG00000204681	GABBR1	137702.0	0.487854441922405	0.6557824854050445
ENSG00000136928	GABBR2	576.0	0.11942250626906785	0.21336449035153324
ENSG00000022355	GABRA1	101.0	0.08359383861283666	0.15428998511074843
ENSG00000151834	GABRA2	88.0	8.691069857495e-05	0.00017380629152368693
ENSG00000011677	GABRA3	484.0	0.05674309558728071	0.10739241320662893
ENSG00000109158	GABRA4	83.0	-0.01307454035665955	0.0
ENSG00000186297	GABRA5	66.0	-0.002181761078911364	0.0
ENSG00000145863	GABRA6	70.0	0.007874773613731584	0.015626492139487944
ENSG00000145864	GABRB2	232.0	0.07747415468992823	0.14380698479440274
ENSG00000166206	GABRB3	139.0	-0.0019811944291523	0.0
ENSG00000187730	GABRD	1735.0	0.5015707184189937	0.6680614003276494
ENSG00000163285	GABRG1	424.0	0.23368079872241576	0.3788351070461867
ENSG00000113327	GABRG2	222.0	-0.013898911522243337	0.0
ENSG00000182256	GABRG3	43.0	0.024549381176432492	0.04792229955425636
ENSG00000094755	GABRP	1008.0	0.07563257255315586	0.14062901121268942
ENSG00000268089	GABRQ	152.0	0.10315487661487574	0.18701794063842644
ENSG00000183185	GABRR3	80.0	-0.018202816910453796	0.0
ENSG00000128683	GAD1	34538.0	0.4889022798691516	0.6567284992163723
ENSG00000136750	GAD2	57.0	0.03877596940964248	0.07465703973048135
ENSG00000116717	GADD45A	30231.0	0.29610219216341976	0.45691179901358514
ENSG00000130222	GADD45G	12356.0	0.5439965350778403	0.70466030553678
ENSG00000205777	GAGE1	40.0	-0.005835509737699942	0.0
ENSG00000069482	GAL	12290.0	0.6950827918317867	0.8201166281449266
ENSG00000117308	GALE	72270.0	0.4578167631441197	0.6280854696124247
ENSG00000108479	GALK1	13797.0	0.19082207078481794	0.32048796451858774
ENSG00000141012	GALNS	18674.0	0.11944406296989984	0.21339889489969363
ENSG00000197487	GALP	108.0	0.0034098071324245704	0.006796439716229646
ENSG00000166573	GALR1	66.0	-0.014032760785927995	0.0
ENSG00000089597	GANAB	500040.0	0.6261277382219994	0.7700843217970128
ENSG00000214013	GANC	16860.0	0.15303944636085415	0.2654539648992357
ENSG00000172020	GAP43	124.0	-0.013732383621417685	0.0
ENSG00000159131	GART	85438.0	0.2933576626178566	0.453637336518466
ENSG00000185340	GAS2L1	25707.0	0.16656062980940353	0.28555846229204007
ENSG00000183087	GAS6	169824.0	0.803484631612552	0.8910357399543031
ENSG00000102145	GATA1	149.0	0.029522307772133657	0.05735146785895171
ENSG00000179348	GATA2	4848.0	0.6069645318559036	0.7554174592203509
ENSG00000107485	GATA3	241.0	0.09746246278195302	0.17761420747803225
ENSG00000136574	GATA4	23302.0	0.8959979495962362	0.9451465385677703
ENSG00000141448	GATA6	18525.0	0.7594359024884455	0.8632720310121474
ENSG00000177628	GBA	67396.0	0.18082627111849217	0.30627074539459803
ENSG00000114480	GBE1	36059.0	0.3572025524609986	0.5263806081314651
ENSG00000107862	GBF1	57924.0	0.17824800248759518	0.3025644891589312
ENSG00000117228	GBP1	72345.0	0.6465275195191486	0.7853224581487229
ENSG00000154451	GBP5	10190.0	0.5243523081089403	0.6879673489121868
ENSG00000168505	GBX2	149.0	0.36550539367687107	0.5353408274612251
ENSG00000215644	GCGR	1238.0	0.19567761418534757	0.32730831766666274
ENSG00000131979	GCH1	4205.0	0.0807105024028394	0.14936562978408852
ENSG00000084734	GCKR	3034.0	0.13800949991835185	0.24254542677939603
ENSG00000023909	GCLM	25314.0	0.1993419102001708	0.3324188181948891
ENSG00000137270	GCM1	184.0	0.01739561992800782	0.034196372752693306
ENSG00000089154	GCN1	240997.0	0.608944404969057	0.7569489698816139
ENSG00000111846	GCNT2	17230.0	0.46398060113692097	0.6338616792826294
ENSG00000176928	GCNT4	674.0	0.1250983272877219	0.22237759003570262
ENSG00000119125	GDA	335.0	0.03204365994560093	0.06209748906803024
ENSG00000135414	GDF11	53222.0	0.4656377973321753	0.6354063714510525
ENSG00000130513	GDF15	56770.0	0.7491818491602399	0.8566083046424391
ENSG00000184344	GDF3	309.0	0.051163747420764384	0.09734686445628406
ENSG00000125965	GDF5	2335.0	0.17012794209730922	0.2907851970313195
ENSG00000156466	GDF6	110.0	0.01697814448310373	0.033389398927020524
ENSG00000143869	GDF7	168.0	-0.002311268922084067	0.0
ENSG00000164404	GDF9	683.0	0.00431952667689275	0.008601897229231943
ENSG00000168621	GDNF	2259.0	0.3787635388484069	0.5494249422417479
ENSG00000198380	GFPT1	121560.0	0.4053855816922071	0.5769030036640727
ENSG00000259384	GH1	238.0	0.03660386532353523	0.07062266801814553
ENSG00000165678	GHITM	164658.0	0.498745221309544	0.6655503740305644
ENSG00000112964	GHR	703.0	0.23370080007600716	0.3788613901549047
ENSG00000121853	GHSR	239.0	0.008991983913229504	0.01782369742593077
ENSG00000146830	GIGYF1	89229.0	0.4033186089558792	0.5748068989920445
ENSG00000133574	GIMAP4	5078.0	0.48286832006848684	0.6512625747459294
ENSG00000196329	GIMAP5	6651.0	0.6611153442209916	0.795989690325849
ENSG00000171115	GIMAP8	4732.0	0.5734816547028232	0.728933385386224
ENSG00000123159	GIPC1	148776.0	0.5704962744461861	0.7265171955245341
ENSG00000137960	GIPC2	4091.0	0.34568032726419745	0.5137629201535173
ENSG00000152661	GJA1	38335.0	0.8862718315016066	0.9397074342101278
ENSG00000265107	GJA5	2360.0	0.8494729387963609	0.918610833364449
ENSG00000169562	GJB1	8110.0	0.29470906916690304	0.45525141699445626
ENSG00000121742	GJB6	191.0	-0.0025752327825947405	0.0
ENSG00000182963	GJC1	4168.0	0.34453964379517	0.5125020231053268
ENSG00000169605	GKN1	19.0	-0.00447546042601634	0.0
ENSG00000102393	GLA	40380.0	0.28119079387276275	0.43895225475790967
ENSG00000170266	GLB1	132422.0	0.18045362922162858	0.30573607425920946
ENSG00000106415	GLCCI1	56031.0	0.33390946996381665	0.5006478737614394
ENSG00000186417	GLDN	8658.0	0.27809977769451366	0.43517694400379425
ENSG00000111087	GLI1	3947.0	0.583816564060761	0.7372275013514301
ENSG00000074047	GLI2	11480.0	0.6665622991278608	0.7999248506661691
ENSG00000106571	GLI3	32533.0	0.5320141864514302	0.6945290600522736
ENSG00000122694	GLIPR2	16424.0	0.22621819014385208	0.36896890286273376
ENSG00000167699	GLOD4	95975.0	0.2053950215493596	0.340792881797959
ENSG00000112164	GLP1R	477.0	0.43648565989461935	0.6077132157750046
ENSG00000145888	GLRA1	62.0	-0.015866921059431698	0.0
ENSG00000101958	GLRA2	97.0	0.06386226185263467	0.12005738739416028
ENSG00000145451	GLRA3	60.0	-0.007366475391670077	0.0
ENSG00000109738	GLRB	5420.0	0.15088448045121106	0.2622061258347248
ENSG00000115419	GLS	45572.0	0.31705789403194323	0.48146386801771596
ENSG00000135423	GLS2	6419.0	0.153582460845075	0.2662704506317922
ENSG00000120820	GLT8D2	3625.0	0.49941500018495305	0.6661464639520748
ENSG00000148672	GLUD1	19300.0	0.09098261602290432	0.16679022137781563
ENSG00000140632	GLYR1	47594.0	0.0679482675663118	0.1272501105716578
ENSG00000112699	GMDS	20520.0	0.18944365974519212	0.31854162774851497
ENSG00000162419	GMEB1	22825.0	0.031670169700170774	0.06139592018905601
ENSG00000101216	GMEB2	85520.0	0.2869111446954546	0.4458911493277209
ENSG00000197045	GMFB	35796.0	0.13329016519927372	0.23522689826896442
ENSG00000163655	GMPS	165150.0	0.5007545786249973	0.667337065976227
ENSG00000088256	GNA11	12812.0	0.07404643586876608	0.1378831182636382
ENSG00000127955	GNAI1	15680.0	0.15482809818005908	0.26814051099736663
ENSG00000114353	GNAI2	76951.0	0.5031615878368986	0.6694710560838179
ENSG00000087258	GNAO1	1410.0	0.14886583832978775	0.25915269366213856
ENSG00000156052	GNAQ	23785.0	0.11114535948839384	0.2000554806610877
ENSG00000214415	GNAT3	97.0	0.09007952653703506	0.16527147670262138
ENSG00000185838	GNB1L	8142.0	0.14749992572146786	0.2570804972013052
ENSG00000111664	GNB3	2368.0	0.41459663966496885	0.5861694111802235
ENSG00000134697	GNL2	129062.0	0.1425686289230243	0.24955810148123583
ENSG00000116906	GNPAT	7689.0	0.07241739911773426	0.1350545024303247
ENSG00000147437	GNRH1	2664.0	0.21161816021073854	0.3493149362732092
ENSG00000109163	GNRHR	83.0	-0.010181572546051933	0.0
ENSG00000135677	GNS	143841.0	0.41157122596410156	0.5831391549980043
ENSG00000167110	GOLGA2	101232.0	0.33118753403062684	0.49758208451343144
ENSG00000113384	GOLPH3	147063.0	0.3154647631692732	0.4796248018217412
ENSG00000120370	GORAB	24043.0	0.1613570668020639	0.2778767554174875
ENSG00000120053	GOT1	72062.0	0.4350971998994814	0.606366174960075
ENSG00000185245	GP1BA	116.0	0.013973017859230757	0.02756092640163453
ENSG00000178732	GP5	287.0	0.0015659369757390078	0.0031269773020983632
ENSG00000088053	GP6	636.0	0.00015623390742687337	0.0003124190044119331
ENSG00000152133	GPATCH11	3279.0	-0.04734857631737557	0.0
ENSG00000062194	GPBP1	84742.0	0.11751823170188712	0.21032002587182252
ENSG00000159592	GPBP1L1	350108.0	0.3682545754269097	0.5382837112925574
ENSG00000164850	GPER1	916.0	0.03249619357848395	0.06294685400409428
ENSG00000171723	GPHN	7738.0	0.21079071254846654	0.34818686724941134
ENSG00000198522	GPN1	65406.0	0.22230351112422111	0.3637451894738584
ENSG00000142751	GPN2	10523.0	0.02737148364365048	0.05328449169442673
ENSG00000183671	GPR1	549.0	0.3520637351951291	0.5207797917075552
ENSG00000165370	GPR101	93.0	0.04060960334240715	0.0780496416945804
ENSG00000132975	GPR12	98.0	-0.014656794686491925	0.0
ENSG00000181619	GPR135	13167.0	0.10198408555844561	0.18509175748534296
ENSG00000173264	GPR137	94455.0	0.4089222876533823	0.5804752912731036
ENSG00000180269	GPR139	38.0	0.03226130339655184	0.06250607920765658
ENSG00000174948	GPR149	75.0	-0.01661474595467633	0.0
ENSG00000151025	GPR158	4813.0	0.05782687696037279	0.10933145719748817
ENSG00000250510	GPR162	17433.0	0.28640711884054587	0.44528223553160684
ENSG00000144230	GPR17	626.0	0.027648215717815387	0.053808716436106546
ENSG00000147138	GPR174	409.0	0.5261906117406219	0.6895476982924184
ENSG00000172209	GPR22	53.0	-0.012734997076755407	0.0
ENSG00000181773	GPR3	369.0	0.02291152697345884	0.04479669330005178
ENSG00000171659	GPR34	2338.0	0.35550048408543244	0.5245302207697722
ENSG00000170775	GPR37	230.0	-0.017701546002445397	0.0
ENSG00000170075	GPR37L1	1871.0	0.020797330949672687	0.04074722830696358
ENSG00000183840	GPR39	26980.0	0.542413075133143	0.7033304941172405
ENSG00000177464	GPR4	2092.0	0.39121736895814624	0.5624101275433627
ENSG00000135898	GPR55	210.0	-0.016581115590632394	0.0
ENSG00000112218	GPR63	21053.0	0.5847446335724809	0.7379670152336081
ENSG00000123901	GPR83	4723.0	0.14083152467458526	0.24689276484493455
ENSG00000164604	GPR85	296.0	0.02335924111755668	0.045652084192931666
ENSG00000181656	GPR88	89.0	-0.006492602991488776	0.0
ENSG00000198932	GPRASP1	41858.0	0.5677907337387332	0.7243195428062194
ENSG00000158301	GPRASP2	11886.0	0.29089835457399604	0.4506913399389903
ENSG00000167191	GPRC5B	128414.0	0.6462620510613892	0.7851265849743991
ENSG00000170412	GPRC5C	143380.0	0.6033036818349987	0.75257568316005
ENSG00000204175	GPRIN2	26615.0	0.47514752390927084	0.6442033982473673
ENSG00000167701	GPT	14919.0	0.1673063568188144	0.28665372349168683
ENSG00000089351	GRAMD1A	207146.0	0.41227082780239976	0.5838410306101477
ENSG00000155324	GRAMD2B	16512.0	0.17827842070127317	0.30260830983422005
ENSG00000177885	GRB2	47007.0	0.20403922433314484	0.33892454699082025
ENSG00000141449	GREB1L	1663.0	0.10860580651549903	0.1959322346630351
ENSG00000166923	GREM1	443.0	0.16787300946959463	0.2874850400829735
ENSG00000180875	GREM2	514.0	0.47419655801672217	0.6433288090899792
ENSG00000083307	GRHL2	134252.0	0.5521698512847257	0.7114812220166454
ENSG00000155511	GRIA1	63.0	0.05050426827211293	0.09615242850023484
ENSG00000120251	GRIA2	144.0	0.7814712906613729	0.8773324552103794
ENSG00000182771	GRID1	429.0	0.09019288126499907	0.16546224583734995
ENSG00000163873	GRIK3	132453.0	0.8461299610141814	0.9166526505526786
ENSG00000149403	GRIK4	7709.0	0.2557204744830643	0.4072888507903566
ENSG00000105737	GRIK5	6211.0	0.3675003995183214	0.5374775753597836
ENSG00000176884	GRIN1	488.0	0.08312189657067101	0.1534857652381465
ENSG00000273079	GRIN2B	309.0	0.08548558827401732	0.15750662965492557
ENSG00000161509	GRIN2C	939.0	0.026190738814921774	0.05104458230673117
ENSG00000105464	GRIN2D	2195.0	0.3057566612728248	0.4683210437920025
ENSG00000173020	GRK2	96975.0	0.41703924526980435	0.5886064858992668
ENSG00000198873	GRK5	5096.0	0.5251124758623826	0.6886213104583714
ENSG00000152822	GRM1	644.0	0.049363254100255834	0.09408229973248079
ENSG00000164082	GRM2	1451.0	0.1371763807416725	0.24125787883882235
ENSG00000198822	GRM3	54.0	-0.00926061170304862	0.0
ENSG00000124493	GRM4	41814.0	0.8955188993710016	0.9448799478265983
ENSG00000168959	GRM5	88.0	0.046075678498183684	0.08809243813857333
ENSG00000196277	GRM7	2255.0	0.34077621475789766	0.5083267602855428
ENSG00000030582	GRN	285818.0	0.7729027035541453	0.8719065090314364
ENSG00000134443	GRP	1036.0	0.028798685970150683	0.0559850753366655
ENSG00000126010	GRPR	2196.0	0.19988265850986714	0.33317034310355176
ENSG00000105447	GRWD1	15474.0	0.14234344579094638	0.24921304764415977
ENSG00000073605	GSDMB	561701.0	0.8266248813207145	0.9050844426503547
ENSG00000147697	GSDMC	13048.0	0.7559262321598074	0.8609999877158966
ENSG00000131149	GSE1	121684.0	0.19407877316620784	0.3250686261704333
ENSG00000105723	GSK3A	102850.0	0.27512946594176074	0.4315318142829691
ENSG00000082701	GSK3B	170187.0	0.45587534579763733	0.6262560144500211
ENSG00000104687	GSR	91568.0	0.5628244360941586	0.7202657228738762
ENSG00000100983	GSS	167394.0	0.48821916471157556	0.6561119172339042
ENSG00000134202	GSTM3	21312.0	0.26581193790118085	0.41998646077223545
ENSG00000148834	GSTO1	106825.0	0.424866135947862	0.5963593705105902
ENSG00000100577	GSTZ1	64358.0	0.36107660576520223	0.5305749937009661
ENSG00000242441	GTF2A1L	528.0	-0.006223102394147287	0.0
ENSG00000263001	GTF2I	854798.0	0.7022414078473714	0.8250785166076007
ENSG00000077235	GTF3C1	110246.0	0.2656054546397216	0.4197286818984692
ENSG00000100226	GTPBP1	98798.0	0.3424256904869684	0.5101596206233994
ENSG00000105793	GTPBP10	12006.0	0.04851703359862944	0.09254410189620568
ENSG00000107937	GTPBP4	185765.0	0.34883563441701376	0.5172396480580609
ENSG00000048545	GUCA1A	377.0	0.041278288113251974	0.0792838736473538
ENSG00000152402	GUCY1A2	4415.0	0.643732790442388	0.7832572230540418
ENSG00000070019	GUCY2C	431.0	0.05563209860681622	0.10540054376943897
ENSG00000132518	GUCY2D	136.0	0.0541948541228477	0.10281752734970617
ENSG00000169919	GUSB	341072.0	0.5358509582570523	0.6977903101550404
ENSG00000172986	GXYLT2	35360.0	0.6506014804417165	0.7883204857754149
ENSG00000056998	GYG2	15660.0	0.18727443628356313	0.31546949982309797
ENSG00000170180	GYPA	77.0	-0.013366857081895578	0.0
ENSG00000250361	GYPB	78.0	-0.00605485530081642	0.0
ENSG00000104812	GYS1	56063.0	0.35140000857536385	0.5200532874730512
ENSG00000145649	GZMA	334.0	0.26689600232565175	0.4213384553044741
ENSG00000100453	GZMB	606.0	0.7512642590754744	0.8579678996841757
ENSG00000100450	GZMH	573.0	0.24165417428013883	0.3892455391941
ENSG00000113088	GZMK	172.0	0.3548242525571228	0.5237937716090043
ENSG00000130600	H19	316571.0	0.9654522142646965	0.9824224748459588
ENSG00000188486	H2AFX	138548.0	0.45821955973252476	0.6284644266005788
ENSG00000132475	H3F3B	215065.0	0.650455307801281	0.7882131733307104
ENSG00000148702	HABP2	173.0	-0.011773195174624135	0.0
ENSG00000084754	HADHA	112175.0	0.13283847187183156	0.2345232355188954
ENSG00000138029	HADHB	162946.0	0.40322552567907327	0.5747123584912516
ENSG00000105697	HAMP	394.0	0.10068118152965798	0.18294340490084068
ENSG00000173805	HAP1	304.0	0.14693096679485537	0.25621588578336124
ENSG00000170961	HAS2	1375.0	0.19919424719300832	0.33221348027522407
ENSG00000113249	HAVCR1	126.0	-0.005426965489034337	0.0
ENSG00000135077	HAVCR2	1508.0	0.2927793204045778	0.45294555038666917
ENSG00000143575	HAX1	62992.0	0.13880861188573726	0.2437786480309207
ENSG00000113070	HBEGF	17098.0	0.29541541655511305	0.4560937175515615
ENSG00000213934	HBG1	60.0	0.024927788271295936	0.04864301379386078
ENSG00000112339	HBS1L	39792.0	0.16820686978666444	0.2879744574989223
ENSG00000130656	HBZ	51.0	-0.006648128295344245	0.0
ENSG00000182782	HCAR2	782.0	0.13232538924175968	0.23372325746465664
ENSG00000255398	HCAR3	571.0	0.28957596281947506	0.4491026060789134
ENSG00000172534	HCFC1	129769.0	0.2367777586158927	0.3828945935781968
ENSG00000101336	HCK	8939.0	0.5294509396772645	0.6923411872092949
ENSG00000099822	HCN2	1566.0	0.09901017853781892	0.18018063976358667
ENSG00000143630	HCN3	3348.0	0.05947136754140511	0.11226611565617589
ENSG00000138622	HCN4	932.0	0.020353202251589392	0.03989442519840475
ENSG00000161610	HCRT	189.0	-0.010917777445412254	0.0
ENSG00000121764	HCRTR1	120.0	-0.017754741226217608	0.0
ENSG00000137252	HCRTR2	114.0	0.0035512853358653463	0.007077436674652484
ENSG00000116478	HDAC1	345343.0	0.5449944757856144	0.7054969895714224
ENSG00000100429	HDAC10	14674.0	0.28481850536146364	0.4433599051896196
ENSG00000196591	HDAC2	253767.0	0.4845076150337316	0.6527519429702925
ENSG00000171720	HDAC3	87844.0	0.19425707293427366	0.3253186894794546
ENSG00000068024	HDAC4	17716.0	0.08451465067263354	0.1558570935306705
ENSG00000108840	HDAC5	7993.0	0.2177212295932837	0.35758796726571335
ENSG00000094631	HDAC6	253007.0	0.8720011533415917	0.9316245898513867
ENSG00000147099	HDAC8	53467.0	0.2745485379685369	0.43081692032871693
ENSG00000048052	HDAC9	65668.0	0.7325881319977309	0.845657566813681
ENSG00000140287	HDC	174.0	0.42729245030155544	0.5987454781411868
ENSG00000155393	HEATR3	26820.0	0.04510869297480848	0.08632344803565
ENSG00000129493	HEATR5A	12576.0	0.15337525770888918	0.2659589872138578
ENSG00000008869	HEATR5B	41145.0	0.18607941801722333	0.31377227391449636
ENSG00000068097	HEATR6	44068.0	0.24501290533165895	0.3935909487884223
ENSG00000112406	HECA	47444.0	0.2567786594215	0.40862988481948953
ENSG00000173064	HECTD4	221638.0	0.47838013839190197	0.6471679725246535
ENSG00000119969	HELLS	29368.0	0.4160810268416215	0.587651439366622
ENSG00000165478	HEPACAM	497.0	0.02934367873762144	0.05701434679932807
ENSG00000128731	HERC2	97120.0	0.4813624509795764	0.6498915247396303
ENSG00000138642	HERC6	41655.0	0.6099552984438019	0.7577294835867685
ENSG00000114315	HES1	42964.0	0.4583613748046682	0.6285977984929295
ENSG00000188290	HES4	6337.0	0.40552145927712335	0.5770405803490015
ENSG00000144485	HES6	17537.0	0.2940818590670652	0.4545027148113735
ENSG00000163666	HESX1	4125.0	0.07180099791648825	0.1339819575762007
ENSG00000213614	HEXA	78682.0	0.2684538285580876	0.42327725694714796
ENSG00000049860	HEXB	54345.0	0.3226128886256874	0.48784174326459334
ENSG00000186834	HEXIM1	62355.0	0.25411203801494825	0.40524615076204124
ENSG00000164683	HEY1	2750.0	0.6441984974380542	0.7836018563960824
ENSG00000010704	HFE	5974.0	0.2154086383991075	0.35446290505691325
ENSG00000019991	HGF	1846.0	0.27997979941738	0.43747534069650307
ENSG00000235173	HGH1	54477.0	0.19932175284019113	0.33239079065841076
ENSG00000185359	HGS	55735.0	0.12275909156165203	0.21867396574078185
ENSG00000152804	HHEX	1499.0	0.04138075973285357	0.07947287165833374
ENSG00000114455	HHLA2	2357.0	0.09187867479725809	0.16829465932067642
ENSG00000100644	HIF1A	281812.0	0.30178264729356147	0.4636452143850206
ENSG00000064393	HIPK2	279411.0	0.548109445927559	0.7081016750713718
ENSG00000110422	HIPK3	39678.0	0.15671303491844918	0.2709626851045174
ENSG00000010818	HIVEP2	68658.0	0.3427772137601075	0.510549643302699
ENSG00000156515	HK1	122038.0	0.3368432669930396	0.5039383079673968
ENSG00000159399	HK2	27055.0	0.4658285445126783	0.6355839450070817
ENSG00000136630	HLX	7543.0	0.5989664634568511	0.7491920276575764
ENSG00000143341	HMCN1	2731.0	0.5539201727360501	0.7129325977675423
ENSG00000137309	HMGA1	348290.0	0.7593742475726762	0.8632321959018647
ENSG00000149948	HMGA2	49046.0	0.43885637534324723	0.6100072013630347
ENSG00000164104	HMGB2	9495.0	0.12144522506165742	0.2165869939033007
ENSG00000029993	HMGB3	70559.0	0.49242482325720666	0.6598989987080126
ENSG00000113161	HMGCR	111007.0	0.565837020435751	0.7227278612665401
ENSG00000118418	HMGN3	50317.0	0.3265745218057289	0.4923575968596121
ENSG00000198157	HMGN5	2573.0	0.17444541651429848	0.29706858072986425
ENSG00000072571	HMMR	22551.0	0.3995226178485879	0.5709412806243215
ENSG00000100292	HMOX1	2938.0	0.3728850120022029	0.5432137560572401
ENSG00000135100	HNF1A	247.0	0.2484767015163818	0.3980477989130043
ENSG00000275410	HNF1B	15573.0	0.5388184828585522	0.7003015480521495
ENSG00000101076	HNF4A	136.0	0.05725810445759241	0.10831433538543112
ENSG00000150540	HNMT	6110.0	0.40919160710329006	0.580746585546897
ENSG00000139675	HNRNPA1L2	742615.0	0.7319196540091886	0.8452120192930214
ENSG00000138668	HNRNPD	1224032.0	0.7240231843912203	0.8399227933200727
ENSG00000169813	HNRNPF	360287.0	0.47369189978247755	0.6428642239974262
ENSG00000169045	HNRNPH1	827468.0	0.4597130136406577	0.6298676648693998
ENSG00000143889	HNRNPLL	149827.0	0.400312342203592	0.5717472168725488
ENSG00000099783	HNRNPM	403820.0	0.30199080816523477	0.4638908451140299
ENSG00000105323	HNRNPUL1	253503.0	0.4527586412286266	0.6233088255399667
ENSG00000168172	HOOK3	13873.0	0.16242014403070365	0.2794517023208324
ENSG00000171476	HOPX	1301.0	0.22200784563470108	0.36334929669685057
ENSG00000228630	HOTAIR	168.0	0.14633878357826816	0.2553150703345747
ENSG00000253293	HOXA10	2177.0	0.08890751138924347	0.16329671796609066
ENSG00000005073	HOXA11	96.0	-0.011529186202118194	0.0
ENSG00000106031	HOXA13	66.0	0.0037513588529304665	0.00747467750821768
ENSG00000106004	HOXA5	2405.0	0.177663207023584	0.30172158892967116
ENSG00000078399	HOXA9	11881.0	0.396617263125405	0.5679684385940345
ENSG00000159184	HOXB13	483.0	0.07725823278152147	0.14343493589654505
ENSG00000182742	HOXB4	69337.0	0.4852953651986786	0.6534664775362895
ENSG00000120075	HOXB5	11525.0	0.27000259790349174	0.4252000717938837
ENSG00000108511	HOXB6	31622.0	0.362230858807388	0.5318200750855336
ENSG00000260027	HOXB7	57659.0	0.5110372389302764	0.6764058830106134
ENSG00000170689	HOXB9	23848.0	0.467383942700437	0.6370301992542007
ENSG00000123388	HOXC11	113.0	0.02691078269189862	0.0524111405693022
ENSG00000123364	HOXC13	114.0	-0.008966422583558835	0.0
ENSG00000128710	HOXD10	7878.0	0.6997212931313713	0.8233365034126097
ENSG00000128709	HOXD9	29548.0	0.8068430690050907	0.8930970075329961
ENSG00000121905	HPCA	806.0	0.0684211147303106	0.12807892653372235
ENSG00000115756	HPCAL1	44108.0	0.22828301340659912	0.37171077172754236
ENSG00000158104	HPD	221.0	-0.012371347392478133	0.0
ENSG00000164120	HPGD	422.0	0.4557638307989503	0.6261507823680694
ENSG00000163106	HPGDS	660.0	0.11555469506073546	0.20716993182381643
ENSG00000165704	HPRT1	20417.0	0.18958260103420543	0.3187380193176752
ENSG00000110756	HPS5	20635.0	0.2052122122889125	0.3405412095836267
ENSG00000173083	HPSE	1918.0	0.2084383527881959	0.34497142912962325
ENSG00000172987	HPSE2	229.0	0.015788148901892417	0.031085515063273842
ENSG00000174775	HRAS	37177.0	0.09521988527931842	0.17388268156770018
ENSG00000196639	HRH1	6262.0	0.23411433975865487	0.3794046178969747
ENSG00000113749	HRH2	1033.0	0.07883665452826903	0.14615123466071156
ENSG00000101180	HRH3	225.0	0.031005008345082852	0.06014521383334602
ENSG00000134489	HRH4	469.0	0.06794398298703137	0.1272425971201084
ENSG00000122254	HS3ST2	63.0	0.4847557983770332	0.6529771413008298
ENSG00000153976	HS3ST3A1	49.0	-0.010052096322603501	0.0
ENSG00000249853	HS3ST5	1081.0	0.0952067917132496	0.17386084972010826
ENSG00000171004	HS6ST2	6624.0	0.5292639429153718	0.6921812880860696
ENSG00000117594	HSD11B1	1392.0	0.23118998694158302	0.37555533978291267
ENSG00000176387	HSD11B2	32467.0	0.5548517179499876	0.7137037076198344
ENSG00000108786	HSD17B1	3163.0	0.34073633028383504	0.5082823857121868
ENSG00000072506	HSD17B10	103866.0	0.26822791149780384	0.422996385848378
ENSG00000086696	HSD17B2	77.0	-0.013789177499555905	0.0
ENSG00000025423	HSD17B6	1276.0	0.045846764715384854	0.08767396192665285
ENSG00000203857	HSD3B1	161.0	-0.005810136077641602	0.0
ENSG00000103160	HSDL1	39774.0	0.15559137008612506	0.26928440989400776
ENSG00000185122	HSF1	295636.0	0.5447558875927654	0.705297053040106
ENSG00000102878	HSF4	32670.0	0.4103294184446514	0.5818915964997362
ENSG00000204390	HSPA1L	7902.0	0.11006749045210107	0.19830774506741658
ENSG00000126803	HSPA2	27791.0	0.4273118790880913	0.5987645522310101
ENSG00000170606	HSPA4	148590.0	0.3182368118357235	0.48282191633316585
ENSG00000173110	HSPA6	1845.0	0.46972205707113845	0.6391984862868567
ENSG00000109971	HSPA8	889093.0	0.7433304341702973	0.8527705586968317
ENSG00000113013	HSPA9	188572.0	0.27724450063569334	0.43412909665722865
ENSG00000081870	HSPB11	65233.0	0.43710577751035457	0.608313993793272
ENSG00000169271	HSPB3	130.0	-0.0233331143360526	0.0
ENSG00000152137	HSPB8	7523.0	0.7554442926452122	0.8606872867573164
ENSG00000133265	HSPBP1	9077.0	0.14793952630145787	0.25774794388011657
ENSG00000144381	HSPD1	199971.0	0.32705474618384317	0.4929031709118875
ENSG00000142798	HSPG2	259490.0	0.8049709055090204	0.8919488985136969
ENSG00000109854	HTATIP2	7567.0	0.15454660514506177	0.26771826179445385
ENSG00000178394	HTR1A	358.0	0.03016869228233796	0.058570392418933345
ENSG00000179546	HTR1D	585.0	0.06101399392916926	0.11501072422847311
ENSG00000168830	HTR1E	100.0	0.03272615231135305	0.06337818063018617
ENSG00000102468	HTR2A	85.0	0.010646061702036264	0.021067833943976697
ENSG00000135914	HTR2B	112.0	0.0021888008297737665	0.004368040888027333
ENSG00000147246	HTR2C	27259.0	0.36250382946029414	0.5321142174020703
ENSG00000166736	HTR3A	10784.0	0.5659336659204384	0.7228066912882787
ENSG00000164270	HTR4	32999.0	0.6082050453606787	0.7563774869569247
ENSG00000157219	HTR5A	104.0	0.058377502557613536	0.11031508590562793
ENSG00000158748	HTR6	163.0	-0.012114760992861188	0.0
ENSG00000148680	HTR7	535.0	0.04425792737777947	0.08476435987211492
ENSG00000166033	HTRA1	15857.0	0.7765941359089651	0.8742504775989632
ENSG00000115317	HTRA2	7633.0	0.11649866233893437	0.20868571771484845
ENSG00000197386	HTT	71184.0	0.13748920341194668	0.2417415532376783
ENSG00000086758	HUWE1	299112.0	0.5333406079045133	0.6956583620822313
ENSG00000149428	HYOU1	183848.0	0.4901140332323008	0.6578208409582766
ENSG00000067704	IARS2	132913.0	0.3772210927555954	0.5478003419201739
ENSG00000003147	ICA1	32618.0	0.2796475631269062	0.4370696607174686
ENSG00000090339	ICAM1	50429.0	0.836041133233055	0.9106997856424749
ENSG00000108622	ICAM2	7595.0	0.4283278027295662	0.5997612059514941
ENSG00000076662	ICAM3	12994.0	0.1552872411590169	0.26882879967276074
ENSG00000105371	ICAM4	2000.0	0.2529372312979501	0.4037508423880514
ENSG00000105376	ICAM5	1178.0	0.5289211011753144	0.691888025835632
ENSG00000163600	ICOS	338.0	0.29710508649065337	0.45810488230291
ENSG00000160223	ICOSLG	70858.0	0.7754380547358702	0.8735174428276307
ENSG00000172201	ID4	8011.0	0.4982517121809093	0.6651108196707963
ENSG00000119912	IDE	9303.0	0.0574615371183427	0.10867825467189936
ENSG00000138413	IDH1	84265.0	0.6895157010289296	0.8162288170616094
ENSG00000182054	IDH2	185073.0	0.5765839598046034	0.7314345122172413
ENSG00000131203	IDO1	740.0	0.6412199381983623	0.7813942827214944
ENSG00000127415	IDUA	86674.0	0.4284924380179087	0.5999225849770117
ENSG00000163565	IFI16	32355.0	0.6587490846749708	0.7942721304398509
ENSG00000068079	IFI35	32035.0	0.6025370650164708	0.7519789441004635
ENSG00000137959	IFI44L	106390.0	0.7805004632798476	0.8767203147390291
ENSG00000115267	IFIH1	31782.0	0.5950418679698103	0.7461144185853719
ENSG00000185745	IFIT1	120348.0	0.8628735425467529	0.9263898196408006
ENSG00000119922	IFIT2	30246.0	0.8358752647370902	0.9106013690497575
ENSG00000119917	IFIT3	52857.0	0.8227758201377493	0.9027723662425708
ENSG00000185885	IFITM1	106327.0	0.6550217463198038	0.7915566641663117
ENSG00000188379	IFNA2	131.0	0.10764166296743465	0.1943618889868345
ENSG00000142166	IFNAR1	51798.0	0.23872871480386293	0.38544148036749537
ENSG00000159110	IFNAR2	26118.0	0.17269399756326978	0.2945252519789631
ENSG00000171855	IFNB1	167.0	0.009671298471441485	0.019157320775747565
ENSG00000111537	IFNG	185.0	0.5717771427106875	0.7275549785952484
ENSG00000027697	IFNGR1	64140.0	0.2517737705208794	0.40226720905984964
ENSG00000159128	IFNGR2	36656.0	0.09749147361731474	0.17766238000188625
ENSG00000182393	IFNL1	100.0	0.07303590206877288	0.13612946580438248
ENSG00000183709	IFNL2	83.0	-0.016758435378015753	0.0
ENSG00000197110	IFNL3	86.0	0.003279268864226507	0.006537100817280596
ENSG00000006652	IFRD1	173396.0	0.6025030535523828	0.751952456148862
ENSG00000114446	IFT57	88392.0	0.23108796245395877	0.3754207164747599
ENSG00000089289	IGBP1	142744.0	0.4644771554095062	0.6343248902091971
ENSG00000017427	IGF1	4700.0	0.4799227174606258	0.6485780801907238
ENSG00000140443	IGF1R	126750.0	0.4946382889031993	0.6618836043149631
ENSG00000167244	IGF2	1705.0	0.5197375184017148	0.6839832696218686
ENSG00000159217	IGF2BP1	17232.0	0.276567207849218	0.4332983115165289
ENSG00000073792	IGF2BP2	187849.0	0.6619542324935728	0.7965974267539075
ENSG00000136231	IGF2BP3	132799.0	0.5516498916361672	0.7110494379044093
ENSG00000197081	IGF2R	184956.0	0.45710018901097393	0.6274107881644525
ENSG00000146678	IGFBP1	97.0	0.18010263029543958	0.30523214790284936
ENSG00000115457	IGFBP2	1215688.0	0.9227660472202305	0.9598318511545241
ENSG00000163395	IGFN1	1684.0	0.618100792639349	0.7639830540236496
ENSG00000211891	IGHE	110.0	0.07486997133505	0.1393098204093602
ENSG00000147255	IGSF1	1647.0	0.027921984743716224	0.0543270504145853
ENSG00000143061	IGSF3	45760.0	0.43397295047943896	0.605273551825846
ENSG00000162729	IGSF8	115788.0	0.6938962083979936	0.8192901134766074
ENSG00000080854	IGSF9B	1515.0	0.6347525959064099	0.7765732839279733
ENSG00000163501	IHH	260.0	-0.0004597201262730155	0.0
ENSG00000104365	IKBKB	36248.0	0.3298385835569552	0.49605807446904876
ENSG00000263528	IKBKE	16996.0	0.3277681254819514	0.4937128994009833
ENSG00000269335	IKBKG	56959.0	0.16038662875802223	0.2764365337950959
ENSG00000185811	IKZF1	1495.0	0.36262298368061413	0.5322425763010754
ENSG00000030419	IKZF2	27615.0	0.385100289008024	0.5560612355136013
ENSG00000161405	IKZF3	31607.0	0.5088358617150021	0.6744747717444087
ENSG00000123411	IKZF4	33952.0	0.10150173905604598	0.18429701099342782
ENSG00000136634	IL10	177.0	0.020192624563842354	0.03958590579396749
ENSG00000110324	IL10RA	3512.0	0.510821974834071	0.6762172954099016
ENSG00000243646	IL10RB	47353.0	0.16389586865630879	0.2816332166304926
ENSG00000095752	IL11	1926.0	0.20906219707349422	0.345825380331176
ENSG00000137070	IL11RA	35113.0	0.6119981430669286	0.759303781706055
ENSG00000168811	IL12A	2673.0	0.09029159771807961	0.16562834732846693
ENSG00000113302	IL12B	334.0	0.5339976044344084	0.6962169991540444
ENSG00000096996	IL12RB1	1256.0	0.13481370028625833	0.23759618032854446
ENSG00000081985	IL12RB2	3224.0	0.10079417834432994	0.18312992624276284
ENSG00000169194	IL13	421.0	-0.0292597529689018	0.0
ENSG00000131724	IL13RA1	253360.0	0.6249958437378289	0.7692276212845053
ENSG00000123496	IL13RA2	2718.0	0.5750298288966829	0.7301827792042446
ENSG00000164136	IL15	5917.0	0.21580341910996792	0.35499722359383956
ENSG00000134470	IL15RA	3950.0	0.37754908565851186	0.5481461090412346
ENSG00000172349	IL16	4051.0	0.42224895005546514	0.5937764271705009
ENSG00000127743	IL17B	788.0	0.22067783068686297	0.3615660498441096
ENSG00000172458	IL17D	666.0	0.0011276065452179938	0.002252672961660184
ENSG00000112116	IL17F	100.0	-0.010521678637077909	0.0
ENSG00000177663	IL17RA	35014.0	0.16135593319758934	0.27787507444565107
ENSG00000056736	IL17RB	7937.0	0.2880307284906661	0.4472420139047224
ENSG00000150782	IL18	2633.0	0.1709087151726659	0.29192491772932644
ENSG00000137496	IL18BP	9548.0	0.08543764075023423	0.1574252403688181
ENSG00000115604	IL18R1	1765.0	0.1613314639226629	0.2778387892423563
ENSG00000115607	IL18RAP	190.0	0.11015255353089867	0.19844579590535133
ENSG00000142224	IL19	109.0	0.031153546580930638	0.06042465098283116
ENSG00000115008	IL1A	184.0	0.09964095221574755	0.1812245206309817
ENSG00000125538	IL1B	1182.0	0.5343065241137362	0.6964795048660416
ENSG00000115594	IL1R1	26105.0	0.3937862848033502	0.5650597786717491
ENSG00000196083	IL1RAP	33411.0	0.36055618073196993	0.5300129253582063
ENSG00000115602	IL1RL1	146.0	-0.012747236407304794	0.0
ENSG00000115598	IL1RL2	5061.0	0.07650488075856621	0.142135687679663
ENSG00000136689	IL1RN	2692.0	0.7283889365001853	0.8428530420648261
ENSG00000109471	IL2	328.0	0.04644033155904739	0.08875868056396087
ENSG00000162891	IL20	76.0	-0.006197317598331931	0.0
ENSG00000138684	IL21	62.0	-0.011546497404434386	0.0
ENSG00000103522	IL21R	445.0	0.39583725333810227	0.567168203014312
ENSG00000127318	IL22	130.0	0.01659487990744362	0.03264797066252097
ENSG00000142677	IL22RA1	3039.0	0.10048852292752931	0.18262529928110263
ENSG00000110944	IL23A	603.0	0.05342230423544286	0.10142618780834704
ENSG00000162594	IL23R	116.0	0.01463906203928249	0.02885570364275159
ENSG00000166090	IL25	379.0	0.05258741377560286	0.09992027852009595
ENSG00000111536	IL26	52.0	0.009101514132357139	0.01803884743980942
ENSG00000134460	IL2RA	1191.0	0.22460604173341517	0.36682171094875216
ENSG00000100385	IL2RB	1072.0	0.6855891149135394	0.8134712176860562
ENSG00000147168	IL2RG	1972.0	0.4970841971227638	0.6640697939075259
ENSG00000204671	IL31	95.0	-0.011642346503465595	0.0
ENSG00000137033	IL33	538.0	0.3575800410487405	0.5267903626109697
ENSG00000157368	IL34	10565.0	0.42475449840734314	0.5962493873606344
ENSG00000136688	IL36G	255.0	0.0936887065459986	0.17132609303771434
ENSG00000125571	IL37	4752.0	0.2575474418727154	0.40960274467129554
ENSG00000185291	IL3RA	2795.0	0.5649905635115824	0.7220370226946751
ENSG00000077238	IL4R	12952.0	0.41945543021480064	0.5910089479193104
ENSG00000113525	IL5	83.0	-0.006675884841621503	0.0
ENSG00000091181	IL5RA	1704.0	0.40714157553779345	0.5786789085272939
ENSG00000136244	IL6	767.0	0.3284089651675966	0.49443954953460195
ENSG00000160712	IL6R	42203.0	0.46983975097307	0.6393074492127792
ENSG00000134352	IL6ST	41182.0	0.4869806608003103	0.6549925949113711
ENSG00000104432	IL7	136.0	0.2166249718267515	0.3561080478259312
ENSG00000124334	IL9R	1187.0	0.045967247306390326	0.08789423841858664
ENSG00000143195	ILDR2	1560.0	0.07607289934094129	0.14138986194621833
ENSG00000129351	ILF3	1294967.0	0.858652299105187	0.923951509939292
ENSG00000166333	ILK	53858.0	0.37120817831259223	0.5414322699991488
ENSG00000132305	IMMT	63706.0	0.2087024810297621	0.3453330894993392
ENSG00000106348	IMPDH1	94948.0	0.51430548490953	0.6792625266628501
ENSG00000178035	IMPDH2	258830.0	0.6601986881106218	0.7953249124199183
ENSG00000112706	IMPG1	224.0	-0.009883034529952001	0.0
ENSG00000148798	INA	5795.0	0.09603417293920162	0.17523937722063845
ENSG00000196388	INCA1	4414.0	0.05862461532185836	0.1107561915212683
ENSG00000153487	ING1	41349.0	0.2660822847679457	0.42032384145824253
ENSG00000123999	INHA	6681.0	0.6451496366455262	0.7843051139846363
ENSG00000122641	INHBA	1704.0	0.4063385530406961	0.5778673309668381
ENSG00000163083	INHBB	138967.0	0.8249826430538206	0.9040991663058693
ENSG00000197852	INKA2	6433.0	0.1367323652224592	0.24057090200946396
ENSG00000241644	INMT	716.0	0.02974459567294962	0.05777082161525925
ENSG00000114933	INO80D	97368.0	0.2290796757768069	0.3727661929354144
ENSG00000109452	INPP4B	2807.0	0.23822894596487418	0.38478981894456893
ENSG00000168918	INPP5D	5156.0	0.4327588983367224	0.6040917265830399
ENSG00000165458	INPPL1	750121.0	0.6666202356160669	0.7999665687122183
ENSG00000188487	INSC	606.0	0.04495003908695387	0.08603289613009607
ENSG00000248099	INSL3	1804.0	0.5470982238481151	0.7072572580263345
ENSG00000120211	INSL4	66.0	-0.0027430069222450456	0.0
ENSG00000173404	INSM1	73.0	0.006062647878688618	0.012052227346819567
ENSG00000171105	INSR	51461.0	0.8819538834955865	0.9372747028821174
ENSG00000027644	INSRR	463.0	0.18455535479516497	0.31160275296223455
ENSG00000119509	INVS	35758.0	0.11305957311474996	0.20315098283260383
ENSG00000086200	IPO11	40097.0	0.11743194947935874	0.21018183618979824
ENSG00000065150	IPO5	81650.0	0.26735138021232424	0.42190569148634033
ENSG00000205339	IPO7	185129.0	0.41531740454984317	0.5868894188889584
ENSG00000198700	IPO9	134210.0	0.22752866513059783	0.37071014566717403
ENSG00000197429	IPP	83620.0	0.3255097247084567	0.49114649050206244
ENSG00000140575	IQGAP1	155844.0	0.355280317686777	0.5242905294945587
ENSG00000145703	IQGAP2	35364.0	0.2544999561293116	0.4057392826294817
ENSG00000144711	IQSEC1	38899.0	0.5026003456635606	0.668974084977477
ENSG00000184216	IRAK1	78217.0	0.2520110842296137	0.4025700529395567
ENSG00000134070	IRAK2	4690.0	0.2032816107570478	0.33787869595904924
ENSG00000198001	IRAK4	50041.0	0.3735782618606886	0.5439490012817016
ENSG00000125347	IRF1	65924.0	0.6817524279188124	0.8107643153665475
ENSG00000170604	IRF2BP1	39632.0	0.3160865708488465	0.4803431291681332
ENSG00000119669	IRF2BPL	156229.0	0.5190691879187054	0.6834042742054273
ENSG00000126456	IRF3	36115.0	0.37645198905123256	0.546988913591843
ENSG00000137265	IRF4	457.0	0.6981447397964184	0.8222440919613428
ENSG00000128604	IRF5	10152.0	0.3450324360941796	0.5130470118566275
ENSG00000185507	IRF7	33534.0	0.5753391340413314	0.7304320975831691
ENSG00000140968	IRF8	2533.0	0.4229106059830578	0.5944303235984078
ENSG00000237693	IRGM	89.0	-0.003264998883619849	0.0
ENSG00000167378	IRGQ	91875.0	0.323969790424225	0.4893915144701586
ENSG00000169047	IRS1	73123.0	0.7811341482988405	0.8771199508413232
ENSG00000185950	IRS2	32661.0	0.37339533926151375	0.5437550697707939
ENSG00000133124	IRS4	801.0	0.20378383780218323	0.33857214460403956
ENSG00000063241	ISOC2	30882.0	0.4742741076910001	0.6434001726229942
ENSG00000078747	ITCH	204801.0	0.4926939950186793	0.6601406539623867
ENSG00000213949	ITGA1	6958.0	0.6515789433460994	0.7890376006199259
ENSG00000164171	ITGA2	5901.0	0.3784090701476473	0.5490519154914068
ENSG00000005961	ITGA2B	12427.0	0.1953301933631694	0.3268221524859006
ENSG00000005884	ITGA3	194116.0	0.8297123192164128	0.9069319919884925
ENSG00000115232	ITGA4	7449.0	0.6289400600060512	0.7722077385753712
ENSG00000161638	ITGA5	18452.0	0.6389464379670463	0.7797038672717056
ENSG00000091409	ITGA6	80557.0	0.5506379009585836	0.7102082318743617
ENSG00000156886	ITGAD	445.0	0.15748641229463206	0.2721179456135935
ENSG00000083457	ITGAE	748.0	0.24596804518308318	0.39482239714573175
ENSG00000005844	ITGAL	4278.0	0.7517245357833198	0.8582679758460661
ENSG00000169896	ITGAM	4532.0	0.612912136340696	0.7600068503808819
ENSG00000138448	ITGAV	34177.0	0.2638736661520523	0.417563358140744
ENSG00000140678	ITGAX	10492.0	0.7484491347147543	0.8561291488034712
ENSG00000147166	ITGB1BP2	7377.0	0.233225277614881	0.3782362912086108
ENSG00000160255	ITGB2	20152.0	0.8105534212071451	0.8953653747114815
ENSG00000259207	ITGB3	32487.0	0.7716515819035357	0.8711098613130708
ENSG00000132470	ITGB4	83081.0	0.6054621096959619	0.7542527550657957
ENSG00000082781	ITGB5	63741.0	0.39980677025911165	0.5712313710057357
ENSG00000115221	ITGB6	16374.0	0.6032892854583025	0.7525644821930578
ENSG00000139626	ITGB7	3614.0	0.40622644896462506	0.5777539588502564
ENSG00000055957	ITIH1	71.0	-0.005024855754330994	0.0
ENSG00000123243	ITIH5	74403.0	0.6945183872018684	0.8197236364589892
ENSG00000113263	ITK	291.0	0.18139727313532805	0.3070893716453485
ENSG00000078596	ITM2A	4391.0	0.5373397103026096	0.6990513634710441
ENSG00000137825	ITPKA	8632.0	0.11220595141056881	0.2017718953369423
ENSG00000150995	ITPR1	12321.0	0.5870790256963654	0.7398233058228109
ENSG00000096433	ITPR3	529571.0	0.8295714084389877	0.9068478055708009
ENSG00000138434	ITPRID2	78285.0	0.1942338576863446	0.3252861345978661
ENSG00000116679	IVNS1ABP	84469.0	0.2812313215601907	0.43900163355002525
ENSG00000101384	JAG1	61778.0	0.5360388389827672	0.6979495900478087
ENSG00000162434	JAK1	118946.0	0.5020117942965543	0.6684525330663789
ENSG00000096968	JAK2	9541.0	0.3222993488336024	0.48748318467811697
ENSG00000105639	JAK3	27547.0	0.6490892131383241	0.7872093370898535
ENSG00000154721	JAM2	2109.0	0.33461977011136895	0.5014458463828184
ENSG00000166086	JAM3	9431.0	0.7612082114276789	0.8644159236693824
ENSG00000153814	JAZF1	4913.0	0.04080197840873436	0.07840488249477746
ENSG00000140044	JDP2	76747.0	0.33440091727391785	0.5012000710507216
ENSG00000081692	JMJD4	30517.0	0.024670222139638764	0.04815251113304391
ENSG00000104369	JPH1	6075.0	0.10644997677216415	0.1924171521657213
ENSG00000149596	JPH2	1892.0	0.2085398286580906	0.3451103947308779
ENSG00000206053	JPT2	139542.0	0.27075753531567237	0.4261356360927071
ENSG00000234616	JRK	29912.0	0.20231377384137725	0.33654072379955746
ENSG00000173801	JUP	29272.0	0.0868535444355749	0.1598256635040551
ENSG00000197256	KANK2	174170.0	0.4571326943832767	0.6274414075606966
ENSG00000108773	KAT2A	87059.0	0.624290822675792	0.7686934063289973
ENSG00000114166	KAT2B	27452.0	0.2808161525537682	0.43849564513042727
ENSG00000172977	KAT5	38813.0	0.13971229113995065	0.24517115806518
ENSG00000186625	KATNA1	18288.0	0.1336658492300119	0.23581172409982717
ENSG00000177272	KCNA3	1910.0	0.4843107253802894	0.6525732342952734
ENSG00000182255	KCNA4	69.0	-0.015272905258630965	0.0
ENSG00000130037	KCNA5	1058.0	0.12056945249413545	0.2151931809773593
ENSG00000170049	KCNAB3	4432.0	0.15422794810478885	0.2672400167714306
ENSG00000158445	KCNB1	3104.0	0.24631407929227928	0.3952680682740084
ENSG00000129159	KCNC1	267.0	0.12465654978013875	0.22167932033029655
ENSG00000131398	KCNC3	89406.0	0.664446183307484	0.7983991191438077
ENSG00000116396	KCNC4	12035.0	0.48522883820444	0.6534061630409156
ENSG00000180509	KCNE1	547.0	0.09531830635022792	0.17404676941416863
ENSG00000162975	KCNF1	10473.0	0.46918984916890294	0.6387055416075956
ENSG00000143473	KCNH1	96.0	-0.0026792700943249472	0.0
ENSG00000055118	KCNH2	2943.0	0.11307642855780262	0.20317819272179566
ENSG00000135519	KCNH3	18960.0	0.39431505192061106	0.5656039521017269
ENSG00000089558	KCNH4	221.0	0.04481618925701159	0.08578770068423466
ENSG00000140015	KCNH5	83.0	0.11863239801349235	0.21210256063415298
ENSG00000173826	KCNH6	151.0	-0.003717802491395417	0.0
ENSG00000120049	KCNIP2	9607.0	0.12279280284919028	0.2187274491564111
ENSG00000151704	KCNJ1	124.0	0.005199140008263838	0.010344497525577062
ENSG00000177807	KCNJ10	205.0	0.005153887792034954	0.01025492286232153
ENSG00000187486	KCNJ11	1516.0	0.06165544789683379	0.11614963784903055
ENSG00000184185	KCNJ12	22066.0	0.4237263522552229	0.5952356667192797
ENSG00000115474	KCNJ13	79.0	-0.017025322894047668	0.0
ENSG00000157551	KCNJ15	8334.0	0.3953116540915981	0.566628470324017
ENSG00000153822	KCNJ16	82.0	0.05806591199302765	0.10975859128407549
ENSG00000123700	KCNJ2	3419.0	0.55028210715349	0.7099122212845198
ENSG00000157542	KCNJ6	95.0	-0.02164717997512551	0.0
ENSG00000121361	KCNJ8	2104.0	0.34843542296848046	0.516799569387499
ENSG00000162728	KCNJ9	84.0	0.01605503332949904	0.031602684505953355
ENSG00000135750	KCNK1	7273.0	0.12375103153930034	0.220246350065259
ENSG00000100433	KCNK10	86.0	0.06660488822499483	0.12489139879311124
ENSG00000184261	KCNK12	670.0	0.09790385986016155	0.17834687250781944
ENSG00000152315	KCNK13	5672.0	0.280580093022661	0.4382078005919711
ENSG00000124249	KCNK15	40033.0	0.7597420134707471	0.8634697673351612
ENSG00000095981	KCNK16	118.0	-0.012413985630181285	0.0
ENSG00000124780	KCNK17	1784.0	0.6487468004934641	0.7869574640560898
ENSG00000186795	KCNK18	77.0	-0.016535484974915873	0.0
ENSG00000082482	KCNK2	215.0	0.19573143820778074	0.3273836113252192
ENSG00000171303	KCNK3	5303.0	0.4733205336424513	0.6425221434636135
ENSG00000182450	KCNK4	1797.0	0.033118445286618274	0.06411354949224668
ENSG00000099337	KCNK6	6300.0	0.3193275258585037	0.4840761973047035
ENSG00000169427	KCNK9	1199.0	0.23108069178925386	0.3754111218386521
ENSG00000156113	KCNMA1	87746.0	0.6580385476702151	0.7937554269710494
ENSG00000145936	KCNMB1	1533.0	0.40819744613896425	0.579744619276468
ENSG00000143603	KCNN3	8103.0	0.2529071834255241	0.4037125603096321
ENSG00000104783	KCNN4	30800.0	0.7588439472949752	0.8628894547035215
ENSG00000053918	KCNQ1	35821.0	0.3810342137617793	0.5518099551261452
ENSG00000075043	KCNQ2	81.0	0.0023548841004144643	0.004698703299137226
ENSG00000117013	KCNQ4	16932.0	0.46197129484862504	0.6319840840602254
ENSG00000198553	KCNRG	481.0	-0.025416251502003002	0.0
ENSG00000124134	KCNS1	446.0	0.006292535085819859	0.012506373378360025
ENSG00000107147	KCNT1	6315.0	0.7608485064998952	0.8641839473314629
ENSG00000162687	KCNT2	3263.0	0.18375420234497683	0.31046006338303345
ENSG00000215262	KCNU1	81.0	0.008273331872923879	0.01641089099828854
ENSG00000164794	KCNV1	85.0	-0.006564205190610565	0.0
ENSG00000110906	KCTD10	39783.0	0.18676651290426624	0.3147485387790552
ENSG00000213859	KCTD11	5921.0	-0.05701027626019257	0.0
ENSG00000112078	KCTD20	54522.0	0.09314595317029234	0.1704181457199831
ENSG00000167977	KCTD5	26059.0	0.1505048441304193	0.26163269958967394
ENSG00000104756	KCTD9	6401.0	0.2418643057646103	0.38951808928221915
ENSG00000004487	KDM1A	208512.0	0.22470339556269253	0.3669515351665243
ENSG00000115548	KDM3A	117069.0	0.454731014865075	0.6251753901146473
ENSG00000066135	KDM4A	388012.0	0.6728061517966495	0.8044042055608575
ENSG00000117139	KDM5B	157066.0	0.48060828252562626	0.6492038281804059
ENSG00000147050	KDM6A	27176.0	0.05932067154327046	0.11199757190964507
ENSG00000132510	KDM6B	102541.0	0.40664543753973037	0.5781775942784371
ENSG00000155666	KDM8	13578.0	-0.00279881270603997	0.0
ENSG00000128052	KDR	14431.0	0.8197779195289239	0.9009647943647271
ENSG00000079999	KEAP1	192739.0	0.46188918053052	0.6319072426035744
ENSG00000197993	KEL	20918.0	0.5279952329766466	0.6910953929457925
ENSG00000203908	KHDC3L	981.0	0.011531431830151479	0.022799947618607957
ENSG00000121774	KHDRBS1	238008.0	0.3971095300164709	0.5684730101465836
ENSG00000138030	KHK	4702.0	0.08518956860619137	0.15700403149950687
ENSG00000088247	KHSRP	83889.0	0.34967109036652266	0.5181574872016625
ENSG00000189367	KIAA0408	1005.0	0.0905222403490386	0.16601631218463833
ENSG00000122203	KIAA1191	97380.0	0.17447807129217144	0.29711592843995643
ENSG00000116685	KIAA2013	95349.0	0.158014231944353	0.27290550942373254
ENSG00000138160	KIF11	31670.0	0.3646755744380819	0.5344502111254399
ENSG00000130294	KIF1A	125416.0	0.5471634641804205	0.7073117700207193
ENSG00000112984	KIF20A	50765.0	0.5878346837294853	0.7404230298695667
ENSG00000068796	KIF2A	63416.0	0.2851409626307136	0.4437504848449051
ENSG00000142945	KIF2C	63853.0	0.6138688460109116	0.7607419246343903
ENSG00000170759	KIF5B	142234.0	0.35558909393924315	0.5246266667813432
ENSG00000125498	KIR2DL1	63.0	0.005883578876712459	0.011698329707862918
ENSG00000189013	KIR2DL4	154.0	0.06700516323215139	0.12559482473202033
ENSG00000167633	KIR3DL1	75.0	0.018467720150550752	0.036265695583991286
ENSG00000116014	KISS1R	196.0	0.0044455823632492866	0.008851813261580117
ENSG00000157404	KIT	654.0	0.21853389255079356	0.3586833224529028
ENSG00000049130	KITLG	4528.0	0.17383779843253325	0.29618708592390697
ENSG00000133116	KL	670.0	0.20578440647611443	0.34132869088515755
ENSG00000118922	KLF12	36191.0	0.17363219886259829	0.2958886080850038
ENSG00000266265	KLF14	358.0	-0.020620718995423365	0.0
ENSG00000129911	KLF16	29834.0	0.21073254589107046	0.3481075099636911
ENSG00000171872	KLF17	176.0	0.027309685040283267	0.053167385527397984
ENSG00000136826	KLF4	27778.0	0.3632559813204876	0.5329240968649597
ENSG00000102554	KLF5	33507.0	0.14453764836227084	0.2525694957594292
ENSG00000165516	KLHDC2	74314.0	0.29595265986825725	0.4567337512133243
ENSG00000150361	KLHL1	63.0	-0.01335189823499182	0.0
ENSG00000003096	KLHL13	5352.0	0.46608368665547256	0.635821393959759
ENSG00000197705	KLHL14	142488.0	0.7468786825877725	0.8551008035444904
ENSG00000114796	KLHL24	134142.0	0.47141210434849395	0.6407614874926205
ENSG00000167487	KLHL26	18748.0	0.1891218921668173	0.31808663756446276
ENSG00000102271	KLHL4	1565.0	0.4712616279205402	0.6406224684682554
ENSG00000145332	KLHL8	18357.0	0.14878778802295267	0.25903441797377447
ENSG00000129451	KLK10	19377.0	0.4550299669208748	0.6254578630896603
ENSG00000174562	KLK15	739.0	0.10586777155097572	0.19146551563302464
ENSG00000167749	KLK4	739.0	0.3520610427880213	0.5207768460838911
ENSG00000167755	KLK6	143844.0	0.7325257515937571	0.8456160041718328
ENSG00000111796	KLRB1	130.0	0.14266984614583905	0.24971315490131535
ENSG00000134545	KLRC1	187.0	0.07745076148870889	0.1437666838374972
ENSG00000205809	KLRC2	78.0	0.0738544892582749	0.13755027333225966
ENSG00000134539	KLRD1	707.0	0.11080170167350806	0.19949861709173974
ENSG00000150045	KLRF1	23721.0	0.3881137210614419	0.5591958571876444
ENSG00000139187	KLRG1	2955.0	0.059772318068863566	0.11280218788462369
ENSG00000213809	KLRK1	625.0	0.36132796184111	0.5308463088533593
ENSG00000117009	KMO	1645.0	0.14741306802644338	0.25694856043429004
ENSG00000118058	KMT2A	95783.0	0.15802654905969862	0.2729238793152264
ENSG00000167548	KMT2D	166675.0	0.2744358543669561	0.4306781756438816
ENSG00000171798	KNDC1	765.0	0.32515694286183927	0.49074480515435837
ENSG00000128944	KNSTRN	56447.0	0.32675131155665643	0.4925584903673986
ENSG00000114030	KPNA1	72336.0	0.2076443121805203	0.34388322801040333
ENSG00000182481	KPNA2	260495.0	0.602168729422963	0.7516920263945484
ENSG00000102753	KPNA3	57555.0	0.3330886313793823	0.4997246597695858
ENSG00000025800	KPNA6	134799.0	0.2736268774584466	0.42968138047538024
ENSG00000108424	KPNB1	260301.0	0.3130096191441908	0.47678191321737307
ENSG00000133703	KRAS	18482.0	0.05728031817069157	0.10835408015501147
ENSG00000163463	KRTCAP2	152535.0	0.384804203315475	0.5557525062303872
ENSG00000105700	KXD1	65996.0	0.14018570962509372	0.2458997835908475
ENSG00000198910	L1CAM	52219.0	0.7434704731617459	0.8528627064311314
ENSG00000179630	LACC1	5447.0	0.11470171912836098	0.20579804832103746
ENSG00000135413	LACRT	95.0	-0.019381517434535183	0.0
ENSG00000159166	LAD1	145693.0	0.6700388660124108	0.8024230808619174
ENSG00000089692	LAG3	26618.0	0.41946925152673437	0.5910226672054602
ENSG00000167613	LAIR1	2815.0	0.5037571524810173	0.6699980135088687
ENSG00000053747	LAMA3	49686.0	0.740633911353364	0.8509933151624194
ENSG00000196878	LAMB3	106931.0	0.7455069427245006	0.8542010627134659
ENSG00000135862	LAMC1	266296.0	0.6452808720854092	0.7844020835998774
ENSG00000058085	LAMC2	25070.0	0.46185812387058617	0.6318781779557605
ENSG00000185896	LAMP1	267459.0	0.5041774969562538	0.6703696843975813
ENSG00000005893	LAMP2	327978.0	0.6984029060253405	0.8224231170915345
ENSG00000078081	LAMP3	14682.0	0.6723401741037868	0.8040710670173267
ENSG00000115365	LANCL1	25774.0	0.1322236691725884	0.23356457345431653
ENSG00000132434	LANCL2	71564.0	0.30508083326744007	0.4675278733557528
ENSG00000104341	LAPTM4B	146440.0	0.5409956089714565	0.7021377683646304
ENSG00000161813	LARP4	103496.0	0.20223780160070148	0.33643560588668064
ENSG00000107929	LARP4B	188219.0	0.313860283355206	0.4777681269939917
ENSG00000002834	LASP1	46708.0	0.2777139646403996	0.4347044367141429
ENSG00000213658	LAT	5593.0	0.13175194283319797	0.23282830423665743
ENSG00000131023	LATS1	97850.0	0.21683779032486367	0.35639555583981936
ENSG00000150457	LATS2	19642.0	0.24248331964756822	0.3903204426379726
ENSG00000213626	LBH	62359.0	0.6116476699603232	0.7590339766698277
ENSG00000129988	LBP	180.0	0.6304308363653903	0.773330364348073
ENSG00000213398	LCAT	4865.0	0.15807995797446972	0.27300352948160533
ENSG00000182866	LCK	1265.0	0.18506567630670062	0.3123298227376973
ENSG00000122367	LDB3	1769.0	0.28038345170164625	0.4379679405087796
ENSG00000134333	LDHA	365052.0	0.8032950315671705	0.8909191424645133
ENSG00000130164	LDLR	163916.0	0.7666961268122136	0.8679434059728456
ENSG00000168675	LDLRAD4	6632.0	0.14390797769869623	0.2516076126826373
ENSG00000138795	LEF1	11178.0	0.3880585924335995	0.5591386336987977
ENSG00000167615	LENG8	100996.0	0.7471217797835571	0.8552601065692336
ENSG00000174697	LEP	138.0	0.011873267312614219	0.023467894045956686
ENSG00000116678	LEPR	20619.0	0.2590555078070776	0.4115076836576964
ENSG00000104660	LEPROTL1	7021.0	0.07811575279432707	0.14491162491942416
ENSG00000006659	LGALS14	75.0	-0.01766731196472974	0.0
ENSG00000116977	LGALS8	22682.0	0.29664329722467697	0.4575557485387223
ENSG00000168961	LGALS9	26215.0	0.6480551573093934	0.7864483836419711
ENSG00000119862	LGALSL	9770.0	0.11763353870191598	0.21050466835228002
ENSG00000100600	LGMN	142925.0	0.7007460584921846	0.8240454887350307
ENSG00000205213	LGR4	211766.0	0.6525386693241334	0.7897408773992722
ENSG00000139292	LGR5	18910.0	0.7363529807470489	0.8481604707243803
ENSG00000133067	LGR6	15639.0	0.4679259155986581	0.6375334213073359
ENSG00000138039	LHCGR	1667.0	0.73419964524156	0.8467302449935536
ENSG00000128342	LIF	9326.0	0.6062133198731332	0.7548353788038752
ENSG00000113594	LIFR	4546.0	0.18841896238706318	0.3170918141672935
ENSG00000005156	LIG3	80537.0	0.3213377736605605	0.4863824830653925
ENSG00000174405	LIG4	19507.0	0.17626417967122174	0.29970168728676144
ENSG00000104974	LILRA1	136.0	0.00211662544024188	0.004224309599318385
ENSG00000239998	LILRA2	201.0	0.027203262370823572	0.052965685307574714
ENSG00000239961	LILRA4	174.0	0.35471214145295227	0.5236716060911912
ENSG00000187116	LILRA5	468.0	0.47981699078412654	0.6484815267999873
ENSG00000244482	LILRA6	360.0	0.08746626760039948	0.16086249331375096
ENSG00000104972	LILRB1	2322.0	0.40656189878917376	0.5780931491733978
ENSG00000131042	LILRB2	843.0	0.21188448168690016	0.34967768774786934
ENSG00000204577	LILRB3	862.0	0.4066365547958512	0.5781686156377009
ENSG00000186818	LILRB4	672.0	0.2809245247510864	0.43862775569181434
ENSG00000105609	LILRB5	3674.0	0.6282245311323259	0.7716681810406528
ENSG00000106683	LIMK1	46771.0	0.36404276657697765	0.5337703120416547
ENSG00000131914	LIN28A	200.0	0.006818143152863907	0.013543941771873128
ENSG00000187772	LIN28B	59.0	-0.0010805766269864933	0.0
ENSG00000174482	LINGO2	65.0	-0.015342253369071078	0.0
ENSG00000140471	LINS1	21787.0	0.1712689159284721	0.29245020268075017
ENSG00000107798	LIPA	7067.0	0.39874270054365324	0.5701444595759789
ENSG00000166035	LIPC	1729.0	0.12091695042789256	0.21574649287216935
ENSG00000079435	LIPE	893.0	0.09281407327273725	0.16986251466323007
ENSG00000182333	LIPF	491.0	0.15637513852404408	0.27045745504981317
ENSG00000101670	LIPG	2065.0	0.28388669383476284	0.442230136347685
ENSG00000139636	LMBR1L	34691.0	0.1569509956525705	0.2713183120846762
ENSG00000113368	LMNB1	116096.0	0.5064069898260307	0.6723375465544192
ENSG00000166407	LMO1	1759.0	0.07431320770884677	0.13834551632727693
ENSG00000135363	LMO2	5598.0	0.5805725748858459	0.7346357694809132
ENSG00000136944	LMX1B	2766.0	0.20347283532055824	0.33814279699360394
ENSG00000196365	LONP1	112361.0	0.34700679327126865	0.5152264932956225
ENSG00000175556	LONRF3	15501.0	0.33603027673353686	0.503027936694815
ENSG00000113083	LOX	2180.0	0.5007238674332642	0.6673097940258234
ENSG00000129038	LOXL1	75838.0	0.4889105146998338	0.656735928550278
ENSG00000134013	LOXL2	17641.0	0.7903964119303573	0.8829289498834206
ENSG00000198670	LPA	125.0	-0.003418666860962935	0.0
ENSG00000198121	LPAR1	2199.0	0.03303349940959402	0.06395436242575588
ENSG00000171517	LPAR3	68749.0	0.7328633193139309	0.8458408821349898
ENSG00000184574	LPAR5	38981.0	0.5628449159610075	0.7202824927960418
ENSG00000139679	LPAR6	968.0	0.1873727103421612	0.3156089216302885
ENSG00000153395	LPCAT1	52596.0	0.23127026577080423	0.37566125358517216
ENSG00000134324	LPIN1	53843.0	0.22968739289068474	0.37357037929899833
ENSG00000175445	LPL	8998.0	0.571588753250809	0.7274024480876258
ENSG00000110031	LPXN	19264.0	0.1555244832520248	0.26918422847143475
ENSG00000168672	LRATD2	225693.0	0.647419315415686	0.7859799983616503
ENSG00000198589	LRBA	158973.0	0.5745684371423665	0.7298106879179317
ENSG00000136141	LRCH1	17646.0	0.15812852215127585	0.2730759481815455
ENSG00000171236	LRG1	15185.0	0.7609822384778463	0.8642702031289338
ENSG00000121931	LRIF1	12089.0	0.13790777936497645	0.24238832331726848
ENSG00000123384	LRP1	77078.0	0.5619509986185829	0.7195500999910782
ENSG00000081479	LRP2	2676.0	0.3974948536839611	0.5688677173101824
ENSG00000162337	LRP5	20669.0	0.13298162681122092	0.23474630773227625
ENSG00000070018	LRP6	443197.0	0.6871437550695018	0.814564559783105
ENSG00000138095	LRPPRC	95115.0	0.15388717661316426	0.26672828978799595
ENSG00000172061	LRRC15	123.0	0.281387713855368	0.43919215209071155
ENSG00000172731	LRRC20	13595.0	0.13072137256724248	0.23121765580577394
ENSG00000160233	LRRC3	3818.0	0.08057466306611089	0.149132986030751
ENSG00000137507	LRRC32	8724.0	0.5556018124159554	0.7143239458599858
ENSG00000162494	LRRC38	183.0	0.028782812397275544	0.05595508021796296
ENSG00000179796	LRRC3B	847.0	0.182888298176047	0.309223277393227
ENSG00000169683	LRRC45	25707.0	0.20662155127188148	0.3424794643425436
ENSG00000130764	LRRC47	130060.0	0.1775169221738541	0.3015106090299476
ENSG00000108829	LRRC59	169614.0	0.4856245629060634	0.6537648542322461
ENSG00000188906	LRRK2	941.0	0.1614266780255195	0.27797997252818835
ENSG00000162951	LRRTM1	93.0	0.04138662822910956	0.07948369434988428
ENSG00000144771	LRTM1	59.0	-0.014640512285648739	0.0
ENSG00000041802	LSG1	77285.0	0.13273498900661487	0.23436194748962544
ENSG00000161654	LSM12	31190.0	0.05997270616790981	0.11315896309203562
ENSG00000226979	LTA	692.0	0.3599607684648202	0.5293693418394102
ENSG00000111144	LTA4H	157669.0	0.535946323573464	0.6978711630059509
ENSG00000213903	LTB4R	15680.0	0.16880544343976667	0.2888512273573543
ENSG00000213906	LTB4R2	12294.0	0.06764871226400543	0.12672466418388265
ENSG00000049323	LTBP1	53128.0	0.5249652060515566	0.6884946672466026
ENSG00000119681	LTBP2	67339.0	0.4936716871837942	0.6610176672955153
ENSG00000111321	LTBR	273302.0	0.4452288090703857	0.6161360834714749
ENSG00000062524	LTK	3649.0	0.06817155013990066	0.1276415761699927
ENSG00000007392	LUC7L	64026.0	0.38870873776747716	0.5598131950870778
ENSG00000171357	LURAP1	27897.0	0.6507485691200343	0.7884284515441734
ENSG00000054219	LY75	14436.0	0.21715746564435306	0.3568272335730886
ENSG00000122224	LY9	244.0	0.24855823382241696	0.39815240825646503
ENSG00000154589	LY96	1794.0	0.27338075245081384	0.42937786192331123
ENSG00000145220	LYAR	19361.0	0.10946609932471985	0.19733112961513063
ENSG00000254087	LYN	12183.0	0.21619399228230082	0.35552550605285055
ENSG00000162441	LZIC	30739.0	0.12610287802123601	0.22396333493582984
ENSG00000061337	LZTS1	2043.0	0.43984689129506227	0.6109634211168722
ENSG00000180660	MAB21L1	402.0	0.17645507804185143	0.2999775874749961
ENSG00000181541	MAB21L2	77.0	0.03339200733049118	0.06462602205865912
ENSG00000183742	MACC1	42988.0	0.6064738918018142	0.7550373459497629
ENSG00000002822	MAD1L1	107694.0	0.30574390652835304	0.46830608207278523
ENSG00000164109	MAD2L1	35606.0	0.4323552606182164	0.6036983596256815
ENSG00000090316	MAEA	114199.0	0.1718983811910429	0.29336738398142737
ENSG00000178573	MAF	5054.0	0.6345516195648045	0.7764228574607542
ENSG00000204103	MAFB	13046.0	0.42275665919646915	0.5942782364979119
ENSG00000185022	MAFF	5265.0	0.30017187837161097	0.4617418410057579
ENSG00000124260	MAGEA10	2154.0	0.61940121387859	0.7649756077372286
ENSG00000185247	MAGEA11	31639.0	0.42284810113354027	0.5943685777795534
ENSG00000147381	MAGEA4	3238.0	0.04743292200887883	0.09056985132357098
ENSG00000155495	MAGEC1	83.0	0.19383147075927887	0.3247216638308282
ENSG00000046774	MAGEC2	95.0	0.25279097908236753	0.4035644944818001
ENSG00000151276	MAGI1	15171.0	0.31858216419336155	0.48321928332506026
ENSG00000081026	MAGI3	14598.0	0.09761421816432446	0.17786616927680973
ENSG00000111837	MAK	10584.0	0.32512466688758995	0.49070804432496495
ENSG00000172005	MAL	57142.0	0.7669735532815095	0.8681211463036734
ENSG00000147676	MAL2	64181.0	0.4062884952385384	0.5778167091804625
ENSG00000144063	MALL	23440.0	0.6087016172383997	0.7567613667018448
ENSG00000172175	MALT1	35929.0	0.17476390274486933	0.29753025665247035
ENSG00000184384	MAML2	22750.0	0.1516162414166717	0.26331035628702065
ENSG00000111885	MAN1A1	8319.0	0.67579058025653	0.8065334513971072
ENSG00000177239	MAN1B1	201207.0	0.2841749354287618	0.442579788140595
ENSG00000104774	MAN2B1	125263.0	0.2617566106242839	0.4149082452514731
ENSG00000172469	MANEA	17511.0	0.20617950549657316	0.34187200919433786
ENSG00000189221	MAOA	10419.0	0.3490054213162676	0.5174262694596614
ENSG00000069535	MAOB	22519.0	0.6348473367518392	0.7766441825854784
ENSG00000166963	MAP1A	5682.0	0.19806833601897444	0.3306461410659258
ENSG00000131711	MAP1B	30309.0	0.34427529161587045	0.5122095061377471
ENSG00000101460	MAP1LC3A	34222.0	0.17301600644481163	0.2949934280422826
ENSG00000140941	MAP1LC3B	14319.0	0.1352964430231543	0.23834557723598002
ENSG00000130479	MAP1S	145559.0	0.2693872052889636	0.42443661660768073
ENSG00000078018	MAP2	4608.0	0.2916280307500192	0.451566586985074
ENSG00000169032	MAP2K1	9960.0	0.05156362944854544	0.09807039346841259
ENSG00000065559	MAP2K4	30003.0	0.08332536956089934	0.15383258234720992
ENSG00000137764	MAP2K5	25361.0	0.12971853248245635	0.22964752502981672
ENSG00000095015	MAP3K1	54311.0	0.19730643393266623	0.3295838531237063
ENSG00000006062	MAP3K14	5500.0	0.12897334106668043	0.22847898418012846
ENSG00000180815	MAP3K15	2176.0	0.39498582093887585	0.5662936712475487
ENSG00000091436	MAP3K20	53620.0	0.4493977504278719	0.620116528116877
ENSG00000197442	MAP3K5	6801.0	0.33256785205801337	0.4991383388761731
ENSG00000135341	MAP3K7	135045.0	0.390264047506656	0.5614243541815931
ENSG00000156265	MAP3K7CL	1625.0	0.11630908096754979	0.20838150105657127
ENSG00000047849	MAP4	195192.0	0.3500614285763308	0.5185859267833142
ENSG00000168067	MAP4K2	34041.0	0.246175023182737	0.39508900211144465
ENSG00000011566	MAP4K3	52506.0	0.16216774833377898	0.2790780394074467
ENSG00000071054	MAP4K4	46830.0	0.24950611086048902	0.39936757202197803
ENSG00000012983	MAP4K5	24237.0	0.1257779936244127	0.2234507946268762
ENSG00000135525	MAP7	220906.0	0.6720755040968065	0.8038817654467546
ENSG00000116871	MAP7D1	168025.0	0.4374685694064909	0.608665230972132
ENSG00000100030	MAPK1	72823.0	0.25131995532543094	0.40168776060167627
ENSG00000109339	MAPK10	9331.0	0.38141469299712594	0.5522088261123186
ENSG00000185386	MAPK11	4141.0	0.4229281029831237	0.5944476071510125
ENSG00000188130	MAPK12	4932.0	0.4864169913993161	0.6544825499356033
ENSG00000112062	MAPK14	88322.0	0.27938895335542757	0.43675373720037186
ENSG00000181085	MAPK15	61890.0	0.6315815571611137	0.7741955091231114
ENSG00000102882	MAPK3	160276.0	0.34800476623079163	0.5163257207225777
ENSG00000166484	MAPK7	35039.0	0.09598869539342395	0.17516365961962255
ENSG00000107643	MAPK8	37471.0	0.09557386859326521	0.17447270573545828
ENSG00000121653	MAPK8IP1	61864.0	0.4983142191287392	0.6651665088228368
ENSG00000008735	MAPK8IP2	6520.0	0.23922553765850038	0.38608877946546155
ENSG00000138834	MAPK8IP3	111674.0	0.3518462929583379	0.5205418615874865
ENSG00000050748	MAPK9	37943.0	0.11120498122775112	0.20015205674273104
ENSG00000162889	MAPKAPK2	161800.0	0.12464504961862578	0.22166113594843762
ENSG00000166974	MAPRE2	5457.0	0.506605521849485	0.6725124984642087
ENSG00000186868	MAPT	2190.0	0.13860796185516552	0.2434691597085405
ENSG00000019169	MARCO	1495.0	0.8051165752180967	0.8920383162741956
ENSG00000072518	MARK2	107919.0	0.16990968063533202	0.290466321371169
ENSG00000130368	MAS1	60.0	0.015037963691837283	0.02963034729684804
ENSG00000127241	MASP1	588.0	0.15168781521103236	0.2634182861146924
ENSG00000009724	MASP2	81.0	0.04910180763695017	0.09360732634242534
ENSG00000151224	MAT1A	13136.0	0.32146010046482126	0.4865225977715835
ENSG00000088888	MAVS	189546.0	0.4127434743365252	0.5843148198300675
ENSG00000125952	MAX	56951.0	0.19285700077070764	0.32335309370042226
ENSG00000165471	MBL2	59.0	0.006739023329605184	0.013387825788886372
ENSG00000152601	MBNL1	61816.0	0.1581397143639011	0.273092637101661
ENSG00000258839	MC1R	9142.0	0.070078779615217	0.1309787296976699
ENSG00000166603	MC4R	76.0	-0.018880553325371363	0.0
ENSG00000076706	MCAM	69116.0	0.7625510519955794	0.8652810948451233
ENSG00000078070	MCCC1	76318.0	0.10754255002236565	0.194200304124106
ENSG00000128285	MCHR1	227.0	-0.009561218890122273	0.0
ENSG00000152034	MCHR2	774.0	0.017616229462356976	0.03462254031004254
ENSG00000073111	MCM2	111683.0	0.604238065701588	0.7533022418805828
ENSG00000112118	MCM3	244292.0	0.6827188082189956	0.8114472898078451
ENSG00000160294	MCM3AP	131804.0	0.23752711810641702	0.38387379901600127
ENSG00000104738	MCM4	96207.0	0.5908853200673672	0.7428383587603231
ENSG00000100297	MCM5	98421.0	0.4559681416390351	0.6263435697511012
ENSG00000076003	MCM6	62259.0	0.48567267566442635	0.6538084513767106
ENSG00000166508	MCM7	245187.0	0.5689102868460729	0.7252298510831158
ENSG00000111877	MCM9	110690.0	0.45684325295133255	0.6271687115629507
ENSG00000147316	MCPH1	10745.0	0.2476248611552614	0.39695403460615325
ENSG00000140563	MCTP2	6911.0	0.4695851996925685	0.6390717595561032
ENSG00000232119	MCTS1	115093.0	0.45121381570896596	0.6218433298039312
ENSG00000137337	MDC1	27182.0	0.25763902757965773	0.4097185630052962
ENSG00000135272	MDFIC	6391.0	0.5499361240879501	0.7096242426268456
ENSG00000111554	MDM1	11589.0	0.09077482516460142	0.16644099784921826
ENSG00000135679	MDM2	61459.0	0.45103868090057353	0.6216769915749463
ENSG00000198625	MDM4	76260.0	0.21982309235398412	0.36041798803755226
ENSG00000065833	ME1	11207.0	0.3569190812604806	0.5260727573068371
ENSG00000085276	MECOM	82381.0	0.5592669631877951	0.7173460047462547
ENSG00000125686	MED1	45880.0	0.20005662952152445	0.33341198173504394
ENSG00000184634	MED12	193665.0	0.37259683893550927	0.5429079076482057
ENSG00000144893	MED12L	2775.0	0.10632744062431822	0.19221694539966566
ENSG00000068305	MEF2A	60207.0	0.2517992843170255	0.4022997735685808
ENSG00000081189	MEF2C	2278.0	0.35724245793428216	0.5264239353048296
ENSG00000214548	MEG3	64785.0	0.9495153993425971	0.9741040257109911
ENSG00000145794	MEGF10	848.0	0.05684366431883215	0.10757251282850737
ENSG00000105429	MEGF8	48889.0	0.38527843106211385	0.5562469210853375
ENSG00000162039	MEIOB	2843.0	0.0723342801037014	0.1349099463587161
ENSG00000143995	MEIS1	136692.0	0.6148308650605198	0.7614802000176997
ENSG00000134138	MEIS2	16097.0	0.33018658353122865	0.4964515318665848
ENSG00000105419	MEIS3	17238.0	0.36395118189673276	0.5336718597077885
ENSG00000165304	MELK	30508.0	0.3292863456576069	0.4954332777633501
ENSG00000163975	MELTF	24154.0	0.601314407008737	0.7510260375812083
ENSG00000133895	MEN1	83051.0	0.16068104783166728	0.2768737339716961
ENSG00000146834	MEPCE	108939.0	0.21688941697882896	0.35646528592104987
ENSG00000153208	MERTK	16365.0	0.18598060430458313	0.3136317805359651
ENSG00000106484	MEST	70483.0	0.42096431206783813	0.5925051157058769
ENSG00000105976	MET	18494.0	0.3253156395662077	0.4909255272543038
ENSG00000176845	METRNL	39571.0	0.3053902931899036	0.4678911660108025
ENSG00000127804	METTL16	25630.0	0.1335249835155609	0.23559248443107278
ENSG00000171806	METTL18	6606.0	0.03717946652303122	0.07169341029796722
ENSG00000087995	METTL2A	62060.0	0.21748636979694883	0.35727113697908747
ENSG00000165819	METTL3	85699.0	0.2576343441234587	0.40971264076447234
ENSG00000197614	MFAP5	10590.0	0.5509455074769695	0.7104640425094376
ENSG00000168958	MFF	39484.0	0.20110582127781504	0.3348677821973513
ENSG00000140545	MFGE8	200671.0	0.680204462091558	0.8096686771618539
ENSG00000116688	MFN2	40967.0	0.14188048748968965	0.24850321735788608
ENSG00000235718	MFRP	71.0	-0.012005253164925303	0.0
ENSG00000182544	MFSD5	17911.0	0.15126085793706248	0.2627742564063299
ENSG00000257335	MGAM	1449.0	0.12022712033782947	0.21464775875372896
ENSG00000170430	MGMT	268743.0	0.703945921683098	0.8262538296846474
ENSG00000225783	MIAT	1371.0	0.28611455823880994	0.4449285740620367
ENSG00000204520	MICA	24796.0	0.24030017511505167	0.38748712599796437
ENSG00000133816	MICAL2	81082.0	0.48786537954944464	0.6557923670449003
ENSG00000204516	MICB	12317.0	0.27944531061494055	0.4368225953802286
ENSG00000080561	MID2	77300.0	0.2439152006009737	0.39217335793168334
ENSG00000141741	MIEN1	290258.0	0.5861929396114909	0.7391193403686038
ENSG00000116691	MIIP	47038.0	0.16255667896436282	0.27965376984315765
ENSG00000143409	MINDY1	6778.0	0.03147935342717002	0.061037292356027166
ENSG00000128923	MINDY2	30427.0	0.1397503660510939	0.24522978050937344
ENSG00000107789	MINPP1	33583.0	0.1473802498193293	0.25689870440516355
ENSG00000151338	MIPOL1	7989.0	0.1725352370631676	0.2942943318195096
ENSG00000158411	MITD1	39404.0	0.15272674981566425	0.2649834400738722
ENSG00000187098	MITF	8338.0	0.21931489161186715	0.35973462330464107
ENSG00000148773	MKI67	60685.0	0.49009520061961565	0.6578038777868995
ENSG00000079277	MKNK1	43456.0	0.16765109695176006	0.2871595759887961
ENSG00000075975	MKRN2	30115.0	0.11463886405350411	0.20569687232438236
ENSG00000179455	MKRN3	7437.0	0.119224078457756	0.21304773682503647
ENSG00000150051	MKX	22786.0	0.3643760176403183	0.5341284410297754
ENSG00000120215	MLANA	49.0	-0.0048356550097697695	0.0
ENSG00000178053	MLF1	85284.0	0.594477733586855	0.7456707874490646
ENSG00000076242	MLH1	42150.0	0.16343422046599787	0.2809513723956589
ENSG00000115648	MLPH	120512.0	0.6350628437641375	0.7768054251690244
ENSG00000175727	MLXIP	46468.0	0.328660870978097	0.4947249944015473
ENSG00000009950	MLXIPL	221933.0	0.8057164476843263	0.8924063894058086
ENSG00000132763	MMACHC	16756.0	0.11854385381281184	0.21196103024253912
ENSG00000168288	MMADHC	104273.0	0.2982880076557819	0.45950976346824224
ENSG00000196549	MME	2614.0	0.5460651519373633	0.7063934547041474
ENSG00000142606	MMEL1	2124.0	0.0912038032691486	0.16716181339527997
ENSG00000099953	MMP11	16045.0	0.7789629517410696	0.8757494932412159
ENSG00000262406	MMP12	1184.0	0.8709009663744613	0.9309963296049207
ENSG00000157227	MMP14	238197.0	0.6809038291348508	0.8101639336324281
ENSG00000154485	MMP21	635.0	0.192915306346674	0.3234350424046127
ENSG00000118113	MMP8	64.0	0.679754686777397	0.8093499510711338
ENSG00000100985	MMP9	4571.0	0.9452899480476258	0.9718756311842954
ENSG00000173269	MMRN2	26316.0	0.6500140023629853	0.7878890741922191
ENSG00000138587	MNS1	12528.0	0.21051652532558054	0.3478127244383715
ENSG00000130675	MNX1	364.0	0.012196406502890358	0.0240988931091518
ENSG00000182208	MOB2	14567.0	0.1274811467528378	0.2261344185133124
ENSG00000115540	MOB4	14892.0	0.0598051420655921	0.11286063766218397
ENSG00000204655	MOG	216.0	0.023602043397766795	0.04611566291802556
ENSG00000061987	MON2	39187.0	0.19216280267752736	0.32237677982560947
ENSG00000155363	MOV10	133097.0	0.3110393371013499	0.4744927605132644
ENSG00000129255	MPDU1	99769.0	0.3294583734475051	0.4956279640304422
ENSG00000107186	MPDZ	46534.0	0.29568721061460185	0.45641758009534467
ENSG00000051825	MPHOSPH9	50399.0	0.3827799248924816	0.5536382442379538
ENSG00000178802	MPI	16459.0	0.11256766373664578	0.20235652608952961
ENSG00000117400	MPL	1522.0	0.050490082456542025	0.09612671894716486
ENSG00000168303	MPLKIP	10715.0	0.1341869803276583	0.23662232533985297
ENSG00000005381	MPO	588.0	0.012117951274010717	0.023945729366339485
ENSG00000150054	MPP7	41066.0	0.32343867054483405	0.488785279958127
ENSG00000186732	MPPED1	1008.0	0.14609857387915998	0.25494940349618483
ENSG00000066382	MPPED2	17884.0	0.3716826915335664	0.541936839806615
ENSG00000158887	MPZ	21483.0	0.29939563391520596	0.4608229027414809
ENSG00000197965	MPZL1	82180.0	0.39460929231542086	0.5659065868695955
ENSG00000153029	MR1	6709.0	0.25720002295330685	0.40916324889831696
ENSG00000170262	MRAP	115.0	-0.015620869448700926	0.0
ENSG00000135324	MRAP2	8943.0	0.2258406101037166	0.3684665171675272
ENSG00000260314	MRC1	5897.0	0.6690598215748341	0.8017206009351368
ENSG00000011028	MRC2	82235.0	0.8720243718556487	0.9316378407950453
ENSG00000020922	MRE11	29782.0	0.1263388703976489	0.2243354530649298
ENSG00000178988	MRFAP1L1	61311.0	0.17646912885587385	0.2999978911941218
ENSG00000183695	MRGPRX2	74.0	0.0017761964099033793	0.003546094259913122
ENSG00000171861	MRM3	12826.0	0.06675810175567855	0.1251607119661103
ENSG00000278845	MRPL45	101095.0	0.3639614576773741	0.5336829066961276
ENSG00000196588	MRTFA	20352.0	0.2104684169364837	0.34774706054561605
ENSG00000186260	MRTFB	45401.0	0.12924270792852155	0.22890155857743613
ENSG00000156738	MS4A1	137.0	0.016854262806116953	0.033149810002479276
ENSG00000149534	MS4A2	32.0	0.03300416143416011	0.0638993774978392
ENSG00000178860	MSC	1054.0	0.3396576234140452	0.5070812384860635
ENSG00000095002	MSH2	103367.0	0.4485116889225154	0.6192724468190431
ENSG00000113318	MSH3	70561.0	0.20543034268252053	0.3408414993526102
ENSG00000116062	MSH6	157683.0	0.45459596977060623	0.6250477510154208
ENSG00000135097	MSI1	85584.0	0.4383858533992311	0.6095525096596663
ENSG00000153944	MSI2	63123.0	0.39506535545097754	0.5663754087323977
ENSG00000102854	MSLN	50965.0	0.5292452518872042	0.6921653034188932
ENSG00000147065	MSN	166860.0	0.5800888035027938	0.7342483564427942
ENSG00000038945	MSR1	16840.0	0.8238896224587796	0.9034424148409779
ENSG00000173531	MST1	72741.0	0.4572967220029765	0.6275958973879343
ENSG00000164078	MST1R	6865.0	0.252678517935408	0.40342117202082795
ENSG00000138379	MSTN	200.0	-0.00970328510595064	0.0
ENSG00000205362	MT1A	88.0	-0.010488938986089904	0.0
ENSG00000182979	MTA1	293515.0	0.4178822665239957	0.58944564917714
ENSG00000149480	MTA2	37257.0	0.1492448875045999	0.2597268678369518
ENSG00000099810	MTAP	32628.0	0.09515823883014514	0.17377988943733605
ENSG00000109919	MTCH2	120237.0	0.3101474503099865	0.4734542669019495
ENSG00000168502	MTCL1	8161.0	0.17850420131047617	0.30293350013005066
ENSG00000120832	MTERF2	25508.0	0.15713021451092227	0.27158605408525366
ENSG00000117640	MTFR1L	36331.0	0.12215079908065876	0.21770834932476615
ENSG00000100714	MTHFD1	78424.0	0.47527621545110865	0.644321667323538
ENSG00000177000	MTHFR	44399.0	0.21479551301387678	0.35363237798100616
ENSG00000168412	MTNR1A	115.0	-0.00534633660396194	0.0
ENSG00000198793	MTOR	42069.0	0.1493867613958213	0.2599416774461631
ENSG00000107951	MTPAP	59391.0	0.22795939294627945	0.37128164702471095
ENSG00000116984	MTR	103592.0	0.2974368366871989	0.458499139652389
ENSG00000130349	MTRES1	24572.0	0.09150754742022886	0.16767185465003218
ENSG00000039123	MTREX	44702.0	0.11818866860145441	0.21139307152750142
ENSG00000120662	MTRF1	26955.0	0.12089328527758647	0.2157088223570677
ENSG00000185499	MUC1	67204.0	0.6010616208257572	0.7508288413231167
ENSG00000181143	MUC16	862099.0	0.8934101370154409	0.9437048207882865
ENSG00000205592	MUC19	121.0	-0.009954478647700594	0.0
ENSG00000145113	MUC4	11437.0	0.7354620096955353	0.8475691263614151
ENSG00000215182	MUC5AC	1045.0	0.070505134752132	0.1317231136279547
ENSG00000117983	MUC5B	140107.0	0.8857930040064672	0.9394382120673404
ENSG00000132781	MUTYH	57987.0	0.4133391309941736	0.584911465238243
ENSG00000167508	MVD	5718.0	0.03707033219116819	0.07149048823495768
ENSG00000013364	MVP	153547.0	0.6469318130780396	0.7856206406857293
ENSG00000157601	MX1	212822.0	0.9051509104886012	0.950214395621251
ENSG00000059728	MXD1	27088.0	0.1317650127469944	0.23284871199044638
ENSG00000182534	MXRA7	183704.0	0.48476618651147174	0.6529865657170613
ENSG00000118513	MYB	64295.0	0.6681305015431372	0.8010530362283644
ENSG00000132382	MYBBP1A	130671.0	0.3699319000789079	0.5400734154122551
ENSG00000101057	MYBL2	202878.0	0.7815318286915851	0.8773706044483836
ENSG00000136997	MYC	50347.0	0.746096539422186	0.8545879595741968
ENSG00000214114	MYCBP	204543.0	0.8520841044007708	0.9201354327010509
ENSG00000116990	MYCL	269735.0	0.926751278329344	0.961983301895526
ENSG00000134323	MYCN	7154.0	0.15794046983871404	0.27279549156911853
ENSG00000172936	MYD88	34302.0	0.31732583836686495	0.4817727385659799
ENSG00000104177	MYEF2	102310.0	0.6460258458013074	0.7849522502325148
ENSG00000133026	MYH10	135557.0	0.30077706299240664	0.4624575133581709
ENSG00000006788	MYH13	48.0	-0.00678944570633814	0.0
ENSG00000125414	MYH2	67.0	-0.0005768923138313674	0.0
ENSG00000264424	MYH4	76.0	-0.016439994562134075	0.0
ENSG00000100345	MYH9	704335.0	0.7684039081275845	0.8690366545742182
ENSG00000007944	MYLIP	28011.0	0.18010151858623263	0.30523055135459043
ENSG00000065534	MYLK	68304.0	0.7539463637581649	0.8597142755753271
ENSG00000101306	MYLK2	6091.0	0.14314778665077302	0.2504449351560597
ENSG00000140795	MYLK3	1341.0	0.03723813933042007	0.07180248762248335
ENSG00000085274	MYNN	21400.0	0.05685882294498081	0.10759965609510899
ENSG00000091536	MYO15A	5324.0	0.1215476178136521	0.21674981228277646
ENSG00000133454	MYO18B	2075.0	0.1869971516533242	0.3150759905242617
ENSG00000128641	MYO1B	59968.0	0.46164062529924865	0.6316745953947945
ENSG00000197879	MYO1C	66379.0	0.5347106749240781	0.6968227740391917
ENSG00000176658	MYO1D	26083.0	0.04288315607788899	0.082239617790291
ENSG00000157483	MYO1E	41351.0	0.4729390454566667	0.6421705594884787
ENSG00000142347	MYO1F	4843.0	0.4777673036504545	0.6466069488345694
ENSG00000197535	MYO5A	7944.0	0.34793465145606334	0.5162485452543535
ENSG00000167306	MYO5B	49025.0	0.39973284821222177	0.5711559155345562
ENSG00000196586	MYO6	272821.0	0.6138828647066461	0.7607526892210124
ENSG00000129152	MYOD1	89.0	-0.006995725228331031	0.0
ENSG00000138119	MYOF	299149.0	0.6567918867415761	0.792847782509719
ENSG00000120729	MYOT	52.0	-0.011230408758817131	0.0
ENSG00000170476	MZB1	4826.0	0.8625425852370188	0.9261990486271277
ENSG00000099326	MZF1	19499.0	0.23018257702707426	0.3742250643532051
ENSG00000078177	N4BP2	26630.0	0.19083063836662342	0.32050004798057946
ENSG00000164134	NAA15	71859.0	0.07209743205643927	0.13449791017248475
ENSG00000172766	NAA16	47370.0	0.25676467615144544	0.4086121785945298
ENSG00000110583	NAA40	135510.0	0.522552498986458	0.6864163952761089
ENSG00000138744	NAAA	14804.0	0.16158811640514895	0.27821930015129187
ENSG00000148411	NACC2	10829.0	0.08030813635735293	0.1486763519677648
ENSG00000171169	NAIF1	10701.0	0.04601506057671204	0.0879816406301875
ENSG00000249437	NAIP	73932.0	0.30828988025852766	0.4712868071678538
ENSG00000111704	NANOG	260.0	-0.004481223871763514	0.0
ENSG00000186310	NAP1L3	2593.0	0.5546797404194445	0.7135614184691115
ENSG00000205531	NAP1L4	235172.0	0.32318357603441683	0.4884939352149435
ENSG00000177432	NAP1L5	3655.0	0.20287844405187302	0.3373216056120864
ENSG00000171428	NAT1	1806.0	0.048678182727243	0.09283721837456022
ENSG00000135372	NAT10	12984.0	0.11071185947166509	0.1993529798526283
ENSG00000156006	NAT2	352.0	-0.001755810237430011	0.0
ENSG00000134369	NAV1	7771.0	0.14821781671582043	0.2581702087496937
ENSG00000166833	NAV2	36384.0	0.27373754997787575	0.42981782233338484
ENSG00000158747	NBL1	37999.0	0.8150269010668232	0.8980879573606019
ENSG00000104320	NBN	35621.0	0.19131767094737884	0.3211866584590089
ENSG00000142794	NBPF3	3319.0	0.08190385814134532	0.15140690649176886
ENSG00000149294	NCAM1	147748.0	0.6874074186117433	0.8147497883792453
ENSG00000136937	NCBP1	57008.0	0.16163947956151578	0.2782954305625526
ENSG00000074356	NCBP3	76310.0	0.14366074504765108	0.2512296512226017
ENSG00000144959	NCEH1	10283.0	0.3410317954924241	0.5086110510410351
ENSG00000158517	NCF1	4676.0	0.6946701146811423	0.819829309153595
ENSG00000116701	NCF2	3736.0	0.6115586796540508	0.758965450498312
ENSG00000100365	NCF4	2702.0	0.42109382435449005	0.5926333886445048
ENSG00000158092	NCK1	44425.0	0.18695408616318307	0.3150148575123242
ENSG00000125912	NCLN	68129.0	0.3435161066452826	0.5113687955748167
ENSG00000084676	NCOA1	51604.0	0.188734181599094	0.3175380745680374
ENSG00000140396	NCOA2	56878.0	0.25769443997436814	0.40978862875408745
ENSG00000124151	NCOA3	86910.0	0.2285843686504485	0.3721101692048051
ENSG00000266412	NCOA4	160418.0	0.3068350435262998	0.4695849641410765
ENSG00000141027	NCOR1	99157.0	0.2965697901353422	0.45746830196372973
ENSG00000196498	NCOR2	656135.0	0.4767601215574921	0.6456839057309705
ENSG00000189430	NCR1	112.0	0.21171409796114982	0.3494456296537004
ENSG00000096264	NCR2	77.0	0.03635407068609952	0.0701576260747101
ENSG00000204475	NCR3	126.0	0.019409195445747644	0.03807930227127442
ENSG00000107130	NCS1	67538.0	0.30023047323946755	0.4618111625879009
ENSG00000162736	NCSTN	136622.0	0.2279806297566593	0.3713098142302728
ENSG00000173376	NDNF	8640.0	0.7816197071059048	0.8774259781573498
ENSG00000124479	NDP	8586.0	0.4765297174715317	0.6454725723875848
ENSG00000104419	NDRG1	167785.0	0.7747583718736631	0.8730860314868988
ENSG00000165795	NDRG2	14664.0	0.3848902750112335	0.5558422670100871
ENSG00000103034	NDRG4	42475.0	0.528798445294733	0.6917830756856733
ENSG00000138653	NDST4	142.0	-0.00307190110790535	0.0
ENSG00000170906	NDUFA3	17726.0	0.1202319204913217	0.2146554089238758
ENSG00000004779	NDUFAB1	27003.0	0.058197749332929476	0.10999409017759938
ENSG00000078114	NEBL	1829.0	0.015080718317337084	0.029713338151739987
ENSG00000103154	NECAB2	4988.0	0.15344135669571327	0.26605835798237687
ENSG00000110400	NECTIN1	16495.0	0.17758671237995782	0.30161127076756283
ENSG00000130202	NECTIN2	141441.0	0.5012571829732213	0.6677832268292467
ENSG00000177707	NECTIN3	14901.0	0.24184908425765958	0.38949834939441097
ENSG00000069869	NEDD4	4538.0	0.15514738806608358	0.2686192076767401
ENSG00000049759	NEDD4L	14213.0	0.09153671920198014	0.1677208243968236
ENSG00000111859	NEDD9	81371.0	0.5831904746814386	0.7367281246418377
ENSG00000100285	NEFH	6648.0	0.31149110952495485	0.47501825557594884
ENSG00000277586	NEFL	84.0	0.1373292161172662	0.24149422026824405
ENSG00000104722	NEFM	60.0	-0.013938521337631014	0.0
ENSG00000109674	NEIL3	10881.0	0.2527190880338603	0.4034728782340218
ENSG00000137601	NEK1	32503.0	0.1471943421602229	0.2566162275226162
ENSG00000114670	NEK11	48423.0	0.3791823926291496	0.5498654777723928
ENSG00000117650	NEK2	23205.0	0.37859385489268405	0.5492463984937108
ENSG00000136098	NEK3	15838.0	0.19906267672924918	0.3320304777932771
ENSG00000114904	NEK4	20112.0	0.07879929012021811	0.14608702627425155
ENSG00000197168	NEK5	18599.0	0.31574534519048053	0.4799490210543288
ENSG00000119408	NEK6	52624.0	0.14361343668965196	0.2511573090735293
ENSG00000160602	NEK8	21612.0	0.13554866034603427	0.2387368592460471
ENSG00000165973	NELL1	113.0	0.0802472131115014	0.14857194193606946
ENSG00000166881	NEMP1	62955.0	0.382019613627867	0.5528425354616313
ENSG00000163608	NEPRO	148873.0	0.5037125920273368	0.6699586007299718
ENSG00000132688	NES	24979.0	0.6024569113852648	0.7519165190712842
ENSG00000166342	NETO1	73.0	0.0214018380170886	0.04190679362519521
ENSG00000215041	NEURL4	41533.0	0.1574159325759482	0.27201272791467945
ENSG00000162992	NEUROD1	29.0	0.010352683877281188	0.020493208049989484
ENSG00000171532	NEUROD2	927.0	0.02555998575769791	0.04984591074663241
ENSG00000178403	NEUROG2	75.0	-0.015321150297973977	0.0
ENSG00000162614	NEXN	3640.0	0.5034863607906738	0.6697584679463184
ENSG00000196712	NF1	49565.0	0.1887307051520138	0.31753315420228684
ENSG00000186575	NF2	56524.0	0.1565103639368508	0.27065968246765626
ENSG00000102908	NFAT5	81829.0	0.24222576217530994	0.3899866989574246
ENSG00000131196	NFATC1	45973.0	0.7265740155622067	0.8416366851502972
ENSG00000101096	NFATC2	13276.0	0.12704476888583935	0.22544759958636207
ENSG00000072736	NFATC3	29558.0	0.08211803258139698	0.15177278283682988
ENSG00000100968	NFATC4	37625.0	0.39936170850426067	0.5707769564898663
ENSG00000082641	NFE2L1	180958.0	0.3691041650935693	0.5391907708765804
ENSG00000116044	NFE2L2	219338.0	0.33750223788355	0.5046753991494027
ENSG00000050344	NFE2L3	22568.0	0.48967185106871547	0.6574224393344302
ENSG00000109320	NFKB1	10883.0	0.12955693569564747	0.22939425468776165
ENSG00000077150	NFKB2	82196.0	0.3348166312232422	0.5016668557933867
ENSG00000086102	NFX1	95538.0	0.2216371986857771	0.36285273389548356
ENSG00000165553	NGB	501.0	0.08831222080159218	0.16229206860609569
ENSG00000129460	NGDN	45586.0	0.12795953160027035	0.2268867419715498
ENSG00000134259	NGF	457.0	0.05479263351141828	0.10389271174375364
ENSG00000064300	NGFR	4875.0	0.1551016925628361	0.2685507147318092
ENSG00000177551	NHLH2	88.0	0.0021308746380641814	0.00425268733254782
ENSG00000135842	NIBAN1	4671.0	0.2796478773129642	0.4370700444565666
ENSG00000155438	NIFK	52005.0	0.2583102333436446	0.4105668482998025
ENSG00000100503	NIN	27266.0	0.09616138999307784	0.17545115321692747
ENSG00000131669	NINJ1	33593.0	0.3724978763488317	0.5428028454801896
ENSG00000184117	NIPSNAP1	201602.0	0.5145464589964939	0.6794726644931333
ENSG00000136783	NIPSNAP3A	10774.0	0.10877360206476017	0.19620525211314876
ENSG00000150776	NKAPD1	29956.0	0.1767407426403228	0.3003902834939821
ENSG00000189134	NKAPL	891.0	-0.004413291286145938	0.0
ENSG00000186416	NKRF	54642.0	0.3121855739484914	0.4758253407848332
ENSG00000136352	NKX2-1	77.0	-0.016929618588461474	0.0
ENSG00000119919	NKX2-3	109.0	-0.004918281607565643	0.0
ENSG00000136327	NKX2-8	448.0	-0.012662042952671745	0.0
ENSG00000167034	NKX3-1	941.0	0.06101081489111393	0.11500507635706834
ENSG00000073536	NLE1	6232.0	0.07989683299299753	0.14797123308818078
ENSG00000196338	NLGN3	5295.0	0.05441924734056098	0.10322127081389366
ENSG00000140853	NLRC5	37078.0	0.6271489027996916	0.7708561911213065
ENSG00000091592	NLRP1	4740.0	0.594930282604174	0.7460266935715615
ENSG00000179873	NLRP11	1336.0	0.002188976295528992	0.004368390288267348
ENSG00000022556	NLRP2	68621.0	0.4857240909596084	0.6538550379779949
ENSG00000162711	NLRP3	2030.0	0.5944645624452756	0.7456604260098487
ENSG00000171487	NLRP5	71.0	0.000344821325563274	0.0006894049296048718
ENSG00000174885	NLRP6	190.0	0.05682293605947338	0.10753539523157289
ENSG00000167634	NLRP7	315.0	0.000711473556551916	0.0014219354436365607
ENSG00000185792	NLRP9	64.0	-0.0004911206600721686	0.0
ENSG00000197696	NMB	13460.0	0.16480232761119398	0.28297046409440946
ENSG00000239672	NME1	312331.0	0.6007729687340743	0.7506035902257625
ENSG00000173614	NMNAT1	16102.0	0.09749580370274116	0.17766956989504462
ENSG00000109255	NMU	25927.0	0.5497955761663099	0.7095072209798473
ENSG00000053438	NNAT	63.0	-0.006274699856559092	0.0
ENSG00000084092	NOA1	136856.0	0.4506869758430628	0.6213428304629912
ENSG00000173145	NOC3L	53907.0	0.24515819207323633	0.39377838676873417
ENSG00000106100	NOD1	13339.0	0.14512341816195945	0.25346336623679816
ENSG00000167207	NOD2	1260.0	0.12838232847979583	0.2275511149713908
ENSG00000156574	NODAL	99.0	-0.010924820728866294	0.0
ENSG00000101746	NOL4	92.0	-0.005942507566138943	0.0
ENSG00000197183	NOL4L	185739.0	0.5668592125947142	0.7235611317700931
ENSG00000166197	NOLC1	176082.0	0.48750877783079377	0.655470119029104
ENSG00000146909	NOM1	125340.0	0.26718226104878295	0.42169507775093007
ENSG00000103226	NOMO3	40715.0	0.18096277203714478	0.3064665141391146
ENSG00000147140	NONO	768197.0	0.508828642573725	0.6744684296366178
ENSG00000111641	NOP2	145051.0	0.5171307894959953	0.6817220942009764
ENSG00000260032	NORAD	383709.0	0.6358579087040112	0.7773999261436612
ENSG00000089250	NOS1	1246.0	0.1999283919837913	0.3332338718200643
ENSG00000198929	NOS1AP	15856.0	0.3052248876778694	0.46769700847628826
ENSG00000007171	NOS2	405.0	0.08066614069530713	0.14928966062248614
ENSG00000164867	NOS3	14533.0	0.6948151662556259	0.8199303146321127
ENSG00000163072	NOSTRIN	7486.0	0.7288548076767706	0.8431648562278093
ENSG00000148400	NOTCH1	51195.0	0.56183472154128	0.7194547717403021
ENSG00000134250	NOTCH2	356920.0	0.6374794450458107	0.7786106225327015
ENSG00000264343	NOTCH2NLA	188876.0	0.264095849823978	0.41784149494795453
ENSG00000074181	NOTCH3	370887.0	0.6763588857468993	0.8069380506734971
ENSG00000204301	NOTCH4	18145.0	0.9034788682192781	0.9492922493691679
ENSG00000007952	NOX1	59.0	-0.009449099853981898	0.0
ENSG00000086991	NOX4	928.0	0.32388383747055877	0.48929343844755785
ENSG00000174576	NPAS4	114.0	0.03749897561429889	0.07228725328060377
ENSG00000149308	NPAT	38078.0	0.11721544577516566	0.20983498969410902
ENSG00000141458	NPC1	43901.0	0.22184191312223586	0.3631270309844778
ENSG00000015520	NPC1L1	402.0	0.012655391887596892	0.02499446897528912
ENSG00000056291	NPFFR2	304.0	-0.014665522729599327	0.0
ENSG00000107833	NPM3	52241.0	0.2285567106221265	0.3720735211423624
ENSG00000168743	NPNT	12515.0	0.5731716507644395	0.7286829132547902
ENSG00000175206	NPPA	326.0	-0.0034279795092832487	0.0
ENSG00000120937	NPPB	24.0	-0.0053596026893279235	0.0
ENSG00000163273	NPPC	1257.0	0.1871349223675562	0.31527153121625745
ENSG00000169418	NPR1	64143.0	0.6490498184809845	0.7871803643614044
ENSG00000113389	NPR3	6627.0	0.41305590928748687	0.5846278361282454
ENSG00000187258	NPSR1	70.0	-0.012094066680497761	0.0
ENSG00000156642	NPTN	152353.0	0.37241966372305646	0.5427198014822496
ENSG00000106236	NPTX2	12255.0	0.6018332613915599	0.7514305963015521
ENSG00000164128	NPY1R	159.0	0.26478242498206245	0.41870035470459305
ENSG00000185149	NPY2R	1517.0	0.1156434746241675	0.20731259986641326
ENSG00000181019	NQO1	132932.0	0.6195046497833099	0.7650544873288259
ENSG00000124588	NQO2	26797.0	0.09220942718651363	0.1688493523152264
ENSG00000169297	NR0B1	4328.0	0.29775159515292937	0.45887301740182684
ENSG00000131910	NR0B2	271.0	0.28250922497638087	0.44055702598409563
ENSG00000131408	NR1H2	72758.0	0.5237500150008929	0.687448741387656
ENSG00000025434	NR1H3	27557.0	0.28792453808126983	0.4471139877654872
ENSG00000012504	NR1H4	1064.0	0.5589574824138513	0.7170913751263766
ENSG00000144852	NR1I2	2484.0	0.08369322679195641	0.15445925972927307
ENSG00000143257	NR1I3	122.0	0.02541506406478221	0.049570295883963285
ENSG00000177463	NR2C2	56800.0	0.21945810387422546	0.3599272548634608
ENSG00000278570	NR2E3	3665.0	0.24290471073081984	0.3908661840825971
ENSG00000113580	NR3C1	21314.0	0.3471157439339512	0.5153465773034128
ENSG00000151623	NR3C2	3858.0	0.06342652395064627	0.11928708288188213
ENSG00000123358	NR4A1	133642.0	0.9463177363455856	0.9724185508604528
ENSG00000119508	NR4A3	947.0	0.31084733840628137	0.4742693207650058
ENSG00000136931	NR5A1	37573.0	0.2872817593678736	0.44633858481603095
ENSG00000116833	NR5A2	5424.0	0.5942291666805205	0.7454752166124465
ENSG00000148200	NR6A1	11239.0	0.1336603133643372	0.23580310925355868
ENSG00000213281	NRAS	27580.0	0.1113745930402907	0.20042673953093154
ENSG00000119720	NRDE2	46410.0	0.22667030970638888	0.36957005955519345
ENSG00000134986	NREP	130826.0	0.440829665502502	0.6119108678245583
ENSG00000106459	NRF1	36371.0	0.1581354172768027	0.273086229671892
ENSG00000180530	NRIP1	111911.0	0.5551889369122502	0.713982621320018
ENSG00000123572	NRK	4267.0	0.5323184735567131	0.6947882998775468
ENSG00000124785	NRN1	2096.0	0.6460132009266842	0.7849429160871702
ENSG00000099250	NRP1	46804.0	0.8204329874824425	0.9013602732139628
ENSG00000118257	NRP2	8385.0	0.5378550749043124	0.6994873362014018
ENSG00000174004	NRROS	5730.0	0.3550418406304208	0.5240308158532446
ENSG00000152954	NRSN1	136.0	0.020659596493413816	0.04048283397205511
ENSG00000125841	NRSN2	19021.0	0.1481341651065754	0.2580433012248614
ENSG00000110076	NRXN2	9798.0	0.48628537488122225	0.6543633989806086
ENSG00000109685	NSD2	76225.0	0.23871623591694105	0.3854252152273357
ENSG00000037474	NSUN2	58810.0	0.08281398935720216	0.15296069347305635
ENSG00000130305	NSUN5	97990.0	0.3214602307043356	0.48652274693578623
ENSG00000076685	NT5C2	220567.0	0.5550288451554869	0.7138502245596475
ENSG00000168268	NT5DC2	73275.0	0.45299224101917884	0.6235301582910511
ENSG00000111696	NT5DC3	19678.0	0.061030089164686	0.11503931846595034
ENSG00000135318	NT5E	1903.0	0.2641415423399166	0.417898682217171
ENSG00000185652	NTF3	31550.0	0.5520706767808682	0.7113988880015587
ENSG00000148335	NTMT1	52320.0	0.17682347407713608	0.30050976713529765
ENSG00000065320	NTN1	18252.0	0.5446544189272348	0.7052120037380248
ENSG00000074527	NTN4	32590.0	0.49304319202012026	0.6604540239094114
ENSG00000196358	NTNG2	1471.0	0.07873242489756302	0.14597211149009356
ENSG00000135778	NTPCR	41597.0	0.16919664700606632	0.2894237636403151
ENSG00000198400	NTRK1	362.0	0.038961777012136434	0.07500136746932762
ENSG00000148053	NTRK2	722.0	0.19017732557902	0.319578135949614
ENSG00000133636	NTS	151.0	-0.0009805430505566743	0.0
ENSG00000101188	NTSR1	155.0	-0.004815460092649393	0.0
ENSG00000169006	NTSR2	843.0	0.042404659347412096	0.08135930507823928
ENSG00000163545	NUAK2	173713.0	0.6195293950970003	0.7650733564609293
ENSG00000070081	NUCB2	40301.0	0.21980465176965952	0.36039320140445913
ENSG00000120526	NUDCD1	31352.0	0.15594432832231642	0.2698128698786848
ENSG00000170584	NUDCD2	33761.0	0.0794071420710291	0.14713102957364682
ENSG00000106268	NUDT1	39167.0	0.2487369381772245	0.3983816456015222
ENSG00000168101	NUDT16L1	33154.0	0.06770806029024333	0.12682878927005145
ENSG00000167005	NUDT21	24493.0	0.11416142436529911	0.20492797878069258
ENSG00000137497	NUMA1	521538.0	0.4730841246114731	0.642304287592875
ENSG00000133961	NUMB	60141.0	0.14090604153965697	0.24700726687274568
ENSG00000111581	NUP107	33433.0	0.08664847778370409	0.15947839536927297
ENSG00000124789	NUP153	88305.0	0.22265722687050984	0.3642185593429469
ENSG00000126883	NUP214	19654.0	0.05300605520306224	0.10067568926342123
ENSG00000213024	NUP62	27839.0	0.20897165635270365	0.34570149805354666
ENSG00000102900	NUP93	77969.0	0.18066660442059512	0.3060416949952712
ENSG00000110713	NUP98	90883.0	0.07431174326466283	0.13834297861967185
ENSG00000137804	NUSAP1	33353.0	0.3907671404765475	0.5619447412924219
ENSG00000102898	NUTF2	123557.0	0.25932794405924836	0.4118513295644738
ENSG00000143748	NVL	42026.0	0.11205890219380414	0.20153411293725712
ENSG00000162231	NXF1	192884.0	0.38053986761331515	0.5512913846830002
ENSG00000147206	NXF3	214.0	0.030295089475296272	0.058808568117557095
ENSG00000167693	NXN	90164.0	0.4113877151227231	0.5829549325317063
ENSG00000144227	NXPH2	160.0	0.009295365675826665	0.018419515222092526
ENSG00000182379	NXPH4	23476.0	0.7970067589625778	0.8870381315902165
ENSG00000101888	NXT2	32425.0	0.2392212611900508	0.38608320996739753
ENSG00000188937	NYX	101.0	0.03867988099002663	0.07447892598662559
ENSG00000089127	OAS1	91895.0	0.6928501788738647	0.8185605407027451
ENSG00000111331	OAS3	112497.0	0.8251856451185073	0.9042210553490617
ENSG00000122136	OBP2A	83684.0	0.5523921182137573	0.7116657083383819
ENSG00000197822	OCLN	75158.0	0.38960796322837277	0.5607451504857897
ENSG00000135175	OCM2	140.0	-0.0031983169675674898	0.0
ENSG00000122126	OCRL	19048.0	0.09821048508019997	0.17885548611025667
ENSG00000122417	ODF2L	94015.0	0.41185836233385087	0.5834273087465157
ENSG00000157181	ODR4	35365.0	0.15080439535148463	0.2620851918199794
ENSG00000105953	OGDH	153155.0	0.32320192295213546	0.48851489307248647
ENSG00000060491	OGFR	113170.0	0.3838292845273135	0.554735022331055
ENSG00000114026	OGG1	4786.0	0.05471047443045611	0.10374501013654915
ENSG00000147162	OGT	328404.0	0.45733031690152753	0.6276275345370854
ENSG00000138315	OIT3	3657.0	0.6059351096191937	0.7546196679925326
ENSG00000130558	OLFM1	659.0	0.12419572140313041	0.2209503541751953
ENSG00000105088	OLFM2	3711.0	0.26750306500059023	0.4220945453894672
ENSG00000116774	OLFML3	47878.0	0.7775373596843967	0.8748478398478772
ENSG00000184221	OLIG1	39.0	-0.007935664389830264	0.0
ENSG00000173391	OLR1	1529.0	0.4859585794790959	0.6540674635082346
ENSG00000205922	ONECUT3	52.0	-0.01270665199911547	0.0
ENSG00000197430	OPALIN	43.0	0.007980216523836911	0.015834073711005602
ENSG00000102076	OPN1LW	87.0	0.017856173435252417	0.035085847885537785
ENSG00000116329	OPRD1	109.0	0.023035597832530886	0.04503381481804853
ENSG00000082556	OPRK1	1050.0	0.013519147948293987	0.026677636975406576
ENSG00000125510	OPRL1	5309.0	0.118076407168382	0.21121348489486502
ENSG00000112038	OPRM1	156.0	-0.0017382886861031616	0.0
ENSG00000123240	OPTN	74306.0	0.3283482768387298	0.49437076490233356
ENSG00000160991	ORAI2	114636.0	0.4132917523460454	0.5848640263554734
ENSG00000175938	ORAI3	91540.0	0.4053227302122639	0.57683935725005
ENSG00000091651	ORC6	49463.0	0.5104819637511374	0.6759193105270906
ENSG00000184792	OSBP2	42196.0	0.28554929116515115	0.44424479578895804
ENSG00000116885	OSCP1	49359.0	0.4684041180783165	0.6379771240240208
ENSG00000140961	OSGIN1	6959.0	0.1490606491181926	0.25944783546905753
ENSG00000164823	OSGIN2	27636.0	0.2775640176543262	0.43452071883481524
ENSG00000099985	OSM	745.0	0.5109802370705578	0.6763559503084311
ENSG00000164920	OSR2	9189.0	0.3569463596048724	0.5261023872878973
ENSG00000115155	OTOF	1722.0	0.28456268753092034	0.44304990374254616
ENSG00000167770	OTUB1	38296.0	0.1156499671263054	0.20732303237402847
ENSG00000165588	OTX2	228.0	0.05943009301066647	0.11219257108655328
ENSG00000125850	OVOL2	18043.0	0.26990978847116043	0.4250849799277534
ENSG00000162881	OXER1	1189.0	0.06906783960725937	0.1292113316824359
ENSG00000151093	OXSM	8329.0	0.04097889319827363	0.07873145837255405
ENSG00000172939	OXSR1	57661.0	0.20460536363389076	0.3397052176767086
ENSG00000180914	OXTR	7370.0	0.324931891775014	0.49048844516785245
ENSG00000108405	P2RX1	209.0	0.12856967333113098	0.22784534507584212
ENSG00000109991	P2RX3	364.0	0.06776424077872241	0.12692734630128055
ENSG00000135124	P2RX4	20622.0	0.1069481410876694	0.19323062593082974
ENSG00000089041	P2RX7	4290.0	0.3820827176269128	0.5529086106842621
ENSG00000169860	P2RY1	1269.0	0.2842419876172213	0.4426611033713405
ENSG00000169313	P2RY12	168.0	0.004367751660037205	0.00869751473564958
ENSG00000181631	P2RY13	776.0	0.11673750231739065	0.20906883144005386
ENSG00000174944	P2RY14	160.0	-0.0042203201456880255	0.0
ENSG00000175591	P2RY2	22304.0	0.45711010107099226	0.6274201252671452
ENSG00000171631	P2RY6	6227.0	0.31814889292413134	0.4827207224190917
ENSG00000122884	P4HA1	149218.0	0.5324219588816591	0.6948764415647155
ENSG00000149380	P4HA3	1190.0	0.09059570381716135	0.16613985090913166
ENSG00000185624	P4HB	367174.0	0.5480088390781621	0.7080177131346367
ENSG00000178467	P4HTM	94942.0	0.44926762529567843	0.6199926327672147
ENSG00000101104	PABPC1L	317096.0	0.6802775282046339	0.8097204381844065
ENSG00000090621	PABPC4	1589302.0	0.9790718540415391	0.9894252722983641
ENSG00000065600	PACC1	17178.0	0.03734218306292419	0.07199588269449378
ENSG00000117115	PADI2	44123.0	0.7078239777577133	0.8289191239568501
ENSG00000159339	PADI4	182.0	-0.014442739421815304	0.0
ENSG00000122133	PAEP	4677.0	0.454297984033416	0.6247660232237211
ENSG00000101951	PAGE4	89.0	0.028311501539533015	0.05506405694606459
ENSG00000171759	PAH	326.0	0.0082932139298525	0.016450004453624066
ENSG00000120727	PAIP2	75237.0	0.35895419525130307	0.5282800502115876
ENSG00000149269	PAK1	75442.0	0.23515808459195242	0.3807740685592313
ENSG00000111845	PAK1IP1	63683.0	0.4176961705428815	0.5892604906775366
ENSG00000180370	PAK2	124909.0	0.25425183056071715	0.40542389393532413
ENSG00000130669	PAK4	158973.0	0.6519732766072064	0.789326662651853
ENSG00000083093	PALB2	5379.0	0.017968809703340253	0.035303261813251
ENSG00000129116	PALLD	153117.0	0.7059926176791076	0.8276619844223767
ENSG00000099260	PALMD	9026.0	0.43942238282203894	0.6105537722159574
ENSG00000145730	PAM	94505.0	0.5766966086346976	0.731525146279187
ENSG00000125779	PANK2	45449.0	0.2731029501453252	0.4290351383038589
ENSG00000110218	PANX1	8677.0	0.1118551451802004	0.20120452860263885
ENSG00000073150	PANX2	5294.0	0.12042255483219058	0.2149591764514713
ENSG00000154143	PANX3	401.0	0.02404744399070272	0.046965488038308204
ENSG00000182752	PAPPA	87.0	0.6046171080166133	0.7535967365622197
ENSG00000116183	PAPPA2	9437.0	0.1915900168271912	0.3215703624931868
ENSG00000138801	PAPSS1	38862.0	0.24802665604308644	0.3974701258857145
ENSG00000148498	PARD3	109722.0	0.3858772739191958	0.55687077229855
ENSG00000116288	PARK7	258620.0	0.5833183171095273	0.7368301254474476
ENSG00000169116	PARM1	2229.0	0.5591051119243019	0.7172128519728023
ENSG00000143799	PARP1	141456.0	0.23865797003237615	0.3853492663937537
ENSG00000111224	PARP11	23466.0	0.15879126561319093	0.27406362185369815
ENSG00000173200	PARP15	657.0	0.20565728854639204	0.3411538096275169
ENSG00000041880	PARP3	20536.0	0.17382255338445587	0.29616495761352896
ENSG00000152931	PART1	5189.0	0.2228603521245836	0.3644902735416822
ENSG00000166049	PASD1	166.0	-0.01897794928629225	0.0
ENSG00000177425	PAWR	110539.0	0.46645166872684085	0.6361637122781001
ENSG00000125813	PAX1	78.0	-0.014973807527487322	0.0
ENSG00000075891	PAX2	1125.0	0.3815488253101165	0.5523493897864524
ENSG00000135903	PAX3	137.0	-0.008097425312155713	0.0
ENSG00000196092	PAX5	195.0	0.03939349880718273	0.07580093362598682
ENSG00000007372	PAX6	216.0	-0.017725601625220758	0.0
ENSG00000009709	PAX7	63.0	-0.014882583359150232	0.0
ENSG00000125618	PAX8	814967.0	0.853434147287339	0.9209220068988301
ENSG00000102390	PBDC1	44856.0	0.0466412757303161	0.0891256188951103
ENSG00000168078	PBK	10685.0	0.290866142186467	0.4506526783540831
ENSG00000108187	PBLD	23395.0	0.091337908989198	0.16738703610835912
ENSG00000185630	PBX1	79764.0	0.2677857078641114	0.42244632701414586
ENSG00000167081	PBX3	21004.0	0.2511096961881927	0.4014191512594921
ENSG00000163346	PBXIP1	52424.0	0.3657948375783113	0.5356512230298096
ENSG00000173599	PC	7933.0	0.08212738513375213	0.15178875659560376
ENSG00000225937	PCA3	145.0	0.14783299515645354	0.2575862443060428
ENSG00000253438	PCAT1	45997.0	0.4661727383266289	0.6359042507619952
ENSG00000166228	PCBD1	229913.0	0.48755308479776793	0.6555101660308822
ENSG00000132570	PCBD2	37242.0	0.2924123314839057	0.4525062541738013
ENSG00000183570	PCBP3	145.0	0.11710195250781201	0.2096531158054584
ENSG00000114054	PCCB	83335.0	0.32827878836759256	0.49429199840047966
ENSG00000138650	PCDH10	1444.0	0.5541376867175709	0.7131127331297678
ENSG00000102290	PCDH11X	54.0	0.03754218666887457	0.0723675377276123
ENSG00000099715	PCDH11Y	72.0	-0.002841493571173372	0.0
ENSG00000118946	PCDH17	10976.0	0.7931308809599661	0.8846324486201003
ENSG00000189184	PCDH18	8996.0	0.7711804571461849	0.8708095824281504
ENSG00000280165	PCDH20	79.0	-0.014376939288026117	0.0
ENSG00000136099	PCDH8	741.0	0.42043716854253377	0.5919827752380363
ENSG00000204970	PCDHA1	5065.0	0.1332936553598145	0.23523233317227826
ENSG00000204967	PCDHA4	3079.0	0.08378614480084391	0.15461748648990234
ENSG00000204961	PCDHA9	2640.0	0.047590959763899765	0.09085790464367037
ENSG00000120327	PCDHB14	26470.0	0.42533044169036166	0.5968166107305527
ENSG00000227418	PCGEM1	48.0	0.019928324369183292	0.03907789183423019
ENSG00000126226	PCID2	46312.0	0.13055543586560747	0.23095804367283942
ENSG00000124253	PCK1	16615.0	0.6102195871149626	0.7579333800159463
ENSG00000132646	PCNA	218902.0	0.6369144057599027	0.7781890165041693
ENSG00000197136	PCNX3	206836.0	0.3844299651451084	0.5553620982262032
ENSG00000175426	PCSK1	59.0	0.2750216019355553	0.43139912534510294
ENSG00000169174	PCSK9	2412.0	0.22428059083426446	0.3663875626443321
ENSG00000188389	PDCD1	216.0	0.46126641646865846	0.6313241873899615
ENSG00000114209	PDCD10	13348.0	0.08401151813025476	0.15500115400094844
ENSG00000197646	PDCD1LG2	726.0	0.3058322120120841	0.4684096612088383
ENSG00000150593	PDCD4	142858.0	0.47864360808232037	0.6474090246845646
ENSG00000249915	PDCD6	172481.0	0.15009632973028755	0.26101523124673753
ENSG00000170248	PDCD6IP	44190.0	0.09822548353388623	0.17888035746141095
ENSG00000112541	PDE10A	1623.0	0.326373363891109	0.4921289476646987
ENSG00000186642	PDE2A	5848.0	0.6508236068064548	0.7884835231614887
ENSG00000172572	PDE3A	2360.0	0.03555731641240127	0.06867281192235021
ENSG00000065989	PDE4A	40196.0	0.418542063397921	0.5901017307803499
ENSG00000184588	PDE4B	1941.0	0.47118688316044327	0.6405534042666652
ENSG00000178104	PDE4DIP	76128.0	0.4073271812334466	0.5788663598132827
ENSG00000138735	PDE5A	8359.0	0.7011669605587139	0.8243364429420023
ENSG00000139053	PDE6H	112.0	0.0007935011241357356	0.0015857439586576848
ENSG00000197461	PDGFA	21497.0	0.5250550886861449	0.688571963834417
ENSG00000100311	PDGFB	8244.0	0.2628785706504352	0.4163164642425467
ENSG00000145431	PDGFC	57581.0	0.6790296130623128	0.8088357796428125
ENSG00000170962	PDGFD	1499.0	0.434149652581894	0.6054453965808883
ENSG00000134853	PDGFRA	23368.0	0.8862390310691927	0.9396889964331173
ENSG00000113721	PDGFRB	28989.0	0.905642364138465	0.950485128984738
ENSG00000104213	PDGFRL	10547.0	0.22025278195929968	0.36099533672957607
ENSG00000131828	PDHA1	86152.0	0.3242054542913009	0.48966035178402406
ENSG00000168291	PDHB	60657.0	0.22792999705271078	0.3712426565028797
ENSG00000185615	PDIA2	303.0	0.04333782675731082	0.08307534845545587
ENSG00000167004	PDIA3	538732.0	0.6661635401602963	0.7996376395275182
ENSG00000155660	PDIA4	565426.0	0.7345072782500461	0.8469347894476345
ENSG00000152256	PDK1	34409.0	0.5560198243951956	0.7146693321999457
ENSG00000120913	PDLIM2	6839.0	0.2522409276776318	0.40286325435063075
ENSG00000131435	PDLIM4	19642.0	0.18892103779445074	0.31780249787641957
ENSG00000140992	PDPK1	40495.0	0.13045058316234723	0.2307939596924651
ENSG00000162493	PDPN	5466.0	0.4243031284198317	0.5958045305855185
ENSG00000179889	PDXDC1	289414.0	0.3282864168434542	0.4943006458254621
ENSG00000101327	PDYN	444.0	0.08727033866660205	0.160531075967046
ENSG00000067840	PDZD4	510.0	0.5323117433411839	0.6947825671302182
ENSG00000186862	PDZD7	7796.0	0.2795909829594832	0.43700055202457794
ENSG00000174827	PDZK1	7316.0	0.2520746191821127	0.40265111251400393
ENSG00000162734	PEA15	283580.0	0.6261969694005919	0.7701366823127274
ENSG00000134020	PEBP4	368.0	-0.005273287947211847	0.0
ENSG00000261371	PECAM1	18029.0	0.816255045912033	0.8988330661480974
ENSG00000162517	PEF1	88177.0	0.35090841609108075	0.5195147382476917
ENSG00000242265	PEG10	96001.0	0.6308892239500987	0.7736751395316135
ENSG00000152684	PELO	62500.0	0.5774608480273169	0.732139689868635
ENSG00000141456	PELP1	53843.0	0.11264299523535228	0.20247823554854705
ENSG00000181195	PENK	79.0	0.007084003060543496	0.01406834591556435
ENSG00000124299	PEPD	61876.0	0.4557116624687995	0.6261015477418652
ENSG00000179094	PER1	10123.0	0.2715449957795434	0.42711032119326287
ENSG00000132326	PER2	7250.0	0.09350150331732339	0.17101303113652908
ENSG00000049246	PER3	35128.0	0.19131631566815674	0.3211847485877096
ENSG00000170525	PFKFB3	33082.0	0.6111154495990972	0.7586240325001717
ENSG00000067057	PFKP	68245.0	0.6765183654618445	0.8070515413357591
ENSG00000229859	PGA3	781.0	0.024871602856210807	0.048536036683807474
ENSG00000247077	PGAM5	71842.0	0.3230291013763706	0.4883174543028837
ENSG00000197121	PGAP1	11105.0	0.2147422582099087	0.3535602005422306
ENSG00000148985	PGAP2	29163.0	0.2582723430578083	0.410518985786756
ENSG00000137338	PGBD1	8208.0	0.12235953726594836	0.2180398227185104
ENSG00000142657	PGD	101854.0	0.05772532113674236	0.10914992764795435
ENSG00000119630	PGF	3822.0	0.50953731403659	0.6750907172662831
ENSG00000164219	PGGT1B	17058.0	0.052414092260762254	0.09960735540545257
ENSG00000102144	PGK1	73262.0	0.6357440233630078	0.777314805107403
ENSG00000079739	PGM1	207049.0	0.513431615095824	0.6784999202799338
ENSG00000082175	PGR	9283.0	0.5000976580260428	0.666753468149686
ENSG00000167085	PHB	130489.0	0.44416470327623414	0.615116409186018
ENSG00000215021	PHB2	844774.0	0.6182906870283472	0.7641280914292462
ENSG00000198324	PHETA1	34917.0	0.3463223774553741	0.5144716945282349
ENSG00000102174	PHEX	3726.0	0.636397096036802	0.7778027687510509
ENSG00000130024	PHF10	107941.0	0.1657922406550347	0.2844284510967056
ENSG00000109118	PHF12	27995.0	0.12043102140747623	0.21497266517342903
ENSG00000056487	PHF21B	1399.0	0.1947214324254497	0.3259695978335942
ENSG00000040633	PHF23	45450.0	0.2335994142796682	0.3787281536868647
ENSG00000156531	PHF6	41434.0	0.22703324708808065	0.3700523154150254
ENSG00000010318	PHF7	2255.0	0.06501656599803976	0.12209493837706076
ENSG00000172943	PHF8	113145.0	0.32523569183095213	0.4908344890433865
ENSG00000092621	PHGDH	287753.0	0.6401216291876128	0.7805782422425326
ENSG00000174307	PHLDA3	31654.0	0.476203030182749	0.6451728122029348
ENSG00000144824	PHLDB2	38207.0	0.7336369471756173	0.8463559205643764
ENSG00000176531	PHLDB3	27121.0	0.18882350737191206	0.3176644913244308
ENSG00000081913	PHLPP1	11681.0	0.12985170290147907	0.2298561883263398
ENSG00000164530	PI16	1133.0	0.11996179217644401	0.21422479412144924
ENSG00000241973	PI4KA	167744.0	0.5422482587644629	0.7031919221602788
ENSG00000083535	PIBF1	37892.0	0.12995609696603252	0.23001972787255845
ENSG00000073921	PICALM	70202.0	0.23118606115939155	0.375550160049224
ENSG00000153823	PID1	2726.0	0.4666004975151742	0.6363021126826619
ENSG00000103335	PIEZO1	67554.0	0.6633771938435798	0.7976268958103345
ENSG00000154864	PIEZO2	1774.0	0.4358975781344372	0.6071429951163633
ENSG00000151665	PIGF	11163.0	0.1464880585760305	0.25554223174024626
ENSG00000104872	PIH1D1	57631.0	0.2600500824134939	0.4127615021704458
ENSG00000078142	PIK3C3	122957.0	0.6505961656213352	0.7883165842402533
ENSG00000121879	PIK3CA	36937.0	0.17099903323990928	0.2920566599731355
ENSG00000051382	PIK3CB	27468.0	0.11020801116912057	0.198535787997178
ENSG00000171608	PIK3CD	14319.0	0.2558444662424263	0.40744610199689885
ENSG00000105851	PIK3CG	2303.0	0.3502734975765679	0.5188185922410958
ENSG00000145675	PIK3R1	48021.0	0.30008854456613615	0.4616432408706152
ENSG00000105647	PIK3R2	221433.0	0.3774763748388479	0.5480694721650078
ENSG00000115020	PIKFYVE	41673.0	0.10276855780910915	0.1863828218194421
ENSG00000085514	PILRA	8573.0	0.2882600508580113	0.4475184193843834
ENSG00000137193	PIM1	54947.0	0.5645103658198454	0.721644775455389
ENSG00000102096	PIM2	14873.0	0.5435032728685179	0.704246349744949
ENSG00000129195	PIMREG	17418.0	0.3247873530240999	0.49032375238592957
ENSG00000127445	PIN1	112908.0	0.24806233022896665	0.39751593205037716
ENSG00000158828	PINK1	39059.0	0.332657075388099	0.4992388237479953
ENSG00000150867	PIP4K2A	8646.0	0.03196722694349928	0.06195395766235802
ENSG00000057757	PITHD1	27811.0	0.1058014350255375	0.19135702247138814
ENSG00000180957	PITPNB	184077.0	0.44779692414229627	0.6185907936053671
ENSG00000069011	PITX1	3952.0	0.10910659300303256	0.1967468116975376
ENSG00000164093	PITX2	139.0	-0.014866992544500508	0.0
ENSG00000125207	PIWIL1	12799.0	0.43953128233832156	0.6106588828335334
ENSG00000008710	PKD1	73768.0	0.5063358837734823	0.6722748747179461
ENSG00000158683	PKD1L1	2774.0	0.07793802328684737	0.14460575952075397
ENSG00000118762	PKD2	11899.0	0.37267272334438695	0.542988458948037
ENSG00000107593	PKD2L1	686.0	0.17452670406216372	0.2971864385178366
ENSG00000170927	PKHD1	70568.0	0.6226867034579471	0.7674761888798387
ENSG00000171033	PKIA	84.0	0.007880185809558932	0.015637147987445223
ENSG00000067225	PKM	1257051.0	0.7881055205250059	0.8814977768130934
ENSG00000165495	PKNOX2	14074.0	0.45519521157905707	0.6256139491898368
ENSG00000057294	PKP2	78657.0	0.610782048024233	0.7583670910330933
ENSG00000116711	PLA2G4A	1135.0	-0.023282708774968672	0.0
ENSG00000127472	PLA2G5	534.0	0.5383469851762293	0.6999031952658685
ENSG00000184381	PLA2G6	42442.0	0.23331694742907805	0.3783568334408134
ENSG00000146070	PLA2G7	10976.0	0.4226431186898799	0.5941660464770593
ENSG00000153246	PLA2R1	7621.0	0.15817353053327424	0.27314305907240716
ENSG00000118495	PLAGL1	84699.0	0.3674575392972229	0.5374317355200225
ENSG00000126003	PLAGL2	59229.0	0.2760675647781407	0.4326848709239597
ENSG00000104368	PLAT	71131.0	0.7543648453075963	0.859986276315668
ENSG00000122861	PLAU	21634.0	0.7572359705793843	0.8618489300895809
ENSG00000011422	PLAUR	54126.0	0.817466259387821	0.8995669164864376
ENSG00000182621	PLCB1	61556.0	0.31014902292701163	0.4734560992674038
ENSG00000138193	PLCE1	7616.0	0.3256068646210876	0.4912570586516377
ENSG00000124181	PLCG1	310753.0	0.5067046651480925	0.6725998490198993
ENSG00000197943	PLCG2	17607.0	0.40854867025412184	0.5800987624806944
ENSG00000075651	PLD1	17720.0	0.579878717546579	0.7340800418491399
ENSG00000129219	PLD2	35683.0	0.18731291727297364	0.3155240957088126
ENSG00000178209	PLEC	717613.0	0.6262753042915545	0.770195922718479
ENSG00000107679	PLEKHA1	81494.0	0.2747006845818175	0.4310042159770812
ENSG00000169499	PLEKHA2	5355.0	0.0770167101118856	0.14301859829804262
ENSG00000115762	PLEKHB2	78263.0	0.3277116888941074	0.4936488721690305
ENSG00000152527	PLEKHH2	41059.0	0.5085048913631858	0.6741839476618028
ENSG00000116786	PLEKHM2	98781.0	0.42108248799982295	0.59262216170505
ENSG00000023902	PLEKHO1	25732.0	0.36583662185336097	0.5356960210320644
ENSG00000122194	PLG	54.0	0.0009435849953059734	0.0018853909639880424
ENSG00000166819	PLIN1	1485.0	0.03488797806404805	0.06742368025051862
ENSG00000147872	PLIN2	45265.0	0.3491098051692914	0.5175409797358693
ENSG00000167676	PLIN4	4168.0	0.21759065819006618	0.35741183907161717
ENSG00000214456	PLIN5	18136.0	0.40319771798457144	0.5746841130324654
ENSG00000166851	PLK1	18054.0	0.2604503173448215	0.41326550322660605
ENSG00000142731	PLK4	16300.0	0.3529803182171739	0.5217818965501243
ENSG00000198523	PLN	73.0	0.21758864563975336	0.3574091240402895
ENSG00000102007	PLP2	338460.0	0.9361723341544642	0.9670340988146545
ENSG00000102024	PLS3	77966.0	0.6771622880165118	0.8075095568924993
ENSG00000188313	PLSCR1	69857.0	0.5190336755699582	0.6833734945016424
ENSG00000100979	PLTP	52347.0	0.42444252585576675	0.5959419466233263
ENSG00000130300	PLVAP	17219.0	0.5328785904043899	0.6952652267963515
ENSG00000161381	PLXDC1	5152.0	0.5886874164196053	0.7410991115499851
ENSG00000196576	PLXNB2	940929.0	0.8579882530614327	0.9235669296054092
ENSG00000136040	PLXNC1	5621.0	0.29798516389853164	0.45915033882748796
ENSG00000162877	PM20D1	339.0	-0.007076204839817974	0.0
ENSG00000146281	PM20D2	37433.0	0.41372351559529275	0.5852962209814858
ENSG00000141682	PMAIP1	4651.0	0.2158182026859302	0.35501722578121375
ENSG00000183395	PMCH	165.0	0.007458537261649685	0.014806638657155197
ENSG00000118557	PMFBP1	715.0	-0.023672063925654355	0.0
ENSG00000140464	PML	101978.0	0.31421391334045423	0.478177730658457
ENSG00000140650	PMM2	35303.0	0.2085223000129123	0.34508639188649537
ENSG00000109099	PMP22	3732.0	0.4847683689010931	0.6529885456273289
ENSG00000064933	PMS1	74190.0	0.26100006318517227	0.413957256315927
ENSG00000122512	PMS2	73088.0	0.16836427350956437	0.2882051040534254
ENSG00000176903	PNMA1	79531.0	0.3921085886932842	0.5633304641290097
ENSG00000240694	PNMA2	281.0	0.5958568265735033	0.7467547422194253
ENSG00000168081	PNOC	8450.0	0.5927160574052934	0.7442833952096797
ENSG00000198805	PNP	48262.0	0.4056518292434645	0.5771725555421363
ENSG00000180316	PNPLA1	171.0	0.006045381062398581	0.012018108081793627
ENSG00000177666	PNPLA2	176120.0	0.48802532995440673	0.6559368582379708
ENSG00000100344	PNPLA3	9644.0	0.24098494991824077	0.3883769097024383
ENSG00000032444	PNPLA6	22899.0	0.26821725307779315	0.4229831323093356
ENSG00000138035	PNPT1	35175.0	0.3067259507769935	0.46945719658297275
ENSG00000128567	PODXL	144172.0	0.6695130604799164	0.8020459094671101
ENSG00000134901	POGLUT2	4681.0	0.44192072546568195	0.6129611949685507
ENSG00000143442	POGZ	230528.0	0.3057771134317684	0.46834503421206786
ENSG00000070501	POLB	7778.0	0.07453152519145026	0.13872375717998764
ENSG00000062822	POLD1	36089.0	0.3213072595961201	0.486347527817766
ENSG00000004142	POLDIP2	137172.0	0.042983621938693255	0.08242434691121131
ENSG00000177084	POLE	51113.0	0.5030520796075468	0.6693741174143425
ENSG00000170734	POLH	59957.0	0.25184188534832536	0.4023541443946019
ENSG00000181222	POLR2A	359221.0	0.3099283740416348	0.4731989629102943
ENSG00000047315	POLR2B	523712.0	0.6709384026854517	0.8030677870676164
ENSG00000102978	POLR2C	75539.0	0.254344836017791	0.4055421263984595
ENSG00000099817	POLR2E	16315.0	0.07945831091015577	0.14721885988011843
ENSG00000168002	POLR2G	58178.0	0.2360088109109785	0.3818885574723895
ENSG00000163882	POLR2H	230070.0	0.49894044784233227	0.6657241767817235
ENSG00000255529	POLR2M	27741.0	0.19254787635922432	0.32291848432460624
ENSG00000115138	POMC	461.0	0.05486067784266747	0.10401502112082699
ENSG00000085998	POMGNT1	133773.0	0.3260540537767071	0.4917658565245953
ENSG00000130714	POMT1	14274.0	0.10537534595689393	0.19065984480714704
ENSG00000005421	PON1	252.0	0.05359306582536932	0.1017339000487542
ENSG00000105854	PON2	98085.0	0.302099879171026	0.4640195180163231
ENSG00000132429	POPDC3	46.0	0.00580822579190976	0.011549370233747554
ENSG00000127948	POR	217667.0	0.5086075609591671	0.6742741772231293
ENSG00000102312	PORCN	10637.0	0.20439389803723287	0.3394137057159255
ENSG00000133110	POSTN	36041.0	0.9261041270629199	0.9616345389126171
ENSG00000196604	POTEF	33294.0	0.5399097891633138	0.7012226209129633
ENSG00000196834	POTEI	5903.0	0.1674235211934547	0.2868256774924287
ENSG00000222038	POTEJ	1419.0	0.07814246330265963	0.1449575839231614
ENSG00000110777	POU2AF1	4307.0	0.3875315780346859	0.5585913634968793
ENSG00000143190	POU2F1	49066.0	0.25784061214806675	0.4099734253416124
ENSG00000028277	POU2F2	758.0	0.053942754032021666	0.1023637267311821
ENSG00000137709	POU2F3	3652.0	0.23654460564122629	0.3825896850984409
ENSG00000185668	POU3F1	886.0	0.08999978081372872	0.16513724570942623
ENSG00000198914	POU3F3	56.0	0.012213197144451415	0.024131669452455255
ENSG00000196767	POU3F4	65.0	0.04825638156240136	0.09206980736998018
ENSG00000091010	POU4F3	273.0	0.005207752574311583	0.010361544787084384
ENSG00000204531	POU5F1	21400.0	0.3345506258329521	0.501368204932869
ENSG00000186951	PPARA	25600.0	0.2257548887902068	0.36835241834200955
ENSG00000112033	PPARD	55530.0	0.1469882498924298	0.2563029741694653
ENSG00000132170	PPARG	1026.0	0.40772956650491693	0.5792725765037667
ENSG00000109819	PPARGC1A	107.0	0.07941568316525723	0.14714569077295642
ENSG00000131626	PPFIA1	143715.0	0.24169753641902894	0.38930178941333515
ENSG00000177380	PPFIA3	451.0	0.11953528069615878	0.21354446395262927
ENSG00000143847	PPFIA4	22376.0	0.7854879150429736	0.8798580023142506
ENSG00000168938	PPIC	13287.0	0.28690830592449434	0.4458877211432465
ENSG00000171497	PPID	33863.0	0.19853902789550135	0.33130173198300167
ENSG00000108179	PPIF	143916.0	0.5447432179964652	0.7052864342113742
ENSG00000100614	PPM1A	113189.0	0.2675873581777477	0.42219947438167055
ENSG00000170836	PPM1D	25865.0	0.09910542063239232	0.1803383347438502
ENSG00000111110	PPM1H	20185.0	0.16052047677507084	0.2766353200783419
ENSG00000172531	PPP1CA	222658.0	0.3026322461062028	0.4646472509963175
ENSG00000158615	PPP1R15B	89466.0	0.17208129430671085	0.29363371831387747
ENSG00000101445	PPP1R16B	4413.0	0.2893913788102582	0.44888058593548874
ENSG00000131771	PPP1R1B	1130398.0	0.9383971388910429	0.9682196904478512
ENSG00000150722	PPP1R1C	8663.0	0.1343033870762972	0.23680329020698493
ENSG00000104866	PPP1R37	43595.0	0.4067840188276071	0.5783176569870546
ENSG00000115685	PPP1R7	35059.0	0.16660901550342966	0.28562956961468783
ENSG00000108819	PPP1R9B	59091.0	0.7056512328471499	0.8274273418361678
ENSG00000113575	PPP2CA	84999.0	0.27189197316678715	0.42753941199868406
ENSG00000105568	PPP2R1A	135058.0	0.3248048613699201	0.4903437039535834
ENSG00000073711	PPP2R3A	69850.0	0.23489353948973685	0.38042718983985585
ENSG00000092020	PPP2R3C	13939.0	0.08605338617856968	0.15846990078703316
ENSG00000138814	PPP3CA	24081.0	0.18405852538602757	0.3108943036848971
ENSG00000154845	PPP4R1	61175.0	0.1553007310135473	0.26884901367162073
ENSG00000119698	PPP4R4	2310.0	0.11497070531778536	0.20623089874817255
ENSG00000185686	PRAME	17825.0	0.500285497629237	0.6669203940447229
ENSG00000137509	PRCP	45238.0	0.3992585800061729	0.5706716195435608
ENSG00000057657	PRDM1	6036.0	0.6756320487083527	0.8064205375269089
ENSG00000170325	PRDM10	31460.0	0.13756215689870835	0.2418543128645185
ENSG00000130711	PRDM12	44.0	-0.008525879813709636	0.0
ENSG00000112238	PRDM13	48.0	-0.010448063872126882	0.0
ENSG00000141956	PRDM15	30650.0	0.1943139062639169	0.325398381857203
ENSG00000061455	PRDM6	5604.0	0.738127073592222	0.8493361444128708
ENSG00000085377	PREP	53756.0	0.160639321980739	0.2768117862948035
ENSG00000138078	PREPL	52083.0	0.18676878362261387	0.3147517632752385
ENSG00000180644	PRF1	246.0	0.09730356381595	0.1773503103873463
ENSG00000186652	PRG2	110.0	-0.025684548645537746	0.0
ENSG00000116690	PRG4	68.0	0.830288503673476	0.9072760955522012
ENSG00000139174	PRICKLE1	20116.0	0.3399341847660344	0.5073893757332419
ENSG00000132356	PRKAA1	41370.0	0.2627918449684415	0.4162077004464801
ENSG00000162409	PRKAA2	26076.0	0.35614370115364613	0.5252300340305844
ENSG00000111725	PRKAB1	85026.0	0.53559459158856	0.6975729069669252
ENSG00000072062	PRKACA	249516.0	0.5383690877144038	0.6999218744238721
ENSG00000142875	PRKACB	17981.0	0.29742582157626635	0.45848605235082845
ENSG00000181929	PRKAG1	65210.0	0.153963033904061	0.26684222870324853
ENSG00000106617	PRKAG2	40329.0	0.2025906840691484	0.33692375427963905
ENSG00000108946	PRKAR1A	215690.0	0.4567780633937681	0.6271072785509135
ENSG00000154229	PRKCA	36775.0	0.34072452151410026	0.5082692470326641
ENSG00000166501	PRKCB	908.0	0.3034328771309613	0.4655903383361936
ENSG00000163932	PRKCD	94188.0	0.2626148457028989	0.415985677020455
ENSG00000171132	PRKCE	20321.0	0.1211993667498811	0.21619592437197377
ENSG00000126583	PRKCG	166.0	0.018152344045288284	0.035657422293339736
ENSG00000027075	PRKCH	8428.0	0.23121654250337748	0.37559037670701734
ENSG00000163558	PRKCI	178851.0	0.4378801910295	0.6090635280481672
ENSG00000065675	PRKCQ	25461.0	0.37478857824103595	0.5452308582903077
ENSG00000067606	PRKCZ	27342.0	0.24267453966587477	0.3905681365792271
ENSG00000184304	PRKD1	5974.0	0.20201299662500405	0.3361244798387595
ENSG00000115825	PRKD3	50411.0	0.24660310526137313	0.39564012671004584
ENSG00000253729	PRKDC	164404.0	0.5150384134136993	0.6799014584101662
ENSG00000185345	PRKN	38299.0	0.4784063024441074	0.6471919142298084
ENSG00000180228	PRKRA	58538.0	0.15598499294304446	0.26987373347454846
ENSG00000172179	PRL	1259.0	0.08154367698215788	0.15079127864662853
ENSG00000113494	PRLR	9015.0	0.4206279418883453	0.5921718551153272
ENSG00000175646	PRM1	88.0	-0.009202492297625098	0.0
ENSG00000126457	PRMT1	139888.0	0.3866250919190441	0.5576490634306459
ENSG00000100462	PRMT5	65779.0	0.11896529479516516	0.21263446748264456
ENSG00000111218	PRMT8	3112.0	0.2132576416730865	0.3515455157224536
ENSG00000164169	PRMT9	8611.0	0.09161271424585576	0.16784838258163146
ENSG00000282961	PRNCR1	10851.0	0.22766545202040214	0.3708916816804235
ENSG00000171867	PRNP	49105.0	0.2507294715224759	0.40093317896678377
ENSG00000115718	PROC	1024.0	0.07349321648995498	0.13692348560945505
ENSG00000101000	PROCR	3228.0	0.2789666272480537	0.43623753943964094
ENSG00000100033	PRODH	18031.0	0.45813705067289523	0.6283868179077899
ENSG00000101292	PROKR2	83.0	-0.01828570805495276	0.0
ENSG00000007062	PROM1	4845.0	0.4988250038033791	0.6656214068187731
ENSG00000155066	PROM2	40168.0	0.5958540489190322	0.7467525608906904
ENSG00000184500	PROS1	6761.0	0.3719181035688291	0.5421870337614799
ENSG00000120685	PROSER1	19749.0	0.025221974239497996	0.049202952869221266
ENSG00000117707	PROX1	2951.0	0.51672769942084	0.6813717447346042
ENSG00000110107	PRPF19	36805.0	-0.007973193018135163	0.0
ENSG00000117360	PRPF3	158984.0	0.2750313992102486	0.4314111783923163
ENSG00000105618	PRPF31	65145.0	0.4234123634712658	0.5949257914813849
ENSG00000174231	PRPF8	291599.0	0.40732252530340285	0.5788616581910941
ENSG00000135406	PRPH	541.0	0.09147203720763555	0.1676122412474309
ENSG00000112619	PRPH2	4698.0	0.09955079773309841	0.18107539540390213
ENSG00000147224	PRPS1	19589.0	0.09147414011826585	0.1676157716542038
ENSG00000101911	PRPS2	8410.0	0.24744605604139674	0.3967242588856046
ENSG00000161542	PRPSAP1	112168.0	0.15915568136497993	0.27460622231099097
ENSG00000068489	PRR11	29275.0	0.32628961269573864	0.4920337301481861
ENSG00000205352	PRR13	221840.0	0.3428950788902331	0.5106803715054212
ENSG00000183530	PRR14L	29440.0	0.11857354686856286	0.21200849456972856
ENSG00000204469	PRRC2A	325071.0	0.4724778052832663	0.6417452318642913
ENSG00000126460	PRRG2	16898.0	0.24832505866431281	0.3978531984770321
ENSG00000167371	PRRT2	4974.0	0.22781994223635657	0.3710966639316908
ENSG00000116132	PRRX1	535.0	0.1452274089423813	0.25362195806420484
ENSG00000112812	PRSS16	20008.0	0.3015163492463699	0.4633308669859736
ENSG00000196415	PRTN3	118.0	0.006667978201354588	0.013247621550987397
ENSG00000122378	PRXL2A	183906.0	0.6213685210833034	0.7664741395967665
ENSG00000059915	PSD	11067.0	0.1364056927511083	0.24006513452231257
ENSG00000156011	PSD3	47836.0	0.5640047549360779	0.7212315092470793
ENSG00000080815	PSEN1	43721.0	0.22948383414763004	0.37330110046827153
ENSG00000143801	PSEN2	3196.0	0.12949439526468504	0.22929621573613812
ENSG00000205155	PSENEN	9452.0	0.07561572572755647	0.14059988882443922
ENSG00000231924	PSG1	78.0	0.047226862758200476	0.0901941392790741
ENSG00000164985	PSIP1	33431.0	0.22845030310027492	0.37193251126843047
ENSG00000159792	PSKH1	45185.0	0.1269080581152649	0.22523231988866338
ENSG00000100902	PSMA6	122059.0	0.3784426947352655	0.5490873087153567
ENSG00000100804	PSMB5	104866.0	0.1516357572858904	0.26333978660623897
ENSG00000161057	PSMC2	85842.0	0.14180705559003307	0.24839057509020865
ENSG00000087191	PSMC5	182715.0	0.2939268893669578	0.4543176152877678
ENSG00000173692	PSMD1	86309.0	0.1772486892197485	0.3011236127809573
ENSG00000101843	PSMD10	63321.0	0.19250987531271513	0.32286504170413305
ENSG00000175166	PSMD2	238643.0	0.33472417768407836	0.5015630694048995
ENSG00000108344	PSMD3	473104.0	0.611977383356965	0.7592878035081532
ENSG00000159352	PSMD4	123023.0	0.22335827459322272	0.3651559469240379
ENSG00000131467	PSME3	34210.0	0.22474674805166328	0.3670093403541461
ENSG00000121390	PSPC1	215721.0	0.3659091287044955	0.5357737509984198
ENSG00000134222	PSRC1	34871.0	0.4224502339329609	0.5939754148936653
ENSG00000152229	PSTPIP2	2282.0	0.04898178880297874	0.09338920718323085
ENSG00000169403	PTAFR	9308.0	0.35090606365260585	0.5195121601628159
ENSG00000011304	PTBP1	149766.0	0.19008128504211794	0.31944252452535765
ENSG00000117569	PTBP2	64565.0	0.3331169617294836	0.4997565424376916
ENSG00000106246	PTCD1	36255.0	0.2276039447985058	0.3708100576947296
ENSG00000049883	PTCD2	8216.0	0.07725841553051076	0.14343525084919162
ENSG00000132300	PTCD3	157291.0	0.3810415019915987	0.5518175977218629
ENSG00000185920	PTCH1	39658.0	0.7180147469062472	0.8358656387545311
ENSG00000156471	PTDSS1	36607.0	0.23381996106464642	0.37901795795698806
ENSG00000171862	PTEN	172632.0	0.20949783818799855	0.3464211866667846
ENSG00000168229	PTGDR	133.0	0.02038340897438122	0.039952450804485756
ENSG00000183134	PTGDR2	349.0	0.042718245094223554	0.08193631461845839
ENSG00000125384	PTGER2	1380.0	0.199684914286114	0.33289559934983226
ENSG00000050628	PTGER3	190.0	0.01385215252354642	0.02732578411766938
ENSG00000171522	PTGER4	4498.0	0.4172480843321253	0.5888144622594461
ENSG00000148344	PTGES	5277.0	0.43080804487782637	0.6021884576622046
ENSG00000110958	PTGES3	462019.0	0.7205862691025096	0.837605509287693
ENSG00000122420	PTGFR	48.0	-0.007269293611354707	0.0
ENSG00000134247	PTGFRN	120980.0	0.4208445995032621	0.5923865279150056
ENSG00000160013	PTGIR	1008.0	0.2343481642817853	0.3797116098408791
ENSG00000124212	PTGIS	3041.0	0.4485420192003869	0.6193013571646167
ENSG00000095303	PTGS1	127071.0	0.7140873905271806	0.8331983473812938
ENSG00000073756	PTGS2	631.0	0.26973197966046636	0.4248644343550271
ENSG00000152266	PTH	46.0	0.011756783836027497	0.023240336064666082
ENSG00000160801	PTH1R	1064.0	0.28540537412500766	0.44407060973941676
ENSG00000144407	PTH2R	16151.0	0.18935279707354383	0.3184131698171559
ENSG00000087494	PTHLH	575.0	0.4032659798316232	0.5747534474968328
ENSG00000169398	PTK2	176272.0	0.31522722432612355	0.4793502118808937
ENSG00000120899	PTK2B	11722.0	0.4030118057396818	0.5744952452872768
ENSG00000101213	PTK6	2565.0	0.1292396583377466	0.2288967756020698
ENSG00000112655	PTK7	267450.0	0.4699036979821401	0.6393666450764309
ENSG00000104960	PTOV1	218741.0	0.5955388129482178	0.7465049525781051
ENSG00000112245	PTP4A1	72961.0	0.3450229375999224	0.513036511058445
ENSG00000184489	PTP4A3	33100.0	0.5259125290689804	0.6893088811451865
ENSG00000119383	PTPA	114465.0	0.27610632971225485	0.4327324820565904
ENSG00000158079	PTPDC1	7977.0	0.10488107398790585	0.1898504308872864
ENSG00000196396	PTPN1	73875.0	0.12235874277539134	0.21803856131208132
ENSG00000179295	PTPN11	91429.0	0.2488285799450726	0.3984991758532894
ENSG00000163629	PTPN13	12298.0	0.31663844627638943	0.480980100758687
ENSG00000175354	PTPN2	111122.0	0.4576669919624967	0.6279445092549255
ENSG00000134242	PTPN22	625.0	0.09421449093868044	0.17220479479824435
ENSG00000110786	PTPN5	1265.0	0.5073320330344854	0.6731523273119194
ENSG00000111679	PTPN6	87866.0	0.4362458655257758	0.6074807607763959
ENSG00000142949	PTPRF	666700.0	0.8437207551627067	0.915237031204597
ENSG00000144724	PTPRG	48010.0	0.31958449432381125	0.4843713997830423
ENSG00000149177	PTPRJ	50587.0	0.4836921526759584	0.6520114726004052
ENSG00000173482	PTPRM	29624.0	0.4258033853115991	0.597282051225517
ENSG00000139304	PTPRQ	2463.0	0.0019570016984705924	0.0039063586464352755
ENSG00000060656	PTPRU	43908.0	0.5712071025229256	0.7270933304791258
ENSG00000106278	PTPRZ1	140.0	0.05695736760875123	0.10777609268689987
ENSG00000164611	PTTG1	23370.0	0.3434778285588737	0.5113263818090942
ENSG00000163661	PTX3	7348.0	0.501567951723122	0.668058946180289
ENSG00000080608	PUM3	79398.0	0.35352995557469674	0.5223821668942541
ENSG00000146676	PURB	82397.0	0.3167946501341918	0.4811602934472856
ENSG00000169972	PUSL1	17372.0	0.14834382208811955	0.258361336099453
ENSG00000073008	PVR	64139.0	0.5753859049734895	0.7304697892205302
ENSG00000249859	PVT1	62547.0	0.7976697768714421	0.8874486150172244
ENSG00000136045	PWP1	80512.0	0.2910545905971329	0.45087882838868276
ENSG00000160953	PWWP3A	3513.0	0.24183895224901975	0.38948520951294013
ENSG00000089159	PXN	54364.0	0.17261115933778579	0.2944047700096344
ENSG00000103490	PYCARD	19137.0	0.3027390276655575	0.46477309919554727
ENSG00000100994	PYGB	319753.0	0.5999463386099576	0.7499580756329546
ENSG00000100504	PYGL	27723.0	0.19030184578668302	0.31975392873714403
ENSG00000068976	PYGM	5756.0	0.5617481885067857	0.7193838195437675
ENSG00000170473	PYM1	103912.0	0.3680324002925362	0.538046321437763
ENSG00000126838	PZP	2787.0	0.38715305696934005	0.558198037374757
ENSG00000011478	QPCTL	7408.0	0.09533816725589463	0.17407987798825889
ENSG00000186867	QRFPR	155.0	-0.00902715268035601	0.0
ENSG00000048991	R3HDM1	62135.0	0.3710231895508293	0.5412354690694661
ENSG00000179912	R3HDM2	128863.0	0.40523789853433206	0.5767534436083692
ENSG00000103769	RAB11A	60955.0	0.2004183468633406	0.3339141681515083
ENSG00000135631	RAB11FIP5	14577.0	0.20063315039239563	0.33421224514219666
ENSG00000069974	RAB27A	3683.0	0.029367166457300198	0.05705868112807812
ENSG00000157869	RAB28	34363.0	0.17016348045415888	0.29083710660345635
ENSG00000144566	RAB5A	19741.0	0.1266746329009455	0.22486462231742185
ENSG00000222014	RAB6C	4252.0	0.023867437040156224	0.04662212348339415
ENSG00000075785	RAB7A	218955.0	0.41814673853624834	0.5897087052752269
ENSG00000167461	RAB8A	72984.0	0.20406003555924457	0.3389532573672137
ENSG00000123595	RAB9A	12726.0	0.08104860723955305	0.1499444274693806
ENSG00000079974	RABL2B	16031.0	0.2795118729623019	0.43690391448292115
ENSG00000144840	RABL3	14426.0	0.11860384120758279	0.2120569174508549
ENSG00000196642	RABL6	279357.0	0.36243078235129145	0.5320355162936148
ENSG00000136238	RAC1	470670.0	0.3814834232729363	0.5522808552695424
ENSG00000161800	RACGAP1	73198.0	0.6159220927109068	0.762316568959859
ENSG00000070950	RAD18	42197.0	0.3007609428381306	0.4624384588022765
ENSG00000113522	RAD50	115827.0	0.3909364836089295	0.5621198210210204
ENSG00000051180	RAD51	9591.0	0.17892953957706859	0.3035457736367487
ENSG00000002016	RAD52	36736.0	0.10406773550651417	0.18851693996613517
ENSG00000085999	RAD54L	120604.0	0.7629103623291306	0.8655123693540322
ENSG00000164080	RAD54L2	65479.0	0.06931142243676039	0.12963748629713998
ENSG00000132155	RAF1	115331.0	0.24502976866334258	0.39361270682933996
ENSG00000166349	RAG1	7862.0	0.13931353066842242	0.24455696683719494
ENSG00000039560	RAI14	87066.0	0.3713900739868342	0.5416257285677272
ENSG00000131831	RAI2	25100.0	0.3085958263673683	0.47164421611220203
ENSG00000136828	RALGPS1	38157.0	0.2233135435735489	0.36509616810291234
ENSG00000132341	RAN	308308.0	0.6023354912108854	0.7518219430510152
ENSG00000153201	RANBP2	122425.0	0.15550353976498185	0.26915285745746786
ENSG00000031823	RANBP3	38228.0	0.3622092358499837	0.531796770007912
ENSG00000010017	RANBP9	138419.0	0.19606945241795298	0.3278562996849095
ENSG00000100401	RANGAP1	141428.0	0.35129393160359734	0.5199371112200769
ENSG00000116473	RAP1A	57994.0	0.1678826902438417	0.2874992354048668
ENSG00000125249	RAP2A	20374.0	0.11622860245707768	0.20825232788558115
ENSG00000079337	RAPGEF3	279990.0	0.8265955812599698	0.905066879325079
ENSG00000136237	RAPGEF5	21598.0	0.25221066153651217	0.4028246512883698
ENSG00000158987	RAPGEF6	11094.0	0.1451233251115787	0.25346322431680124
ENSG00000131759	RARA	37646.0	0.46985747243626685	0.6393238545196972
ENSG00000077092	RARB	1627.0	0.19104931602346867	0.32080840558528845
ENSG00000145715	RASA1	40222.0	0.15332711453834627	0.26588660338523307
ENSG00000108551	RASD1	19121.0	0.6931538831903676	0.8187724578043374
ENSG00000100302	RASD2	4377.0	0.07884898055470252	0.14617241518671392
ENSG00000146090	RASGEF1C	5157.0	0.11875561122175629	0.2122994692148488
ENSG00000172575	RASGRP1	9792.0	0.3572116761140886	0.5263905143180643
ENSG00000068028	RASSF1	15490.0	0.29087581799252876	0.4506642915425847
ENSG00000101265	RASSF2	5833.0	0.46093655115518	0.6310151536570319
ENSG00000153179	RASSF3	21724.0	0.3314079609913085	0.49783082376127075
ENSG00000107551	RASSF4	9398.0	0.16052196636254557	0.27663753210234143
ENSG00000266094	RASSF5	2570.0	0.4416525171838319	0.6127031471447356
ENSG00000123094	RASSF8	10153.0	0.17492943626129479	0.2977701142937267
ENSG00000161847	RAVER1	165748.0	0.4160174012135911	0.5875879785898751
ENSG00000139687	RB1	51475.0	0.24996981210181107	0.399961358557115
ENSG00000162521	RBBP4	172219.0	0.353870995892459	0.522754379059861
ENSG00000117222	RBBP5	69147.0	0.15486029990504954	0.268188801568089
ENSG00000102054	RBBP7	214675.0	0.6826407988186141	0.8113921869693136
ENSG00000101773	RBBP8	81064.0	0.35598121275790523	0.5250533110763115
ENSG00000125826	RBCK1	144681.0	0.5048375345447401	0.6709528742549196
ENSG00000103479	RBL2	46004.0	0.19485246852150753	0.32615318402047583
ENSG00000182872	RBM10	101381.0	0.21098315460692066	0.34844936331984694
ENSG00000244462	RBM12	164927.0	0.3306612202607945	0.49698783616161685
ENSG00000239306	RBM14	39306.0	0.10870270885910813	0.19608991299564302
ENSG00000162775	RBM15	117504.0	0.23372275116439398	0.37889023436392855
ENSG00000122965	RBM19	98163.0	0.1840007273723978	0.3108118485378683
ENSG00000203867	RBM20	2024.0	0.32943393643102403	0.495600311385787
ENSG00000100461	RBM23	106653.0	0.2542086602696344	0.40536900808033605
ENSG00000091009	RBM27	54514.0	0.16393395737222669	0.28168944867341905
ENSG00000188739	RBM34	28111.0	0.03548418067612347	0.06853640323689722
ENSG00000132819	RBM38	499996.0	0.6752615043684418	0.8061565344963969
ENSG00000153250	RBMS1	117866.0	0.3558387843491739	0.5248983705979212
ENSG00000076067	RBMS2	50833.0	0.1339098274371451	0.23619131644675334
ENSG00000144642	RBMS3	26448.0	0.8111401708841502	0.8957232398949809
ENSG00000147274	RBMX	416248.0	0.786048666753118	0.8802096845234194
ENSG00000168214	RBPJ	45385.0	0.11689041211390487	0.20931402194181237
ENSG00000157110	RBPMS	7873.0	0.6489172893186324	0.7870828858696469
ENSG00000100387	RBX1	79167.0	0.4630111836548736	0.6329564514991413
ENSG00000135870	RC3H1	61020.0	0.14076011663967047	0.24678302578513459
ENSG00000056586	RC3H2	48924.0	0.03955725350878499	0.07610404020609472
ENSG00000172348	RCAN2	11872.0	0.17214539494546063	0.2937270336731059
ENSG00000180198	RCC1	62962.0	0.27351719973037203	0.4295461416434436
ENSG00000117906	RCN2	56464.0	0.24737891593610484	0.3966379626522026
ENSG00000089902	RCOR1	78955.0	0.3539420822350371	0.5228319392374048
ENSG00000117625	RCOR3	46258.0	0.2775767392810622	0.4345363072863466
ENSG00000278023	RDM1	3049.0	0.050243254830090095	0.09567927163353888
ENSG00000122707	RECK	9328.0	0.3436845448680979	0.5115554036559014
ENSG00000004700	RECQL	46983.0	0.15752081792374623	0.27216930440403225
ENSG00000160957	RECQL4	42680.0	0.35326099981063575	0.5220884956561493
ENSG00000168476	REEP4	30585.0	0.22159534260304975	0.3627966395661937
ENSG00000115255	REEP6	1620.0	0.29058440000015484	0.45031444669580695
ENSG00000162924	REL	8732.0	0.09300712359985382	0.17018575925384988
ENSG00000173039	RELA	70920.0	0.22415395906464566	0.36621857472228037
ENSG00000104856	RELB	13182.0	0.29960625140168723	0.4610723456870842
ENSG00000189056	RELN	7654.0	0.5065275405912968	0.6724437847216386
ENSG00000054967	RELT	22002.0	0.2793142919397325	0.43666250537423185
ENSG00000143839	REN	410.0	0.6343835564002631	0.7762970373949376
ENSG00000135597	REPS1	100867.0	0.38636049722584365	0.5573737826473917
ENSG00000134533	RERG	1911.0	0.0888243252113961	0.16315639383635336
ENSG00000084093	REST	179781.0	0.4139580429133687	0.5855308719916965
ENSG00000165731	RET	1867.0	0.34899228624848033	0.517411833716293
ENSG00000104918	RETN	135.0	0.056326412684410083	0.10664584735937728
ENSG00000154153	RETREG1	5715.0	0.2758972398625407	0.4324756434025433
ENSG00000141699	RETREG3	24468.0	0.26612817630999974	0.4203810977267767
ENSG00000076043	REXO2	60568.0	0.3761557440317598	0.5466761239243552
ENSG00000133119	RFC3	23703.0	0.2438144551128019	0.3920431284756058
ENSG00000163918	RFC4	44146.0	0.22245135270239683	0.3639430758706881
ENSG00000111445	RFC5	66867.0	0.36332537611060733	0.5329987726732236
ENSG00000128276	RFPL3	137.0	-0.006476938879616332	0.0
ENSG00000131378	RFTN1	12850.0	0.783288389893174	0.8784764083391986
ENSG00000132005	RFX1	30519.0	0.14010630617748568	0.24577761813673307
ENSG00000087903	RFX2	1995.0	0.1628923597987937	0.280150365468009
ENSG00000111783	RFX4	208.0	0.21781373139884547	0.35771272039879703
ENSG00000143390	RFX5	64921.0	0.2391399109916083	0.38597725546623574
ENSG00000130988	RGN	8834.0	0.4370341904105711	0.6082446657524653
ENSG00000187627	RGPD1	9161.0	0.05501444163754773	0.10429135273666337
ENSG00000183054	RGPD6	98055.0	0.17191928180250732	0.29339782094562256
ENSG00000169629	RGPD8	37999.0	0.1467395227915757	0.255924767351454
ENSG00000117152	RGS4	3878.0	0.6011739099065251	0.7509164447247595
ENSG00000143248	RGS5	6569.0	0.7231622540836554	0.8393431928651656
ENSG00000112077	RHAG	138.0	-0.005791824312958372	0.0
ENSG00000144468	RHBDD1	14960.0	0.0795867733356699	0.1474393264188768
ENSG00000005486	RHBDD2	267395.0	0.3989372602420086	0.5703433192893792
ENSG00000188672	RHCE	268.0	-0.002536088538880928	0.0
ENSG00000187010	RHD	263.0	0.006053989714406587	0.012035118942523477
ENSG00000106615	RHEB	7558.0	0.04220564533985999	0.08099293172816552
ENSG00000067560	RHOA	191879.0	0.39185222577940365	0.563065846390375
ENSG00000155366	RHOC	162461.0	0.5220148404127835	0.6859523659719489
ENSG00000168421	RHOH	708.0	0.24634503774651195	0.3953079288411543
ENSG00000126858	RHOT1	43773.0	0.2239890859183907	0.365998501939788
ENSG00000177963	RIC8A	103580.0	0.03217214984821002	0.06233872877298854
ENSG00000132541	RIDA	6484.0	0.06316066801481429	0.11881678830867773
ENSG00000188026	RILPL1	58987.0	0.28656332857871303	0.44547100358485126
ENSG00000150977	RILPL2	2913.0	0.026048486001600438	0.050774376371059346
ENSG00000117016	RIMS3	3094.0	0.04351379740762154	0.08339860482098446
ENSG00000101098	RIMS4	6858.0	0.4965098426773906	0.6635570692793973
ENSG00000170468	RIOX1	54173.0	0.17744781543300683	0.30141092132860314
ENSG00000137275	RIPK1	73799.0	0.27533866672841695	0.4317890987101236
ENSG00000104312	RIPK2	9745.0	0.16537952499717923	0.2838208865864183
ENSG00000129465	RIPK3	3971.0	0.1528676554497059	0.26519549703226936
ENSG00000183421	RIPK4	26111.0	0.3592351973574521	0.5285843069041425
ENSG00000039523	RIPOR1	32257.0	0.27147238851827443	0.4270205015378085
ENSG00000139405	RITA1	16618.0	0.11640771689244335	0.20853979264218625
ENSG00000117000	RLF	27108.0	0.10487389877533243	0.1898386755114354
ENSG00000107018	RLN1	168.0	0.02121356548097983	0.0415457964877082
ENSG00000107014	RLN2	121.0	-0.015852165190046164	0.0
ENSG00000171136	RLN3	563.0	0.030922951312501733	0.05999080973632939
ENSG00000176623	RMDN1	12674.0	0.12466042575557387	0.2216854490488967
ENSG00000155906	RMND1	39175.0	0.30374582908415165	0.46595865897806993
ENSG00000153561	RMND5A	169103.0	0.45996954759205927	0.630108413357924
ENSG00000136104	RNASEH2B	33171.0	0.15618216903121232	0.27016879037683206
ENSG00000135828	RNASEL	5965.0	0.1810705739267403	0.30662109093909534
ENSG00000128482	RNF112	16927.0	0.14882332513520916	0.25908827211128155
ENSG00000137522	RNF121	65349.0	0.20518080608739966	0.3404979652032725
ENSG00000133135	RNF128	3374.0	0.34909080813396387	0.5175201046945379
ENSG00000108523	RNF167	119959.0	0.06190383983861913	0.11659029286121962
ENSG00000164197	RNF180	9698.0	0.2185505327905495	0.35870573588779525
ENSG00000168159	RNF187	220452.0	0.45520782490980427	0.6256258619802553
ENSG00000121481	RNF2	28603.0	0.19971449082872758	0.33293669844859614
ENSG00000173456	RNF26	14070.0	0.09974006323480265	0.18138843272004615
ENSG00000092098	RNF31	40963.0	0.09703338678705625	0.17690142880927884
ENSG00000137075	RNF38	62080.0	0.07805272349954177	0.14480316555607672
ENSG00000204618	RNF39	1717.0	0.529798101153096	0.6926379379785567
ENSG00000108375	RNF43	62807.0	0.5284258443919174	0.6914641574935565
ENSG00000116747	RO60	40180.0	0.08194411261858381	0.15147568467331998
ENSG00000154133	ROBO4	10194.0	0.7896576491411408	0.8824678278776933
ENSG00000067900	ROCK1	71952.0	0.05922922253512944	0.11183457041219441
ENSG00000134318	ROCK2	27313.0	-0.0073271628261844315	0.0
ENSG00000185483	ROR1	21298.0	0.5025698969098229	0.6689471124683191
ENSG00000169071	ROR2	25872.0	0.32416220503028687	0.4896110216691655
ENSG00000198963	RORB	54.0	0.020057714671013496	0.03932662707714036
ENSG00000143365	RORC	24190.0	0.4769290694145512	0.645838827728679
ENSG00000047936	ROS1	72.0	-0.016919314205506557	0.0
ENSG00000183638	RP1L1	250.0	0.19605988070275	0.3278429180110183
ENSG00000132383	RPA1	65127.0	0.26213312258658034	0.4153811002905494
ENSG00000117748	RPA2	43064.0	0.21411380263255606	0.3527079622491637
ENSG00000106399	RPA3	37175.0	0.19652028272141894	0.32848633752274464
ENSG00000103932	RPAP1	43873.0	0.1613586938752147	0.2778791681264192
ENSG00000005175	RPAP3	54618.0	0.18202475445630628	0.3079880582366177
ENSG00000116745	RPE65	71.0	0.01040335121338113	0.02059247171119904
ENSG00000117133	RPF1	84681.0	0.27054426145797406	0.42587144685147654
ENSG00000163902	RPN1	498194.0	0.6899307964564192	0.816519585184341
ENSG00000177519	RPRM	8045.0	0.7036196155043067	0.8260290138723493
ENSG00000179673	RPRML	1772.0	0.10870370231649096	0.19609152939485786
ENSG00000100784	RPS6KA5	12881.0	0.14336791277268848	0.2507817670429785
ENSG00000141564	RPTOR	40202.0	0.10651755434173081	0.19252754540364847
ENSG00000166133	RPUSD2	15636.0	0.05311197318914006	0.10086671605926388
ENSG00000166592	RRAD	3930.0	0.6047772317224926	0.7537211019293353
ENSG00000126458	RRAS	25653.0	0.22189951545741848	0.3632041958447791
ENSG00000124782	RREB1	277157.0	0.49705778278793217	0.6640462225342756
ENSG00000167325	RRM1	57812.0	0.5000352365130003	0.6666979872758031
ENSG00000171848	RRM2	55790.0	0.5810228046336363	0.7349961087604606
ENSG00000052749	RRP12	28484.0	0.08173449126277478	0.15111747276794532
ENSG00000067533	RRP15	21542.0	0.06351514564044282	0.11944380087261354
ENSG00000160208	RRP1B	37978.0	0.22655364703758174	0.3694149825158689
ENSG00000179041	RRS1	20685.0	0.20803520883372617	0.3444191151259071
ENSG00000102104	RS1	137.0	-0.009815723278962657	0.0
ENSG00000134321	RSAD2	19948.0	0.7760135748652196	0.8738824813589735
ENSG00000081019	RSBN1	42913.0	0.06505720741225925	0.1221665971733612
ENSG00000172426	RSPH9	14086.0	0.39512021075577997	0.5664317780067585
ENSG00000147655	RSPO2	81.0	-0.0007200026074803787	0.0
ENSG00000146374	RSPO3	13912.0	0.6185753258091259	0.764345428903533
ENSG00000159579	RSPRY1	19476.0	0.03242900030066023	0.0628207853348102
ENSG00000174891	RSRC1	56122.0	0.22038966811889643	0.36117917723542214
ENSG00000100220	RTCB	105088.0	0.28328123815135964	0.44149517616176254
ENSG00000182010	RTKN2	34625.0	0.4501400198067624	0.620822835944829
ENSG00000254656	RTL1	45.0	-0.009960938184648438	0.0
ENSG00000134590	RTL8C	123532.0	0.8196754180771251	0.9009028862337294
ENSG00000139970	RTN1	113.0	0.017594383310197723	0.034580346744768446
ENSG00000115310	RTN4	30018.0	0.039250149445856454	0.07553551850203769
ENSG00000130347	RTN4IP1	12004.0	0.12664741089271137	0.22482173156970361
ENSG00000145016	RUBCN	62708.0	0.21797965383396967	0.35793644523996915
ENSG00000102445	RUBCNL	4257.0	0.18584701835405565	0.3134418107523001
ENSG00000204130	RUFY2	27581.0	0.14169888644255255	0.24822462056361563
ENSG00000159216	RUNX1	21042.0	0.47598203907931985	0.6449699609843834
ENSG00000079102	RUNX1T1	4485.0	0.6358012793501524	0.7773576012885066
ENSG00000124813	RUNX2	10087.0	0.36222740294159833	0.5318163504263727
ENSG00000020633	RUNX3	28621.0	0.45397439261458594	0.6244599559944571
ENSG00000175792	RUVBL1	101061.0	0.290412287362483	0.4501077527029232
ENSG00000183207	RUVBL2	59610.0	0.3836095717942547	0.5545055189185959
ENSG00000111832	RWDD1	12160.0	0.06782317628046775	0.1270307252867749
ENSG00000182552	RWDD4	19445.0	0.2536267609200097	0.40462882386760546
ENSG00000171509	RXFP1	508.0	0.22369774293491262	0.36560947215346934
ENSG00000133105	RXFP2	51.0	0.01712914195553287	0.03368135126401034
ENSG00000186350	RXRA	34663.0	0.21937321987702268	0.3598130847898187
ENSG00000196218	RYR1	146931.0	0.651165573259727	0.7887344356074449
ENSG00000160678	S100A1	167620.0	0.7127828587663533	0.8323096592404495
ENSG00000188015	S100A3	566.0	0.06394829020323774	0.12020939512205464
ENSG00000170989	S1PR1	4921.0	0.6521376425096373	0.789447108679183
ENSG00000213694	S1PR3	32878.0	0.45794410130500157	0.6282052938725114
ENSG00000180739	S1PR5	2057.0	0.3183759033595313	0.4829819819191701
ENSG00000148965	SAA4	215.0	0.14689871349314532	0.2561668467579518
ENSG00000168061	SAC3D1	1698.0	0.010893855622940271	0.021552916881124342
ENSG00000151835	SACS	11405.0	0.03467437726775889	0.06702471430542763
ENSG00000160633	SAFB	66183.0	0.11907873787848697	0.21281565603548605
ENSG00000101115	SALL4	5200.0	0.3236544503522148	0.48903163550893924
ENSG00000020577	SAMD4A	6624.0	0.23474777877558203	0.3802360009237934
ENSG00000203727	SAMD5	5677.0	0.5958174153496297	0.7467237913544029
ENSG00000205413	SAMD9	7314.0	0.37367204141578375	0.5440484047861327
ENSG00000101347	SAMHD1	36229.0	0.4493373540519051	0.6200590260034283
ENSG00000186193	SAPCD2	24731.0	0.2700814408402492	0.4252978307620512
ENSG00000175467	SART1	97644.0	0.18575433100164565	0.3133099768562226
ENSG00000075856	SART3	134848.0	0.39819933012274755	0.569588786868879
ENSG00000111961	SASH1	34012.0	0.29956676374338986	0.461025584988786
ENSG00000141504	SAT2	133578.0	0.37005320730086	0.540202680200868
ENSG00000182568	SATB1	20145.0	0.12128224663298401	0.21632777473677758
ENSG00000119042	SATB2	2218.0	0.3671758581248533	0.5371304005154867
ENSG00000155875	SAXO1	468.0	-0.01762227698580173	0.0
ENSG00000139697	SBNO1	59518.0	0.1928997062340083	0.32341311717310056
ENSG00000064932	SBNO2	7115.0	0.07032097236909546	0.13140165274617377
ENSG00000156304	SCAF4	102707.0	0.23666852427969073	0.3827517554350962
ENSG00000227500	SCAMP4	10600.0	0.07010788699416931	0.1310295678524446
ENSG00000140386	SCAPER	25670.0	0.06426744019130766	0.12077310225661934
ENSG00000073060	SCARB1	33350.0	0.45432489307424084	0.6247914688634134
ENSG00000184178	SCFD2	41172.0	0.2207634230141001	0.36168092662709184
ENSG00000171951	SCG2	3270.0	0.05924084870021085	0.11185529480458575
ENSG00000166922	SCG5	4310.0	0.1414797484940115	0.24788831984215218
ENSG00000168515	SCGB1D1	2888.0	0.25708907046901075	0.4090228393650622
ENSG00000124935	SCGB1D2	15748.0	0.4182533040496787	0.5898146725347281
ENSG00000079689	SCGN	38.0	-0.008957540402263035	0.0
ENSG00000161929	SCIMP	1613.0	0.47263920791282893	0.6418940978526577
ENSG00000006747	SCIN	8505.0	0.7699779707415044	0.8700424338263761
ENSG00000102098	SCML2	8297.0	0.011152431516091665	0.02205885318273931
ENSG00000153253	SCN3A	705.0	0.26758497713440155	0.4221965106265686
ENSG00000177098	SCN4B	4543.0	0.5573461490343401	0.71576399296962
ENSG00000136546	SCN7A	1066.0	0.7075213199287899	0.8287115500944915
ENSG00000196876	SCN8A	7323.0	0.05805639468857474	0.10974158840685026
ENSG00000169432	SCN9A	316.0	0.1209241717315626	0.21575798752695888
ENSG00000111319	SCNN1A	1737348.0	0.8974314378162109	0.9459434685546071
ENSG00000166828	SCNN1G	2557.0	0.26456125723963536	0.418423790425363
ENSG00000121064	SCPEP1	237426.0	0.7585407612567525	0.8626934080443566
ENSG00000180900	SCRIB	90210.0	0.3301171287475375	0.4963730210111373
ENSG00000136193	SCRN1	76323.0	0.23282788518413058	0.37771352835575467
ENSG00000198301	SDAD1	34410.0	0.11754959648929758	0.21037025445415802
ENSG00000169439	SDC2	30232.0	0.7275063990946439	0.8422618862377786
ENSG00000162512	SDC3	14260.0	0.2944457275748123	0.4549371538758389
ENSG00000124145	SDC4	164753.0	0.7659698363289682	0.8674778250134074
ENSG00000128228	SDF2L1	9627.0	0.12579128613125817	0.22347177079960437
ENSG00000073578	SDHA	591226.0	0.4360019508879187	0.6072442319710317
ENSG00000196636	SDHAF3	37440.0	0.10807923897508612	0.1950749281703962
ENSG00000117118	SDHB	106089.0	0.21807119047825776	0.3580598444211382
ENSG00000069188	SDK2	50781.0	0.7106814972093918	0.830875295452386
ENSG00000157020	SEC13	173909.0	0.4209314910409765	0.5924726050410797
ENSG00000100012	SEC14L3	151.0	0.022535853156032664	0.04407836280063195
ENSG00000148396	SEC16A	154210.0	0.4455742460730265	0.6164667740635956
ENSG00000101310	SEC23B	64799.0	0.1994703871689339	0.33259743517259577
ENSG00000138593	SECISBP2L	32026.0	0.06149699371497878	0.11586842747383468
ENSG00000071537	SEL1L	43960.0	0.2269236906318388	0.36990677148792855
ENSG00000007908	SELE	244.0	0.33029596714270737	0.496575161168289
ENSG00000143416	SELENBP1	133260.0	0.42531818585867903	0.5968045452285411
ENSG00000198843	SELENOT	41728.0	0.16650410492568943	0.2854753861947127
ENSG00000188404	SELL	456.0	0.1816259624970206	0.3074170139478101
ENSG00000174175	SELP	815.0	0.664166619108526	0.7981972615990964
ENSG00000110876	SELPLG	4126.0	0.5307514300310733	0.6934521433310689
ENSG00000075213	SEMA3A	10483.0	0.4727171169736977	0.6419659437992943
ENSG00000075223	SEMA3C	66762.0	0.4533507183814397	0.6238696725403281
ENSG00000153993	SEMA3D	8564.0	0.11398385562295942	0.2046418447585448
ENSG00000001617	SEMA3F	23964.0	0.23223941505391174	0.3769387867596347
ENSG00000185033	SEMA4B	166554.0	0.5287509861902712	0.6917424629212462
ENSG00000168758	SEMA4C	501061.0	0.6298037838287582	0.7728584140959769
ENSG00000187764	SEMA4D	163114.0	0.48759201497895716	0.6555453512377913
ENSG00000138623	SEMA7A	2830.0	0.4107427699619147	0.5823071061679138
ENSG00000079387	SENP1	32417.0	0.07313116235287383	0.1362949188662669
ENSG00000112701	SENP6	112005.0	0.30146048728496166	0.46326490927719616
ENSG00000184702	SEPTIN5	100884.0	0.6225121145318961	0.7673435642870308
ENSG00000125354	SEPTIN6	117207.0	0.38832806693374106	0.5594183049131921
ENSG00000184640	SEPTIN9	303697.0	0.422113855818215	0.5936428424366222
ENSG00000196136	SERPINA3	14112.0	0.8204193302048933	0.9013520309219665
ENSG00000188488	SERPINA5	777626.0	0.9233212251017677	0.9601321017532186
ENSG00000170054	SERPINA9	59.0	0.004532175940000037	0.009023455989867148
ENSG00000197632	SERPINB2	70.0	0.09343629835740346	0.17090396303427383
ENSG00000206075	SERPINB5	1054.0	0.041972191695630066	0.0805629786094916
ENSG00000166396	SERPINB7	61.0	0.011931801176922243	0.02358222394640631
ENSG00000170542	SERPINB9	10630.0	0.260758128524376	0.4136529007821256
ENSG00000117601	SERPINC1	67.0	-0.015737541364875037	0.0
ENSG00000099937	SERPIND1	233.0	0.07648739992284162	0.1421055182407596
ENSG00000106366	SERPINE1	2952.0	0.6360519232665982	0.777544910673293
ENSG00000167711	SERPINF2	859.0	0.024658787624593108	0.04813072980471507
ENSG00000149257	SERPINH1	221233.0	0.757906097461797	0.862282801744782
ENSG00000114204	SERPINI2	1218.0	0.37038889905085565	0.5405602735214661
ENSG00000130766	SESN2	18589.0	0.12045237494216648	0.2150066841500225
ENSG00000149212	SESN3	15157.0	0.2260698452884171	0.36877156086525736
ENSG00000185917	SETD4	65117.0	0.29142181693393937	0.45131933364084803
ENSG00000143379	SETDB1	104547.0	0.292710769496306	0.45286351193679353
ENSG00000100095	SEZ6L	98.0	0.002153936097631103	0.004298613256998202
ENSG00000174938	SEZ6L2	63643.0	0.5201390798173594	0.684330909879447
ENSG00000099995	SF3A1	200975.0	0.2782550880054272	0.43536707284242127
ENSG00000115524	SF3B1	138334.0	0.5459659181234054	0.7063104195545715
ENSG00000189091	SF3B3	140995.0	0.42041971247050924	0.5919654715848476
ENSG00000143368	SF3B4	108064.0	0.30742159066603664	0.4702715525898996
ENSG00000116560	SFPQ	740172.0	0.5781139155177261	0.7326643657762391
ENSG00000104332	SFRP1	12131.0	0.8935479792233254	0.9437817145672021
ENSG00000106483	SFRP4	9728.0	0.8380957339838258	0.9119173919928161
ENSG00000120057	SFRP5	398.0	0.010323128506731678	0.02043530077746388
ENSG00000061936	SFSWAP	57056.0	0.13875166108070358	0.24369081657193775
ENSG00000164466	SFXN1	61584.0	0.24223207457068813	0.38999488023105966
ENSG00000156398	SFXN2	55794.0	0.4418759448602586	0.6129181174502272
ENSG00000108823	SGCA	94.0	0.00960635116325923	0.019029894477567182
ENSG00000118515	SGK1	42938.0	0.7677398499927596	0.8686118039324668
ENSG00000181523	SGSH	61204.0	0.4406209053054155	0.6117097200002143
ENSG00000160999	SH2B2	60646.0	0.2489335709304705	0.39863380523114933
ENSG00000183918	SH2D1A	277.0	0.29874171243194575	0.4600479211105647
ENSG00000198574	SH2D1B	176.0	0.07055078252005938	0.1318027760513779
ENSG00000027869	SH2D2A	9005.0	0.2935134204171911	0.45382354103836897
ENSG00000095370	SH2D3C	14252.0	0.7346541609586359	0.8470324258209925
ENSG00000185437	SH3BGR	6572.0	0.09306212305523834	0.17027782976345143
ENSG00000198478	SH3BGRL2	50547.0	0.3271634522343542	0.4930266150466337
ENSG00000131370	SH3BP5	33421.0	0.41870766561565287	0.5902663046991479
ENSG00000175137	SH3BP5L	71806.0	0.12569474992129837	0.22331942105990307
ENSG00000148341	SH3GLB2	108601.0	0.4807637999921369	0.649345695774964
ENSG00000156463	SH3RF2	23677.0	0.4217312740664188	0.5932643977932455
ENSG00000169247	SH3TC2	610.0	0.3377179843830035	0.504916564366546
ENSG00000251322	SHANK3	60215.0	0.8185927182378108	0.9002485383654399
ENSG00000179526	SHARPIN	41837.0	0.1470495121597193	0.2563961025236783
ENSG00000129214	SHBG	2910.0	0.09274683806091698	0.16974990881784946
ENSG00000160691	SHC1	117043.0	0.34832432478848113	0.5166773577909375
ENSG00000185634	SHC4	61.0	0.005610276521653515	0.011157953836866364
ENSG00000130813	SHFL	93162.0	0.7698499957897402	0.8699607284471798
ENSG00000164690	SHH	5649.0	0.6249387439771223	0.7691843723875427
ENSG00000171984	SHLD1	3188.0	0.002040112652939078	0.004071918134170902
ENSG00000122376	SHLD2	35134.0	0.10196323469127107	0.1850574165840249
ENSG00000176974	SHMT1	38954.0	0.3166214179650746	0.48096045475917276
ENSG00000182199	SHMT2	330662.0	0.6918294585618127	0.8178477506236612
ENSG00000185960	SHOX	55.0	0.0036510066529627625	0.007275450587427526
ENSG00000164403	SHROOM1	24076.0	0.533180118854528	0.6955218272108542
ENSG00000110013	SIAE	62993.0	0.33244895666645397	0.4990044158962473
ENSG00000196470	SIAH1	39860.0	0.03225087272385587	0.06248650124897208
ENSG00000185187	SIGIRR	53853.0	0.15317845582918493	0.2656630551063201
ENSG00000088827	SIGLEC1	22672.0	0.8418080664727842	0.914110521933935
ENSG00000161640	SIGLEC11	21398.0	0.7855234666841259	0.8798803055138916
ENSG00000105492	SIGLEC6	9950.0	0.2300604022277409	0.374063585513496
ENSG00000168995	SIGLEC7	1293.0	0.2113625943936721	0.34896668490819005
ENSG00000129450	SIGLEC9	2180.0	0.30763050040348683	0.47051594515203393
ENSG00000147955	SIGMAR1	75247.0	0.40452003526184244	0.576026009036501
ENSG00000170145	SIK2	14266.0	0.08768056786106514	0.16122484937556597
ENSG00000160584	SIK3	33339.0	0.08943335895412767	0.164183257689089
ENSG00000159263	SIM2	35548.0	0.35759900200337874	0.5268109382456496
ENSG00000170085	SIMC1	15562.0	0.12666054137569394	0.22484242009760416
ENSG00000169375	SIN3A	127286.0	0.07116178851424004	0.13286842244988095
ENSG00000139146	SINHCAF	153444.0	0.5053845312799946	0.6714357970056695
ENSG00000198053	SIRPA	7279.0	0.5084573356607459	0.6741421499177206
ENSG00000101307	SIRPB1	812.0	0.36697102367098405	0.5369111960917619
ENSG00000089012	SIRPG	372.0	0.31758827872438417	0.4820751426718147
ENSG00000096717	SIRT1	53916.0	0.21784203988369788	0.35775089502494345
ENSG00000068903	SIRT2	31609.0	0.2900286853178813	0.44964687780785917
ENSG00000142082	SIRT3	32124.0	0.1801664300738544	0.3053237670259434
ENSG00000077463	SIRT6	14645.0	0.1055062942441303	0.19087416289432943
ENSG00000187531	SIRT7	29917.0	0.15901612237103044	0.2743984648733391
ENSG00000126778	SIX1	6687.0	0.5256791885427646	0.6891084213383827
ENSG00000165480	SKA3	21331.0	0.3069288324489867	0.4696947910680776
ENSG00000113558	SKP1	40831.0	0.11342829060492828	0.2037460186022441
ENSG00000145604	SKP2	43076.0	0.36108771093234654	0.5305869827962829
ENSG00000117090	SLAMF1	378.0	0.36489358366374264	0.5346842977813256
ENSG00000162739	SLAMF6	244.0	0.13403523123526384	0.2363863618051162
ENSG00000026751	SLAMF7	1879.0	0.5512471289547684	0.7107147773755419
ENSG00000158714	SLAMF8	660.0	0.3180733640752726	0.48263377858094403
ENSG00000100652	SLC10A1	54.0	-0.012545872117726552	0.0
ENSG00000018280	SLC11A1	349.0	0.2561167260556878	0.4077912836331953
ENSG00000110911	SLC11A2	200044.0	0.5679121445280281	0.7244183247256889
ENSG00000064651	SLC12A2	54248.0	0.35691556458181034	0.5260689373723982
ENSG00000140199	SLC12A6	8938.0	0.10739180178936697	0.19395448226334908
ENSG00000088386	SLC15A1	5756.0	0.32522872529008545	0.490826555572729
ENSG00000155380	SLC16A1	24111.0	0.20115669625489685	0.33493830885193593
ENSG00000168679	SLC16A4	26157.0	0.5425034315481148	0.7034064501284614
ENSG00000165449	SLC16A9	75941.0	0.543513548371967	0.7042549758571827
ENSG00000119899	SLC17A5	52879.0	0.347748322936305	0.5160434140681022
ENSG00000091664	SLC17A6	50.0	-0.0108196186360086	0.0
ENSG00000104888	SLC17A7	428.0	0.17434979190381564	0.2969299149296322
ENSG00000179520	SLC17A8	136.0	0.07992503693586345	0.14801960173576414
ENSG00000165646	SLC18A2	1301.0	0.5141914711678239	0.6791630793842108
ENSG00000173638	SLC19A1	5102.0	0.09873350964149691	0.17972239633195936
ENSG00000106688	SLC1A1	1073.0	0.0589745539759601	0.11138049305252502
ENSG00000110436	SLC1A2	977.0	0.15600184760464422	0.26989895894698823
ENSG00000079215	SLC1A3	1673.0	0.06665428572429569	0.12497823637212517
ENSG00000105281	SLC1A5	39344.0	0.33173422043354556	0.498198837791447
ENSG00000168575	SLC20A2	28514.0	0.204492550268989	0.3395497136504853
ENSG00000175003	SLC22A1	929.0	-0.0012064419467547932	0.0
ENSG00000197891	SLC22A12	394.0	0.037112293138261934	0.0715685145838192
ENSG00000112499	SLC22A2	71.0	-0.015875350507625084	0.0
ENSG00000197208	SLC22A4	2347.0	0.04880913719854379	0.09307534701483827
ENSG00000197375	SLC22A5	27924.0	0.20093436312778684	0.33463005022932496
ENSG00000149452	SLC22A8	83.0	0.06011326655597452	0.11340913929181644
ENSG00000149742	SLC22A9	53.0	0.0007605845678493807	0.0015200130372397072
ENSG00000089057	SLC23A2	17387.0	0.5016049338876494	0.6680917497906672
ENSG00000074621	SLC24A1	27618.0	0.1422620043264683	0.24908821931856642
ENSG00000140090	SLC24A4	329.0	0.005306934981498206	0.010557840191554781
ENSG00000100075	SLC25A1	145996.0	0.44146093020071964	0.612518759199734
ENSG00000183048	SLC25A10	42222.0	0.303607057915498	0.4657953576915634
ENSG00000108528	SLC25A11	54183.0	0.17313254234872627	0.2951627989146017
ENSG00000004864	SLC25A13	101390.0	0.214153525175118	0.3527618554568385
ENSG00000100372	SLC25A17	18626.0	0.1364748968564678	0.24017230338120532
ENSG00000151475	SLC25A31	63.0	0.04070621552104532	0.07822806266351573
ENSG00000013306	SLC25A39	67492.0	0.17505855214253108	0.2979571559618707
ENSG00000151729	SLC25A4	39271.0	0.22535457056528918	0.36781936588578934
ENSG00000075303	SLC25A40	9778.0	0.05904398884159715	0.1115043179767832
ENSG00000155850	SLC26A2	61749.0	0.7490833318611805	0.856543902987274
ENSG00000091138	SLC26A3	167.0	0.048246855380834626	0.09205246862067856
ENSG00000112759	SLC29A1	187741.0	0.5063088566514514	0.6722510518553069
ENSG00000198246	SLC29A3	32855.0	0.24681386609340328	0.39591132695169046
ENSG00000117394	SLC2A1	308150.0	0.8184057093907792	0.9001354375036248
ENSG00000059804	SLC2A3	7287.0	0.6982802368957087	0.8223380590851097
ENSG00000181856	SLC2A4	709.0	-0.012971638662273757	0.0
ENSG00000125520	SLC2A4RG	365879.0	0.6627205235752561	0.797152033885099
ENSG00000109667	SLC2A9	11642.0	0.1507567129816269	0.26201318016388386
ENSG00000162695	SLC30A7	18504.0	0.10490351611063446	0.18988719753540984
ENSG00000164756	SLC30A8	47.0	-0.00714304403669562	0.0
ENSG00000127526	SLC35E1	110567.0	0.48815027369065633	0.6560497045503735
ENSG00000168917	SLC35G2	2441.0	0.2325244808932934	0.3773141783354555
ENSG00000137700	SLC37A4	23756.0	0.11029209004627234	0.19867220713366668
ENSG00000103042	SLC38A7	22769.0	0.19128941643218764	0.3211468410507389
ENSG00000133195	SLC39A11	24966.0	0.1250798323003077	0.22234836801682395
ENSG00000138821	SLC39A8	63149.0	0.7596876766895821	0.863434672815061
ENSG00000029364	SLC39A9	74133.0	0.3973130839332316	0.5686815481822493
ENSG00000138079	SLC3A1	161.0	0.011078446632882025	0.02191411886936318
ENSG00000168003	SLC3A2	111906.0	0.447650655264745	0.6184512176839778
ENSG00000138449	SLC40A1	64842.0	0.7241044775480139	0.8399774920575817
ENSG00000167703	SLC43A2	47937.0	0.23183106107784476	0.37640073935949303
ENSG00000004939	SLC4A1	306.0	0.5179743175831334	0.682454652339355
ENSG00000163798	SLC4A1AP	38464.0	0.06511950147267874	0.1222764232232004
ENSG00000100170	SLC5A1	17590.0	0.7029487811652348	0.8255665571858778
ENSG00000140675	SLC5A2	769.0	5.993104778266945e-05	0.00011985491253484879
ENSG00000198743	SLC5A3	228871.0	0.6042273386930624	0.7532939055699133
ENSG00000105641	SLC5A5	1841.0	0.18984957825131446	0.319115259141127
ENSG00000157103	SLC6A1	478.0	0.3299084049491332	0.496137032778211
ENSG00000111181	SLC6A12	3849.0	0.08281735893188852	0.1529664411985067
ENSG00000197106	SLC6A17	708.0	0.12499883588677431	0.2222203826339867
ENSG00000103546	SLC6A2	433.0	0.052461533064770735	0.09969301759087122
ENSG00000142319	SLC6A3	206.0	0.023168069806482432	0.04528692888327592
ENSG00000108576	SLC6A4	402.0	0.02352063377088341	0.04596025325689436
ENSG00000165970	SLC6A5	61.0	0.0032839853352057326	0.0065464721518674
ENSG00000196517	SLC6A9	37359.0	0.5327201927325436	0.6951303900848419
ENSG00000151012	SLC7A11	4944.0	0.16852662068583038	0.2884429292452386
ENSG00000103257	SLC7A5	14785.0	0.37316581183906194	0.5435116555068993
ENSG00000155465	SLC7A7	11232.0	0.3837855116556079	0.5546893046978558
ENSG00000090020	SLC9A1	45503.0	0.22821339050772574	0.37161847000118703
ENSG00000066230	SLC9A3	10042.0	0.4538798871444431	0.6243705427907197
ENSG00000109062	SLC9A3R1	83213.0	0.5177839509556309	0.6822894004507328
ENSG00000065054	SLC9A3R2	66763.0	0.6703343895650742	0.8026349619007934
ENSG00000134538	SLCO1B1	368.0	0.0014841194091554503	0.0029638401256547823
ENSG00000111700	SLCO1B3	119.0	-0.012720198340427983	0.0
ENSG00000139155	SLCO1C1	172.0	0.06578410452915187	0.12344733656581292
ENSG00000137491	SLCO2B1	26953.0	0.825696131735054	0.9045274483332032
ENSG00000172716	SLFN11	15074.0	0.2618515572451599	0.415027513722497
ENSG00000166750	SLFN5	64217.0	0.43563132181271924	0.6068846718427172
ENSG00000145147	SLIT2	42094.0	0.44729295416783715	0.618109765379216
ENSG00000184347	SLIT3	53312.0	0.5290413159360109	0.6919908709100583
ENSG00000178235	SLITRK1	86.0	0.024481002207269537	0.047792008157349165
ENSG00000185985	SLITRK2	101.0	-0.00033176885965311846	0.0
ENSG00000179542	SLITRK4	161.0	0.03322172256218859	0.06430705401703167
ENSG00000165300	SLITRK5	101.0	-0.01541526139136175	0.0
ENSG00000163681	SLMAP	49545.0	0.20461011935309575	0.3397117724081153
ENSG00000170365	SMAD1	17899.0	0.13730471172012587	0.24145633145660364
ENSG00000175387	SMAD2	114153.0	0.2936587154019145	0.4539971971056995
ENSG00000166949	SMAD3	64923.0	0.3681369509469787	0.5381580414039202
ENSG00000141646	SMAD4	63233.0	0.23580653888876227	0.3816237112660038
ENSG00000101665	SMAD7	31002.0	0.24517287894206274	0.39379733222324786
ENSG00000084070	SMAP2	30327.0	0.2187724728391497	0.35900461770278713
ENSG00000102038	SMARCA1	99864.0	0.3572248839182283	0.5264048547163991
ENSG00000080503	SMARCA2	31354.0	0.6278279751674155	0.7713689465286968
ENSG00000127616	SMARCA4	1352845.0	0.8907083064704314	0.9421953702982382
ENSG00000153147	SMARCA5	99127.0	0.10115683230821508	0.1837282925378992
ENSG00000163104	SMARCAD1	32016.0	0.16087771456534125	0.27716565241426394
ENSG00000138375	SMARCAL1	41133.0	0.08943188056206447	0.16418076643015878
ENSG00000099956	SMARCB1	152774.0	0.3356327868850724	0.502582431609554
ENSG00000173473	SMARCC1	266014.0	0.3419024920884822	0.5095787422771072
ENSG00000073584	SMARCE1	37992.0	0.18860048428680753	0.31734882625421934
ENSG00000072501	SMC1A	226289.0	0.5416235882659907	0.7026664516403849
ENSG00000108055	SMC3	107150.0	0.3114614187363834	0.47498373080083756
ENSG00000113810	SMC4	113185.0	0.48955043144710453	0.6573130000996397
ENSG00000101596	SMCHD1	26852.0	0.12837787425531075	0.22754411830351703
ENSG00000172062	SMN1	28038.0	0.028060537765229696	0.05458927122371011
ENSG00000205571	SMN2	94342.0	0.08426156604156912	0.1554266399927684
ENSG00000128602	SMO	150764.0	0.607689310667777	0.7559785421666634
ENSG00000198732	SMOC1	195.0	0.00898884930029205	0.017817539423801536
ENSG00000112562	SMOC2	12044.0	0.8302552075791317	0.9072562166642384
ENSG00000088826	SMOX	13748.0	0.13457874200016073	0.2372312066466369
ENSG00000166311	SMPD1	30253.0	0.16410262469126852	0.28193841541211223
ENSG00000103056	SMPD3	1619.0	0.38853800799530724	0.5596361147596622
ENSG00000130768	SMPDL3B	25542.0	0.34524983907221285	0.513287315180537
ENSG00000183963	SMTN	50018.0	0.7377907131384699	0.8491134260995231
ENSG00000198742	SMURF1	76326.0	0.09417189055703926	0.172133631598042
ENSG00000108854	SMURF2	58666.0	0.20125036419729847	0.3350681426544721
ENSG00000185420	SMYD3	41365.0	0.18404226990924905	0.3108711142945175
ENSG00000124216	SNAI1	2924.0	0.2394147864054891	0.3863352108293498
ENSG00000019549	SNAI2	17569.0	0.8348853986793446	0.9100136709140003
ENSG00000092531	SNAP23	30858.0	0.17749383132803365	0.30147730137634376
ENSG00000132639	SNAP25	14133.0	0.3762229030258369	0.54674704540762
ENSG00000143740	SNAP47	24357.0	0.142271112288972	0.24910218031142894
ENSG00000145335	SNCA	623.0	0.1448060462466304	0.25297917795139635
ENSG00000197157	SND1	701613.0	0.7608878487768682	0.8642093240695473
ENSG00000255717	SNHG1	66414.0	0.26616183525136017	0.4204230894363063
ENSG00000174365	SNHG11	2346.0	0.015355295757902931	0.03024615289260122
ENSG00000232956	SNHG15	45939.0	0.6597131237445705	0.7949724736238214
ENSG00000196756	SNHG17	16089.0	0.0642650212336696	0.1207688309800414
ENSG00000269893	SNHG8	4653.0	0.06339675324148528	0.11923443070187482
ENSG00000144028	SNRNP200	333413.0	0.4396600856931447	0.6107831842562532
ENSG00000125835	SNRPB	273690.0	0.4463884643193026	0.6172456090893692
ENSG00000167088	SNRPD1	15248.0	0.06978026748664667	0.13045719687948476
ENSG00000100028	SNRPD3	26792.0	0.16981409366342878	0.29032663323730923
ENSG00000168807	SNTB2	63802.0	0.3205386006395749	0.48546646116111836
ENSG00000172554	SNTG2	114.0	0.018925135538603838	0.03714725425553471
ENSG00000273173	SNURF	69417.0	0.23704485583657076	0.38324375178176623
ENSG00000028528	SNX1	115829.0	0.3035938477500006	0.46577981059668655
ENSG00000086300	SNX10	1835.0	0.269678455829573	0.42479803385081855
ENSG00000002919	SNX11	18125.0	0.16936853406620161	0.28967520355154885
ENSG00000110025	SNX15	21459.0	0.057575465567922424	0.10888199933232029
ENSG00000104497	SNX16	11273.0	0.09102258821799017	0.16685738535745792
ENSG00000115234	SNX17	167747.0	0.2774672031581436	0.43440207697260885
ENSG00000120451	SNX19	19733.0	0.19723299044911966	0.329481382525437
ENSG00000143376	SNX27	66293.0	0.08495447097461188	0.15660467466122793
ENSG00000048471	SNX29	132041.0	0.4092178424638316	0.5807730077393403
ENSG00000148158	SNX30	21362.0	0.20034929719290331	0.33381832715099424
ENSG00000173548	SNX33	51670.0	0.3590765632338271	0.52841256033351
ENSG00000114520	SNX4	21035.0	0.16172785000826206	0.2784263973823334
ENSG00000106266	SNX8	23287.0	0.06613379852250995	0.12406284954882917
ENSG00000057252	SOAT1	20660.0	0.22422378739356913	0.36631176375187463
ENSG00000185338	SOCS1	15008.0	0.4464206581691847	0.6172763858810537
ENSG00000120833	SOCS2	6549.0	0.5622364169726882	0.7197840363524408
ENSG00000184557	SOCS3	59872.0	0.863123289081574	0.9265337341223943
ENSG00000142168	SOD1	242787.0	0.37104782652591467	0.5412616822654674
ENSG00000109610	SOD3	5966.0	0.4079274871449917	0.5794722965061089
ENSG00000120669	SOHLH2	289.0	0.05728180648772603	0.10835674299175792
ENSG00000108018	SORCS1	34.0	-0.0058450155975460685	0.0
ENSG00000184985	SORCS2	3065.0	0.7883156921948127	0.881629228704365
ENSG00000140263	SORD	72130.0	0.3841580702825099	0.555078323105254
ENSG00000137642	SORL1	324615.0	0.7917576246322607	0.8837775977593628
ENSG00000134243	SORT1	72082.0	0.48146214622723704	0.6499823805196127
ENSG00000115904	SOS1	45669.0	0.07240459801404912	0.13503224090633856
ENSG00000167941	SOST	47612.0	0.8138464990039206	0.8973708629157394
ENSG00000171243	SOSTDC1	5159.0	0.23733017526647043	0.3836165641323007
ENSG00000100146	SOX10	69.0	0.00897261860291976	0.01778565332197766
ENSG00000176887	SOX11	93.0	0.011894279324978878	0.023508936789154285
ENSG00000164736	SOX17	339048.0	0.8248662051707621	0.9040292409750391
ENSG00000203883	SOX18	10257.0	0.6077425150180638	0.7560197100482045
ENSG00000181449	SOX2	221.0	0.0015808622741859167	0.003156734186386941
ENSG00000242808	SOX2-OT	5074.0	0.24841542118383012	0.3979691647004267
ENSG00000125285	SOX21	52.0	-0.008863208027399804	0.0
ENSG00000039600	SOX30	1358.0	0.03562156141254608	0.06879262220836674
ENSG00000134532	SOX5	26086.0	0.45366028264907055	0.6241627264141041
ENSG00000110693	SOX6	22291.0	0.1884629407058976	0.3171540891194444
ENSG00000005513	SOX8	339.0	0.0789877009742979	0.14641075315867652
ENSG00000125398	SOX9	45849.0	0.48876483458524556	0.6566044861227668
ENSG00000185591	SP1	229067.0	0.39888976984451036	0.5702947843972693
ENSG00000135899	SP110	30887.0	0.6192857120291674	0.7648875148205008
ENSG00000079263	SP140	3916.0	0.38704789151556795	0.5580887204877364
ENSG00000172845	SP3	195217.0	0.18875585830665237	0.3175687538996098
ENSG00000217236	SP9	260.0	0.03962399244289383	0.07622754521042927
ENSG00000064199	SPA17	1663.0	0.021508113637173993	0.04211050964752961
ENSG00000235387	SPAAR	6418.0	0.46614035284595307	0.6358741193380553
ENSG00000104450	SPAG1	17877.0	0.30564521312182685	0.4681903016992225
ENSG00000155761	SPAG17	18121.0	0.33690725941030647	0.5040099184724484
ENSG00000076382	SPAG5	32567.0	0.3764762259874349	0.5470144981506881
ENSG00000077327	SPAG6	20397.0	0.47397214040384544	0.6431222509727822
ENSG00000137098	SPAG8	5728.0	0.21623093711140587	0.3555754594188542
ENSG00000133104	SPART	106149.0	0.5438685575273203	0.7045529295555927
ENSG00000144962	SPATA16	158.0	-0.008337680340481855	0.0
ENSG00000163071	SPATA18	9703.0	0.5693866850420826	0.7256168163894097
ENSG00000141255	SPATA22	691.0	0.0012265510432664067	0.0024500969176024247
ENSG00000150628	SPATA4	185.0	-0.00801642097477164	0.0
ENSG00000145375	SPATA5	32520.0	0.20303908185188943	0.33754361751796574
ENSG00000171763	SPATA5L1	17163.0	0.0779868685511996	0.1446898303242097
ENSG00000042317	SPATA7	13220.0	0.09557132358188766	0.17446846503689864
ENSG00000123352	SPATS2	109261.0	0.3606844307106434	0.5301514775505575
ENSG00000196141	SPATS2L	39312.0	0.5130883161438752	0.6782000900667678
ENSG00000163806	SPDYA	458.0	0.004538366080833618	0.009035724735014098
ENSG00000128487	SPECC1	44503.0	0.5148074190120716	0.6797001553475612
ENSG00000100014	SPECC1L	94899.0	0.43955606505912315	0.6106828010773869
ENSG00000176170	SPHK1	12602.0	0.6278500774054058	0.7713856283449912
ENSG00000066336	SPI1	5210.0	0.576447609248493	0.731324791089367
ENSG00000269404	SPIB	76.0	0.034167421007966874	0.06607715600761255
ENSG00000163611	SPICE1	104250.0	0.32600114789604717	0.49170567976250995
ENSG00000106723	SPIN1	131038.0	0.35874401111196796	0.5280523898219494
ENSG00000147059	SPIN2A	2882.0	0.06737964577938306	0.12625244643893044
ENSG00000204271	SPIN3	7640.0	0.13137255917341273	0.2322357177716848
ENSG00000197471	SPN	2548.0	0.5685529167677602	0.7249394147815544
ENSG00000054796	SPO11	73.0	-0.011259542144047736	0.0
ENSG00000152377	SPOCK1	1160.0	0.3532420234798085	0.5220677711019652
ENSG00000262655	SPON1	918237.0	0.8947052948149652	0.9444268691953396
ENSG00000159674	SPON2	14523.0	0.7457216963371317	0.8543420155707555
ENSG00000138600	SPPL2A	20178.0	0.16983791830426267	0.290361452038503
ENSG00000136158	SPRY2	5817.0	0.13271245693404377	0.234326825173728
ENSG00000123178	SPRYD7	751.0	0.0921687839811655	0.16878120915558956
ENSG00000163554	SPTA1	110.0	-0.010334163773485552	0.0
ENSG00000115306	SPTBN1	104918.0	0.6663175036742641	0.7997485499672427
ENSG00000164299	SPZ1	107.0	-0.005197478755728884	0.0
ENSG00000104549	SQLE	90790.0	0.6346486800054136	0.7764955097303377
ENSG00000161011	SQSTM1	42266.0	0.3923471380334035	0.5635766071779591
ENSG00000213523	SRA1	58479.0	0.1687656356884799	0.2887929462249561
ENSG00000197122	SRC	25919.0	0.10695698400149427	0.1932450592883199
ENSG00000080603	SRCAP	121270.0	0.2330533777067485	0.378010201213162
ENSG00000277363	SRCIN1	6983.0	0.24169296835437448	0.3892958638151782
ENSG00000145545	SRD5A1	8296.0	0.06988353283027048	0.13063764547417706
ENSG00000277893	SRD5A2	143.0	-0.01670658946284097	0.0
ENSG00000128039	SRD5A3	16884.0	0.10008275436952585	0.18195495561038003
ENSG00000072310	SREBF1	112630.0	0.5746821603727256	0.729902420735749
ENSG00000198911	SREBF2	177457.0	0.5373471484333188	0.6990576578372933
ENSG00000112658	SRF	63906.0	0.3083919030889413	0.47140600971447255
ENSG00000151304	SRFBP1	17885.0	0.04503934726854995	0.08619646214522086
ENSG00000075142	SRI	139154.0	0.4290853336201099	0.600503445841356
ENSG00000096063	SRPK1	75449.0	0.26050641208630226	0.413336115688821
ENSG00000101955	SRPX	11255.0	0.5289429381039032	0.6919067087747097
ENSG00000136450	SRSF1	128947.0	0.3878283698797195	0.5588996136652429
ENSG00000161547	SRSF2	47058.0	0.2711210482379541	0.4265857270065442
ENSG00000141380	SS18	111073.0	0.23576871174295327	0.38157417242004826
ENSG00000138385	SSB	124477.0	0.19080974350031213	0.3204705781789097
ENSG00000157216	SSBP3	262517.0	0.3061708971891682	0.468806796795177
ENSG00000149136	SSRP1	122958.0	0.17488864840758625	0.2977110190733834
ENSG00000139874	SSTR1	118.0	0.3168719675380193	0.48124946896763654
ENSG00000180616	SSTR2	734.0	0.49175471156898315	0.6592970114393273
ENSG00000278195	SSTR3	3808.0	0.1361810747369818	0.239717203120122
ENSG00000132671	SSTR4	71.0	-0.0036619770394778063	0.0
ENSG00000162009	SSTR5	67.0	0.010721588090557574	0.021215710076624886
ENSG00000126752	SSX1	267.0	0.3442883948671974	0.5122240081544552
ENSG00000117155	SSX2IP	90381.0	0.48463359774339926	0.6528662674481145
ENSG00000149418	ST14	589276.0	0.8563996046178386	0.9226457520110691
ENSG00000073849	ST6GAL1	23432.0	0.27524673820027434	0.4316760513165061
ENSG00000010327	STAB1	40367.0	0.8969382363961867	0.9456694152574991
ENSG00000185482	STAC3	5580.0	0.09877469754773088	0.17979062999571868
ENSG00000035720	STAP1	158.0	-0.014404712724510257	0.0
ENSG00000147465	STAR	13157.0	0.8771755099753995	0.9345695224703788
ENSG00000115415	STAT1	590588.0	0.8341531879458545	0.9095785383990285
ENSG00000170581	STAT2	313408.0	0.760516478013202	0.8639697355988042
ENSG00000168610	STAT3	136375.0	0.3982277510521457	0.569617861972036
ENSG00000138378	STAT4	1182.0	0.1932263536178884	0.32387208517817573
ENSG00000126561	STAT5A	13371.0	0.43855646455013475	0.6097174151412681
ENSG00000173757	STAT5B	11073.0	0.507395852304908	0.6732085026359416
ENSG00000166888	STAT6	224964.0	0.7310946633700526	0.844661680080251
ENSG00000124214	STAU1	456468.0	0.32977051734786783	0.49598109304689886
ENSG00000040341	STAU2	50772.0	0.2057388905940325	0.34126607709015827
ENSG00000113739	STC2	61077.0	0.8167307791156171	0.8991214201954578
ENSG00000164647	STEAP1	12490.0	0.38454264657285714	0.5554796705247198
ENSG00000127954	STEAP4	334.0	0.5109511110036604	0.6763304348931017
ENSG00000123473	STIL	33134.0	0.4521685876101818	0.6227494403446789
ENSG00000167323	STIM1	31886.0	0.22892457869750377	0.37256082702834914
ENSG00000109689	STIM2	28291.0	0.4287519363510206	0.600176875274846
ENSG00000118046	STK11	75186.0	0.31106204491048417	0.47451918254825637
ENSG00000115661	STK16	34422.0	0.06040225945414406	0.11392329451511526
ENSG00000104375	STK3	26621.0	0.17040506061312305	0.29118989031687104
ENSG00000196335	STK31	31986.0	0.4461323160736703	0.6170006867489752
ENSG00000169302	STK32A	2644.0	0.21701669453073663	0.35663716940943857
ENSG00000165752	STK32C	11111.0	0.07644989239157836	0.14204078226386838
ENSG00000130413	STK33	8932.0	0.0913567354676658	0.167418649647162
ENSG00000125834	STK35	57999.0	0.23283527404303606	0.3777232513464053
ENSG00000198648	STK39	19956.0	0.10831661055906104	0.19546149453525485
ENSG00000101109	STK4	36720.0	0.08545684302923688	0.1574578364456174
ENSG00000196182	STK40	178722.0	0.49731826113311717	0.6642786293900729
ENSG00000117632	STMN1	213211.0	0.5195712189043467	0.6838392468093362
ENSG00000197457	STMN3	14478.0	0.28789520897108223	0.4470786240459514
ENSG00000067221	STOML1	5276.0	0.07965430614018976	0.14755520482284243
ENSG00000143093	STRIP1	73362.0	0.21380615095593344	0.3522904391076785
ENSG00000128578	STRIP2	10041.0	0.3122648299520044	0.47591739536816724
ENSG00000196792	STRN3	39591.0	0.12421809481894827	0.220985759598458
ENSG00000090372	STRN4	45427.0	0.3821778275026537	0.5530081873664262
ENSG00000101846	STS	4773.0	0.2923323230013216	0.4524104486103187
ENSG00000103266	STUB1	85116.0	0.4125569140598478	0.5841278463946812
ENSG00000135604	STX11	381.0	0.11433320574229569	0.20520470026940354
ENSG00000106089	STX1A	23958.0	0.17931541982992932	0.3041008653236954
ENSG00000079950	STX7	75109.0	0.32789574692751183	0.49385766568828576
ENSG00000166263	STXBP4	16656.0	0.21926234341815926	0.3596639305753755
ENSG00000164506	STXBP5	16436.0	0.12494802132329043	0.22214007928350768
ENSG00000060140	STYK1	4543.0	0.19444875355103414	0.32558743599999257
ENSG00000175600	SUGCT	18642.0	0.24715355160378805	0.39634823039385775
ENSG00000064607	SUGP2	247805.0	0.5098914361333496	0.6754014546093728
ENSG00000137573	SULF1	22842.0	0.6287493372819245	0.7720639669836349
ENSG00000196562	SULF2	73319.0	0.8796828992980922	0.9359907457013965
ENSG00000196502	SULT1A1	12858.0	0.08713443047720235	0.16030111462655877
ENSG00000105398	SULT2A1	45.0	0.029053052125170998	0.05646560605436515
ENSG00000116030	SUMO1	69340.0	0.12399519990466372	0.2206329705236835
ENSG00000177688	SUMO4	30463.0	0.12197873465394908	0.21743502062286568
ENSG00000156502	SUPV3L1	36160.0	0.1382881051925761	0.2429755780838638
ENSG00000148296	SURF6	48956.0	0.17687231005614532	0.3005802898832877
ENSG00000101945	SUV39H1	56751.0	0.6144563402885493	0.7611928857471965
ENSG00000122012	SV2C	34007.0	0.6943457979982895	0.8196034113208697
ENSG00000165124	SVEP1	1661.0	0.36770379578963974	0.5376950724587952
ENSG00000197321	SVIL	67921.0	0.432543878135348	0.603882205267406
ENSG00000116668	SWT1	18440.0	0.1549086458331253	0.26826129736240334
ENSG00000198765	SYCP1	105.0	0.005381062437102787	0.010704523166686223
ENSG00000165025	SYK	44191.0	0.4223969738815235	0.5939227678878716
ENSG00000135316	SYNCRIP	335119.0	0.3614113160983878	0.5309362597839152
ENSG00000127561	SYNGR3	831.0	0.11236759231076153	0.20203320033323924
ENSG00000182253	SYNM	3663.0	0.2649710948637675	0.41893620485028377
ENSG00000172403	SYNPO2	12563.0	0.8396509516820709	0.912837243298075
ENSG00000275066	SYNRG	18106.0	0.03376799741815737	0.06532993380041398
ENSG00000102003	SYP	7241.0	0.4785293266398055	0.6473044775206996
ENSG00000139973	SYT16	419.0	0.016846457933324482	0.0331347133126939
ENSG00000137501	SYTL2	8634.0	0.5359977993969322	0.6979148011896594
ENSG00000162298	SYVN1	42141.0	0.1654320347122823	0.28389821076631644
ENSG00000100324	TAB1	28475.0	0.16286636225564177	0.28011191576601413
ENSG00000055208	TAB2	95942.0	0.22715743989216694	0.3702172720594478
ENSG00000006128	TAC1	143.0	0.061664804013055394	0.1161662396266027
ENSG00000166863	TAC3	507.0	0.5228595136568399	0.6866812190722679
ENSG00000176358	TAC4	143.0	-0.014862575101592453	0.0
ENSG00000138162	TACC2	96312.0	0.5086775028144903	0.67433563749116
ENSG00000115353	TACR1	138.0	0.05558632909746066	0.10531839521830044
ENSG00000075073	TACR2	2596.0	0.1455619436541792	0.2541319471382881
ENSG00000169836	TACR3	54.0	-0.011715562422529566	0.0
ENSG00000276234	TADA2A	43170.0	0.2708223048007582	0.4262158505995347
ENSG00000147133	TAF1	90687.0	0.2048348490129997	0.3400214546928159
ENSG00000163377	TAFA4	88.0	-0.004061361353352251	0.0
ENSG00000219438	TAFA5	4711.0	0.7316259316499493	0.8450161415090757
ENSG00000162367	TAL1	1137.0	0.3827646750614013	0.5536222930259695
ENSG00000186051	TAL2	150.0	-0.021853682653819644	0.0
ENSG00000183597	TANGO2	17109.0	0.15727615072476073	0.27180401259675885
ENSG00000168394	TAP1	72423.0	0.8207327339194481	0.9015411417936956
ENSG00000204267	TAP2	74696.0	0.716334062002306	0.834725684074134
ENSG00000120948	TARDBP	311637.0	0.4644599157511386	0.6343088134480098
ENSG00000163946	TASOR	71228.0	0.2258285014294792	0.36845040095924203
ENSG00000108021	TASOR2	18106.0	0.10821302979953304	0.19529283069178122
ENSG00000065491	TBC1D22B	107142.0	0.29008028710687733	0.4497088902232726
ENSG00000111490	TBC1D30	4142.0	0.17222154813551124	0.29383788143024664
ENSG00000133138	TBC1D8B	9648.0	0.24522497030004373	0.3938645243211842
ENSG00000145348	TBCK	104008.0	0.26574351242811733	0.4199010460157648
ENSG00000183735	TBK1	19554.0	0.07149646998981957	0.13345162021952134
ENSG00000092377	TBL1Y	71.0	-0.017948527293884596	0.0
ENSG00000106638	TBL2	73483.0	0.3346752670130668	0.5015081575041883
ENSG00000112592	TBP	30902.0	0.09185314603847762	0.1682518319826147
ENSG00000136535	TBR1	72.0	0.8290940123383568	0.9065624913160407
ENSG00000136270	TBRG4	117965.0	0.3677489209725855	0.5377433172618916
ENSG00000092607	TBX15	1273.0	0.14022356139439665	0.24595801409841966
ENSG00000143178	TBX19	5586.0	0.04387917723550529	0.08406945591483118
ENSG00000121068	TBX2	10078.0	0.6285453721925491	0.7719101757003228
ENSG00000073861	TBX21	282.0	0.14690152625159342	0.2561711234820834
ENSG00000135111	TBX3	5876.0	0.4357384041490238	0.606988575202584
ENSG00000121075	TBX4	725.0	0.12247703418660603	0.21822635199901091
ENSG00000089225	TBX5	88.0	0.0030902532219283744	0.006161465953841089
ENSG00000006638	TBXA2R	1394.0	0.1777694868315883	0.30187483853028013
ENSG00000059377	TBXAS1	3094.0	0.3468956408391316	0.5151039625059766
ENSG00000165929	TC2N	48198.0	0.34616325463500563	0.5142960981041831
ENSG00000204219	TCEA3	44448.0	0.3965757545178209	0.5679258761795444
ENSG00000176896	TCEANC	2728.0	0.04105288051642198	0.07886800235557177
ENSG00000116205	TCEANC2	6745.0	0.06128137444625238	0.115485630713584
ENSG00000176769	TCERG1L	1404.0	0.3685872887675496	0.5386390649579575
ENSG00000100207	TCF20	112277.0	0.21348407990312496	0.35185312018294934
ENSG00000118526	TCF21	29423.0	0.9305202192427663	0.9640098145232135
ENSG00000071564	TCF3	21063.0	0.2546701284701018	0.40595551402923263
ENSG00000196628	TCF4	58486.0	0.7803800742728274	0.8766443587519516
ENSG00000081059	TCF7	10565.0	0.22400945711016992	0.3660256966299035
ENSG00000148737	TCF7L2	67162.0	0.11273569954168443	0.20262799079443253
ENSG00000101190	TCFL5	12773.0	0.06815079238340827	0.12760518995888329
ENSG00000176907	TCIM	15671.0	0.5657552162544776	0.7226611291231707
ENSG00000100721	TCL1A	151.0	-0.008046884162691208	0.0
ENSG00000070814	TCOF1	36796.0	0.19926232914936823	0.3323081602850048
ENSG00000120438	TCP1	103740.0	0.34939377877478456	0.51785295629868
ENSG00000241186	TDGF1	7158.0	0.3557782580444845	0.5248325173139207
ENSG00000151790	TDO2	2043.0	0.5857836597215306	0.7387939157153333
ENSG00000083544	TDRD3	50472.0	0.34295905087159434	0.5107513153867356
ENSG00000196116	TDRD7	15585.0	0.2185006166348391	0.35863849989387325
ENSG00000135605	TEC	91029.0	0.6757809408463069	0.8065265863508656
ENSG00000205356	TECPR1	30357.0	0.30559821673958343	0.46813516259656246
ENSG00000185347	TEDC1	44823.0	0.37063019142779857	0.5408172003590692
ENSG00000172171	TEFM	38063.0	0.12188847754163164	0.2172916113885456
ENSG00000120156	TEK	8893.0	0.5257360370791861	0.6891572648249643
ENSG00000167858	TEKT1	12105.0	0.6702360221218494	0.8025644438806786
ENSG00000125409	TEKT3	518.0	-0.013758623531201443	0.0
ENSG00000163060	TEKT4	2539.0	0.34604940597497996	0.5141704374875111
ENSG00000100726	TELO2	52018.0	0.3191083597007826	0.48382433081262094
ENSG00000158246	TENT5B	5099.0	0.24792937944229756	0.3973452080326817
ENSG00000183508	TENT5C	11701.0	0.38731764681472547	0.5583690911796658
ENSG00000147601	TERF1	33511.0	0.24882384972344204	0.398493109782529
ENSG00000132604	TERF2	50425.0	0.09295678160434068	0.17010147732994588
ENSG00000164362	TERT	1160.0	0.2146274086696699	0.35340452082296125
ENSG00000135269	TES	100095.0	0.44489212242850784	0.6158136175325722
ENSG00000070759	TESK2	5279.0	0.061418101160913854	0.1157283846841099
ENSG00000138336	TET1	27784.0	0.18786090107729816	0.3163011778684235
ENSG00000168769	TET2	24951.0	0.07254978439936453	0.1352846934559647
ENSG00000120498	TEX11	3383.0	0.05680355946809649	0.10750069671734734
ENSG00000121101	TEX14	1083.0	0.0785163760223549	0.14560071180732345
ENSG00000151287	TEX30	1245.0	0.06503398007251374	0.12212564348056922
ENSG00000240021	TEX35	52.0	-0.007581546604391161	0.0
ENSG00000108064	TFAM	79621.0	0.34657713798810014	0.5147527433978504
ENSG00000137203	TFAP2A	8014.0	0.2909338045892831	0.45073388512255297
ENSG00000008196	TFAP2B	81.0	0.0014848856694360238	0.00296536810626645
ENSG00000068323	TFE3	252969.0	0.8907523203153959	0.9422199943848908
ENSG00000112561	TFEB	38904.0	0.27187551053507075	0.42751905871777385
ENSG00000003436	TFPI	8619.0	0.452427210622436	0.6229946772045792
ENSG00000105825	TFPI2	10479.0	0.4952207301601117	0.6624048478876858
ENSG00000106327	TFR2	715.0	0.057520221355620994	0.10878320847971416
ENSG00000072274	TFRC	91447.0	0.3547398706450847	0.5237018239910053
ENSG00000042832	TG	236.0	0.055604049714365875	0.1053502015825189
ENSG00000163235	TGFA	19335.0	0.36283214670163616	0.532467842910475
ENSG00000105329	TGFB1	5305.0	0.3270560172322994	0.4929046144026468
ENSG00000140682	TGFB1I1	11528.0	0.6784092537760079	0.8083955117022311
ENSG00000092969	TGFB2	62130.0	0.5726988437977416	0.7283007119338788
ENSG00000119699	TGFB3	9926.0	0.18786482876911959	0.316306745042342
ENSG00000106799	TGFBR1	52775.0	0.2803607815849964	0.43794028310978017
ENSG00000163513	TGFBR2	105202.0	0.5910148122757795	0.7429406787613685
ENSG00000069702	TGFBR3	63160.0	0.6064624644550372	0.755028490081489
ENSG00000092295	TGM1	12423.0	0.4666317614183541	0.6363311823645257
ENSG00000198959	TGM2	42039.0	0.5512192524487979	0.7106916080091551
ENSG00000125780	TGM3	386.0	0.01102530204391305	0.02181014069899939
ENSG00000163810	TGM4	95.0	0.009488625816643408	0.01879887613189781
ENSG00000166948	TGM6	91.0	0.0828857883830751	0.1530831584868005
ENSG00000180176	TH	610.0	0.055857980003928005	0.10580585848055095
ENSG00000168286	THAP11	65020.0	0.3404627408504805	0.5079779250476859
ENSG00000173451	THAP2	2643.0	0.030106879140586414	0.0584538939604101
ENSG00000041988	THAP3	14709.0	0.01926643378463566	0.03780450949041363
ENSG00000178726	THBD	1361.0	0.20799712776181575	0.344366924360481
ENSG00000137801	THBS1	67243.0	0.930141539612639	0.963806560838341
ENSG00000186340	THBS2	8492.0	0.8332050177733789	0.9090145506860923
ENSG00000130193	THEM6	5261.0	0.044021997301700935	0.08433155128048415
ENSG00000172673	THEMIS	309.0	0.4795109737304929	0.6482019832829444
ENSG00000130775	THEMIS2	51192.0	0.5031081331760546	0.6694237388137757
ENSG00000090534	THPO	1598.0	0.06955246274658328	0.13005900162760475
ENSG00000126351	THRA	52698.0	0.16273517665697262	0.2799178693894153
ENSG00000151090	THRB	24550.0	0.3271165440300774	0.4929733496301945
ENSG00000134077	THUMPD3	73732.0	0.2958530720505891	0.4566151494048998
ENSG00000154096	THY1	225349.0	0.8526838917097551	0.920485027721435
ENSG00000151500	THYN1	19031.0	0.17068395336541448	0.2915969811916224
ENSG00000156299	TIAM1	9353.0	0.10280316693468762	0.1864397383268959
ENSG00000146426	TIAM2	13042.0	0.16609866082951893	0.2848792583491393
ENSG00000127666	TICAM1	5045.0	0.2547236997385285	0.40602357282581064
ENSG00000243414	TICAM2	4028.0	0.06074539652375226	0.11453341531874758
ENSG00000140534	TICRR	26667.0	0.4744934276529594	0.6436019567862562
ENSG00000066056	TIE1	37407.0	0.6579085387994118	0.7936608364124136
ENSG00000179886	TIGD5	15709.0	0.2177133895360932	0.3575773928527377
ENSG00000181847	TIGIT	4132.0	0.24213613519293445	0.389870527605776
ENSG00000145850	TIMD4	260.0	0.028937869206435766	0.0562480399885641
ENSG00000142444	TIMM29	178516.0	0.40873458362696474	0.5802861495380145
ENSG00000105197	TIMM50	25740.0	0.42096255942842886	0.5925033796777275
ENSG00000035862	TIMP2	56785.0	0.6978133117589286	0.8220141836866581
ENSG00000157150	TIMP4	2346.0	0.09964397673095272	0.18122952308105514
ENSG00000137251	TINAG	84.0	0.02433288203004551	0.047509715751430474
ENSG00000142910	TINAGL1	67368.0	0.6798657552684365	0.8094286738523297
ENSG00000163659	TIPARP	34720.0	0.329293272423707	0.4954411178555127
ENSG00000150455	TIRAP	6596.0	0.07829254289824784	0.14521577361151397
ENSG00000104067	TJP1	83489.0	0.2442538525501502	0.392610964474077
ENSG00000119139	TJP2	206143.0	0.46795414742098407	0.6375596243835303
ENSG00000167900	TK1	34739.0	0.4245388907634894	0.5960369260764169
ENSG00000163931	TKT	119039.0	0.2627182157409002	0.4161153493564678
ENSG00000007350	TKTL1	6298.0	0.43006969279624263	0.6014667606238394
ENSG00000104953	TLE6	1606.0	0.055506777872206384	0.10517559723131738
ENSG00000198586	TLK1	92080.0	0.3222479644701721	0.48742440620704247
ENSG00000146872	TLK2	49099.0	0.12671006597408752	0.22492044723953256
ENSG00000174125	TLR1	1412.0	0.14238149019450239	0.24927135360055674
ENSG00000174123	TLR10	189.0	0.05798529391455279	0.10961455560503455
ENSG00000137462	TLR2	5958.0	0.3136339534491242	0.47750585713110677
ENSG00000164342	TLR3	7440.0	0.22560801078739465	0.3681568801797441
ENSG00000136869	TLR4	4200.0	0.4545637158874793	0.6250172624581583
ENSG00000187554	TLR5	3550.0	0.11442445157805312	0.20535165289315974
ENSG00000174130	TLR6	1660.0	0.09011853502474619	0.1653371300997106
ENSG00000196664	TLR7	1111.0	0.19271377814063512	0.3231517597475291
ENSG00000101916	TLR8	337.0	0.12379707494050879	0.22031926884497774
ENSG00000239732	TLR9	14181.0	0.19965469030266061	0.33285359848389334
ENSG00000142484	TM4SF5	29.0	-0.00442918843431699	0.0
ENSG00000213996	TM6SF2	1546.0	0.06946830081916447	0.12991184641181955
ENSG00000101337	TM9SF4	325989.0	0.4526378577599284	0.6231943568618381
ENSG00000198498	TMA16	21507.0	0.1453925072816688	0.2538736832262421
ENSG00000155957	TMBIM4	31832.0	0.12623109130888785	0.22416552390182035
ENSG00000144339	TMEFF2	81.0	0.0017468268072887106	0.003487561448746684
ENSG00000166292	TMEM100	63667.0	0.7138780051240435	0.8330557985921243
ENSG00000106460	TMEM106B	37976.0	0.2725520772156393	0.42835508596549826
ENSG00000110108	TMEM109	13275.0	0.332598513224136	0.49917287153418083
ENSG00000183160	TMEM119	16109.0	0.494915279107155	0.6621315415315648
ENSG00000188735	TMEM120B	25762.0	0.19895078786257955	0.3318748190111415
ENSG00000152558	TMEM123	15383.0	0.01505107223698408	0.02965579299140941
ENSG00000171202	TMEM126A	7557.0	0.10360959471880281	0.18776494009224756
ENSG00000166448	TMEM130	5125.0	0.5546270615085696	0.7135178271892089
ENSG00000111843	TMEM14C	320827.0	0.6535491848635693	0.7904804899014748
ENSG00000157600	TMEM164	136867.0	0.6596371997862016	0.7949173468408368
ENSG00000184584	TMEM173	78591.0	0.7801335972943627	0.8764888191314328
ENSG00000269556	TMEM185A	39060.0	0.37988959233874275	0.5506086783289331
ENSG00000170088	TMEM192	31184.0	0.16425713175615583	0.2821664171528702
ENSG00000164484	TMEM200A	1692.0	0.4066858785398602	0.5782184704406077
ENSG00000188807	TMEM201	10861.0	0.13968528286854964	0.24512957211655217
ENSG00000146842	TMEM209	65024.0	0.34466173332452177	0.5126370815541619
ENSG00000155755	TMEM237	43384.0	0.21710867654291444	0.3567613652374769
ENSG00000109133	TMEM33	16385.0	0.07334056222201692	0.13665851231819312
ENSG00000176142	TMEM39A	115830.0	0.19610144169842877	0.3279010205354665
ENSG00000170876	TMEM43	5045.0	0.08093139083869662	0.1497438070993605
ENSG00000181458	TMEM45A	22530.0	0.37217029328044743	0.5424549636484258
ENSG00000151715	TMEM45B	3125.0	0.09552662421543058	0.17439398021721775
ENSG00000109084	TMEM97	39406.0	0.4027825907933231	0.5742623175349436
ENSG00000006042	TMEM98	27192.0	0.7700743354886667	0.8701039499293923
ENSG00000175348	TMEM9B	25972.0	0.14675203232917303	0.2559437928897398
ENSG00000167664	TMIGD2	97.0	0.03916820729738376	0.07538376756011514
ENSG00000120802	TMPO	148194.0	0.4121911984790702	0.5837611775558438
ENSG00000087128	TMPRSS11E	187.0	0.149267860037597	0.2597616538806086
ENSG00000137747	TMPRSS13	10023.0	0.4054394851437536	0.5769575843420733
ENSG00000184012	TMPRSS2	10408.0	0.3382253507651195	0.5054834009410177
ENSG00000187045	TMPRSS6	1657.0	0.13635797126181318	0.23999122584655452
ENSG00000139324	TMTC3	22980.0	0.2755371402174486	0.43203311221573065
ENSG00000125247	TMTC4	43742.0	0.243532144871201	0.3916780854851563
ENSG00000168591	TMUB2	18077.0	0.19853762780500075	0.3312997826669858
ENSG00000139921	TMX1	24881.0	0.16176044476358897	0.27847469845043005
ENSG00000213593	TMX2	44921.0	0.16698179070267447	0.2861772000780402
ENSG00000041982	TNC	1953.0	0.62301696076028	0.7677269872379353
ENSG00000232810	TNF	1289.0	0.40481065028768426	0.5763205884078186
ENSG00000145779	TNFAIP8	2187.0	0.09820705700503439	0.17884980137144427
ENSG00000104689	TNFRSF10A	9929.0	0.14948362885023528	0.260088312870981
ENSG00000120889	TNFRSF10B	69505.0	0.5959609939027394	0.7468365407169322
ENSG00000173535	TNFRSF10C	653.0	0.12660836567058467	0.22476020865551496
ENSG00000173530	TNFRSF10D	4381.0	0.31890178739241987	0.483586860584844
ENSG00000141655	TNFRSF11A	2453.0	0.2628486158953685	0.4162788992867637
ENSG00000164761	TNFRSF11B	685.0	0.009848642674454997	0.019505185744216332
ENSG00000006327	TNFRSF12A	63635.0	0.6615339215089138	0.796293007256987
ENSG00000240505	TNFRSF13B	104.0	-0.0078344449114274	0.0
ENSG00000159958	TNFRSF13C	45654.0	0.5615777960412691	0.719244084367639
ENSG00000157873	TNFRSF14	27788.0	0.5001619452359038	0.6668106024476608
ENSG00000048462	TNFRSF17	123.0	0.442476372927387	0.6134954876653094
ENSG00000186891	TNFRSF18	13527.0	0.6451793823906813	0.7843270944146447
ENSG00000067182	TNFRSF1A	169878.0	0.41683335892795703	0.5884013900454077
ENSG00000028137	TNFRSF1B	9083.0	0.39476692533035845	0.5660686644642877
ENSG00000146072	TNFRSF21	101135.0	0.660450237050585	0.7955074139695096
ENSG00000243509	TNFRSF6B	2120.0	-0.008832139130093345	0.0
ENSG00000120949	TNFRSF8	674.0	0.3049752314743666	0.46740386195652817
ENSG00000049249	TNFRSF9	976.0	0.5071655064317737	0.6730057240130078
ENSG00000121858	TNFSF10	23493.0	0.5900104809268953	0.742146656269774
ENSG00000120659	TNFSF11	100.0	0.011863646770122846	0.02344910168082766
ENSG00000239697	TNFSF12	8427.0	0.4308067513716927	0.6021871939850505
ENSG00000161955	TNFSF13	13844.0	0.21584254620238957	0.3550501615140228
ENSG00000102524	TNFSF13B	2485.0	0.42202109482074374	0.5935511032259935
ENSG00000125735	TNFSF14	343.0	0.269914698154516	0.425091068788739
ENSG00000181634	TNFSF15	3543.0	0.18471887336354176	0.3118357907798083
ENSG00000120337	TNFSF18	77.0	0.02743176954311887	0.053398717766567225
ENSG00000117586	TNFSF4	2837.0	0.24176741663908086	0.38939243114212013
ENSG00000106952	TNFSF8	622.0	0.18352624343285664	0.31013464120665846
ENSG00000125657	TNFSF9	262.0	0.06883129317645728	0.12879730153090432
ENSG00000145901	TNIP1	78300.0	0.40449852265854697	0.5760041981288523
ENSG00000061938	TNK2	149105.0	0.4649967753628613	0.634809281744238
ENSG00000173273	TNKS	19969.0	0.12594648713148718	0.22371664829712148
ENSG00000000005	TNMD	104.0	0.04601543452063673	0.0879823241646993
ENSG00000129991	TNNI3	15453.0	0.37344677701717427	0.5438096084483433
ENSG00000118194	TNNT2	20026.0	0.39296241096081624	0.5642110768656918
ENSG00000064419	TNPO3	153623.0	0.4515984554465491	0.6222085091811782
ENSG00000116147	TNR	54.0	0.02643030973194963	0.0514994724558589
ENSG00000111077	TNS2	40838.0	0.6207752881458858	0.766022646922304
ENSG00000168477	TNXB	9471.0	0.7628635857734533	0.8654822663873317
ENSG00000078902	TOLLIP	12228.0	0.0563669830732582	0.1067185627276448
ENSG00000175662	TOM1L2	38478.0	0.1587400004136342	0.27398726264212675
ENSG00000025772	TOMM34	110592.0	0.24721550860000802	0.3964278938088349
ENSG00000130204	TOMM40	4664.0	0.05253444821069632	0.09982466284121082
ENSG00000160949	TONSL	147622.0	0.6144660770020074	0.7612003568920369
ENSG00000198900	TOP1	160994.0	0.3304837840527438	0.4967873911940029
ENSG00000184428	TOP1MT	82592.0	0.26623483231550477	0.42051415033126754
ENSG00000131747	TOP2A	44788.0	0.6000168288939232	0.750013147435092
ENSG00000077097	TOP2B	186387.0	0.46894981844935074	0.6384831020904205
ENSG00000100038	TOP3B	116134.0	0.36830147278732217	0.5383338103657337
ENSG00000163781	TOPBP1	67913.0	0.2743933074165232	0.43062578219714454
ENSG00000136827	TOR1A	28336.0	0.18940191124786165	0.3184826078665882
ENSG00000186283	TOR3A	8667.0	-0.006930145928943346	0.0
ENSG00000198846	TOX	12825.0	0.21949626886946794	0.3599785820959528
ENSG00000124191	TOX2	10129.0	0.4402685329004994	0.6113700644613267
ENSG00000092203	TOX4	71066.0	0.14970851950397226	0.26042865120032715
ENSG00000141510	TP53	204568.0	0.3144873640186721	0.4784943128813597
ENSG00000067369	TP53BP1	104562.0	0.2808377523752397	0.43852197806387627
ENSG00000143514	TP53BP2	62063.0	0.30161212751099586	0.46344394176436077
ENSG00000073282	TP63	2787.0	0.07450117335728758	0.13867118101790074
ENSG00000078900	TP73	2013.0	0.10957048266424348	0.19750071649553705
ENSG00000146242	TPBG	4278.0	0.31847746154125556	0.483098833056981
ENSG00000186815	TPCN1	164807.0	0.4934891752025474	0.6608540368370869
ENSG00000129167	TPH1	575.0	0.00637222493895857	0.012663753591460807
ENSG00000139287	TPH2	201.0	0.030501861838344316	0.05919807225565046
ENSG00000137364	TPMT	25738.0	0.16662136503757494	0.2856477174703694
ENSG00000171368	TPPP	4540.0	0.13230479451884225	0.23369113185653057
ENSG00000159713	TPPP3	12290.0	0.4074348262707396	0.5789750525789019
ENSG00000274391	TPTE	62.0	0.0037369962936068418	0.007446166291381211
ENSG00000088325	TPX2	174378.0	0.7702866810692943	0.8702394807648027
ENSG00000056558	TRAF1	3250.0	0.15227082800196057	0.2642969418326739
ENSG00000127191	TRAF2	58953.0	0.27455723252299985	0.4308276247109136
ENSG00000131323	TRAF3	11425.0	0.04050096423464768	0.077848970114965
ENSG00000056972	TRAF3IP2	29847.0	0.3332832743447199	0.4999436815233754
ENSG00000009790	TRAF3IP3	1137.0	0.3504800289553424	0.5190451120205822
ENSG00000076604	TRAF4	123071.0	0.3540773693586146	0.5229795244659179
ENSG00000082512	TRAF5	40055.0	0.3538517485243469	0.5227333774322536
ENSG00000175104	TRAF6	36368.0	0.12474212039162398	0.22181461533278407
ENSG00000135148	TRAFD1	47241.0	0.14524913041249812	0.25365508089961525
ENSG00000126602	TRAP1	114609.0	0.3680380769071192	0.5380523877510561
ENSG00000211829	TRDC	14400.0	0.7499929814739452	0.857138273597255
ENSG00000124731	TREM1	3389.0	0.6257416831637582	0.7697922611494342
ENSG00000095970	TREM2	7120.0	0.7653333117592694	0.8670694725593378
ENSG00000112195	TREML2	597.0	0.12571728561522633	0.22335498836463077
ENSG00000183479	TREX2	5341.0	0.21266598694559632	0.350741241586645
ENSG00000170893	TRH	611.0	0.22277260243882824	0.36437290465047517
ENSG00000173334	TRIB1	9218.0	0.1721732214627821	0.2937675393196974
ENSG00000071575	TRIB2	185707.0	0.649033741347001	0.7871685400649748
ENSG00000101255	TRIB3	4608.0	0.3698771386220563	0.540015054188161
ENSG00000132109	TRIM21	19336.0	0.421599470748533	0.5931339725760347
ENSG00000113595	TRIM23	16380.0	0.12417827985336458	0.22092275234060227
ENSG00000121060	TRIM25	132633.0	0.4352178329376994	0.6064833127761052
ENSG00000204713	TRIM27	90868.0	0.14363180126038302	0.2511853921901929
ENSG00000130726	TRIM28	208861.0	0.44593938259481314	0.6168161514413582
ENSG00000132481	TRIM47	77364.0	0.5721379331848804	0.7278469924401958
ENSG00000132256	TRIM5	73321.0	0.5210114465959612	0.685085503809968
ENSG00000147573	TRIM55	5363.0	0.13777760976370695	0.24218724042622097
ENSG00000141569	TRIM65	16945.0	0.09690061341569799	0.17668075344393133
ENSG00000166436	TRIM66	22597.0	0.17147047793307746	0.2927440019412475
ENSG00000119283	TRIM67	361.0	0.0501124988038441	0.09544215283776918
ENSG00000071539	TRIP13	24010.0	0.3195477917845976	0.4843292433575766
ENSG00000121486	TRMT1L	49235.0	0.2712468595814357	0.4267414429180892
ENSG00000099899	TRMT2A	67828.0	0.23264742171590097	0.37747602050235135
ENSG00000067445	TRO	94867.0	0.608991982676059	0.7569857267569349
ENSG00000104321	TRPA1	134.0	0.04138764014472538	0.07948556051418777
ENSG00000144935	TRPC1	7161.0	0.11061273531155714	0.19919226890645597
ENSG00000138741	TRPC3	250.0	0.09187068952633178	0.16828126335397192
ENSG00000133107	TRPC4	2668.0	0.45019490636905607	0.6208750346479113
ENSG00000072315	TRPC5	66.0	0.04217361846175436	0.08093395901539423
ENSG00000137672	TRPC6	8606.0	0.3675038058630081	0.5374812183883947
ENSG00000069018	TRPC7	48.0	-0.0123143480530469	0.0
ENSG00000134160	TRPM1	77.0	-0.008590115323277874	0.0
ENSG00000142185	TRPM2	7718.0	0.2640729152345164	0.4178127892021552
ENSG00000083067	TRPM3	136.0	0.008407938786786522	0.016675669564644828
ENSG00000130529	TRPM4	58838.0	0.5892862964289431	0.7415734946598906
ENSG00000119121	TRPM6	633.0	0.08697017541725136	0.16002311265599614
ENSG00000092439	TRPM7	48554.0	0.21451902938283038	0.3532575845960031
ENSG00000144481	TRPM8	409.0	0.04715660760522801	0.09006600782106848
ENSG00000104447	TRPS1	93766.0	0.3882720794089054	0.5593602077976283
ENSG00000196689	TRPV1	32480.0	0.13706626358635082	0.2410875565932957
ENSG00000111199	TRPV4	8226.0	0.13860203099204219	0.24346001011658286
ENSG00000165125	TRPV6	16058.0	0.2494830368545129	0.3993380133956347
ENSG00000196367	TRRAP	227815.0	0.46822677936063967	0.637812613068583
ENSG00000165832	TRUB1	36920.0	0.11832656185277741	0.2116136124974819
ENSG00000204296	TSBP1	76.0	0.0027716880647000158	0.005528054087863684
ENSG00000165699	TSC1	75603.0	0.22715167553392862	0.37020961640311634
ENSG00000103197	TSC2	241498.0	0.35876451197083	0.5280745983723955
ENSG00000074319	TSG101	31928.0	0.0005195370463827534	0.0010385345356003143
ENSG00000165409	TSHR	256.0	0.2396884780265831	0.3866914668887378
ENSG00000179981	TSHZ1	9809.0	0.3313191395607255	0.4977306037529749
ENSG00000145777	TSLP	233.0	0.10598850301414298	0.19166293813234628
ENSG00000102904	TSNAXIP1	12084.0	0.19473159895428144	0.32598384293966126
ENSG00000182612	TSPAN10	1279.0	0.039598410516090525	0.07618020596324804
ENSG00000106025	TSPAN12	52622.0	0.5418977614040508	0.7028971374996993
ENSG00000106537	TSPAN13	47190.0	0.34439408529562754	0.5123409706461131
ENSG00000108219	TSPAN14	138061.0	0.2487899078403819	0.39844958111590023
ENSG00000157570	TSPAN18	17398.0	0.4165719819614492	0.5881409307342714
ENSG00000140391	TSPAN3	377487.0	0.5979259421000221	0.7483775390919776
ENSG00000135452	TSPAN31	7330.0	0.06160428945504097	0.11605885557727848
ENSG00000214063	TSPAN4	14780.0	0.3935184181556656	0.5647839497901876
ENSG00000156298	TSPAN7	106859.0	0.8159235417296722	0.8986320436734938
ENSG00000127324	TSPAN8	2111.0	0.46892425468326604	0.6384594075402165
ENSG00000011105	TSPAN9	78542.0	0.5182126750635598	0.6826615053017719
ENSG00000100300	TSPO	2222.0	0.0756452349857859	0.14065089961893526
ENSG00000005379	TSPOAP1	86368.0	0.5341857460091847	0.6963768857828858
ENSG00000180543	TSPYL5	51687.0	0.31401739541803897	0.47795013447008144
ENSG00000184281	TSSC4	31617.0	0.11862051621102485	0.21208356988268826
ENSG00000162526	TSSK3	1761.0	0.02672954500594206	0.052067353347248546
ENSG00000149292	TTC12	44824.0	0.3429211483243527	0.5107092828975655
ENSG00000103852	TTC23	12961.0	0.0931018875476847	0.17034439078054062
ENSG00000205838	TTC23L	1590.0	0.09036124612072081	0.1657455204726092
ENSG00000243725	TTC4	66106.0	0.16074268616191925	0.2769652362720057
ENSG00000162222	TTC9C	67865.0	0.14411128093979367	0.25191829385934916
ENSG00000101407	TTI1	52249.0	0.1793119228012353	0.30409583645234983
ENSG00000112742	TTK	56498.0	0.5783168641868726	0.7328273267672567
ENSG00000137561	TTPA	67.0	-0.002178210181633308	0.0
ENSG00000127824	TUBA4A	6066.0	0.36695409080350766	0.5368930723749601
ENSG00000196230	TUBB	2044860.0	0.7541881994873848	0.8598714775390421
ENSG00000137267	TUBB2A	8109.0	0.22777578045469907	0.37103807402088307
ENSG00000137285	TUBB2B	39189.0	0.6751184817005738	0.8060546033916313
ENSG00000258947	TUBB3	17331.0	0.4118097937810718	0.5833785763423183
ENSG00000104833	TUBB4A	2070.0	0.15085658236611185	0.2621639997156851
ENSG00000176014	TUBB6	12641.0	0.49894723463056634	0.6657302179866764
ENSG00000108423	TUBD1	6817.0	0.041816355117151385	0.08027586610972175
ENSG00000131462	TUBG1	33008.0	0.24660398337727799	0.39564125683151236
ENSG00000178952	TUFM	185687.0	0.23618249372554503	0.3821159010491243
ENSG00000114383	TUSC2	61303.0	0.2942573163668524	0.4547122317111882
ENSG00000122691	TWIST1	1979.0	0.43150877656296005	0.6028726943595956
ENSG00000233608	TWIST2	7274.0	0.7809018968094963	0.8769735134860488
ENSG00000128791	TWSG1	50315.0	0.24667005671509365	0.3957262876194453
ENSG00000074966	TXK	15890.0	0.33018373545766805	0.49644831259955796
ENSG00000087301	TXNDC16	9883.0	0.12784293109303105	0.22670343106931404
ENSG00000115514	TXNDC9	69728.0	0.27642251574865356	0.4331207140866281
ENSG00000198431	TXNRD1	92073.0	0.23122989069194544	0.37560798749288865
ENSG00000105397	TYK2	198922.0	0.3396106112279908	0.5070288461162269
ENSG00000025708	TYMP	15141.0	0.7053242265800669	0.827202493914668
ENSG00000176890	TYMS	104896.0	0.6614799101096205	0.7962538771425501
ENSG00000092445	TYRO3	17396.0	0.3578317715729676	0.5270634832155101
ENSG00000160201	U2AF1	3480.0	0.027928117021325492	0.05433865765293799
ENSG00000063244	U2AF2	243216.0	0.4087048943699084	0.5802562282609456
ENSG00000130985	UBA1	220434.0	0.2501555927670809	0.4001991339548211
ENSG00000137073	UBAP2	55362.0	0.31590684700094124	0.4801355775614644
ENSG00000143569	UBAP2L	524968.0	0.25949581750334333	0.41206300790697864
ENSG00000160185	UBASH3A	431.0	0.48669054376017085	0.6547301263236964
ENSG00000154127	UBASH3B	7305.0	0.18847587734621152	0.3171724070110127
ENSG00000213886	UBD	3470.0	0.655820625770033	0.7921396986645775
ENSG00000175063	UBE2C	57867.0	0.6015616290538657	0.7512188330950994
ENSG00000072401	UBE2D1	7250.0	0.10169456921796377	0.1846148144129484
ENSG00000131508	UBE2D2	51746.0	0.2759750851234844	0.4325712756323553
ENSG00000109332	UBE2D3	133673.0	0.3359262865336353	0.5029114104869851
ENSG00000103275	UBE2I	88477.0	0.27006178252518265	0.42527345715140896
ENSG00000185651	UBE2L3	24243.0	0.16769678601302612	0.2872265951602189
ENSG00000077152	UBE2T	46215.0	0.37747423971060456	0.5480672216271844
ENSG00000114062	UBE3A	89207.0	0.28968989788031785	0.4492396169907828
ENSG00000130939	UBE4B	98036.0	0.18936596065976757	0.31843178117309173
ENSG00000144357	UBR3	39836.0	0.1763089155430762	0.29976635085126124
ENSG00000104517	UBR5	105247.0	0.3290300040236231	0.4951430788281506
ENSG00000108312	UBTF	127713.0	0.375932885573479	0.5464407305255923
ENSG00000214049	UCA1	1503.0	0.5544157634488858	0.7133429504327292
ENSG00000154277	UCHL1	137651.0	0.6328870138263825	0.7751755124113866
ENSG00000163794	UCN	544.0	0.03279640128854651	0.0635099062073198
ENSG00000175567	UCP2	104418.0	0.5735729695156906	0.7290071456835244
ENSG00000151116	UEVLD	20821.0	0.12742710771803395	0.22604939484904255
ENSG00000143222	UFC1	18808.0	0.1297430971330942	0.22968601881673506
ENSG00000109814	UGDH	48378.0	0.31933190898415253	0.484081233554078
ENSG00000241635	UGT1A1	259.0	0.06623141711097326	0.12423460057185672
ENSG00000241119	UGT1A9	1690.0	0.09214715776452513	0.1687449481682261
ENSG00000197888	UGT2B17	30.0	-0.005826271442680155	0.0
ENSG00000171234	UGT2B7	7276.0	0.20391822490810058	0.3387576011213991
ENSG00000276043	UHRF1	41467.0	0.44270846525708385	0.6137185383163262
ENSG00000131015	ULBP2	778.0	0.02979463324703403	0.05786519425351616
ENSG00000177169	ULK1	242636.0	0.5433124407109077	0.7040861284843108
ENSG00000083290	ULK2	34062.0	0.28931463057537277	0.4487882534091193
ENSG00000169344	UMOD	71.0	-0.0045749070227513264	0.0
ENSG00000114491	UMPS	109570.0	0.11574961769617617	0.2074831411283447
ENSG00000109103	UNC119	107729.0	0.4253425073891611	0.5968284888497047
ENSG00000130477	UNC13A	685.0	0.17581968202388185	0.29905891985283306
ENSG00000140553	UNC45A	70065.0	0.22250564433445247	0.36401573336798354
ENSG00000113763	UNC5A	1000.0	0.10763670849811736	0.19435381235074028
ENSG00000076248	UNG	89930.0	0.3208936674803159	0.48587357995657576
ENSG00000005007	UPF1	297243.0	0.4983084402312896	0.6651613604397332
ENSG00000105668	UPK1A	5245.0	0.44599855260094784	0.6168727510808651
ENSG00000110375	UPK2	741.0	0.06841309517601359	0.128064875814243
ENSG00000100373	UPK3A	515.0	0.025395827685740256	0.049533705911515534
ENSG00000243566	UPK3B	2784.0	0.14605436603452282	0.25488209000047246
ENSG00000101019	UQCC1	170467.0	0.5444477093827829	0.7050387087567553
ENSG00000204922	UQCC3	48613.0	0.16254718612732372	0.2796397222702001
ENSG00000142207	URB1	59996.0	0.2156345913157287	0.3547687649828046
ENSG00000106608	URGCP	186815.0	0.4466623174807016	0.6175073644809443
ENSG00000158773	USF1	41050.0	0.07763291164620366	0.14408043927984862
ENSG00000103194	USP10	102704.0	0.21779394953292286	0.3576860430558985
ENSG00000102226	USP11	96203.0	0.3978508139938471	0.5692321526889326
ENSG00000273820	USP27X	11213.0	0.4811654435777583	0.6497119490115866
ENSG00000131864	USP29	53.0	0.0789828907098225	0.14640248958509922
ENSG00000170832	USP32	87238.0	0.343481562062224	0.5113305187977198
ENSG00000055483	USP36	98065.0	0.253723508681199	0.40475193601194037
ENSG00000170185	USP38	41688.0	0.12753534966122576	0.226219691825262
ENSG00000111667	USP5	450412.0	0.5668490123223318	0.7235528220835611
ENSG00000145390	USP53	21132.0	0.478295440922945	0.6470904633573524
ENSG00000129204	USP6	2258.0	0.33781283459424843	0.5050225649789125
ENSG00000187555	USP7	108209.0	0.20808716133924565	0.3444903116238187
ENSG00000114374	USP9Y	57.0	-0.010920326761651807	0.0
ENSG00000147679	UTP23	30947.0	0.1695455928889253	0.28993413154612685
ENSG00000152818	UTRN	67912.0	0.30733753351238047	0.4701731964914476
ENSG00000049247	UTS2	75.0	-0.01623982437490965	0.0
ENSG00000049245	VAMP3	25800.0	0.12767137682980556	0.22643365692002387
ENSG00000168899	VAMP5	9513.0	0.5431553442148603	0.7039542016960212
ENSG00000124164	VAPB	58420.0	0.20939658131710742	0.3462827405863205
ENSG00000125753	VASP	35704.0	0.37541198464281406	0.5458902333765926
ENSG00000141968	VAV1	3992.0	0.4961971846616526	0.6632777948634647
ENSG00000134215	VAV3	2678.0	0.12619437930732497	0.22410763474941484
ENSG00000162692	VCAM1	9582.0	0.8325653937233405	0.9086337618018249
ENSG00000035403	VCL	121437.0	0.44436478760032827	0.6153082537252894
ENSG00000213585	VDAC1	241034.0	0.36871348554668154	0.5387738039264115
ENSG00000165637	VDAC2	261102.0	0.32367514782329027	0.4890552615655827
ENSG00000111424	VDR	14873.0	0.39116496595650124	0.5623559757883266
ENSG00000112715	VEGFA	88442.0	0.6205245857633912	0.7658317451210733
ENSG00000173511	VEGFB	75119.0	0.3381573163984589	0.5054074169823048
ENSG00000150630	VEGFC	8894.0	0.8790380799561719	0.9356256153964428
ENSG00000165197	VEGFD	346.0	-0.008986287714762344	0.0
ENSG00000128564	VGF	1759.0	0.09145059931903698	0.16757625013187696
ENSG00000206538	VGLL3	6371.0	0.740697565212627	0.851035332059134
ENSG00000134086	VHL	51325.0	0.12139365107302483	0.21650497299831725
ENSG00000146469	VIP	423.0	0.20185196955446646	0.3359015497212925
ENSG00000114812	VIPR1	1853.0	0.04459775173431099	0.08538741665921992
ENSG00000106018	VIPR2	1436.0	0.11502939754638977	0.20632531805800047
ENSG00000147852	VLDLR	19282.0	0.5085096900536469	0.6741881651891316
ENSG00000197969	VPS13A	18992.0	0.11432064658788432	0.20518447170110488
ENSG00000132549	VPS13B	46661.0	0.2772504917293344	0.43413644155885334
ENSG00000069329	VPS35	154112.0	0.3526448344131131	0.5214152679866169
ENSG00000139722	VPS37B	23712.0	0.13712070545001956	0.24117176794481734
ENSG00000132612	VPS4A	70479.0	0.14967015995659608	0.2603706091880242
ENSG00000004766	VPS50	16735.0	0.0776015651830807	0.144026452244242
ENSG00000155659	VSIG4	4291.0	0.6140123471158168	0.7608521065071593
ENSG00000107738	VSIR	1048.0	0.1274258012498066	0.2260473391837385
ENSG00000163032	VSNL1	151.0	-0.0035703684433754275	0.0
ENSG00000189068	VSTM1	539.0	0.026617477703575938	0.051854713720861534
ENSG00000187135	VSTM2B	373.0	0.07259507852139033	0.13536343765713557
ENSG00000132821	VSTM2L	6700.0	0.6430807976278867	0.7827744059285477
ENSG00000119614	VSX2	78.0	0.02317321327346818	0.045296755178586896
ENSG00000134258	VTCN1	69419.0	0.7958312767553721	0.8863096294806098
ENSG00000102763	VWA8	27092.0	0.10108891711965967	0.18361626485915114
ENSG00000062650	WAPL	96195.0	0.2448469024989297	0.3933767309175438
ENSG00000140105	WARS	84953.0	0.5279013064529052	0.691014929070848
ENSG00000015285	WAS	9925.0	0.4594768629053739	0.6296459705304206
ENSG00000099290	WASHC2A	56510.0	0.16679082020257313	0.2858966959880874
ENSG00000120860	WASHC3	21544.0	0.053294404543733395	0.10119564732107258
ENSG00000136051	WASHC4	82332.0	0.31101498535909433	0.47446442463646676
ENSG00000106299	WASL	188816.0	0.4012491788493454	0.5727021073851213
ENSG00000132471	WBP2	71943.0	0.359150819640054	0.5284929596483905
ENSG00000163625	WDFY3	52623.0	0.30959115471460646	0.4728058121041209
ENSG00000128815	WDFY4	1496.0	0.30097690608866645	0.46269369529939025
ENSG00000198554	WDHD1	26468.0	0.2186416205265085	0.3588284149232412
ENSG00000138442	WDR12	20054.0	0.025598186801371648	0.04991854925408378
ENSG00000162923	WDR26	148093.0	0.19580829391525395	0.32749111193090746
ENSG00000047056	WDR37	53695.0	0.1905114409617831	0.3200497440123278
ENSG00000196363	WDR5	54194.0	0.1850156227751489	0.3122585377260545
ENSG00000120314	WDR55	25266.0	0.1313445083180605	0.23219188735591575
ENSG00000166415	WDR72	58055.0	0.5024568966589644	0.6688470035663389
ENSG00000133316	WDR74	72059.0	0.15863648284478246	0.2738330532373445
ENSG00000116455	WDR77	56674.0	0.26681890911345335	0.4212423846754527
ENSG00000167716	WDR81	16492.0	0.1398654572950532	0.24540695816321967
ENSG00000161996	WDR90	28663.0	0.31093903931663325	0.47437604646928455
ENSG00000166483	WEE1	61566.0	0.29121210479717446	0.45106780476305786
ENSG00000214102	WEE2	467.0	0.014482575824935206	0.02855165021076597
ENSG00000103175	WFDC1	22284.0	0.8898789932820986	0.9417311864360917
ENSG00000109501	WFS1	18172.0	0.4045623686306486	0.5760689274696559
ENSG00000105989	WNT2	523.0	0.12372517267415412	0.22020539484707374
ENSG00000108379	WNT3	18209.0	0.25208140149919755	0.40265976508774
ENSG00000154342	WNT3A	5928.0	0.12497908868932221	0.22218917657381776
ENSG00000162552	WNT4	1677.0	0.10360258747823425	0.18775343344377135
ENSG00000114251	WNT5A	20169.0	0.7069128035375425	0.8282939844056239
ENSG00000111186	WNT5B	668.0	0.15165171248741502	0.2633638466266289
ENSG00000116213	WRAP73	28781.0	0.10696848312936906	0.19326382775952597
ENSG00000165392	WRN	12906.0	0.13299796465610028	0.2347717627126881
ENSG00000184937	WT1	51756.0	0.48343164506108843	0.6517747503508063
ENSG00000113645	WWC1	66909.0	0.35199648771562264	0.5207062161978947
ENSG00000186153	WWOX	479.0	0.0032984060530402526	0.0065751246750528165
ENSG00000123124	WWP1	33021.0	0.16906523024932987	0.28923147464281845
ENSG00000198373	WWP2	50856.0	0.1173943526906689	0.21012161446491126
ENSG00000018408	WWTR1	55263.0	0.2864540499260248	0.4453389531363313
ENSG00000100219	XBP1	225703.0	0.6225360026876373	0.7673617123520738
ENSG00000143185	XCL2	8223.0	0.20776723141463566	0.34405177754538296
ENSG00000173578	XCR1	1067.0	0.2897924589475218	0.44936292957394736
ENSG00000158125	XDH	39018.0	0.5511327036263868	0.7106196682435949
ENSG00000101966	XIAP	96330.0	0.19247728733881195	0.32281920902385197
ENSG00000136936	XPA	34596.0	0.11445284138897373	0.2053973701504102
ENSG00000154767	XPC	52511.0	0.219740661034836	0.3603071834112779
ENSG00000108039	XPNPEP1	110236.0	0.38036343525406596	0.5511062167248111
ENSG00000196236	XPNPEP3	41022.0	0.23014892859395517	0.37418059430741046
ENSG00000082898	XPO1	305301.0	0.617016291826016	0.763154081928575
ENSG00000124571	XPO5	96546.0	0.2566159169350132	0.40842378880719565
ENSG00000169180	XPO6	95083.0	0.27620022794550897	0.4328477959765764
ENSG00000130227	XPO7	87134.0	0.09812236536290224	0.1787093468959176
ENSG00000143324	XPR1	389552.0	0.8042255587456403	0.8914911495930317
ENSG00000073050	XRCC1	117229.0	0.34325598905372	0.5110805264982033
ENSG00000196584	XRCC2	7762.0	0.08643541931162388	0.15911745470594138
ENSG00000126215	XRCC3	17388.0	0.24923834656369107	0.3990244892006025
ENSG00000152422	XRCC4	8692.0	0.08860802708629684	0.16279142699959653
ENSG00000079246	XRCC5	264147.0	0.37675571871003644	0.5473094661455862
ENSG00000196419	XRCC6	445069.0	0.4105948232280974	0.5821584149705943
ENSG00000137693	YAP1	145391.0	0.34593657549494927	0.5140458797142591
ENSG00000176105	YES1	129255.0	0.3095514130741281	0.47275946554471887
ENSG00000167645	YIF1B	16495.0	0.29320872319823876	0.4534592412477752
ENSG00000058799	YIPF1	36080.0	0.18925447340062632	0.31827414171411206
ENSG00000145817	YIPF5	23891.0	0.07233207747574927	0.13490611536310226
ENSG00000250067	YJEFN3	102856.0	0.470191383140155	0.6396328920604634
ENSG00000119596	YLPM1	267451.0	0.35898613027127757	0.5283146343805843
ENSG00000047188	YTHDC2	22324.0	0.24347118010533522	0.391599232858313
ENSG00000149658	YTHDF1	140142.0	0.36813881108400076	0.538160028940803
ENSG00000185728	YTHDF3	73048.0	0.23060796344217624	0.3747870488293196
ENSG00000134308	YWHAQ	647134.0	0.5133662966656682	0.6784428829910446
ENSG00000164924	YWHAZ	769356.0	0.5590264852906247	0.7171481569620854
ENSG00000100811	YY1	89789.0	0.32980476559819727	0.496019828068278
ENSG00000163374	YY1AP1	84289.0	0.15569454324986	0.26943891733198055
ENSG00000146839	ZAN	494.0	0.02936349932645541	0.057051759355502434
ENSG00000115085	ZAP70	3154.0	0.4475610679413007	0.6183657157591496
ENSG00000232040	ZBED9	5149.0	0.05214829151011928	0.0991272654832187
ENSG00000124256	ZBP1	1544.0	0.5414167655422029	0.7024923792777824
ENSG00000126804	ZBTB1	141667.0	0.19158999927150397	0.3215703377648945
ENSG00000205189	ZBTB10	27157.0	0.17136670715563398	0.29259275700562537
ENSG00000109906	ZBTB16	376.0	0.1149679141945044	0.20622640836720693
ENSG00000173276	ZBTB21	13527.0	0.043378491345527535	0.08315005859395701
ENSG00000089775	ZBTB25	28394.0	0.19793799174297655	0.330464503350429
ENSG00000185670	ZBTB3	25604.0	0.1506719934429117	0.26188521890080574
ENSG00000177485	ZBTB33	23469.0	0.06612625378444194	0.12404957395939313
ENSG00000174282	ZBTB4	72577.0	0.2834165817881399	0.44165952943083436
ENSG00000184677	ZBTB40	31346.0	0.10969429713289747	0.19770183088498006
ENSG00000204859	ZBTB48	12939.0	0.05494098637464836	0.10415935504308255
ENSG00000168826	ZBTB49	16644.0	0.05125728264963555	0.09751615231705109
ENSG00000104427	ZC2HC1A	5312.0	0.2260258099634411	0.3687129718259047
ENSG00000163874	ZC3H12A	29806.0	0.38137687002994136	0.5521691846797392
ENSG00000178199	ZC3H12D	1216.0	0.14094413490995455	0.24706579506818382
ENSG00000158545	ZC3H18	63191.0	0.20414124007025075	0.33906527453264695
ENSG00000122299	ZC3H7A	15016.0	0.05490477505502696	0.10409427723400524
ENSG00000146858	ZC3HAV1L	132017.0	0.4884523826744974	0.6563224841587891
ENSG00000126970	ZC4H2	8981.0	0.2126382674752641	0.35070354149054034
ENSG00000155329	ZCCHC10	12360.0	0.12457026989761877	0.2215428830587166
ENSG00000121766	ZCCHC17	46184.0	0.10150072357885144	0.18429533709078033
ENSG00000141664	ZCCHC2	26282.0	0.19042980212539895	0.3199345342084089
ENSG00000247315	ZCCHC3	14892.0	0.060787700905533676	0.11460860802523011
ENSG00000033030	ZCCHC8	57295.0	0.19507243367521365	0.3264612724356903
ENSG00000186908	ZDHHC17	28025.0	0.04624349461842666	0.08839910566954977
ENSG00000177108	ZDHHC22	355.0	-0.0026164903657070588	0.0
ENSG00000148516	ZEB1	5411.0	0.5701334322266823	0.7262229063145907
ENSG00000169554	ZEB2	7716.0	0.6648438472012748	0.7986861330195336
ENSG00000160445	ZER1	29856.0	-0.007022483864325286	0.0
ENSG00000107372	ZFAND5	158534.0	0.1643169069598864	0.2822546095099305
ENSG00000066827	ZFAT	32215.0	0.2960810474678252	0.4568866245614556
ENSG00000140836	ZFHX3	24723.0	0.17001950066234225	0.2906267811196225
ENSG00000091656	ZFHX4	2025.0	0.48210217952458284	0.6505653742162741
ENSG00000204644	ZFP57	681.0	0.18774787253202918	0.316140953604556
ENSG00000162300	ZFPL1	54959.0	0.2737491177075951	0.42983208216115537
ENSG00000005889	ZFX	45447.0	0.17533583177759693	0.2983586938082474
ENSG00000165861	ZFYVE1	44437.0	0.16783057970478774	0.2874228207780158
ENSG00000100711	ZFYVE21	60868.0	0.3010968577905918	0.46283542380063547
ENSG00000072121	ZFYVE26	49892.0	0.25821475190951404	0.4104462318815411
ENSG00000138658	ZGRF1	14217.0	0.2431841392638075	0.3912278665456865
ENSG00000174306	ZHX3	5862.0	0.10742609471585682	0.19401040887233237
ENSG00000043355	ZIC2	15018.0	0.1680486160750212	0.28774250277306573
ENSG00000174963	ZIC4	13464.0	0.4687742890677619	0.6383203907596928
ENSG00000108175	ZMIZ1	92750.0	0.3015675685080332	0.4633913379598347
ENSG00000122515	ZMIZ2	243274.0	0.46005616413691475	0.6301896809687023
ENSG00000084073	ZMPSTE24	78673.0	0.17508422807721727	0.2979943460967159
ENSG00000197056	ZMYM1	64314.0	0.3504164715912693	0.5189754108647009
ENSG00000147130	ZMYM3	123927.0	0.3267997367475258	0.49261350857459796
ENSG00000004838	ZMYND10	20034.0	0.6641644156523066	0.7981956703382249
ENSG00000165724	ZMYND19	57831.0	0.2574860275376094	0.40952507129135224
ENSG00000103994	ZNF106	82472.0	0.21647210934771793	0.35590147556081986
ENSG00000115568	ZNF142	32476.0	0.10565735044350207	0.19112132778047505
ENSG00000197279	ZNF165	20497.0	0.26445393287230323	0.4182895493417874
ENSG00000188629	ZNF177	27872.0	0.2918114069198816	0.45178639135206183
ENSG00000167840	ZNF232	26434.0	0.1478506022241039	0.25761297147490253
ENSG00000056277	ZNF280C	8797.0	0.04149642536251788	0.07968615993679297
ENSG00000162702	ZNF281	35420.0	0.08182332432945287	0.15126929229441316
ENSG00000170684	ZNF296	5358.0	0.04236491010253616	0.08128614018361147
ENSG00000162664	ZNF326	77223.0	0.3205518690125828	0.4854816785837716
ENSG00000131061	ZNF341	32965.0	0.1700604971266652	0.29068667396991055
ENSG00000113761	ZNF346	29651.0	0.2060821299749798	0.3417381368203424
ENSG00000186918	ZNF395	10903.0	0.0935876032760163	0.1711570303022084
ENSG00000175213	ZNF408	17410.0	0.11743216498603808	0.21018218137206626
ENSG00000119725	ZNF410	126265.0	0.22973545505718884	0.3736339455976814
ENSG00000173275	ZNF449	15006.0	0.3985506630932601	0.5699481235978412
ENSG00000112200	ZNF451	146346.0	0.4457915621339557	0.616674732111422
ENSG00000225614	ZNF469	14014.0	0.7401185189889551	0.8506529996807105
ENSG00000243943	ZNF512	121199.0	0.21849673159546634	0.35863326659788847
ENSG00000166716	ZNF592	117420.0	0.18702469353142298	0.31511508488508466
ENSG00000168916	ZNF608	53207.0	0.22654101506131047	0.3693981893463
ENSG00000121864	ZNF639	52822.0	0.2026464886391396	0.33700092346911553
ENSG00000176083	ZNF683	74886.0	0.8417391806644564	0.9140699068592075
ENSG00000143373	ZNF687	119662.0	0.26674578530000803	0.42115124975424123
ENSG00000065029	ZNF76	128268.0	0.30152415585860887	0.46334008401049603
ENSG00000169957	ZNF768	127983.0	0.17836716535404257	0.30273614302627283
ENSG00000278129	ZNF8	4874.0	0.00935436951249193	0.018535352488759715
ENSG00000170396	ZNF804A	195.0	-0.003789759184685552	0.0
ENSG00000151612	ZNF827	73958.0	0.3140547451357307	0.4779933960868449
ENSG00000185869	ZNF829	9521.0	0.08586298337574833	0.15814699403200227
ENSG00000109917	ZPR1	61564.0	0.21630436199761724	0.3556747287206407
ENSG00000152467	ZSCAN1	287.0	-0.004772837303343055	0.0
ENSG00000158691	ZSCAN12	42127.0	0.21812647624013426	0.35813436534669674
ENSG00000196812	ZSCAN16	27450.0	0.25726515828414115	0.40924566562433823
ENSG00000121903	ZSCAN20	37780.0	0.2703843637908101	0.4256733182451754
ENSG00000197062	ZSCAN26	35976.0	0.18082093457125237	0.30626309083333986
ENSG00000130449	ZSWIM6	9994.0	0.06074908517707737	0.1145399718481702
ENSG00000153975	ZUP1	43301.0	0.2513332053474835	0.40170468468898435
ENSG00000162378	ZYG11B	43629.0	0.07830418352846788	0.1452357965861506
ENSG00000159840	ZYX	198514.0	0.3560475729504468	0.5251254897728542
