macro	live	status	old	new	old_raw_value	new_raw_value	absolute_change	relative_change_percent	old_result_id	old_provenance_run_id	old_evidence_status	absolute_change_from_old_display	relative_change_percent_from_old_display	change_basis	result_id	provenance_run_id	scope	carry_forward_reason
ablConcordanceGainPP	False	historical_unused	0.99	0.99	not_applicable	not_applicable	not_applicable	not_applicable	not_applicable	not_applicable	not_applicable	not_applicable	not_applicable	not_applicable	not_applicable	not_applicable	not_applicable	
ablConcordantLost	False	historical_unused	1,450	1,450	not_applicable	not_applicable	not_applicable	not_applicable	not_applicable	not_applicable	not_applicable	not_applicable	not_applicable	not_applicable	not_applicable	not_applicable	not_applicable	
ablDiscordantRemoved	False	historical_unused	429,580	429,580	not_applicable	not_applicable	not_applicable	not_applicable	not_applicable	not_applicable	not_applicable	not_applicable	not_applicable	not_applicable	not_applicable	not_applicable	not_applicable	
ablFragmentedRemoved	False	historical_unused	431,030	431,030	not_applicable	not_applicable	not_applicable	not_applicable	not_applicable	not_applicable	not_applicable	not_applicable	not_applicable	not_applicable	not_applicable	not_applicable	not_applicable	
ablPostConcordance	False	historical_unused	0.9828	0.9828	not_applicable	not_applicable	not_applicable	not_applicable	not_applicable	not_applicable	not_applicable	not_applicable	not_applicable	not_applicable	not_applicable	not_applicable	not_applicable	
ablPostMassRatio	False	historical_unused	1.0047	1.0047	not_applicable	not_applicable	not_applicable	not_applicable	not_applicable	not_applicable	not_applicable	not_applicable	not_applicable	not_applicable	not_applicable	not_applicable	not_applicable	
ablPostOccupancy	False	historical_unused	42,401,217	42,401,217	not_applicable	not_applicable	not_applicable	not_applicable	not_applicable	not_applicable	not_applicable	not_applicable	not_applicable	not_applicable	not_applicable	not_applicable	not_applicable	
ablPreConcordance	False	historical_unused	0.9729	0.9729	not_applicable	not_applicable	not_applicable	not_applicable	not_applicable	not_applicable	not_applicable	not_applicable	not_applicable	not_applicable	not_applicable	not_applicable	not_applicable	
ablPreMassRatio	False	historical_unused	1.0089	1.0089	not_applicable	not_applicable	not_applicable	not_applicable	not_applicable	not_applicable	not_applicable	not_applicable	not_applicable	not_applicable	not_applicable	not_applicable	not_applicable	
ablPreOccupancy	False	historical_unused	42,832,247	42,832,247	not_applicable	not_applicable	not_applicable	not_applicable	not_applicable	not_applicable	not_applicable	not_applicable	not_applicable	not_applicable	not_applicable	not_applicable	not_applicable	
ablSoftConcordancePP	False	historical_unused	1.10	1.10	not_applicable	not_applicable	not_applicable	not_applicable	not_applicable	not_applicable	not_applicable	not_applicable	not_applicable	not_applicable	not_applicable	not_applicable	not_applicable	
ablSoftTVPct	False	historical_unused	42.9	42.9	not_applicable	not_applicable	not_applicable	not_applicable	not_applicable	not_applicable	not_applicable	not_applicable	not_applicable	not_applicable	not_applicable	not_applicable	not_applicable	
ablTVReductionPct	False	historical_unused	34	34	not_applicable	not_applicable	not_applicable	not_applicable	not_applicable	not_applicable	not_applicable	not_applicable	not_applicable	not_applicable	not_applicable	not_applicable	not_applicable	
ablTVReductionSixteenPct	False	historical_unused	40	40	not_applicable	not_applicable	not_applicable	not_applicable	not_applicable	not_applicable	not_applicable	not_applicable	not_applicable	not_applicable	not_applicable	not_applicable	not_applicable	
auucCellContainHumanCliques	False	historical_unused	4,727,010	4,727,010	not_applicable	not_applicable	not_applicable	not_applicable	not_applicable	not_applicable	not_applicable	not_applicable	not_applicable	not_applicable	not_applicable	not_applicable	not_applicable	
auucCellContainHumanPct	False	historical_unused	8.20	8.20	not_applicable	not_applicable	not_applicable	not_applicable	not_applicable	not_applicable	not_applicable	not_applicable	not_applicable	not_applicable	not_applicable	not_applicable	not_applicable	
auucHumanDeep	False	historical_unused	-0.0263	-0.0263	not_applicable	not_applicable	not_applicable	not_applicable	not_applicable	not_applicable	not_applicable	not_applicable	not_applicable	not_applicable	not_applicable	not_applicable	not_applicable	
auucHumanDeepHi	False	historical_unused	-0.0252	-0.0252	not_applicable	not_applicable	not_applicable	not_applicable	not_applicable	not_applicable	not_applicable	not_applicable	not_applicable	not_applicable	not_applicable	not_applicable	not_applicable	
auucHumanDeepLo	False	historical_unused	-0.0274	-0.0274	not_applicable	not_applicable	not_applicable	not_applicable	not_applicable	not_applicable	not_applicable	not_applicable	not_applicable	not_applicable	not_applicable	not_applicable	not_applicable	
auucHumanTwoUMI	False	historical_unused	+0.0132	+0.0132	not_applicable	not_applicable	not_applicable	not_applicable	not_applicable	not_applicable	not_applicable	not_applicable	not_applicable	not_applicable	not_applicable	not_applicable	not_applicable	
auucHumanTwoUMIHi	False	historical_unused	+0.0138	+0.0138	not_applicable	not_applicable	not_applicable	not_applicable	not_applicable	not_applicable	not_applicable	not_applicable	not_applicable	not_applicable	not_applicable	not_applicable	not_applicable	
auucHumanTwoUMILo	False	historical_unused	+0.0125	+0.0125	not_applicable	not_applicable	not_applicable	not_applicable	not_applicable	not_applicable	not_applicable	not_applicable	not_applicable	not_applicable	not_applicable	not_applicable	not_applicable	
auucMouseDeep	False	historical_unused	-0.0068	-0.0068	not_applicable	not_applicable	not_applicable	not_applicable	not_applicable	not_applicable	not_applicable	not_applicable	not_applicable	not_applicable	not_applicable	not_applicable	not_applicable	
auucMouseTwoUMI	False	historical_unused	+0.0116	+0.0116	not_applicable	not_applicable	not_applicable	not_applicable	not_applicable	not_applicable	not_applicable	not_applicable	not_applicable	not_applicable	not_applicable	not_applicable	not_applicable	
auucMouseTwoUMIHi	False	historical_unused	+0.0147	+0.0147	not_applicable	not_applicable	not_applicable	not_applicable	not_applicable	not_applicable	not_applicable	not_applicable	not_applicable	not_applicable	not_applicable	not_applicable	not_applicable	
auucMouseTwoUMILo	False	historical_unused	+0.0080	+0.0080	not_applicable	not_applicable	not_applicable	not_applicable	not_applicable	not_applicable	not_applicable	not_applicable	not_applicable	not_applicable	not_applicable	not_applicable	not_applicable	
auucSRCoverageHi	False	historical_unused	99.4	99.4	not_applicable	not_applicable	not_applicable	not_applicable	not_applicable	not_applicable	not_applicable	not_applicable	not_applicable	not_applicable	not_applicable	not_applicable	not_applicable	
auucSRCoverageLo	False	historical_unused	98.7	98.7	not_applicable	not_applicable	not_applicable	not_applicable	not_applicable	not_applicable	not_applicable	not_applicable	not_applicable	not_applicable	not_applicable	not_applicable	not_applicable	
calFlexReads	False	historical_unused	45,766	45,766	not_applicable	not_applicable	not_applicable	not_applicable	not_applicable	not_applicable	not_applicable	not_applicable	not_applicable	not_applicable	not_applicable	not_applicable	not_applicable	
calFlexUniformPostClique	False	historical_unused	0.7371	0.7371	not_applicable	not_applicable	not_applicable	not_applicable	not_applicable	not_applicable	not_applicable	not_applicable	not_applicable	not_applicable	not_applicable	not_applicable	not_applicable	
calFlexUniformPreRead	False	historical_unused	0.7257	0.7257	not_applicable	not_applicable	not_applicable	not_applicable	not_applicable	not_applicable	not_applicable	not_applicable	not_applicable	not_applicable	not_applicable	not_applicable	not_applicable	
calPriorPostClique	False	historical_unused	0.9379	0.9379	not_applicable	not_applicable	not_applicable	not_applicable	not_applicable	not_applicable	not_applicable	not_applicable	not_applicable	not_applicable	not_applicable	not_applicable	not_applicable	
calPriorPreRead	False	historical_unused	0.9279	0.9279	not_applicable	not_applicable	not_applicable	not_applicable	not_applicable	not_applicable	not_applicable	not_applicable	not_applicable	not_applicable	not_applicable	not_applicable	not_applicable	
calRows	False	verified_carry_forward	72	72	not_applicable	72	not_applicable	not_applicable	not_applicable	not_applicable	historical raw evidence not bound; displayed value only	0.0	0.0	new unrounded evidence versus old displayed value	hd_spatial_paper_numbers_v1_9_5	calibration_scrna_100k_v2	historical calibration factorial; no v1.9.5 rerun	Source checksum verified; original historical or frozen-image scope retained.
calSpatialLambdaAfter	False	historical_unused	0.818694	0.818694	not_applicable	not_applicable	not_applicable	not_applicable	not_applicable	not_applicable	not_applicable	not_applicable	not_applicable	not_applicable	not_applicable	not_applicable	not_applicable	
calSpatialLambdaBefore	False	historical_unused	0.817568	0.817568	not_applicable	not_applicable	not_applicable	not_applicable	not_applicable	not_applicable	not_applicable	not_applicable	not_applicable	not_applicable	not_applicable	not_applicable	not_applicable	
calThreePrimeReads	False	historical_unused	48,324	48,324	not_applicable	not_applicable	not_applicable	not_applicable	not_applicable	not_applicable	not_applicable	not_applicable	not_applicable	not_applicable	not_applicable	not_applicable	not_applicable	
calUniformPostClique	False	historical_unused	0.5549	0.5549	not_applicable	not_applicable	not_applicable	not_applicable	not_applicable	not_applicable	not_applicable	not_applicable	not_applicable	not_applicable	not_applicable	not_applicable	not_applicable	
calUniformPreRead	False	historical_unused	0.4686	0.4686	not_applicable	not_applicable	not_applicable	not_applicable	not_applicable	not_applicable	not_applicable	not_applicable	not_applicable	not_applicable	not_applicable	not_applicable	not_applicable	
codexMaxMacroAUCDiff	True	regenerated	0.0008	0.0008	not_applicable	0.0008262382630392917	not_applicable	not_applicable	not_applicable	not_applicable	historical raw evidence not bound; displayed value only	2.623826303929167e-05	3.279782879911459	new unrounded evidence versus old displayed value	hd_spatch_ov_flex_full_codex_v1_9_5	20260915_spatial_flex_half_probe_migration	Largest absolute macro ROC AUC difference, 2020-A hard versus Space Ranger 2020-A, grids 100-500 um	
cpCRCExcessPct	True	regenerated	4.62	4.62	6.803949762018006	4.618864764233508	-2.1850849977844984	-32.114949025379296	hd_flex_full_star_sr_he_cellpose_two_slide_v1	20260728_flex_star_sr_he_morphology_two_slide_v1	checksum-pinned historical raw evidence	-0.0011352357664922152	-0.024572202737926735	new unrounded evidence versus old displayed value	hd_flex_star_sr_morphology_v1_9_5	20260915_spatial_flex_half_probe_migration	8um vendor barcode axis; frozen independent_v1 masks; spatial-bin residuals	
cpCRCGeneR	False	historical_unused	0.9982	0.9982	not_applicable	not_applicable	not_applicable	not_applicable	not_applicable	not_applicable	not_applicable	not_applicable	not_applicable	not_applicable	not_applicable	not_applicable	not_applicable	
cpCRCNuclei	True	verified_carry_forward	404,441	404,441	not_applicable	404441	not_applicable	not_applicable	not_applicable	not_applicable	historical raw evidence not bound; displayed value only	0.0	0.0	new unrounded evidence versus old displayed value	hd_flex_star_sr_morphology_v1_9_5	20260726_crc_native_image_end_to_end_v4	frozen independent_v1 Cellpose masks; no image recomputation	Source checksum verified; original historical or frozen-image scope retained.
cpCRCResidualCellDelta	False	historical_unused	0.213	0.213	not_applicable	not_applicable	not_applicable	not_applicable	not_applicable	not_applicable	not_applicable	not_applicable	not_applicable	not_applicable	not_applicable	not_applicable	not_applicable	
cpCRCResidualNucDelta	True	regenerated	0.170	0.170	0.19401620709992617	0.17043338319324508	-0.023582823906681094	-12.155079340632089	hd_flex_full_star_sr_he_cellpose_two_slide_v1	20260728_flex_star_sr_he_morphology_two_slide_v1	checksum-pinned historical raw evidence	0.00043338319324506824	0.2549312901441578	new unrounded evidence versus old displayed value	hd_flex_star_sr_morphology_v1_9_5	20260915_spatial_flex_half_probe_migration	8um vendor barcode axis; frozen independent_v1 masks; spatial-bin residuals	
cpCRCResidualRatio	False	historical_unused	57.7	57.7	not_applicable	not_applicable	not_applicable	not_applicable	not_applicable	not_applicable	not_applicable	not_applicable	not_applicable	not_applicable	not_applicable	not_applicable	not_applicable	
cpCRCSROnlyCellAUC	False	historical_unused	0.487	0.487	not_applicable	not_applicable	not_applicable	not_applicable	not_applicable	not_applicable	not_applicable	not_applicable	not_applicable	not_applicable	not_applicable	not_applicable	not_applicable	
cpCRCSROnlyMass	True	regenerated	144,738	144,738	87499.0	144738.0	57239.0	65.4167476199728	hd_flex_full_star_sr_he_cellpose_two_slide_v1	20260728_flex_star_sr_he_morphology_two_slide_v1	checksum-pinned historical raw evidence	0.0	0.0	new unrounded evidence versus old displayed value	hd_flex_star_sr_morphology_v1_9_5	20260915_spatial_flex_half_probe_migration	8um vendor barcode axis; frozen independent_v1 masks; spatial-bin residuals	
cpCRCSROnlyNucAUC	False	historical_unused	0.488	0.488	not_applicable	not_applicable	not_applicable	not_applicable	not_applicable	not_applicable	not_applicable	not_applicable	not_applicable	not_applicable	not_applicable	not_applicable	not_applicable	
cpCRCSeconds	False	historical_unused	1,193	1,193	not_applicable	not_applicable	not_applicable	not_applicable	not_applicable	not_applicable	not_applicable	not_applicable	not_applicable	not_applicable	not_applicable	not_applicable	not_applicable	
cpCRCSpatialR	False	historical_unused	0.9992	0.9992	not_applicable	not_applicable	not_applicable	not_applicable	not_applicable	not_applicable	not_applicable	not_applicable	not_applicable	not_applicable	not_applicable	not_applicable	not_applicable	
cpCRCStarOnlyCellAUC	True	regenerated	0.678	0.678	0.6998260103311843	0.6777417502684338	-0.02208426006275055	-3.1556786596570534	hd_flex_full_star_sr_he_cellpose_two_slide_v1	20260728_flex_star_sr_he_morphology_two_slide_v1	checksum-pinned historical raw evidence	-0.0002582497315662957	-0.03808993090948314	new unrounded evidence versus old displayed value	hd_flex_star_sr_morphology_v1_9_5	20260915_spatial_flex_half_probe_migration	8um vendor barcode axis; frozen independent_v1 masks; spatial-bin residuals	
cpCRCStarOnlyMass	True	regenerated	3,510,117	3,510,117	5044966.0	3510117.0	-1534849.0	-30.42337649054523	hd_flex_full_star_sr_he_cellpose_two_slide_v1	20260728_flex_star_sr_he_morphology_two_slide_v1	checksum-pinned historical raw evidence	0.0	0.0	new unrounded evidence versus old displayed value	hd_flex_star_sr_morphology_v1_9_5	20260915_spatial_flex_half_probe_migration	8um vendor barcode axis; frozen independent_v1 masks; spatial-bin residuals	
cpCRCStarOnlyNucAUC	False	historical_unused	0.682	0.682	not_applicable	not_applicable	not_applicable	not_applicable	not_applicable	not_applicable	not_applicable	not_applicable	not_applicable	not_applicable	not_applicable	not_applicable	not_applicable	
cpCRCWholeCellDelta	True	regenerated	0.000079	0.000079	0.0003933732825407432	7.884624851528521e-05	-0.000314527034025458	-79.95637934380589	hd_flex_full_star_sr_he_cellpose_two_slide_v1	20260728_flex_star_sr_he_morphology_two_slide_v1	checksum-pinned historical raw evidence	-1.5375148471478473e-07	-0.19462213255036043	new unrounded evidence versus old displayed value	hd_flex_star_sr_morphology_v1_9_5	20260915_spatial_flex_half_probe_migration	Hard whole-field cell ROC AUC minus vendor on the frozen8um vendor barcode axis and independent H&E masks; no significance claim	
cpChannel	True	verified_carry_forward	Ruifrok-style hematoxylin optical density	Ruifrok-style hematoxylin optical density	not_applicable	Ruifrok-style hematoxylin optical density	not_applicable	not_applicable	not_applicable	not_applicable	historical raw evidence not bound; displayed value only	not_applicable	not_applicable	not_applicable	hd_flex_star_sr_morphology_v1_9_5	20260726_crc_native_image_end_to_end_v4	frozen independent_v1 Cellpose masks; no image recomputation	Source checksum verified; original historical or frozen-image scope retained.
cpEngine	True	verified_carry_forward	Cellpose 4.1.1	Cellpose 4.1.1	not_applicable	4.1.1	not_applicable	not_applicable	not_applicable	not_applicable	historical raw evidence not bound; displayed value only	not_applicable	not_applicable	not_applicable	hd_flex_star_sr_morphology_v1_9_5	20260726_crc_native_image_end_to_end_v4	frozen independent_v1 Cellpose masks; no image recomputation	Source checksum verified; original historical or frozen-image scope retained.
cpModel	True	verified_carry_forward	\texttt{cpsam}	\texttt{cpsam}	not_applicable	cpsam	not_applicable	not_applicable	not_applicable	not_applicable	historical raw evidence not bound; displayed value only	not_applicable	not_applicable	not_applicable	hd_flex_star_sr_morphology_v1_9_5	20260726_crc_native_image_end_to_end_v4	frozen independent_v1 Cellpose masks; no image recomputation	Source checksum verified; original historical or frozen-image scope retained.
cpSPATCHExcessPct	True	regenerated	1.92	1.92	3.523091099579773	1.9224839055018474	-1.6006071940779254	-45.431899114639485	hd_flex_full_star_sr_he_cellpose_two_slide_v1	20260728_flex_star_sr_he_morphology_two_slide_v1	checksum-pinned historical raw evidence	0.0024839055018475165	0.12937007822122482	new unrounded evidence versus old displayed value	hd_flex_star_sr_morphology_v1_9_5	20260915_spatial_flex_half_probe_migration	8um vendor barcode axis; frozen independent_v1 masks; spatial-bin residuals	
cpSPATCHGeneR	False	historical_unused	0.9992	0.9992	not_applicable	not_applicable	not_applicable	not_applicable	not_applicable	not_applicable	not_applicable	not_applicable	not_applicable	not_applicable	not_applicable	not_applicable	not_applicable	
cpSPATCHNuclei	True	verified_carry_forward	241,920	241,920	not_applicable	241920	not_applicable	not_applicable	not_applicable	not_applicable	historical raw evidence not bound; displayed value only	0.0	0.0	new unrounded evidence versus old displayed value	hd_flex_star_sr_morphology_v1_9_5	20260727_spatch_flex_native_he_morphology_v1	frozen independent_v1 Cellpose masks; no image recomputation	Source checksum verified; original historical or frozen-image scope retained.
cpSPATCHResidualCellDelta	False	historical_unused	0.110	0.110	not_applicable	not_applicable	not_applicable	not_applicable	not_applicable	not_applicable	not_applicable	not_applicable	not_applicable	not_applicable	not_applicable	not_applicable	not_applicable	
cpSPATCHResidualNucDelta	True	regenerated	0.077	0.079	0.10277873113326741	0.07892547494784691	-0.0238532561854205	-23.20835830760678	hd_flex_full_star_sr_he_cellpose_two_slide_v1	20260728_flex_star_sr_he_morphology_two_slide_v1	checksum-pinned historical raw evidence	0.0019254749478469085	2.5006168153855954	new unrounded evidence versus old displayed value	hd_flex_morphology_summary_he_corrected_20261005	20261005_flex_morphology_summary_affine_supported_v1	Corrected SPATCH affine H&E placement; unsupported bins excluded from H&E only; CRC and counts unchanged	
cpSPATCHResidualRatio	False	historical_unused	11.6	11.6	not_applicable	not_applicable	not_applicable	not_applicable	not_applicable	not_applicable	not_applicable	not_applicable	not_applicable	not_applicable	not_applicable	not_applicable	not_applicable	
cpSPATCHSROnlyCellAUC	False	historical_unused	0.496	0.496	not_applicable	not_applicable	not_applicable	not_applicable	not_applicable	not_applicable	not_applicable	not_applicable	not_applicable	not_applicable	not_applicable	not_applicable	not_applicable	
cpSPATCHSROnlyMass	False	historical_unused	875,702	875,702	not_applicable	not_applicable	not_applicable	not_applicable	not_applicable	not_applicable	not_applicable	not_applicable	not_applicable	not_applicable	not_applicable	not_applicable	not_applicable	
cpSPATCHSeconds	False	historical_unused	1,082	1,082	not_applicable	not_applicable	not_applicable	not_applicable	not_applicable	not_applicable	not_applicable	not_applicable	not_applicable	not_applicable	not_applicable	not_applicable	not_applicable	
cpSPATCHSpatialR	False	historical_unused	0.9986	0.9986	not_applicable	not_applicable	not_applicable	not_applicable	not_applicable	not_applicable	not_applicable	not_applicable	not_applicable	not_applicable	not_applicable	not_applicable	not_applicable	
cpSPATCHStarOnlyCellAUC	True	regenerated	0.582	0.587	0.6053950999951322	0.5870152553858307	-0.018379844609301532	-3.036008155574652	hd_flex_full_star_sr_he_cellpose_two_slide_v1	20260728_flex_star_sr_he_morphology_two_slide_v1	checksum-pinned historical raw evidence	0.005015255385830697	0.8617277295241748	new unrounded evidence versus old displayed value	hd_flex_morphology_summary_he_corrected_20261005	20261005_flex_morphology_summary_affine_supported_v1	Corrected SPATCH affine H&E placement; unsupported bins excluded from H&E only; CRC and counts unchanged	
cpSPATCHStarOnlyMass	False	historical_unused	10,180,838	10,180,838	not_applicable	not_applicable	not_applicable	not_applicable	not_applicable	not_applicable	not_applicable	not_applicable	not_applicable	not_applicable	not_applicable	not_applicable	not_applicable	
cpSPATCHWholeCellDelta	True	regenerated	-0.000018	0.000056	0.000262992061894729	5.626031862004943e-05	-0.00020673174327467958	-78.60759818576979	hd_flex_full_star_sr_he_cellpose_two_slide_v1	20260728_flex_star_sr_he_morphology_two_slide_v1	checksum-pinned historical raw evidence	7.426031862004944e-05	412.5573256669413	new unrounded evidence versus old displayed value	hd_flex_morphology_summary_he_corrected_20261005	20261005_flex_morphology_summary_affine_supported_v1	Corrected SPATCH affine H&E placement; unsupported bins excluded from H&E only; CRC and counts unchanged	
cpSROnlyAUCHi	True	regenerated	0.507	0.508	0.4967673734701436	0.507973224120357	0.011205850650213345	2.255754151472436	hd_flex_full_star_sr_he_cellpose_two_slide_v1	20260728_flex_star_sr_he_morphology_two_slide_v1	checksum-pinned historical raw evidence	0.0009732241203569414	0.19195742018874584	new unrounded evidence versus old displayed value	hd_flex_morphology_summary_he_corrected_20261005	20261005_flex_morphology_summary_affine_supported_v1	Corrected SPATCH affine H&E placement; unsupported bins excluded from H&E only; CRC and counts unchanged	
cpSROnlyAUCLo	True	regenerated	0.488	0.488	0.4792407679176375	0.48794137107490226	0.008700603157264786	1.815497290656223	hd_flex_full_star_sr_he_cellpose_two_slide_v1	20260728_flex_star_sr_he_morphology_two_slide_v1	checksum-pinned historical raw evidence	-5.862892509772566e-05	-0.012014123995435586	new unrounded evidence versus old displayed value	hd_flex_morphology_summary_he_corrected_20261005	20261005_flex_morphology_summary_affine_supported_v1	Corrected SPATCH affine H&E placement; unsupported bins excluded from H&E only; CRC and counts unchanged	
crCandidateRecallLo	False	historical_unused	0.9930	0.9930	not_applicable	not_applicable	not_applicable	not_applicable	not_applicable	not_applicable	not_applicable	not_applicable	not_applicable	not_applicable	not_applicable	not_applicable	not_applicable	
crFamilyDeltaHi	False	historical_unused	+0.0044	+0.0044	not_applicable	not_applicable	not_applicable	not_applicable	not_applicable	not_applicable	not_applicable	not_applicable	not_applicable	not_applicable	not_applicable	not_applicable	not_applicable	
crFamilyDeltaLo	False	historical_unused	+0.0029	+0.0029	not_applicable	not_applicable	not_applicable	not_applicable	not_applicable	not_applicable	not_applicable	not_applicable	not_applicable	not_applicable	not_applicable	not_applicable	not_applicable	
crFamilyDeltaMean	False	historical_unused	+0.0036	+0.0036	not_applicable	not_applicable	not_applicable	not_applicable	not_applicable	not_applicable	not_applicable	not_applicable	not_applicable	not_applicable	not_applicable	not_applicable	not_applicable	
crFlexFamilyDelta	False	historical_unused	+0.0129	+0.0129	not_applicable	not_applicable	not_applicable	not_applicable	not_applicable	not_applicable	not_applicable	not_applicable	not_applicable	not_applicable	not_applicable	not_applicable	not_applicable	
crFlexFamilyHi	False	historical_unused	+0.0139	+0.0139	not_applicable	not_applicable	not_applicable	not_applicable	not_applicable	not_applicable	not_applicable	not_applicable	not_applicable	not_applicable	not_applicable	not_applicable	not_applicable	
crFlexFamilyLo	False	historical_unused	+0.0120	+0.0120	not_applicable	not_applicable	not_applicable	not_applicable	not_applicable	not_applicable	not_applicable	not_applicable	not_applicable	not_applicable	not_applicable	not_applicable	not_applicable	
crFlexReadAfter	False	historical_unused	0.9918	0.9918	not_applicable	not_applicable	not_applicable	not_applicable	not_applicable	not_applicable	not_applicable	not_applicable	not_applicable	not_applicable	not_applicable	not_applicable	not_applicable	
crFlexReadBefore	False	historical_unused	0.9651	0.9651	not_applicable	not_applicable	not_applicable	not_applicable	not_applicable	not_applicable	not_applicable	not_applicable	not_applicable	not_applicable	not_applicable	not_applicable	not_applicable	
crGeneratorTVHi	False	historical_unused	0.0049	0.0049	not_applicable	not_applicable	not_applicable	not_applicable	not_applicable	not_applicable	not_applicable	not_applicable	not_applicable	not_applicable	not_applicable	not_applicable	not_applicable	
crGeneratorTVLo	False	historical_unused	0.0044	0.0044	not_applicable	not_applicable	not_applicable	not_applicable	not_applicable	not_applicable	not_applicable	not_applicable	not_applicable	not_applicable	not_applicable	not_applicable	not_applicable	
crReadDeltaHi	False	historical_unused	+0.0097	+0.0097	not_applicable	not_applicable	not_applicable	not_applicable	not_applicable	not_applicable	not_applicable	not_applicable	not_applicable	not_applicable	not_applicable	not_applicable	not_applicable	
crReadDeltaLo	False	historical_unused	+0.0091	+0.0091	not_applicable	not_applicable	not_applicable	not_applicable	not_applicable	not_applicable	not_applicable	not_applicable	not_applicable	not_applicable	not_applicable	not_applicable	not_applicable	
crReadDeltaMean	False	historical_unused	+0.0095	+0.0095	not_applicable	not_applicable	not_applicable	not_applicable	not_applicable	not_applicable	not_applicable	not_applicable	not_applicable	not_applicable	not_applicable	not_applicable	not_applicable	
crSeeds	False	historical_unused	three	three	not_applicable	not_applicable	not_applicable	not_applicable	not_applicable	not_applicable	not_applicable	not_applicable	not_applicable	not_applicable	not_applicable	not_applicable	not_applicable	
crTimingOnlyFamilies	False	historical_unused	two or three	two or three	not_applicable	not_applicable	not_applicable	not_applicable	not_applicable	not_applicable	not_applicable	not_applicable	not_applicable	not_applicable	not_applicable	not_applicable	not_applicable	
crTimingOnlyHi	False	historical_unused	+0.00015	+0.00015	not_applicable	not_applicable	not_applicable	not_applicable	not_applicable	not_applicable	not_applicable	not_applicable	not_applicable	not_applicable	not_applicable	not_applicable	not_applicable	
crTimingOnlyLo	False	historical_unused	+0.00013	+0.00013	not_applicable	not_applicable	not_applicable	not_applicable	not_applicable	not_applicable	not_applicable	not_applicable	not_applicable	not_applicable	not_applicable	not_applicable	not_applicable	
crcAcceptedReads	True	regenerated	190,716,551	190,716,551	193750133	190716551	-3033582.0	-1.5657186671453796	not_recorded_in_legacy_provenance	20260725_human_crc_flex_full_current_star_redo_v5	checksum-pinned historical raw evidence	0.0	0.0	new unrounded evidence versus old displayed value	hd_spatial_primary_accounting_v1_9_5	20260915_v195_crc_flex_2020a	one sealed full-capture CRC primary; count policies at 2 um	
crcAmbCellAPGain	False	historical_unused	0.04359	0.04359	not_applicable	not_applicable	not_applicable	not_applicable	not_applicable	not_applicable	not_applicable	not_applicable	not_applicable	not_applicable	not_applicable	not_applicable	not_applicable	
crcAmbCellAUCGain	False	historical_unused	0.05009	0.05009	not_applicable	not_applicable	not_applicable	not_applicable	not_applicable	not_applicable	not_applicable	not_applicable	not_applicable	not_applicable	not_applicable	not_applicable	not_applicable	
crcAmbIncrement	False	historical_unused	12,299,150	12,299,150	not_applicable	not_applicable	not_applicable	not_applicable	not_applicable	not_applicable	not_applicable	not_applicable	not_applicable	not_applicable	not_applicable	not_applicable	not_applicable	
crcAmbIncrementCellPct	False	historical_unused	94.54	94.54	not_applicable	not_applicable	not_applicable	not_applicable	not_applicable	not_applicable	not_applicable	not_applicable	not_applicable	not_applicable	not_applicable	not_applicable	not_applicable	
crcAmbIncrementNucPct	False	historical_unused	34.02	34.02	not_applicable	not_applicable	not_applicable	not_applicable	not_applicable	not_applicable	not_applicable	not_applicable	not_applicable	not_applicable	not_applicable	not_applicable	not_applicable	
crcAmbNucAPGain	False	historical_unused	0.01354	0.01354	not_applicable	not_applicable	not_applicable	not_applicable	not_applicable	not_applicable	not_applicable	not_applicable	not_applicable	not_applicable	not_applicable	not_applicable	not_applicable	
crcAmbNucAUCGain	False	historical_unused	0.03013	0.03013	not_applicable	not_applicable	not_applicable	not_applicable	not_applicable	not_applicable	not_applicable	not_applicable	not_applicable	not_applicable	not_applicable	not_applicable	not_applicable	
crcAmbiguousReads	False	historical_unused	30,413,027	30,413,027	not_applicable	not_applicable	not_applicable	not_applicable	not_applicable	not_applicable	not_applicable	not_applicable	not_applicable	not_applicable	not_applicable	not_applicable	not_applicable	
crcCandidateRows	False	regenerated	230,038,960	230,038,960	233685185	230038960	-3646225.0	-1.5603150024251644	not_recorded_in_legacy_provenance	20260725_human_crc_flex_full_current_star_redo_v5	checksum-pinned historical raw evidence	0.0	0.0	new unrounded evidence versus old displayed value	hd_spatial_primary_accounting_v1_9_5	20260915_v195_crc_flex_2020a	one sealed full-capture CRC primary; count policies at 2 um	
crcCliques	True	regenerated	77,615,686	77,615,686	79488653	77615686	-1872967.0	-2.3562696426620793	not_recorded_in_legacy_provenance	20260725_human_crc_flex_full_current_star_redo_v5	checksum-pinned historical raw evidence	0.0	0.0	new unrounded evidence versus old displayed value	hd_spatial_primary_accounting_v1_9_5	20260915_v195_crc_flex_2020a	one sealed full-capture CRC primary; count policies at 2 um	
crcEightUmExactPct	True	regenerated	90.5	90.5	not_applicable	90.45471669786029	not_applicable	not_applicable	not_applicable	not_applicable	historical raw evidence not bound; displayed value only	-0.045283302139708326	-0.05003679794442909	new unrounded evidence versus old displayed value	hd_spatial_concordance_v1_9_5	20260915_spatial_flex_half_probe_migration	CRC hard policy, 1mm_cr UMI mode, 8 um: identical entries as a share of entries nonzero in either matrix	
crcExcessDeficitPP	True	regenerated	1.15	1.15	not_applicable	1.1474920149812329	not_applicable	not_applicable	not_applicable	not_applicable	historical raw evidence not bound; displayed value only	-0.002507985018767034	-0.21808565380582903	new unrounded evidence versus old displayed value	hd_three_slide_shared_excess_v1_9_5	20260915_spatial_flex_half_probe_migration	CRC shared minus excess cell fraction, percentage points	
crcFieldCellPct	False	historical_unused	94.91	94.91	not_applicable	not_applicable	not_applicable	not_applicable	not_applicable	not_applicable	not_applicable	not_applicable	not_applicable	not_applicable	not_applicable	not_applicable	not_applicable	
crcGatedMass	False	regenerated	69,330,045	69,330,045	71066741	69330045.0	-1736696.0	-2.4437535414772995	not_recorded_in_legacy_provenance	20260725_human_crc_flex_full_current_star_redo_v5	checksum-pinned historical raw evidence	0.0	0.0	new unrounded evidence versus old displayed value	hd_spatial_primary_accounting_v1_9_5	20260915_v195_crc_flex_2020a	one sealed full-capture CRC primary; count policies at 2 um	
crcGenePearson	True	regenerated	0.999999	0.999999	0.9988857600105572	0.9999992525706362	0.001113492560078977	0.11147346419947046	hd_flex_full_sr_concordance_mapq_v1	20260725_human_crc_flex_full_current_star_redo_v5	checksum-pinned historical raw evidence	2.5257063618333575e-07	2.5257088875422452e-05	new unrounded evidence versus old displayed value	hd_spatial_concordance_v1_9_5	20260915_spatial_flex_half_probe_migration	Hard-policy Pearson on the declared target axis; 2um or16um as named	
crcHardCellAUC	False	historical_unused	0.8558	0.8558	not_applicable	not_applicable	not_applicable	not_applicable	not_applicable	not_applicable	not_applicable	not_applicable	not_applicable	not_applicable	not_applicable	not_applicable	not_applicable	
crcHardCellAUCGain	False	historical_unused	0.0035	0.0035	not_applicable	not_applicable	not_applicable	not_applicable	not_applicable	not_applicable	not_applicable	not_applicable	not_applicable	not_applicable	not_applicable	not_applicable	not_applicable	
crcHardGainPct	True	regenerated	4.62	4.62	6.803949762018013	4.618864764233508	-2.1850849977845055	-32.11494902537937	hd_flex_full_star_sr_he_cellpose_two_slide_v1	20260728_flex_star_sr_he_morphology_two_slide_v1	checksum-pinned historical raw evidence	-0.0011352357664922152	-0.024572202737926735	new unrounded evidence versus old displayed value	hd_three_slide_shared_excess_v1_9_5	20260915_spatial_flex_half_probe_migration	Full-capture hard STAR minus vendor divided by vendor once	
crcHardMass	True	regenerated	76,226,984	76,226,984	78142032	76226984.0	-1915048.0	-2.4507271579525858	not_recorded_in_legacy_provenance	20260725_human_crc_flex_full_current_star_redo_v5	checksum-pinned historical raw evidence	0.0	0.0	new unrounded evidence versus old displayed value	hd_spatial_primary_accounting_v1_9_5	20260915_v195_crc_flex_2020a	one sealed full-capture CRC primary; count policies at 2 um	
crcHardNucAUCGain	False	historical_unused	0.0018	0.0018	not_applicable	not_applicable	not_applicable	not_applicable	not_applicable	not_applicable	not_applicable	not_applicable	not_applicable	not_applicable	not_applicable	not_applicable	not_applicable	
crcHardSROnly	False	historical_unused	4,802,657	4,802,657	not_applicable	not_applicable	not_applicable	not_applicable	not_applicable	not_applicable	not_applicable	not_applicable	not_applicable	not_applicable	not_applicable	not_applicable	not_applicable	
crcHardSROnlyAUC	False	historical_unused	0.6079	0.6079	not_applicable	not_applicable	not_applicable	not_applicable	not_applicable	not_applicable	not_applicable	not_applicable	not_applicable	not_applicable	not_applicable	not_applicable	not_applicable	
crcHardStarOnly	False	historical_unused	10,083,084	10,083,084	not_applicable	not_applicable	not_applicable	not_applicable	not_applicable	not_applicable	not_applicable	not_applicable	not_applicable	not_applicable	not_applicable	not_applicable	not_applicable	
crcHardStarOnlyAUC	False	historical_unused	0.7044	0.7044	not_applicable	not_applicable	not_applicable	not_applicable	not_applicable	not_applicable	not_applicable	not_applicable	not_applicable	not_applicable	not_applicable	not_applicable	not_applicable	
crcMassResidual	False	historical_unused	8.98\times10^{-5}	8.98\times10^{-5}	not_applicable	not_applicable	not_applicable	not_applicable	not_applicable	not_applicable	not_applicable	not_applicable	not_applicable	not_applicable	not_applicable	not_applicable	not_applicable	
crcRawPairs	True	regenerated	212,554,625	212,554,625	not_applicable	212554625	not_applicable	not_applicable	not_applicable	not_applicable	historical raw evidence not bound; displayed value only	0.0	0.0	new unrounded evidence versus old displayed value	hd_spatial_primary_accounting_v1_9_5	20260915_v195_crc_flex_2020a	one sealed full-capture CRC primary; count policies at 2 um	
crcRegCellXORPct	True	verified_carry_forward	3.07	3.07	3.069672532858098	3.069672532858098	0.0	0.0	not_recorded_in_legacy_provenance	20260725_crc_registration_morphology_sensitivity_v1	checksum-pinned historical raw evidence	-0.00032746714190201587	-0.010666682146645469	new unrounded evidence versus old displayed value	hd_spatial_paper_numbers_v1_9_5	20260725_crc_registration_morphology_sensitivity_v1	Frozen image-only registration geometry; no refit or segmentation rerun	Checksum-pinned accepted image metadata; geometry is independent of regenerated expression matrices.
crcRegMaxDelta	True	regenerated	1.97\times10^{-3}	1.97\times10^{-3}	not_applicable	0.0019679403598018563	not_applicable	not_applicable	not_applicable	not_applicable	historical raw evidence not bound; displayed value only	-2.0596401981436314e-06	-0.10455026386515896	new unrounded evidence versus old displayed value	hd_crc_frozen_registration_sensitivity_v1_9_5	20260915_spatial_flex_half_probe_migration	Largest change in STAR-minus-vendor contrast under frozen alternate registration	
crcRegMedianShiftUm	True	verified_carry_forward	2.70	2.70	2.6959209047867367	2.6959209047867367	0.0	0.0	not_recorded_in_legacy_provenance	20260725_crc_registration_morphology_sensitivity_v1	checksum-pinned historical raw evidence	-0.0040790952132634395	-0.1510776004912385	new unrounded evidence versus old displayed value	hd_spatial_paper_numbers_v1_9_5	20260725_crc_registration_morphology_sensitivity_v1	Frozen image-only registration geometry; no refit or segmentation rerun	Checksum-pinned accepted image metadata; geometry is independent of regenerated expression matrices.
crcRegNucXORPct	True	verified_carry_forward	15.39	15.39	15.390982401425706	15.390982401425706	0.0	0.0	not_recorded_in_legacy_provenance	20260725_crc_registration_morphology_sensitivity_v1	checksum-pinned historical raw evidence	0.0009824014257056035	0.006383375085806391	new unrounded evidence versus old displayed value	hd_spatial_paper_numbers_v1_9_5	20260725_crc_registration_morphology_sensitivity_v1	Frozen image-only registration geometry; no refit or segmentation rerun	Checksum-pinned accepted image metadata; geometry is independent of regenerated expression matrices.
crcRegRMSE	True	verified_carry_forward	0.653	0.653	0.652968367380986	0.652968367380986	0.0	0.0	not_recorded_in_legacy_provenance	20260725_crc_registration_cpp_prototype_v7	checksum-pinned historical raw evidence	-3.163261901406589e-05	-0.004844198930178543	new unrounded evidence versus old displayed value	hd_spatial_paper_numbers_v1_9_5	20260725_crc_registration_cpp_prototype_v7	Frozen image-only registration geometry; no refit or segmentation rerun	Checksum-pinned accepted image metadata; geometry is independent of regenerated expression matrices.
crcSRCellAUC	False	historical_unused	0.8522	0.8522	not_applicable	not_applicable	not_applicable	not_applicable	not_applicable	not_applicable	not_applicable	not_applicable	not_applicable	not_applicable	not_applicable	not_applicable	not_applicable	
crcSRMass	True	regenerated	72,861,605	72,861,605	72861605.0	72861605.0	0.0	0.0	hd_flex_full_star_sr_he_cellpose_two_slide_v1	20260728_flex_star_sr_he_morphology_two_slide_v1	checksum-pinned historical raw evidence	0.0	0.0	new unrounded evidence versus old displayed value	hd_three_slide_shared_excess_v1_9_5	20260915_spatial_flex_half_probe_migration	Vendor biological mass; ovarian SR4.1.0 intron-inclusive; SPATCH published H5AD axis	
crcSRMassAuth	True	regenerated	\crcSRMass	72,861,605	72861605.0	72861605.0	0.0	0.0	hd_flex_full_star_sr_he_cellpose_two_slide_v1	20260728_flex_star_sr_he_morphology_two_slide_v1	checksum-pinned historical raw evidence	0.0	0.0	new unrounded evidence versus old displayed value	hd_three_slide_shared_excess_v1_9_5	20260915_spatial_flex_half_probe_migration	Vendor biological mass; ovarian SR4.1.0 intron-inclusive; SPATCH published H5AD axis	
crcSixteenUmPearson	True	regenerated	0.99980	0.99980	0.9997556199048852	0.9998011618275955	4.554192271033486e-05	0.004555305497024126	hd_flex_full_sr_concordance_mapq_v1	20260725_human_crc_flex_full_current_star_redo_v5	checksum-pinned historical raw evidence	1.1618275954639046e-06	0.00011620600074653976	new unrounded evidence versus old displayed value	hd_spatial_concordance_v1_9_5	20260915_spatial_flex_half_probe_migration	Hard-policy Pearson on the declared target axis; 2um or16um as named	
crcSoftCellAUC	False	historical_unused	0.8624	0.8624	not_applicable	not_applicable	not_applicable	not_applicable	not_applicable	not_applicable	not_applicable	not_applicable	not_applicable	not_applicable	not_applicable	not_applicable	not_applicable	
crcSoftCellAUCGain	False	historical_unused	0.0102	0.0102	not_applicable	not_applicable	not_applicable	not_applicable	not_applicable	not_applicable	not_applicable	not_applicable	not_applicable	not_applicable	not_applicable	not_applicable	not_applicable	
crcSoftGainPct	False	historical_unused	6.71	6.71	not_applicable	not_applicable	not_applicable	not_applicable	not_applicable	not_applicable	not_applicable	not_applicable	not_applicable	not_applicable	not_applicable	not_applicable	not_applicable	
crcSoftMass	False	regenerated	76172283.066	76172283.066	78197638.58178705	76172283.06582825	-2025355.515958801	-2.5900469025550916	not_recorded_in_legacy_provenance	20260725_human_crc_flex_full_current_star_redo_v5	checksum-pinned historical raw evidence	-0.00017175078392028809	-2.254767443053708e-10	new unrounded evidence versus old displayed value	hd_spatial_primary_accounting_v1_9_5	20260915_v195_crc_flex_2020a	one sealed full-capture CRC primary; count policies at 2 um	
crcSoftNucAUCGain	False	historical_unused	0.0045	0.0045	not_applicable	not_applicable	not_applicable	not_applicable	not_applicable	not_applicable	not_applicable	not_applicable	not_applicable	not_applicable	not_applicable	not_applicable	not_applicable	
crcSoftSROnly	False	historical_unused	6,193,171	6,193,171	not_applicable	not_applicable	not_applicable	not_applicable	not_applicable	not_applicable	not_applicable	not_applicable	not_applicable	not_applicable	not_applicable	not_applicable	not_applicable	
crcSoftSROnlyAUC	False	historical_unused	0.6934	0.6934	not_applicable	not_applicable	not_applicable	not_applicable	not_applicable	not_applicable	not_applicable	not_applicable	not_applicable	not_applicable	not_applicable	not_applicable	not_applicable	
crcSoftStarOnly	False	historical_unused	11,529,204	11,529,204	not_applicable	not_applicable	not_applicable	not_applicable	not_applicable	not_applicable	not_applicable	not_applicable	not_applicable	not_applicable	not_applicable	not_applicable	not_applicable	
crcSoftStarOnlyAUC	False	historical_unused	0.7715	0.7715	not_applicable	not_applicable	not_applicable	not_applicable	not_applicable	not_applicable	not_applicable	not_applicable	not_applicable	not_applicable	not_applicable	not_applicable	not_applicable	
crcStarMassAuth	True	regenerated	76,226,984	76,226,984	not_applicable	76226984.0	not_applicable	not_applicable	not_applicable	not_applicable	historical raw evidence not bound; displayed value only	0.0	0.0	new unrounded evidence versus old displayed value	hd_spatial_primary_accounting_v1_9_5	20260915_v195_crc_flex_2020a	one sealed full-capture CRC primary; count policies at 2 um	
crcStrictDeficitPct	True	regenerated	11.85	11.85	9.632951401496026	11.845209833080128	2.212258431584102	22.965530909255204	hd_flex_full_sr_concordance_mapq_v1	20260725_human_crc_flex_full_current_star_redo_v5	checksum-pinned historical raw evidence	-0.004790166919871552	-0.040423349534781036	new unrounded evidence versus old displayed value	hd_three_slide_shared_excess_v1_9_5	20260915_spatial_flex_half_probe_migration	Strict deficit against vendor using the same primary as hard	
crcStrictMass	True	regenerated	64,230,995	64,230,995	65842882	64230995.0	-1611887.0	-2.4480808722801655	not_recorded_in_legacy_provenance	20260725_human_crc_flex_full_current_star_redo_v5	checksum-pinned historical raw evidence	0.0	0.0	new unrounded evidence versus old displayed value	hd_spatial_primary_accounting_v1_9_5	20260915_v195_crc_flex_2020a	one sealed full-capture CRC primary; count policies at 2 um	
crcTwoUmPearson	True	regenerated	0.9843	0.9843	0.9828577513094146	0.9842994087104046	0.001441657400990004	0.14668016801712686	hd_flex_full_sr_concordance_mapq_v1	20260725_human_crc_flex_full_current_star_redo_v5	checksum-pinned historical raw evidence	-5.912895953974484e-07	-6.0072091374321694e-05	new unrounded evidence versus old displayed value	hd_spatial_concordance_v1_9_5	20260915_spatial_flex_half_probe_migration	Hard-policy Pearson on the declared target axis; 2um or16um as named	
documentedTotalED	True	verified_carry_forward	four	four	not_applicable	four	not_applicable	not_applicable	not_applicable	not_applicable	historical raw evidence not bound; displayed value only	not_applicable	not_applicable	not_applicable	hd_spatial_paper_numbers_v1_9_5	20260915_spatial_flex_half_probe_migration	documented total barcode correction envelope, not an observed vendor algorithm	Official end-user algorithm documentation rechecked on 2026-09-15; the source excerpt explicitly says four edits. No vendor source code inspected.
fbCrcCandidateReads	False	historical_unused	641,532,499	641,532,499	not_applicable	not_applicable	not_applicable	not_applicable	not_applicable	not_applicable	not_applicable	not_applicable	not_applicable	not_applicable	not_applicable	not_applicable	not_applicable	
fbCrcGated	False	historical_unused	242,015,829	242,015,829	not_applicable	not_applicable	not_applicable	not_applicable	not_applicable	not_applicable	not_applicable	not_applicable	not_applicable	not_applicable	not_applicable	not_applicable	not_applicable	
fbCrcHard	False	historical_unused	278,440,678	278,440,678	not_applicable	not_applicable	not_applicable	not_applicable	not_applicable	not_applicable	not_applicable	not_applicable	not_applicable	not_applicable	not_applicable	not_applicable	not_applicable	
fbCrcSR	False	historical_unused	278,410,756	278,410,756	not_applicable	not_applicable	not_applicable	not_applicable	not_applicable	not_applicable	not_applicable	not_applicable	not_applicable	not_applicable	not_applicable	not_applicable	not_applicable	
fbCrcSoft	False	historical_unused	278,610,835	278,610,835	not_applicable	not_applicable	not_applicable	not_applicable	not_applicable	not_applicable	not_applicable	not_applicable	not_applicable	not_applicable	not_applicable	not_applicable	not_applicable	
fbCrcStrict	False	historical_unused	221,456,058	221,456,058	not_applicable	not_applicable	not_applicable	not_applicable	not_applicable	not_applicable	not_applicable	not_applicable	not_applicable	not_applicable	not_applicable	not_applicable	not_applicable	
fbCrcWholeFieldSoftGain	False	historical_unused	0.003219	0.003219	not_applicable	not_applicable	not_applicable	not_applicable	not_applicable	not_applicable	not_applicable	not_applicable	not_applicable	not_applicable	not_applicable	not_applicable	not_applicable	
fbMouseCandidateReads	False	historical_unused	155,515,720	155,515,720	not_applicable	not_applicable	not_applicable	not_applicable	not_applicable	not_applicable	not_applicable	not_applicable	not_applicable	not_applicable	not_applicable	not_applicable	not_applicable	
fbMouseGated	False	historical_unused	70,684,114	70,684,114	not_applicable	not_applicable	not_applicable	not_applicable	not_applicable	not_applicable	not_applicable	not_applicable	not_applicable	not_applicable	not_applicable	not_applicable	not_applicable	
fbMouseHard	False	historical_unused	76,822,116	76,822,116	not_applicable	not_applicable	not_applicable	not_applicable	not_applicable	not_applicable	not_applicable	not_applicable	not_applicable	not_applicable	not_applicable	not_applicable	not_applicable	
fbMouseSR	False	historical_unused	77,058,080	77,058,080	not_applicable	not_applicable	not_applicable	not_applicable	not_applicable	not_applicable	not_applicable	not_applicable	not_applicable	not_applicable	not_applicable	not_applicable	not_applicable	
fbMouseSoft	False	historical_unused	76,836,395	76,836,395	not_applicable	not_applicable	not_applicable	not_applicable	not_applicable	not_applicable	not_applicable	not_applicable	not_applicable	not_applicable	not_applicable	not_applicable	not_applicable	
fbMouseStrict	False	historical_unused	65,969,750	65,969,750	not_applicable	not_applicable	not_applicable	not_applicable	not_applicable	not_applicable	not_applicable	not_applicable	not_applicable	not_applicable	not_applicable	not_applicable	not_applicable	
fbMouseWholeFieldSoftGain	False	historical_unused	0.003071	0.003071	not_applicable	not_applicable	not_applicable	not_applicable	not_applicable	not_applicable	not_applicable	not_applicable	not_applicable	not_applicable	not_applicable	not_applicable	not_applicable	
frameAboveEDTwo	True	verified_carry_forward	5,070	5,070	not_applicable	5070	not_applicable	not_applicable	not_applicable	not_applicable	historical raw evidence not bound; displayed value only	0.0	0.0	new unrounded evidence versus old displayed value	hd_spatial_paper_numbers_v1_9_5	20260720_vm2jxxk_full_sr_disagreement_paper_taxonomy_v1	July 2026 audit of Space Ranger 4.0.1 coordinates (BAM CR/CB) on H1-VM2JXXK/A1 against the July 2026 candidate decoder; historical scope, not re-derived with v1.9.5 raw-R1 framing	Checksum-pinned July 2026 audit summaries (compact c06abf20, full paper taxonomy 057f8584, the latter recorded inside the former). Retained with its historical scope by author decision 2026-09-27; the manuscript states that these shares were measured against the July 2026 build. No vendor source code inspected.
frameBestSplitOneOne	False	historical_unused	3,627,986	3,627,986	not_applicable	not_applicable	not_applicable	not_applicable	not_applicable	not_applicable	not_applicable	not_applicable	not_applicable	not_applicable	not_applicable	not_applicable	not_applicable	
frameDelPlusIns	True	verified_carry_forward	2,979,137	2,979,137	not_applicable	2979137	not_applicable	not_applicable	not_applicable	not_applicable	historical raw evidence not bound; displayed value only	0.0	0.0	new unrounded evidence versus old displayed value	hd_spatial_paper_numbers_v1_9_5	20260720_vm2jxxk_full_sr_disagreement_paper_taxonomy_v1	July 2026 audit of Space Ranger 4.0.1 coordinates (BAM CR/CB) on H1-VM2JXXK/A1 against the July 2026 candidate decoder; historical scope, not re-derived with v1.9.5 raw-R1 framing	Checksum-pinned July 2026 audit summaries (compact c06abf20, full paper taxonomy 057f8584, the latter recorded inside the former). Retained with its historical scope by author decision 2026-09-27; the manuscript states that these shares were measured against the July 2026 build. No vendor source code inspected.
frameOffsetMinusOne	False	verified_carry_forward	3,033,432	3,033,432	not_applicable	3033432	not_applicable	not_applicable	not_applicable	not_applicable	historical raw evidence not bound; displayed value only	0.0	0.0	new unrounded evidence versus old displayed value	hd_spatial_paper_numbers_v1_9_5	20260720_vm2jxxk_full_sr_disagreement_paper_taxonomy_v1	July 2026 audit of Space Ranger 4.0.1 coordinates (BAM CR/CB) on H1-VM2JXXK/A1 against the July 2026 candidate decoder; historical scope, not re-derived with v1.9.5 raw-R1 framing	Checksum-pinned July 2026 audit summaries (compact c06abf20, full paper taxonomy 057f8584, the latter recorded inside the former). Retained with its historical scope by author decision 2026-09-27; the manuscript states that these shares were measured against the July 2026 build. No vendor source code inspected.
gainCRC	True	regenerated	\crcHardGainPct	4.62	6.803949762018013	4.618864764233508	-2.1850849977845055	-32.11494902537937	hd_flex_full_star_sr_he_cellpose_two_slide_v1	20260728_flex_star_sr_he_morphology_two_slide_v1	checksum-pinned historical raw evidence	-0.0011352357664922152	-0.024572202737926735	new unrounded evidence versus old displayed value	hd_three_slide_shared_excess_v1_9_5	20260915_spatial_flex_half_probe_migration	Full-capture hard STAR minus vendor divided by vendor once	
gainHi	True	regenerated	7.6	7.6	not_applicable	7.643687956191945	not_applicable	not_applicable	not_applicable	not_applicable	historical raw evidence not bound; displayed value only	0.04368795619194543	0.5748415288413873	new unrounded evidence versus old displayed value	hd_three_slide_shared_excess_v1_9_5	20260915_spatial_flex_half_probe_migration	Range over the three headline hard-policy comparisons	
gainLo	True	regenerated	2.3	2.3	not_applicable	2.3192368510866777	not_applicable	not_applicable	not_applicable	not_applicable	historical raw evidence not bound; displayed value only	0.01923685108667783	0.836384829855558	new unrounded evidence versus old displayed value	hd_three_slide_shared_excess_v1_9_5	20260915_spatial_flex_half_probe_migration	Range over the three headline hard-policy comparisons	
ovHardGainPct	True	regenerated	7.64	7.64	not_applicable	7.643687956191945	not_applicable	not_applicable	not_applicable	not_applicable	historical raw evidence not bound; displayed value only	0.0036879561919453963	0.048271677905044455	new unrounded evidence versus old displayed value	hd_three_slide_shared_excess_v1_9_5	20260915_spatial_flex_half_probe_migration	Full-capture hard STAR minus vendor divided by vendor once	
gainOvarian	True	regenerated	\ovHardGainPct	7.64	not_applicable	7.643687956191945	not_applicable	not_applicable	not_applicable	not_applicable	historical raw evidence not bound; displayed value only	0.0036879561919453963	0.048271677905044455	new unrounded evidence versus old displayed value	hd_three_slide_shared_excess_v1_9_5	20260915_spatial_flex_half_probe_migration	Full-capture hard STAR minus vendor divided by vendor once	
gainSPATCH	True	regenerated	2.32	2.32	3.9264967403762174	2.3192368510866777	-1.6072598892895398	-40.933687089615155	hd_flex_full_star_sr_he_cellpose_two_slide_v1	20260728_flex_star_sr_he_morphology_two_slide_v1	checksum-pinned historical raw evidence	-0.0007631489133221869	-0.032894349712163234	new unrounded evidence versus old displayed value	hd_three_slide_shared_excess_v1_9_5	20260915_spatial_flex_half_probe_migration	Full-capture hard STAR minus vendor divided by vendor once	
gridPositions	True	regenerated	11,222,500	11,222,500	not_applicable	11222500.0	not_applicable	not_applicable	not_applicable	not_applicable	historical raw evidence not bound; displayed value only	0.0	0.0	new unrounded evidence versus old displayed value	hd_released_decoder_edit_oracle_v1_9_5	20260915_spatial_flex_half_probe_migration	Cartesian product of the two publication barcode axes	
gridSide	True	regenerated	3,350	3,350	not_applicable	3350	not_applicable	not_applicable	not_applicable	not_applicable	historical raw evidence not bound; displayed value only	0.0	0.0	new unrounded evidence versus old displayed value	hd_released_decoder_edit_oracle_v1_9_5	20260915_spatial_flex_half_probe_migration	publication barcode codebook size per axis	
heExcessAUC	True	regenerated	0.857	0.857	0.857112659538911	0.8573995794559569	0.00028691991704588027	0.033475169670254386	hd_three_slide_shared_excess_v1_9_5	20260915_spatial_flex_half_probe_migration	checksum-pinned historical raw evidence	0.0003995794559569221	0.04662537409065602	new unrounded evidence versus old displayed value	hd_three_slide_ovarian_corrected_v1_9_5_20261004	20261004_three_slide_summary_in_register_v1	Ovarian hard-policy H&E at 8 um; frozen sr_compat_v1 masks and support translated (-3,-3) 2 um squares; matched SR4.1.0 intron-inclusive counts	
heExcessDeficitPP	True	regenerated	0.86	0.86	0.8683671982740893	0.862624899073372	-0.005742299200717227	-0.6612754618242433	hd_three_slide_shared_excess_v1_9_5	20260915_spatial_flex_half_probe_migration	checksum-pinned historical raw evidence	0.0026248990733720445	0.30522082248512145	new unrounded evidence versus old displayed value	hd_three_slide_ovarian_corrected_v1_9_5_20261004	20261004_three_slide_summary_in_register_v1	Ovarian hard-policy H&E at 8 um; frozen sr_compat_v1 masks and support translated (-3,-3) 2 um squares; matched SR4.1.0 intron-inclusive counts	
heExcessEnrich	False	regenerated	1.450	1.450	1.4551023260858105	1.4499864073713917	-0.0051159187144187435	-0.35158480765957123	hd_three_slide_shared_excess_v1_9_5	20260915_spatial_flex_half_probe_migration	checksum-pinned historical raw evidence	-1.3592628608227741e-05	-0.000937422662636396	new unrounded evidence versus old displayed value	hd_three_slide_ovarian_corrected_v1_9_5_20261004	20261004_three_slide_summary_in_register_v1	Ovarian hard-policy H&E at 8 um; frozen sr_compat_v1 masks and support translated (-3,-3) 2 um squares; matched SR4.1.0 intron-inclusive counts	
heExcessInCell	True	regenerated	0.844	0.844	0.8468390669452271	0.844259944992192	-0.002579121953035113	-0.30455868815059384	hd_three_slide_shared_excess_v1_9_5	20260915_spatial_flex_half_probe_migration	checksum-pinned historical raw evidence	0.0002599449921920627	0.03079916969100269	new unrounded evidence versus old displayed value	hd_three_slide_ovarian_corrected_v1_9_5_20261004	20261004_three_slide_summary_in_register_v1	Ovarian hard-policy H&E at 8 um; frozen sr_compat_v1 masks and support translated (-3,-3) 2 um squares; matched SR4.1.0 intron-inclusive counts	
heSharedAUC	True	regenerated	0.882	0.882	0.882260598220387	0.8822657407252266	5.142504839517059e-06	0.0005828782164691515	hd_three_slide_shared_excess_v1_9_5	20260915_spatial_flex_half_probe_migration	checksum-pinned historical raw evidence	0.0002657407252265598	0.03012933392591381	new unrounded evidence versus old displayed value	hd_three_slide_ovarian_corrected_v1_9_5_20261004	20261004_three_slide_summary_in_register_v1	Ovarian hard-policy H&E at 8 um; frozen sr_compat_v1 masks and support translated (-3,-3) 2 um squares; matched SR4.1.0 intron-inclusive counts	
heSharedEnrich	False	regenerated	1.465	1.465	1.47002326182704	1.464801682995158	-0.005221578831881901	-0.3552038234682209	hd_three_slide_shared_excess_v1_9_5	20260915_spatial_flex_half_probe_migration	checksum-pinned historical raw evidence	-0.0001983170048420746	-0.013536996917547754	new unrounded evidence versus old displayed value	hd_three_slide_ovarian_corrected_v1_9_5_20261004	20261004_three_slide_summary_in_register_v1	Ovarian hard-policy H&E at 8 um; frozen sr_compat_v1 masks and support translated (-3,-3) 2 um squares; matched SR4.1.0 intron-inclusive counts	
heSharedInCell	True	regenerated	0.853	0.853	0.855522738927968	0.8528861939829258	-0.002636544945042285	-0.3081794118466175	hd_three_slide_shared_excess_v1_9_5	20260915_spatial_flex_half_probe_migration	checksum-pinned historical raw evidence	-0.000113806017074225	-0.013341854287716882	new unrounded evidence versus old displayed value	hd_three_slide_ovarian_corrected_v1_9_5_20261004	20261004_three_slide_summary_in_register_v1	Ovarian hard-policy H&E at 8 um; frozen sr_compat_v1 masks and support translated (-3,-3) 2 um squares; matched SR4.1.0 intron-inclusive counts	
mouseAmbCellAUCGain	False	historical_unused	0.08287	0.08287	not_applicable	not_applicable	not_applicable	not_applicable	not_applicable	not_applicable	not_applicable	not_applicable	not_applicable	not_applicable	not_applicable	not_applicable	not_applicable	
mouseAmbNucAUCGain	False	historical_unused	0.06021	0.06021	not_applicable	not_applicable	not_applicable	not_applicable	not_applicable	not_applicable	not_applicable	not_applicable	not_applicable	not_applicable	not_applicable	not_applicable	not_applicable	
oracleCollisionCalls	True	regenerated	11,338,539	11,338,539	11338539	11338539	0.0	0.0	not_recorded_in_legacy_provenance	20260720_vm2jxxk_full_edit_hash_oracle_audit_v1	checksum-pinned historical raw evidence	0.0	0.0	new unrounded evidence versus old displayed value	hd_released_decoder_edit_oracle_v1_9_5	20260915_spatial_flex_half_probe_migration	exhaustive released half-barcode lookup audit	
oracleDistanceChecks	True	regenerated	54,545,380	54,545,380	54545380	54545380	0.0	0.0	not_recorded_in_legacy_provenance	20260720_vm2jxxk_full_edit_hash_oracle_audit_v1	checksum-pinned historical raw evidence	0.0	0.0	new unrounded evidence versus old displayed value	hd_released_decoder_edit_oracle_v1_9_5	20260915_spatial_flex_half_probe_migration	exhaustive released half-barcode lookup audit	
oracleErrors	True	regenerated	0	0	0.0	0	0.0	not_applicable	not_recorded_in_legacy_provenance	20260720_vm2jxxk_full_edit_hash_oracle_audit_v1	checksum-pinned historical raw evidence	0.0	not_applicable	new unrounded evidence versus old displayed value	hd_released_decoder_edit_oracle_v1_9_5	20260915_spatial_flex_half_probe_migration	exhaustive released half-barcode lookup audit	
oracleOligos	True	regenerated	6,700	6,700	6700	6700	0.0	0.0	not_recorded_in_legacy_provenance	20260720_vm2jxxk_full_edit_hash_oracle_audit_v1	checksum-pinned historical raw evidence	0.0	0.0	new unrounded evidence versus old displayed value	hd_released_decoder_edit_oracle_v1_9_5	20260915_spatial_flex_half_probe_migration	exhaustive released half-barcode lookup audit	
oracleQueryPairs	True	regenerated	36,277,422	36,277,422	36277422	36277422	0.0	0.0	not_recorded_in_legacy_provenance	20260720_vm2jxxk_full_edit_hash_oracle_audit_v1	checksum-pinned historical raw evidence	0.0	0.0	new unrounded evidence versus old displayed value	hd_released_decoder_edit_oracle_v1_9_5	20260915_spatial_flex_half_probe_migration	exhaustive released half-barcode lookup audit	
oracleRSSMB	False	historical_unused	865	865	not_applicable	not_applicable	not_applicable	not_applicable	not_applicable	not_applicable	not_applicable	not_applicable	not_applicable	not_applicable	not_applicable	not_applicable	not_applicable	
oracleSeconds	False	historical_unused	36.71	36.71	not_applicable	not_applicable	not_applicable	not_applicable	not_applicable	not_applicable	not_applicable	not_applicable	not_applicable	not_applicable	not_applicable	not_applicable	not_applicable	
ovAmbCellAPGain	False	historical_unused	0.05310	0.05310	not_applicable	not_applicable	not_applicable	not_applicable	not_applicable	not_applicable	not_applicable	not_applicable	not_applicable	not_applicable	not_applicable	not_applicable	not_applicable	
ovAmbCellAUCGain	False	historical_unused	0.05646	0.05646	not_applicable	not_applicable	not_applicable	not_applicable	not_applicable	not_applicable	not_applicable	not_applicable	not_applicable	not_applicable	not_applicable	not_applicable	not_applicable	
ovAmbCellTVGain	False	historical_unused	0.05123	0.05123	not_applicable	not_applicable	not_applicable	not_applicable	not_applicable	not_applicable	not_applicable	not_applicable	not_applicable	not_applicable	not_applicable	not_applicable	not_applicable	
ovAmbIncCellAP	False	historical_unused	0.84772	0.84772	not_applicable	not_applicable	not_applicable	not_applicable	not_applicable	not_applicable	not_applicable	not_applicable	not_applicable	not_applicable	not_applicable	not_applicable	not_applicable	
ovAmbIncCellAUC	False	historical_unused	0.84676	0.84676	not_applicable	not_applicable	not_applicable	not_applicable	not_applicable	not_applicable	not_applicable	not_applicable	not_applicable	not_applicable	not_applicable	not_applicable	not_applicable	
ovAmbIncCellFrac	False	historical_unused	0.87299	0.87299	not_applicable	not_applicable	not_applicable	not_applicable	not_applicable	not_applicable	not_applicable	not_applicable	not_applicable	not_applicable	not_applicable	not_applicable	not_applicable	
ovAmbIncCellPrev	False	historical_unused	0.56488	0.56488	not_applicable	not_applicable	not_applicable	not_applicable	not_applicable	not_applicable	not_applicable	not_applicable	not_applicable	not_applicable	not_applicable	not_applicable	not_applicable	
ovAmbIncDeepOutside	False	historical_unused	0.01020	0.01020	not_applicable	not_applicable	not_applicable	not_applicable	not_applicable	not_applicable	not_applicable	not_applicable	not_applicable	not_applicable	not_applicable	not_applicable	not_applicable	
ovAmbIncNucAP	False	historical_unused	0.28651	0.28651	not_applicable	not_applicable	not_applicable	not_applicable	not_applicable	not_applicable	not_applicable	not_applicable	not_applicable	not_applicable	not_applicable	not_applicable	not_applicable	
ovAmbIncNucAUC	False	historical_unused	0.70984	0.70984	not_applicable	not_applicable	not_applicable	not_applicable	not_applicable	not_applicable	not_applicable	not_applicable	not_applicable	not_applicable	not_applicable	not_applicable	not_applicable	
ovAmbIncNucPrev	False	historical_unused	0.19132	0.19132	not_applicable	not_applicable	not_applicable	not_applicable	not_applicable	not_applicable	not_applicable	not_applicable	not_applicable	not_applicable	not_applicable	not_applicable	not_applicable	
ovAmbMassDiffPct	False	historical_unused	0.26	0.26	not_applicable	not_applicable	not_applicable	not_applicable	not_applicable	not_applicable	not_applicable	not_applicable	not_applicable	not_applicable	not_applicable	not_applicable	not_applicable	
ovAmbNucAPGain	False	historical_unused	0.01505	0.01505	not_applicable	not_applicable	not_applicable	not_applicable	not_applicable	not_applicable	not_applicable	not_applicable	not_applicable	not_applicable	not_applicable	not_applicable	not_applicable	
ovAmbNucAUCGain	False	historical_unused	0.03401	0.03401	not_applicable	not_applicable	not_applicable	not_applicable	not_applicable	not_applicable	not_applicable	not_applicable	not_applicable	not_applicable	not_applicable	not_applicable	not_applicable	
ovAmbNucTVGain	False	historical_unused	0.00586	0.00586	not_applicable	not_applicable	not_applicable	not_applicable	not_applicable	not_applicable	not_applicable	not_applicable	not_applicable	not_applicable	not_applicable	not_applicable	not_applicable	
ovAnnotatedGainPct	True	regenerated	2.01	2.01	not_applicable	2.013404171650035	not_applicable	not_applicable	not_applicable	not_applicable	historical raw evidence not bound; displayed value only	0.0034041716500352592	0.169361773633595	new unrounded evidence versus old displayed value	hd_spatial_primary_accounting_v1_9_5	20260915_spatial_flex_half_probe_migration	Ovarian annotated-mode hard mass over the intron-inclusive Space Ranger 4.1.0 mass; full capture axis	
ovBinRAuth	True	regenerated	0.9994	0.9994	not_applicable	0.9993666242605922	not_applicable	not_applicable	not_applicable	not_applicable	historical raw evidence not bound; displayed value only	-3.33757394077594e-05	-0.003339577687388373	new unrounded evidence versus old displayed value	hd_ovarian_prepared_fields_v1_9_5	20260915_spatial_flex_half_probe_migration	Intron-matched ovarian hard field; 8um common vendor barcode axis	
ovCandidateReads	False	regenerated	423,760,144	423,760,144	not_applicable	423760144	not_applicable	not_applicable	not_applicable	not_applicable	historical raw evidence not bound; displayed value only	0.0	0.0	new unrounded evidence versus old displayed value	hd_spatial_primary_accounting_v1_9_5	20260915_spatial_flex_half_probe_migration	Current sealed full-slide primary; full capture axis	
ovCliques	False	regenerated	205,906,769	205,906,769	not_applicable	205906769	not_applicable	not_applicable	not_applicable	not_applicable	historical raw evidence not bound; displayed value only	0.0	0.0	new unrounded evidence versus old displayed value	hd_spatial_primary_accounting_v1_9_5	20260915_spatial_flex_half_probe_migration	Current sealed full-slide primary; full capture axis	
ovCommonGenes	False	historical_unused	28,159	28,159	not_applicable	not_applicable	not_applicable	not_applicable	not_applicable	not_applicable	not_applicable	not_applicable	not_applicable	not_applicable	not_applicable	not_applicable	not_applicable	
ovDeepOutsideAfter	False	historical_unused	0.0077493	0.0077493	not_applicable	not_applicable	not_applicable	not_applicable	not_applicable	not_applicable	not_applicable	not_applicable	not_applicable	not_applicable	not_applicable	not_applicable	not_applicable	
ovDeepOutsideBefore	False	historical_unused	0.0076571	0.0076571	not_applicable	not_applicable	not_applicable	not_applicable	not_applicable	not_applicable	not_applicable	not_applicable	not_applicable	not_applicable	not_applicable	not_applicable	not_applicable	
ovDeepOutsideRelPct	False	historical_unused	1.21	1.21	not_applicable	not_applicable	not_applicable	not_applicable	not_applicable	not_applicable	not_applicable	not_applicable	not_applicable	not_applicable	not_applicable	not_applicable	not_applicable	
ovEligibleReads	False	regenerated	373,655,322	373,655,322	not_applicable	373655322	not_applicable	not_applicable	not_applicable	not_applicable	historical raw evidence not bound; displayed value only	0.0	0.0	new unrounded evidence versus old displayed value	hd_spatial_primary_accounting_v1_9_5	20260915_spatial_flex_half_probe_migration	Current sealed full-slide primary; full capture axis	
ovExactHardGainPct	False	historical_unused	11.17	11.17	not_applicable	not_applicable	not_applicable	not_applicable	not_applicable	not_applicable	not_applicable	not_applicable	not_applicable	not_applicable	not_applicable	not_applicable	not_applicable	
ovExactHardMass	False	historical_unused	202,283,820	202,283,820	not_applicable	not_applicable	not_applicable	not_applicable	not_applicable	not_applicable	not_applicable	not_applicable	not_applicable	not_applicable	not_applicable	not_applicable	not_applicable	
ovGeneFullReads	False	historical_unused	409,493,355	409,493,355	not_applicable	not_applicable	not_applicable	not_applicable	not_applicable	not_applicable	not_applicable	not_applicable	not_applicable	not_applicable	not_applicable	not_applicable	not_applicable	
ovGenePearson	False	historical_unused	0.9989	0.9989	not_applicable	not_applicable	not_applicable	not_applicable	not_applicable	not_applicable	not_applicable	not_applicable	not_applicable	not_applicable	not_applicable	not_applicable	not_applicable	
ovGeneRAuth	True	regenerated	0.9989	0.9989	not_applicable	0.9989276247385532	not_applicable	not_applicable	not_applicable	not_applicable	historical raw evidence not bound; displayed value only	2.762473855322245e-05	0.002765515922837366	new unrounded evidence versus old displayed value	hd_ovarian_prepared_fields_v1_9_5	20260915_spatial_flex_half_probe_migration	Intron-matched ovarian hard field; 8um common vendor barcode axis	
ovHardAmbMass	False	historical_unused	21,962,771	21,962,771	not_applicable	not_applicable	not_applicable	not_applicable	not_applicable	not_applicable	not_applicable	not_applicable	not_applicable	not_applicable	not_applicable	not_applicable	not_applicable	
ovHardCellAUC	False	historical_unused	0.8977	0.8977	not_applicable	not_applicable	not_applicable	not_applicable	not_applicable	not_applicable	not_applicable	not_applicable	not_applicable	not_applicable	not_applicable	not_applicable	not_applicable	
ovHardGain	False	historical_unused	14,335,917	14,335,917	not_applicable	not_applicable	not_applicable	not_applicable	not_applicable	not_applicable	not_applicable	not_applicable	not_applicable	not_applicable	not_applicable	not_applicable	not_applicable	
ovHardMass	True	regenerated	201,888,275	201,888,275	not_applicable	201888275.0	not_applicable	not_applicable	not_applicable	not_applicable	historical raw evidence not bound; displayed value only	0.0	0.0	new unrounded evidence versus old displayed value	hd_spatial_primary_accounting_v1_9_5	20260915_spatial_flex_half_probe_migration	Current sealed full-slide primary; full capture axis	
ovHardNucAP	False	historical_unused	0.2860	0.2860	not_applicable	not_applicable	not_applicable	not_applicable	not_applicable	not_applicable	not_applicable	not_applicable	not_applicable	not_applicable	not_applicable	not_applicable	not_applicable	
ovHardNucAUC	False	historical_unused	0.7267	0.7267	not_applicable	not_applicable	not_applicable	not_applicable	not_applicable	not_applicable	not_applicable	not_applicable	not_applicable	not_applicable	not_applicable	not_applicable	not_applicable	
ovHardSpatialTV	False	historical_unused	0.0546	0.0546	not_applicable	not_applicable	not_applicable	not_applicable	not_applicable	not_applicable	not_applicable	not_applicable	not_applicable	not_applicable	not_applicable	not_applicable	not_applicable	
ovHardTissueAUC	False	historical_unused	0.9648	0.9648	not_applicable	not_applicable	not_applicable	not_applicable	not_applicable	not_applicable	not_applicable	not_applicable	not_applicable	not_applicable	not_applicable	not_applicable	not_applicable	
ovIntronScopeCounts	True	verified_carry_forward	5,596,840	5,596,840	not_applicable	5596840.0	not_applicable	not_applicable	not_applicable	not_applicable	historical raw evidence not bound; displayed value only	0.0	0.0	new unrounded evidence versus old displayed value	hd_ovarian_prepared_fields_v1_9_5	20260915_spatial_flex_half_probe_migration	Vendor4.1.0 intron-inclusive total minus historical4.0.1 exon-only total; not a STAR gain	Verify the archived exon-only total and current intron-inclusive total against checksum-pinned result files.
ovMassMatchedCellAUCGain	False	historical_unused	0.00410	0.00410	not_applicable	not_applicable	not_applicable	not_applicable	not_applicable	not_applicable	not_applicable	not_applicable	not_applicable	not_applicable	not_applicable	not_applicable	not_applicable	
ovMassMatchedNucAUCGain	False	historical_unused	0.00178	0.00178	not_applicable	not_applicable	not_applicable	not_applicable	not_applicable	not_applicable	not_applicable	not_applicable	not_applicable	not_applicable	not_applicable	not_applicable	not_applicable	
ovNestingPositiveBins	True	regenerated	6,824,740	6,824,740	not_applicable	6824740	not_applicable	not_applicable	not_applicable	not_applicable	historical raw evidence not bound; displayed value only	0.0	0.0	new unrounded evidence versus old displayed value	hd_spatial_policy_nesting_v1_9_5	20260915_spatial_flex_half_probe_migration	Full2um ovarian hard versus strict bin totals	
ovNestingViolations	True	regenerated	168	168	not_applicable	168	not_applicable	not_applicable	not_applicable	not_applicable	historical raw evidence not bound; displayed value only	0.0	0.0	new unrounded evidence versus old displayed value	hd_spatial_policy_nesting_v1_9_5	20260915_spatial_flex_half_probe_migration	Full2um ovarian hard versus strict bin totals	
ovRawPairs	True	regenerated	474,131,092	474,131,092	not_applicable	474131092	not_applicable	not_applicable	not_applicable	not_applicable	historical raw evidence not bound; displayed value only	0.0	0.0	new unrounded evidence versus old displayed value	hd_spatial_primary_accounting_v1_9_5	20260915_spatial_flex_half_probe_migration	Current sealed full-slide primary; full capture axis	
ovSRCellAUC	False	historical_unused	0.8945	0.8945	not_applicable	not_applicable	not_applicable	not_applicable	not_applicable	not_applicable	not_applicable	not_applicable	not_applicable	not_applicable	not_applicable	not_applicable	not_applicable	
ovSRMass	True	regenerated	187,552,358	187,552,358	not_applicable	187552358.0	not_applicable	not_applicable	not_applicable	not_applicable	historical raw evidence not bound; displayed value only	0.0	0.0	new unrounded evidence versus old displayed value	hd_three_slide_shared_excess_v1_9_5	20260915_spatial_flex_half_probe_migration	Vendor biological mass; ovarian SR4.1.0 intron-inclusive; SPATCH published H5AD axis	
ovSRMassAuth	True	regenerated	\ovSRMass	187,552,358	not_applicable	187552358.0	not_applicable	not_applicable	not_applicable	not_applicable	historical raw evidence not bound; displayed value only	0.0	0.0	new unrounded evidence versus old displayed value	hd_three_slide_shared_excess_v1_9_5	20260915_spatial_flex_half_probe_migration	Vendor biological mass; ovarian SR4.1.0 intron-inclusive; SPATCH published H5AD axis	
ovSRNucAP	False	historical_unused	0.2864	0.2864	not_applicable	not_applicable	not_applicable	not_applicable	not_applicable	not_applicable	not_applicable	not_applicable	not_applicable	not_applicable	not_applicable	not_applicable	not_applicable	
ovSRNucAUC	False	historical_unused	0.7256	0.7256	not_applicable	not_applicable	not_applicable	not_applicable	not_applicable	not_applicable	not_applicable	not_applicable	not_applicable	not_applicable	not_applicable	not_applicable	not_applicable	
ovSRTissueAUC	False	historical_unused	0.9615	0.9615	not_applicable	not_applicable	not_applicable	not_applicable	not_applicable	not_applicable	not_applicable	not_applicable	not_applicable	not_applicable	not_applicable	not_applicable	not_applicable	
ovSoftOverStrictMass	False	historical_unused	22,019,868	22,019,868	not_applicable	not_applicable	not_applicable	not_applicable	not_applicable	not_applicable	not_applicable	not_applicable	not_applicable	not_applicable	not_applicable	not_applicable	not_applicable	
ovSoftOverStrictPct	False	historical_unused	23.09	23.09	not_applicable	not_applicable	not_applicable	not_applicable	not_applicable	not_applicable	not_applicable	not_applicable	not_applicable	not_applicable	not_applicable	not_applicable	not_applicable	
ovSpatialPearson	False	historical_unused	0.9852	0.9852	not_applicable	not_applicable	not_applicable	not_applicable	not_applicable	not_applicable	not_applicable	not_applicable	not_applicable	not_applicable	not_applicable	not_applicable	not_applicable	
ovStarMassAuth	True	regenerated	\ovHardMass	201,888,275	not_applicable	201888275.0	not_applicable	not_applicable	not_applicable	not_applicable	historical raw evidence not bound; displayed value only	0.0	0.0	new unrounded evidence versus old displayed value	hd_spatial_primary_accounting_v1_9_5	20260915_spatial_flex_half_probe_migration	Current sealed full-slide primary; full capture axis	
ovStrictDeficitPct	True	regenerated	12.40	12.40	not_applicable	12.401017640098132	not_applicable	not_applicable	not_applicable	not_applicable	historical raw evidence not bound; displayed value only	0.0010176400981318778	0.008206774984934499	new unrounded evidence versus old displayed value	hd_three_slide_shared_excess_v1_9_5	20260915_spatial_flex_half_probe_migration	Strict deficit against vendor using the same primary as hard	
ovTopHundredOverlap	False	historical_unused	95	95	not_applicable	not_applicable	not_applicable	not_applicable	not_applicable	not_applicable	not_applicable	not_applicable	not_applicable	not_applicable	not_applicable	not_applicable	not_applicable	
perHalfED	True	regenerated	2	2	not_applicable	2	not_applicable	not_applicable	not_applicable	not_applicable	historical raw evidence not bound; displayed value only	0.0	0.0	new unrounded evidence versus old displayed value	hd_released_decoder_edit_oracle_v1_9_5	20260915_spatial_flex_half_probe_migration	released half-barcode maximum edit distance	
policyGated	False	historical_unused	\textsc{gated-hard}	\textsc{gated-hard}	not_applicable	not_applicable	not_applicable	not_applicable	not_applicable	not_applicable	not_applicable	not_applicable	not_applicable	not_applicable	not_applicable	not_applicable	not_applicable	
policyHard	True	regenerated	\textsc{hard}	\textsc{hard}	not_applicable	hard	not_applicable	not_applicable	not_applicable	not_applicable	historical raw evidence not bound; displayed value only	not_applicable	not_applicable	not_applicable	hd_spatial_primary_accounting_v1_9_5	20260915_spatial_flex_half_probe_migration	assignment policy name emitted by the accepted current primary	
policySoft	False	historical_unused	\textsc{soft}	\textsc{soft}	not_applicable	not_applicable	not_applicable	not_applicable	not_applicable	not_applicable	not_applicable	not_applicable	not_applicable	not_applicable	not_applicable	not_applicable	not_applicable	
policyStrict	True	regenerated	\textsc{strict}	\textsc{strict}	not_applicable	strict	not_applicable	not_applicable	not_applicable	not_applicable	historical raw evidence not bound; displayed value only	not_applicable	not_applicable	not_applicable	hd_spatial_primary_accounting_v1_9_5	20260915_spatial_flex_half_probe_migration	assignment policy name emitted by the accepted current primary	
readsPerCliqueChromiumFlex	False	historical_unused	1.02	1.02	not_applicable	not_applicable	not_applicable	not_applicable	not_applicable	not_applicable	not_applicable	not_applicable	not_applicable	not_applicable	not_applicable	not_applicable	not_applicable	
readsPerCliqueChromiumThreePrime	False	historical_unused	1.10	1.10	not_applicable	not_applicable	not_applicable	not_applicable	not_applicable	not_applicable	not_applicable	not_applicable	not_applicable	not_applicable	not_applicable	not_applicable	not_applicable	
readsPerCliqueHDFlex	False	historical_unused	1.15	1.15	not_applicable	not_applicable	not_applicable	not_applicable	not_applicable	not_applicable	not_applicable	not_applicable	not_applicable	not_applicable	not_applicable	not_applicable	not_applicable	
readsPerCliqueHDThreePrime	False	historical_unused	1.31	1.31	not_applicable	not_applicable	not_applicable	not_applicable	not_applicable	not_applicable	not_applicable	not_applicable	not_applicable	not_applicable	not_applicable	not_applicable	not_applicable	
regOvShiftSquares	False	regenerated	3	3	not_applicable	3.0	not_applicable	not_applicable	not_applicable	not_applicable	historical raw evidence not bound; displayed value only	0.0	0.0	new unrounded evidence versus old displayed value	hd_ovarian_morphology_in_register_v1_9_5_20261004	20261004_ovarian_he_morphology_in_register_v1	Magnitude of accepted ovarian correction; signed displacement (-3,-3) squares	
regOvShiftUm	False	regenerated	8.49	8.49	not_applicable	8.48528137423857	not_applicable	not_applicable	not_applicable	not_applicable	historical raw evidence not bound; displayed value only	-0.004718625761430673	-0.055578630876686366	new unrounded evidence versus old displayed value	hd_ovarian_morphology_in_register_v1_9_5_20261004	20261004_ovarian_he_morphology_in_register_v1	Magnitude of accepted ovarian correction; signed displacement (-3,-3) squares	
resCRCMaterializeTime	False	historical_unused	10\,min\,49\,s	10\,min\,49\,s	not_applicable	not_applicable	not_applicable	not_applicable	not_applicable	not_applicable	not_applicable	not_applicable	not_applicable	not_applicable	not_applicable	not_applicable	not_applicable	
resFrozenAssays	False	verified_carry_forward	5	5	not_applicable	5	not_applicable	not_applicable	not_applicable	not_applicable	historical raw evidence not bound; displayed value only	0.0	0.0	new unrounded evidence versus old displayed value	hd_spatial_paper_numbers_v1_9_5	20260717_postcollapse_production_integration_v2	five historical post-collapse adapter assays; not current integrated release validation	Source checksum verified; original historical or frozen-image scope retained.
resHDDecodeRSSGB	False	historical_unused	1.7	1.7	not_applicable	not_applicable	not_applicable	not_applicable	not_applicable	not_applicable	not_applicable	not_applicable	not_applicable	not_applicable	not_applicable	not_applicable	not_applicable	
resHDDecodeSeconds	False	historical_unused	10	10	not_applicable	not_applicable	not_applicable	not_applicable	not_applicable	not_applicable	not_applicable	not_applicable	not_applicable	not_applicable	not_applicable	not_applicable	not_applicable	
resOvMaterializeRSSGB	False	historical_unused	10.8	10.8	not_applicable	not_applicable	not_applicable	not_applicable	not_applicable	not_applicable	not_applicable	not_applicable	not_applicable	not_applicable	not_applicable	not_applicable	not_applicable	
resOvMaterializeTime	False	historical_unused	22\,min\,7\,s	22\,min\,7\,s	not_applicable	not_applicable	not_applicable	not_applicable	not_applicable	not_applicable	not_applicable	not_applicable	not_applicable	not_applicable	not_applicable	not_applicable	not_applicable	
shortBCTwoMolecules	True	verified_carry_forward	1,538,738	1,538,738	not_applicable	1538738	not_applicable	not_applicable	not_applicable	not_applicable	historical raw evidence not bound; displayed value only	0.0	0.0	new unrounded evidence versus old displayed value	hd_spatial_paper_numbers_v1_9_5	20260720_vm2jxxk_full_sr_disagreement_paper_taxonomy_v1	July 2026 audit of Space Ranger 4.0.1 coordinates (BAM CR/CB) on H1-VM2JXXK/A1 against the July 2026 candidate decoder; historical scope, not re-derived with v1.9.5 raw-R1 framing	Checksum-pinned July 2026 audit summaries (compact c06abf20, full paper taxonomy 057f8584, the latter recorded inside the former). Retained with its historical scope by author decision 2026-09-27; the manuscript states that these shares were measured against the July 2026 build. No vendor source code inspected.
shortBCTwoPct	True	verified_carry_forward	94.98	94.98	not_applicable	94.98112268236453	not_applicable	not_applicable	not_applicable	not_applicable	historical raw evidence not bound; displayed value only	0.0011226823645245076	0.0011820197562902796	new unrounded evidence versus old displayed value	hd_spatial_paper_numbers_v1_9_5	20260720_vm2jxxk_full_sr_disagreement_paper_taxonomy_v1	July 2026 audit of Space Ranger 4.0.1 coordinates (BAM CR/CB) on H1-VM2JXXK/A1 against the July 2026 candidate decoder; historical scope, not re-derived with v1.9.5 raw-R1 framing	Checksum-pinned July 2026 audit summaries (compact c06abf20, full paper taxonomy 057f8584, the latter recorded inside the former). Retained with its historical scope by author decision 2026-09-27; the manuscript states that these shares were measured against the July 2026 build. No vendor source code inspected.
shortBCTwoReads	True	verified_carry_forward	3,644,060	3,644,060	not_applicable	3644060	not_applicable	not_applicable	not_applicable	not_applicable	historical raw evidence not bound; displayed value only	0.0	0.0	new unrounded evidence versus old displayed value	hd_spatial_paper_numbers_v1_9_5	20260720_vm2jxxk_full_sr_disagreement_paper_taxonomy_v1	July 2026 audit of Space Ranger 4.0.1 coordinates (BAM CR/CB) on H1-VM2JXXK/A1 against the July 2026 candidate decoder; historical scope, not re-derived with v1.9.5 raw-R1 framing	Checksum-pinned July 2026 audit summaries (compact c06abf20, full paper taxonomy 057f8584, the latter recorded inside the former). Retained with its historical scope by author decision 2026-09-27; the manuscript states that these shares were measured against the July 2026 build. No vendor source code inspected.
shortBCTwoSixteenPct	True	verified_carry_forward	7.37	7.37	not_applicable	7.3733716642093965	not_applicable	not_applicable	not_applicable	not_applicable	historical raw evidence not bound; displayed value only	0.0033716642093963856	0.045748496735364796	new unrounded evidence versus old displayed value	hd_spatial_paper_numbers_v1_9_5	20260720_vm2jxxk_full_sr_disagreement_paper_taxonomy_v1	July 2026 audit of Space Ranger 4.0.1 coordinates (BAM CR/CB) on H1-VM2JXXK/A1 against the July 2026 candidate decoder; historical scope, not re-derived with v1.9.5 raw-R1 framing	Checksum-pinned July 2026 audit summaries (compact c06abf20, full paper taxonomy 057f8584, the latter recorded inside the former). Retained with its historical scope by author decision 2026-09-27; the manuscript states that these shares were measured against the July 2026 build. No vendor source code inspected.
shortBCTwoTwoUmDisagree	False	historical_unused	1,352,442	1,352,442	not_applicable	not_applicable	not_applicable	not_applicable	not_applicable	not_applicable	not_applicable	not_applicable	not_applicable	not_applicable	not_applicable	not_applicable	not_applicable	
shortBCTwoTwoUmPct	True	verified_carry_forward	16.21	16.21	not_applicable	16.213543138985457	not_applicable	not_applicable	not_applicable	not_applicable	historical raw evidence not bound; displayed value only	0.003543138985456551	0.02185773587573443	new unrounded evidence versus old displayed value	hd_spatial_paper_numbers_v1_9_5	20260720_vm2jxxk_full_sr_disagreement_paper_taxonomy_v1	July 2026 audit of Space Ranger 4.0.1 coordinates (BAM CR/CB) on H1-VM2JXXK/A1 against the July 2026 candidate decoder; historical scope, not re-derived with v1.9.5 raw-R1 framing	Checksum-pinned July 2026 audit summaries (compact c06abf20, full paper taxonomy 057f8584, the latter recorded inside the former). Retained with its historical scope by author decision 2026-09-27; the manuscript states that these shares were measured against the July 2026 build. No vendor source code inspected.
shortBCTwoTwoUmTotal	False	historical_unused	8,341,434	8,341,434	not_applicable	not_applicable	not_applicable	not_applicable	not_applicable	not_applicable	not_applicable	not_applicable	not_applicable	not_applicable	not_applicable	not_applicable	not_applicable	
spatchBinPearson	True	regenerated	0.99877	0.99877	not_applicable	0.9987739031804084	not_applicable	not_applicable	not_applicable	not_applicable	historical raw evidence not bound; displayed value only	3.903180408326712e-06	0.00039079872326228376	new unrounded evidence versus old displayed value	hd_spatial_concordance_v1_9_5	20260915_spatial_flex_half_probe_migration	SPATCH hard policy, 8 um bin totals on Space Ranger's barcode axis	
spatchExcessDeficitPP	True	regenerated	1.11	0.94	not_applicable	0.9383648710159898	not_applicable	not_applicable	not_applicable	not_applicable	historical raw evidence not bound; displayed value only	-0.17163512898401034	-15.462624232793724	new unrounded evidence versus old displayed value	hd_three_slide_summary_he_corrected_20261005	20261005_three_slide_summary_affine_supported_v1	Corrected SPATCH affine H&E placement; unsupported bins excluded from H&E only; CRC and counts unchanged	
spatchGenePearson	True	regenerated	0.999997	0.999997	not_applicable	0.9999967750266662	not_applicable	not_applicable	not_applicable	not_applicable	historical raw evidence not bound; displayed value only	-2.249733338510751e-07	-2.2497400877310142e-05	new unrounded evidence versus old displayed value	hd_spatial_concordance_v1_9_5	20260915_spatial_flex_half_probe_migration	SPATCH hard policy against the published filtered Space Ranger object; gene totals	
spatchReadPairs	True	regenerated	676,879,511	676,879,511	not_applicable	676879511	not_applicable	not_applicable	not_applicable	not_applicable	historical raw evidence not bound; displayed value only	0.0	0.0	new unrounded evidence versus old displayed value	hd_spatial_primary_accounting_v1_9_5	20260915_spatial_flex_half_probe_migration	Current sealed full-slide SPATCH primary; read pairs decoded	
spatchSRMass	True	regenerated	264,118,518	264,118,518	264118518.0	264118518.0	0.0	0.0	hd_flex_full_star_sr_he_cellpose_two_slide_v1	20260728_flex_star_sr_he_morphology_two_slide_v1	checksum-pinned historical raw evidence	0.0	0.0	new unrounded evidence versus old displayed value	hd_three_slide_shared_excess_v1_9_5	20260915_spatial_flex_half_probe_migration	Vendor biological mass; ovarian SR4.1.0 intron-inclusive; SPATCH published H5AD axis	
spatchStarMass	True	regenerated	270,244,052	270,244,052	274489123.0	270244052.0	-4245071.0	-1.5465352337476774	hd_flex_full_star_sr_he_cellpose_two_slide_v1	20260728_flex_star_sr_he_morphology_two_slide_v1	checksum-pinned historical raw evidence	0.0	0.0	new unrounded evidence versus old displayed value	hd_spatial_primary_accounting_v1_9_5	20260915_spatial_flex_half_probe_migration	Current sealed full-slide primary; full capture axis	
spatchStrictDeficitPct	True	regenerated	19.46	19.46	not_applicable	19.457301740576938	not_applicable	not_applicable	not_applicable	not_applicable	historical raw evidence not bound; displayed value only	-0.0026982594230631207	-0.013865670211012952	new unrounded evidence versus old displayed value	hd_three_slide_shared_excess_v1_9_5	20260915_spatial_flex_half_probe_migration	Strict deficit against vendor using the same primary as hard	
starSuiteRelease	True	regenerated	v1.9.5	v1.9.5	not_applicable	1.9.5	not_applicable	not_applicable	not_applicable	not_applicable	historical raw evidence not bound; displayed value only	not_applicable	not_applicable	not_applicable	hd_spatial_primary_accounting_v1_9_5	20260915_spatial_flex_half_probe_migration	verified public STAR Suite release	
taxCandidatePct	True	verified_carry_forward	90.69	90.69	not_applicable	90.68758998423147	not_applicable	not_applicable	not_applicable	not_applicable	historical raw evidence not bound; displayed value only	-0.002410015768532503	-0.0026574217317592934	new unrounded evidence versus old displayed value	hd_spatial_paper_numbers_v1_9_5	20260720_vm2jxxk_full_sr_disagreement_paper_taxonomy_v1	July 2026 audit of Space Ranger 4.0.1 coordinates (BAM CR/CB) on H1-VM2JXXK/A1 against the July 2026 candidate decoder; historical scope, not re-derived with v1.9.5 raw-R1 framing	Checksum-pinned July 2026 audit summaries (compact c06abf20, full paper taxonomy 057f8584, the latter recorded inside the former). Retained with its historical scope by author decision 2026-09-27; the manuscript states that these shares were measured against the July 2026 build. No vendor source code inspected.
taxCandidateReads	True	verified_carry_forward	641,532,499	641,532,499	not_applicable	641532499	not_applicable	not_applicable	not_applicable	not_applicable	historical raw evidence not bound; displayed value only	0.0	0.0	new unrounded evidence versus old displayed value	hd_spatial_paper_numbers_v1_9_5	20260720_vm2jxxk_full_sr_disagreement_paper_taxonomy_v1	July 2026 audit of Space Ranger 4.0.1 coordinates (BAM CR/CB) on H1-VM2JXXK/A1 against the July 2026 candidate decoder; historical scope, not re-derived with v1.9.5 raw-R1 framing	Checksum-pinned July 2026 audit summaries (compact c06abf20, full paper taxonomy 057f8584, the latter recorded inside the former). Retained with its historical scope by author decision 2026-09-27; the manuscript states that these shares were measured against the July 2026 build. No vendor source code inspected.
taxNoCandidate	False	historical_unused	65,876,860	65,876,860	not_applicable	not_applicable	not_applicable	not_applicable	not_applicable	not_applicable	not_applicable	not_applicable	not_applicable	not_applicable	not_applicable	not_applicable	not_applicable	
taxNoCandidatePct	False	historical_unused	9.31	9.31	not_applicable	not_applicable	not_applicable	not_applicable	not_applicable	not_applicable	not_applicable	not_applicable	not_applicable	not_applicable	not_applicable	not_applicable	not_applicable	
taxNonminEqualCost	True	verified_carry_forward	895	895	not_applicable	895	not_applicable	not_applicable	not_applicable	not_applicable	historical raw evidence not bound; displayed value only	0.0	0.0	new unrounded evidence versus old displayed value	hd_spatial_paper_numbers_v1_9_5	20260720_vm2jxxk_full_sr_disagreement_paper_taxonomy_v1	July 2026 audit of Space Ranger 4.0.1 coordinates (BAM CR/CB) on H1-VM2JXXK/A1 against the July 2026 candidate decoder; historical scope, not re-derived with v1.9.5 raw-R1 framing	Checksum-pinned July 2026 audit summaries (compact c06abf20, full paper taxonomy 057f8584, the latter recorded inside the former). Retained with its historical scope by author decision 2026-09-27; the manuscript states that these shares were measured against the July 2026 build. No vendor source code inspected.
taxNonminEqualCostPct	False	verified_carry_forward	0.0233	0.0233	not_applicable	0.02332785541421279	not_applicable	not_applicable	not_applicable	not_applicable	historical raw evidence not bound; displayed value only	2.785541421278931e-05	0.11955113396046912	new unrounded evidence versus old displayed value	hd_spatial_paper_numbers_v1_9_5	20260720_vm2jxxk_full_sr_disagreement_paper_taxonomy_v1	July 2026 audit of Space Ranger 4.0.1 coordinates (BAM CR/CB) on H1-VM2JXXK/A1 against the July 2026 candidate decoder; historical scope, not re-derived with v1.9.5 raw-R1 framing	Checksum-pinned July 2026 audit summaries (compact c06abf20, full paper taxonomy 057f8584, the latter recorded inside the former). Retained with its historical scope by author decision 2026-09-27; the manuscript states that these shares were measured against the July 2026 build. No vendor source code inspected.
taxNonminGreaterCost	True	verified_carry_forward	3,835,720	3,835,720	not_applicable	3835720	not_applicable	not_applicable	not_applicable	not_applicable	historical raw evidence not bound; displayed value only	0.0	0.0	new unrounded evidence versus old displayed value	hd_spatial_paper_numbers_v1_9_5	20260720_vm2jxxk_full_sr_disagreement_paper_taxonomy_v1	July 2026 audit of Space Ranger 4.0.1 coordinates (BAM CR/CB) on H1-VM2JXXK/A1 against the July 2026 candidate decoder; historical scope, not re-derived with v1.9.5 raw-R1 framing	Checksum-pinned July 2026 audit summaries (compact c06abf20, full paper taxonomy 057f8584, the latter recorded inside the former). Retained with its historical scope by author decision 2026-09-27; the manuscript states that these shares were measured against the July 2026 build. No vendor source code inspected.
taxNonminGreaterCostPct	True	verified_carry_forward	99.9767	99.9767	not_applicable	99.97667214458579	not_applicable	not_applicable	not_applicable	not_applicable	historical raw evidence not bound; displayed value only	-2.785541420280424e-05	-2.7861906026908514e-05	new unrounded evidence versus old displayed value	hd_spatial_paper_numbers_v1_9_5	20260720_vm2jxxk_full_sr_disagreement_paper_taxonomy_v1	July 2026 audit of Space Ranger 4.0.1 coordinates (BAM CR/CB) on H1-VM2JXXK/A1 against the July 2026 candidate decoder; historical scope, not re-derived with v1.9.5 raw-R1 framing	Checksum-pinned July 2026 audit summaries (compact c06abf20, full paper taxonomy 057f8584, the latter recorded inside the former). Retained with its historical scope by author decision 2026-09-27; the manuscript states that these shares were measured against the July 2026 build. No vendor source code inspected.
taxSRMinimum	False	historical_unused	635,825,455	635,825,455	not_applicable	not_applicable	not_applicable	not_applicable	not_applicable	not_applicable	not_applicable	not_applicable	not_applicable	not_applicable	not_applicable	not_applicable	not_applicable	
taxSRMinimumPct	True	verified_carry_forward	99.1104	99.1104	not_applicable	99.11040453774423	not_applicable	not_applicable	not_applicable	not_applicable	historical raw evidence not bound; displayed value only	4.5377442319249894e-06	4.578474339650521e-06	new unrounded evidence versus old displayed value	hd_spatial_paper_numbers_v1_9_5	20260720_vm2jxxk_full_sr_disagreement_paper_taxonomy_v1	July 2026 audit of Space Ranger 4.0.1 coordinates (BAM CR/CB) on H1-VM2JXXK/A1 against the July 2026 candidate decoder; historical scope, not re-derived with v1.9.5 raw-R1 framing	Checksum-pinned July 2026 audit summaries (compact c06abf20, full paper taxonomy 057f8584, the latter recorded inside the former). Retained with its historical scope by author decision 2026-09-27; the manuscript states that these shares were measured against the July 2026 build. No vendor source code inspected.
taxSRNonminimum	True	verified_carry_forward	3,836,615	3,836,615	not_applicable	3836615	not_applicable	not_applicable	not_applicable	not_applicable	historical raw evidence not bound; displayed value only	0.0	0.0	new unrounded evidence versus old displayed value	hd_spatial_paper_numbers_v1_9_5	20260720_vm2jxxk_full_sr_disagreement_paper_taxonomy_v1	July 2026 audit of Space Ranger 4.0.1 coordinates (BAM CR/CB) on H1-VM2JXXK/A1 against the July 2026 candidate decoder; historical scope, not re-derived with v1.9.5 raw-R1 framing	Checksum-pinned July 2026 audit summaries (compact c06abf20, full paper taxonomy 057f8584, the latter recorded inside the former). Retained with its historical scope by author decision 2026-09-27; the manuscript states that these shares were measured against the July 2026 build. No vendor source code inspected.
taxSRNonminimumPct	True	verified_carry_forward	0.5980	0.5980	not_applicable	0.598039071439154	not_applicable	not_applicable	not_applicable	not_applicable	historical raw evidence not bound; displayed value only	3.907143915404809e-05	0.006533685477265567	new unrounded evidence versus old displayed value	hd_spatial_paper_numbers_v1_9_5	20260720_vm2jxxk_full_sr_disagreement_paper_taxonomy_v1	July 2026 audit of Space Ranger 4.0.1 coordinates (BAM CR/CB) on H1-VM2JXXK/A1 against the July 2026 candidate decoder; historical scope, not re-derived with v1.9.5 raw-R1 framing	Checksum-pinned July 2026 audit summaries (compact c06abf20, full paper taxonomy 057f8584, the latter recorded inside the former). Retained with its historical scope by author decision 2026-09-27; the manuscript states that these shares were measured against the July 2026 build. No vendor source code inspected.
taxSRUnassigned	False	historical_unused	1,870,429	1,870,429	not_applicable	not_applicable	not_applicable	not_applicable	not_applicable	not_applicable	not_applicable	not_applicable	not_applicable	not_applicable	not_applicable	not_applicable	not_applicable	
taxSRUnassignedPct	True	verified_carry_forward	0.2916	0.2916	not_applicable	0.2915563908166093	not_applicable	not_applicable	not_applicable	not_applicable	historical raw evidence not bound; displayed value only	-4.360918339074704e-05	-0.014955138337018874	new unrounded evidence versus old displayed value	hd_spatial_paper_numbers_v1_9_5	20260720_vm2jxxk_full_sr_disagreement_paper_taxonomy_v1	July 2026 audit of Space Ranger 4.0.1 coordinates (BAM CR/CB) on H1-VM2JXXK/A1 against the July 2026 candidate decoder; historical scope, not re-derived with v1.9.5 raw-R1 framing	Checksum-pinned July 2026 audit summaries (compact c06abf20, full paper taxonomy 057f8584, the latter recorded inside the former). Retained with its historical scope by author decision 2026-09-27; the manuscript states that these shares were measured against the July 2026 build. No vendor source code inspected.
taxSharedRecords	True	verified_carry_forward	707,409,359	707,409,359	not_applicable	707409359	not_applicable	not_applicable	not_applicable	not_applicable	historical raw evidence not bound; displayed value only	0.0	0.0	new unrounded evidence versus old displayed value	hd_spatial_paper_numbers_v1_9_5	20260720_vm2jxxk_full_sr_disagreement_paper_taxonomy_v1	July 2026 audit of Space Ranger 4.0.1 coordinates (BAM CR/CB) on H1-VM2JXXK/A1 against the July 2026 candidate decoder; historical scope, not re-derived with v1.9.5 raw-R1 framing	Checksum-pinned July 2026 audit summaries (compact c06abf20, full paper taxonomy 057f8584, the latter recorded inside the former). Retained with its historical scope by author decision 2026-09-27; the manuscript states that these shares were measured against the July 2026 build. No vendor source code inspected.
taxUniqueMinNonmin	False	historical_unused	2,899,938	2,899,938	not_applicable	not_applicable	not_applicable	not_applicable	not_applicable	not_applicable	not_applicable	not_applicable	not_applicable	not_applicable	not_applicable	not_applicable	not_applicable	
taxUniqueMinNonminPct	True	verified_carry_forward	75.59	75.59	not_applicable	75.58584846277252	not_applicable	not_applicable	not_applicable	not_applicable	historical raw evidence not bound; displayed value only	-0.004151537227485846	-0.005492177837658217	new unrounded evidence versus old displayed value	hd_spatial_paper_numbers_v1_9_5	20260720_vm2jxxk_full_sr_disagreement_paper_taxonomy_v1	July 2026 audit of Space Ranger 4.0.1 coordinates (BAM CR/CB) on H1-VM2JXXK/A1 against the July 2026 candidate decoder; historical scope, not re-derived with v1.9.5 raw-R1 framing	Checksum-pinned July 2026 audit summaries (compact c06abf20, full paper taxonomy 057f8584, the latter recorded inside the former). Retained with its historical scope by author decision 2026-09-27; the manuscript states that these shares were measured against the July 2026 build. No vendor source code inspected.
timeCRCLessPct	True	regenerated	31	31	28.405251641137852	30.741356673960617	2.336105032822765	8.224201152435858	hd_spatial_timing_v1_9_5	20260915_spatial_flex_half_probe_migration	checksum-pinned historical raw evidence	-0.2586433260393832	-0.834333309804462	new unrounded evidence versus old displayed value	hd_spatial_timing_v1_9_5	20260915_spatial_flex_half_probe_migration	Single cold NVMe observation; four STAR policies, frozen vendor single-policy timing; published scope differences	
timeCRCSR	True	regenerated	19:02	19:02	1142.5	1142.5	0.0	0.0	hd_spatial_timing_v1_9_5	20260915_spatial_flex_half_probe_migration	checksum-pinned historical raw evidence	0.5	0.043782837127845885	new unrounded evidence versus old displayed value	hd_spatial_timing_v1_9_5	20260915_spatial_flex_half_probe_migration	Single cold NVMe observation; four STAR policies, frozen vendor single-policy timing; published scope differences	
timeCRCStar	True	regenerated	13:11	13:11	817.97	791.28	-26.690000000000055	-3.262955854126686	hd_spatial_timing_v1_9_5	20260915_spatial_flex_half_probe_migration	checksum-pinned historical raw evidence	0.2799999999999727	0.035398230088492126	new unrounded evidence versus old displayed value	hd_spatial_timing_v1_9_5	20260915_spatial_flex_half_probe_migration	Single cold NVMe observation; four STAR policies, frozen vendor single-policy timing; published scope differences	
timeLessHi	True	regenerated	35	35	32.49781813965127	35.19840425531915	2.7005861156678748	8.310053629024505	hd_spatial_timing_v1_9_5	20260915_spatial_flex_half_probe_migration	checksum-pinned historical raw evidence	0.19840425531914718	0.5668693009118491	new unrounded evidence versus old displayed value	hd_spatial_timing_v1_9_5	20260915_spatial_flex_half_probe_migration	Range over three matched-reference headline cases; excludes2024A SPATCH without matched vendor timing	
timeLessLo	True	regenerated	20	20	27.469414893617017	20.30594869729204	-7.1634661963249755	-26.077971533312592	hd_spatial_timing_v1_9_5	20260915_spatial_flex_half_probe_migration	checksum-pinned historical raw evidence	0.30594869729204177	1.5297434864602089	new unrounded evidence versus old displayed value	hd_spatial_timing_v1_9_5	20260915_spatial_flex_half_probe_migration	Range over three matched-reference headline cases; excludes2024A SPATCH without matched vendor timing	
timeOVLessPct	True	regenerated	20	20	32.49781813965127	20.30594869729204	-12.19186944235923	-37.51596304086542	hd_spatial_timing_v1_9_5	20260915_spatial_flex_half_probe_migration	checksum-pinned historical raw evidence	0.30594869729204177	1.5297434864602089	new unrounded evidence versus old displayed value	hd_spatial_timing_v1_9_5	20260915_spatial_flex_half_probe_migration	Single cold NVMe observation; four STAR policies, frozen vendor single-policy timing; published scope differences	
timeOVSR	True	regenerated	54:37	54:37	3277.02	3277.02	0.0	0.0	hd_spatial_timing_v1_9_5	20260915_spatial_flex_half_probe_migration	checksum-pinned historical raw evidence	0.01999999999998181	0.0006103143118700582	new unrounded evidence versus old displayed value	hd_spatial_timing_v1_9_5	20260915_spatial_flex_half_probe_migration	Single cold NVMe observation; four STAR policies, frozen vendor single-policy timing; published scope differences	
timeOVStar	True	regenerated	43:32	43:32	2212.06	2611.59	399.5300000000002	18.061444987929814	hd_spatial_timing_v1_9_5	20260915_spatial_flex_half_probe_migration	checksum-pinned historical raw evidence	-0.4099999999998545	-0.01569678407350132	new unrounded evidence versus old displayed value	hd_spatial_timing_v1_9_5	20260915_spatial_flex_half_probe_migration	Single cold NVMe observation; four STAR policies, frozen vendor single-policy timing; published scope differences	
timeSPATCHLessPct	True	regenerated	35	35	27.469414893617017	35.19840425531915	7.72898936170213	28.136709105872114	hd_spatial_timing_v1_9_5	20260915_spatial_flex_half_probe_migration	checksum-pinned historical raw evidence	0.19840425531914718	0.5668693009118491	new unrounded evidence versus old displayed value	hd_spatial_timing_v1_9_5	20260915_spatial_flex_half_probe_migration	Single cold NVMe observation; four STAR policies, frozen vendor single-policy timing; published scope differences	
timeSPATCHSR	True	regenerated	62:40	62:40	3760.0	3760.0	0.0	0.0	hd_spatial_timing_v1_9_5	20260915_spatial_flex_half_probe_migration	checksum-pinned historical raw evidence	0.0	0.0	new unrounded evidence versus old displayed value	hd_spatial_timing_v1_9_5	20260915_spatial_flex_half_probe_migration	Single cold NVMe observation; four STAR policies, frozen vendor single-policy timing; published scope differences	
timeSPATCHStar	True	regenerated	40:37	40:37	2727.15	2436.54	-290.6100000000001	-10.656179528078768	hd_spatial_timing_v1_9_5	20260915_spatial_flex_half_probe_migration	checksum-pinned historical raw evidence	-0.4600000000000364	-0.018875666803448352	new unrounded evidence versus old displayed value	hd_spatial_timing_v1_9_5	20260915_spatial_flex_half_probe_migration	Single cold NVMe observation; four STAR policies, frozen vendor single-policy timing; published scope differences	
visiumSpotPitch	False	historical_unused	100	100	not_applicable	not_applicable	not_applicable	not_applicable	not_applicable	not_applicable	not_applicable	not_applicable	not_applicable	not_applicable	not_applicable	not_applicable	not_applicable	
visiumSpotSize	False	historical_unused	55	55	not_applicable	not_applicable	not_applicable	not_applicable	not_applicable	not_applicable	not_applicable	not_applicable	not_applicable	not_applicable	not_applicable	not_applicable	not_applicable	
visiumSpots	False	historical_unused	roughly 5,000	roughly 5,000	not_applicable	not_applicable	not_applicable	not_applicable	not_applicable	not_applicable	not_applicable	not_applicable	not_applicable	not_applicable	not_applicable	not_applicable	not_applicable	
xenBootstrapReplicates	True	regenerated	10,000	10,000	not_applicable	10000	not_applicable	not_applicable	not_applicable	not_applicable	historical raw evidence not bound; displayed value only	0.0	0.0	new unrounded evidence versus old displayed value	hd_ovarian_3prime_xenium_cross_platform_v1_9_5	20260915_spatial_flex_half_probe_migration	Cancer-endpoint bootstrap replicates (genes resampled); compatibility mode	
xenCancerCells	True	regenerated	136,776	136,776	not_applicable	136776	not_applicable	not_applicable	not_applicable	not_applicable	historical raw evidence not bound; displayed value only	0.0	0.0	new unrounded evidence versus old displayed value	hd_ovarian_3prime_xenium_cross_platform_v1_9_5	20260915_spatial_flex_half_probe_migration	Frozen Xenium labels; verified identical across STAR evidence modes	
xenCells	True	regenerated	200,900	200,900	not_applicable	200900	not_applicable	not_applicable	not_applicable	not_applicable	historical raw evidence not bound; displayed value only	0.0	0.0	new unrounded evidence versus old displayed value	hd_ovarian_3prime_xenium_cross_platform_v1_9_5	20260915_spatial_flex_half_probe_migration	Frozen Xenium labels; verified identical across STAR evidence modes	
xenEffectSR	False	regenerated	0.857	0.857	0.8450395656018825	0.8570938970195469	0.012054331417664321	1.4264813043491733	hd_ovarian_3prime_xenium_cross_platform_hard_v1_7_1_v1	20260813_ovarian_xenium_cross_platform_star_v1_7_1_v1	checksum-pinned historical raw evidence	9.389701954687357e-05	0.010956478360195284	new unrounded evidence versus old displayed value	hd_ovarian_3prime_xenium_cross_platform_v1_9_5	20260915_spatial_flex_half_probe_migration	Label-leakage-controlled panel cancer-rich versus cancer-poor log-effect Pearson; compatibility mode	
xenEffectSoft	False	historical_unused	0.871	0.871	not_applicable	not_applicable	not_applicable	not_applicable	not_applicable	not_applicable	not_applicable	not_applicable	not_applicable	not_applicable	not_applicable	not_applicable	not_applicable	
xenEffectSpearmanSR	False	historical_unused	0.799	0.799	not_applicable	not_applicable	not_applicable	not_applicable	not_applicable	not_applicable	not_applicable	not_applicable	not_applicable	not_applicable	not_applicable	not_applicable	not_applicable	
xenEffectSpearmanSoft	False	historical_unused	0.834	0.834	not_applicable	not_applicable	not_applicable	not_applicable	not_applicable	not_applicable	not_applicable	not_applicable	not_applicable	not_applicable	not_applicable	not_applicable	not_applicable	
xenHardEffect	False	regenerated	0.866	0.866	0.8665453782158572	0.8662698353596187	-0.000275542856238542	-0.03179785654224609	hd_ovarian_3prime_xenium_cross_platform_hard_v1_7_1_v1	20260813_ovarian_xenium_cross_platform_star_v1_7_1_v1	checksum-pinned historical raw evidence	0.00026983535961866423	0.031158817507928895	new unrounded evidence versus old displayed value	hd_ovarian_3prime_xenium_cross_platform_v1_9_5	20260915_spatial_flex_half_probe_migration	Label-leakage-controlled panel cancer-rich versus cancer-poor log-effect Pearson; compatibility mode	
xenHardMassPct	False	regenerated	7.1	7.1	12.40260236143853	7.149885285283886	-5.252717076154645	-42.35173331434132	hd_ovarian_3prime_xenium_cross_platform_hard_v1_7_1_v1	20260813_ovarian_xenium_cross_platform_star_v1_7_1_v1	checksum-pinned historical raw evidence	0.04988528528388603	0.7026096518857188	new unrounded evidence versus old displayed value	hd_ovarian_3prime_xenium_cross_platform_v1_9_5	20260915_spatial_flex_half_probe_migration	Raw mass difference on fixed Xenium top20 shared patch domain; not full-slide mass	
xenHardPearson	False	regenerated	0.257	0.257	0.25694130082970557	0.25694130082970557	0.0	0.0	hd_ovarian_3prime_xenium_cross_platform_hard_v1_7_1_v1	20260813_ovarian_xenium_cross_platform_star_v1_7_1_v1	checksum-pinned historical raw evidence	-5.8699170294440606e-05	-0.022840144083439925	new unrounded evidence versus old displayed value	hd_ovarian_3prime_xenium_cross_platform_v1_9_5	20260915_spatial_flex_half_probe_migration	Fixed Xenium top20 at128um; corrected intron-inclusive SR4.1.0 comparator	
xenHardSignP	True	regenerated	0.0414	0.0414	0.01181793212890625	0.04138946533203125	0.029571533203125	250.2259522272434	hd_ovarian_3prime_xenium_cross_platform_hard_v1_7_1_v1	20260813_ovarian_xenium_cross_platform_star_v1_7_1_v1	checksum-pinned historical raw evidence	-1.05346679687493e-05	-0.02544605789552971	new unrounded evidence versus old displayed value	hd_ovarian_3prime_xenium_cross_platform_v1_9_5	20260915_spatial_flex_half_probe_migration	Fixed Xenium top20 at128um; raw signed contrasts and unconditioned test results	
xenHardWins	True	regenerated	15	15	16	15	-1.0	-6.25	hd_ovarian_3prime_xenium_cross_platform_hard_v1_7_1_v1	20260813_ovarian_xenium_cross_platform_star_v1_7_1_v1	checksum-pinned historical raw evidence	0.0	0.0	new unrounded evidence versus old displayed value	hd_ovarian_3prime_xenium_cross_platform_v1_9_5	20260915_spatial_flex_half_probe_migration	Fixed Xenium top20 at128um; raw signed contrasts and unconditioned test results	
xenNullIntervals	False	regenerated	12	12	not_applicable	12	not_applicable	not_applicable	not_applicable	not_applicable	historical raw evidence not bound; displayed value only	0.0	0.0	new unrounded evidence versus old displayed value	hd_ovarian_3prime_xenium_cross_platform_v1_9_5	20260915_spatial_flex_half_probe_migration	All12 policy/scope/mode cancer endpoint intervals evaluated; no required null outcome	
xenOvarianWall	False	historical_unused	36\,min\,52\,s	36\,min\,52\,s	not_applicable	not_applicable	not_applicable	not_applicable	not_applicable	not_applicable	not_applicable	not_applicable	not_applicable	not_applicable	not_applicable	not_applicable	not_applicable	
xenOvarianWallAnnot	False	historical_unused	37\,min\,12\,s	37\,min\,12\,s	not_applicable	not_applicable	not_applicable	not_applicable	not_applicable	not_applicable	not_applicable	not_applicable	not_applicable	not_applicable	not_applicable	not_applicable	not_applicable	
xenPoorPatches	False	historical_unused	102	102	not_applicable	not_applicable	not_applicable	not_applicable	not_applicable	not_applicable	not_applicable	not_applicable	not_applicable	not_applicable	not_applicable	not_applicable	not_applicable	
xenRichPatches	False	historical_unused	663	663	not_applicable	not_applicable	not_applicable	not_applicable	not_applicable	not_applicable	not_applicable	not_applicable	not_applicable	not_applicable	not_applicable	not_applicable	not_applicable	
xenSRPearson	False	regenerated	0.238	0.238	0.23676794903103135	0.2384015333508126	0.0016335843197812505	0.6899516283629881	hd_ovarian_3prime_xenium_cross_platform_hard_v1_7_1_v1	20260813_ovarian_xenium_cross_platform_star_v1_7_1_v1	checksum-pinned historical raw evidence	0.00040153335081261066	0.16871149193807172	new unrounded evidence versus old displayed value	hd_ovarian_3prime_xenium_cross_platform_v1_9_5	20260915_spatial_flex_half_probe_migration	Fixed Xenium top20 at128um; corrected intron-inclusive SR4.1.0 comparator	
xenSoftMassPct	False	historical_unused	12.2	12.2	not_applicable	not_applicable	not_applicable	not_applicable	not_applicable	not_applicable	not_applicable	not_applicable	not_applicable	not_applicable	not_applicable	not_applicable	not_applicable	
xenSoftPearson	False	historical_unused	0.258	0.258	not_applicable	not_applicable	not_applicable	not_applicable	not_applicable	not_applicable	not_applicable	not_applicable	not_applicable	not_applicable	not_applicable	not_applicable	not_applicable	
xenSoftPearsonAnnot	False	historical_unused	0.257	0.257	not_applicable	not_applicable	not_applicable	not_applicable	not_applicable	not_applicable	not_applicable	not_applicable	not_applicable	not_applicable	not_applicable	not_applicable	not_applicable	
xenSoftSignP	False	historical_unused	0.0026	0.0026	not_applicable	not_applicable	not_applicable	not_applicable	not_applicable	not_applicable	not_applicable	not_applicable	not_applicable	not_applicable	not_applicable	not_applicable	not_applicable	
xenSoftWins	False	historical_unused	17	17	not_applicable	not_applicable	not_applicable	not_applicable	not_applicable	not_applicable	not_applicable	not_applicable	not_applicable	not_applicable	not_applicable	not_applicable	not_applicable	
xenStarVersion	False	historical_unused	v1.7.1	v1.7.1	not_applicable	not_applicable	not_applicable	not_applicable	not_applicable	not_applicable	not_applicable	not_applicable	not_applicable	not_applicable	not_applicable	not_applicable	not_applicable	
xenStrictEffect	False	regenerated	0.863	0.863	not_applicable	0.8634864532201911	not_applicable	not_applicable	not_applicable	not_applicable	historical raw evidence not bound; displayed value only	0.0004864532201911409	0.05636769643002792	new unrounded evidence versus old displayed value	hd_ovarian_3prime_xenium_cross_platform_v1_9_5	20260915_spatial_flex_half_probe_migration	Label-leakage-controlled panel cancer-rich versus cancer-poor log-effect Pearson; compatibility mode	
xenStrictMassPct	False	regenerated	-12.7	-12.7	-8.45619662067454	-12.734155396757929	-4.2779587760833895	-50.58963228958296	hd_ovarian_3prime_xenium_cross_platform_hard_v1_7_1_v1	20260813_ovarian_xenium_cross_platform_star_v1_7_1_v1	checksum-pinned historical raw evidence	-0.03415539675792978	-0.268940131952203	new unrounded evidence versus old displayed value	hd_ovarian_3prime_xenium_cross_platform_v1_9_5	20260915_spatial_flex_half_probe_migration	Raw mass difference on fixed Xenium top20 shared patch domain; not full-slide mass	
xenStrictMeanDelta	False	regenerated	-0.006	-0.006	-0.0030854213432873513	-0.006306735488471381	-0.00322131414518403	-104.40435152211309	hd_ovarian_3prime_xenium_cross_platform_hard_v1_7_1_v1	20260813_ovarian_xenium_cross_platform_star_v1_7_1_v1	checksum-pinned historical raw evidence	-0.0003067354884713812	-5.112258141189687	new unrounded evidence versus old displayed value	hd_ovarian_3prime_xenium_cross_platform_v1_9_5	20260915_spatial_flex_half_probe_migration	Fixed Xenium top20 at128um; raw signed contrasts and unconditioned test results	
xenStrictPearson	False	regenerated	0.237	0.237	0.2365020304336976	0.2365020304336976	0.0	0.0	hd_ovarian_3prime_xenium_cross_platform_hard_v1_7_1_v1	20260813_ovarian_xenium_cross_platform_star_v1_7_1_v1	checksum-pinned historical raw evidence	-0.0004979695663023809	-0.21011374105585692	new unrounded evidence versus old displayed value	hd_ovarian_3prime_xenium_cross_platform_v1_9_5	20260915_spatial_flex_half_probe_migration	Fixed Xenium top20 at128um; corrected intron-inclusive SR4.1.0 comparator	
xenStrictWins	False	regenerated	6	6	8	6	-2.0	-25.0	hd_ovarian_3prime_xenium_cross_platform_hard_v1_7_1_v1	20260813_ovarian_xenium_cross_platform_star_v1_7_1_v1	checksum-pinned historical raw evidence	0.0	0.0	new unrounded evidence versus old displayed value	hd_ovarian_3prime_xenium_cross_platform_v1_9_5	20260915_spatial_flex_half_probe_migration	Fixed Xenium top20 at128um; raw signed contrasts and unconditioned test results	
xenTopGenes	True	regenerated	20	20	20	20	0.0	0.0	hd_ovarian_3prime_xenium_cross_platform_hard_v1_7_1_v1	20260813_ovarian_xenium_cross_platform_star_v1_7_1_v1	checksum-pinned historical raw evidence	0.0	0.0	new unrounded evidence versus old displayed value	hd_ovarian_3prime_xenium_cross_platform_v1_9_5	20260915_spatial_flex_half_probe_migration	Xenium-abundance-ranked endpoint, fixed before STAR comparison	
regSpatchHeldOutPass	False	regenerated		9	not_applicable	9	not_applicable	not_applicable	not_applicable	not_applicable	historical raw evidence not bound; displayed value only	not_applicable	not_applicable	not_applicable	hd_spatch_placement_he_corrected_20261005	20261004_spatch_affine_placement_fit_v1	Measured displacement magnitude among final usable regions; common-axis hard-policy unsupported counts	
regSpatchHeldOutTotal	False	regenerated		9	not_applicable	9	not_applicable	not_applicable	not_applicable	not_applicable	historical raw evidence not bound; displayed value only	not_applicable	not_applicable	not_applicable	hd_spatch_placement_he_corrected_20261005	20261004_spatch_affine_placement_fit_v1	Measured displacement magnitude among final usable regions; common-axis hard-policy unsupported counts	
regSpatchRegionsUsed	False	regenerated		18	not_applicable	18	not_applicable	not_applicable	not_applicable	not_applicable	historical raw evidence not bound; displayed value only	not_applicable	not_applicable	not_applicable	hd_spatch_placement_he_corrected_20261005	20261004_spatch_affine_placement_fit_v1	Measured displacement magnitude among final usable regions; common-axis hard-policy unsupported counts	
regSpatchShiftMaxUm	False	regenerated		15.2	not_applicable	15.231546211727817	not_applicable	not_applicable	not_applicable	not_applicable	historical raw evidence not bound; displayed value only	not_applicable	not_applicable	not_applicable	hd_spatch_placement_he_corrected_20261005	20261004_spatch_affine_placement_fit_v1	Measured displacement magnitude among final usable regions; common-axis hard-policy unsupported counts	
regSpatchShiftMinUm	False	regenerated		8.9	not_applicable	8.94427190999916	not_applicable	not_applicable	not_applicable	not_applicable	historical raw evidence not bound; displayed value only	not_applicable	not_applicable	not_applicable	hd_spatch_placement_he_corrected_20261005	20261004_spatch_affine_placement_fit_v1	Measured displacement magnitude among final usable regions; common-axis hard-policy unsupported counts	
regSpatchUnsupportedBins	False	regenerated		962	not_applicable	962	not_applicable	not_applicable	not_applicable	not_applicable	historical raw evidence not bound; displayed value only	not_applicable	not_applicable	not_applicable	hd_spatch_placement_he_corrected_20261005	20261004_spatch_affine_placement_fit_v1	Measured displacement magnitude among final usable regions; common-axis hard-policy unsupported counts	
regSpatchUnsupportedMaxPct	False	regenerated		0.07	not_applicable	0.07052069547769245	not_applicable	not_applicable	not_applicable	not_applicable	historical raw evidence not bound; displayed value only	not_applicable	not_applicable	not_applicable	hd_spatch_placement_he_corrected_20261005	20261004_spatch_affine_placement_fit_v1	Measured displacement magnitude among final usable regions; common-axis hard-policy unsupported counts	
