method	gene_id	visium_counts	xenium_counts	spatial_pearson	spatial_spearman
space_ranger	ENSG00000166535	154.0	2099.0	0.07112302402198459	0.03485225027713388
space_ranger	ENSG00000127837	19281.0	147310.0	0.0627545958416314	-0.01887357579561963
space_ranger	ENSG00000131043	3915.0	23494.0	0.04101046998497937	0.011027050218157775
space_ranger	ENSG00000266967	1532.0	16104.0	0.05523515290751749	0.06835290704571062
space_ranger	ENSG00000183044	1273.0	18772.0	0.06477606081833476	0.04885845758940233
space_ranger	ENSG00000165029	4925.0	106283.0	0.1454495377452655	0.1778763890219766
space_ranger	ENSG00000167972	896.0	13169.0	0.0004979188119825159	-0.014801066396711053
space_ranger	ENSG00000198691	933.0	5018.0	0.01789315931566241	0.04017976952293273
space_ranger	ENSG00000064687	890.0	15793.0	0.07031452617020667	0.07554216071350803
space_ranger	ENSG00000085563	3279.0	2941.0	0.001878517513987859	0.008240787281480096
space_ranger	ENSG00000115657	1335.0	19366.0	0.041317411864032726	0.07083581058809142
space_ranger	ENSG00000103222	6050.0	248231.0	0.08628401101676769	0.10911038557499295
space_ranger	ENSG00000023839	270.0	3474.0	0.05480295663571032	0.07423227302866171
space_ranger	ENSG00000108846	2659.0	15622.0	0.25082605224964855	0.21950637997688163
space_ranger	ENSG00000125257	7431.0	43695.0	0.2982857738644425	0.3124710213109123
space_ranger	ENSG00000091262	667.0	9638.0	0.01875977311472337	0.030025741940938596
space_ranger	ENSG00000069431	196.0	1216.0	0.03419264383868859	0.05069812712396792
space_ranger	ENSG00000101986	1155.0	28097.0	0.009061286798606558	0.021302624884601738
space_ranger	ENSG00000117528	13924.0	85435.0	0.1380780354434007	0.0812023735240042
space_ranger	ENSG00000119688	12892.0	51009.0	0.038184801443833856	0.006774724317228914
space_ranger	ENSG00000161204	6345.0	64183.0	0.026742848093400707	0.02281436197458417
space_ranger	ENSG00000160179	1464.0	8019.0	0.0091195326749486	0.02876724543338252
space_ranger	ENSG00000118777	825.0	9372.0	0.11979648992521429	0.1223188893384231
space_ranger	ENSG00000106077	11230.0	117284.0	0.12912154179247584	0.11198508531744966
space_ranger	ENSG00000163686	526.0	7045.0	-0.000772836581764135	0.016823133510302107
space_ranger	ENSG00000108798	218.0	7491.0	0.020043560559448084	0.013617120351003794
space_ranger	ENSG00000154175	1296.0	10034.0	0.14715535071650532	0.15014434493462975
space_ranger	ENSG00000097007	10766.0	114569.0	-0.07924890938835964	-0.030049134626637414
space_ranger	ENSG00000143322	3186.0	44834.0	0.016520184372038272	0.00806727604799212
space_ranger	ENSG00000175164	3656.0	37170.0	0.01999574525560467	0.038665201953701045
space_ranger	ENSG00000114626	3297.0	2305.0	0.048353027038955235	0.05586101818478716
space_ranger	ENSG00000166016	2561.0	28639.0	0.057142407695697436	0.05348724546939856
space_ranger	ENSG00000167315	7753.0	27318.0	0.10571385027337807	0.12307787821004461
space_ranger	ENSG00000278540	6182.0	59179.0	0.08399099571278751	0.033054914540311925
space_ranger	ENSG00000076555	1565.0	49412.0	0.036569061065613896	0.021044604817787905
space_ranger	ENSG00000072818	380.0	1494.0	0.04607030000580124	-0.002334015608043678
space_ranger	ENSG00000114331	10770.0	55177.0	0.06668131882536889	0.007921044436965485
space_ranger	ENSG00000075239	6839.0	15693.0	0.10338523872219599	0.09417402222826715
space_ranger	ENSG00000159640	819.0	20490.0	0.025643982317498884	0.0248621305385294
space_ranger	ENSG00000130234	331.0	1741.0	0.050930836929996344	0.041437276056855175
space_ranger	ENSG00000087085	449.0	5804.0	0.052209887921235446	0.031807378735796
space_ranger	ENSG00000144476	12003.0	72673.0	0.2830329900835014	0.302048928002628
space_ranger	ENSG00000131473	3759.0	104160.0	0.16914719965503203	0.1685105325921048
space_ranger	ENSG00000102575	13676.0	36987.0	0.261874355814593	0.2942728328307272
space_ranger	ENSG00000014257	1489.0	10547.0	0.11547698958085995	0.12175243156356147
space_ranger	ENSG00000111644	1233.0	6447.0	0.036422750652164125	0.041919212716701876
space_ranger	ENSG00000068366	9806.0	52814.0	0.15852546120073385	0.13695748770038862
space_ranger	ENSG00000136518	10349.0	72508.0	0.005659809111251836	0.07574963299281626
space_ranger	ENSG00000072110	35572.0	211819.0	0.2514370966471689	0.19856902402439364
space_ranger	ENSG00000130402	57588.0	735587.0	0.4905881153027113	0.5404873894295034
space_ranger	ENSG00000115170	8722.0	44517.0	0.039594528790669915	0.04017634352459048
space_ranger	ENSG00000135503	6920.0	99889.0	0.031198486945591915	0.024859599544842192
space_ranger	ENSG00000121989	1672.0	15941.0	0.006375830488071649	0.0244956885329624
space_ranger	ENSG00000139567	343.0	5602.0	0.09637317609027847	0.035092908469341454
space_ranger	ENSG00000170634	4974.0	28780.0	0.0021586904566600583	0.0089305903646651
space_ranger	ENSG00000196839	593.0	14861.0	0.061417514029541105	0.05573655014539828
space_ranger	ENSG00000137845	19333.0	116348.0	0.1157606977799213	0.020392849572661992
space_ranger	ENSG00000148848	998.0	21233.0	0.35365160790806793	0.2563285212686989
space_ranger	ENSG00000151694	12683.0	131029.0	0.11122427936549341	0.07085988975706536
space_ranger	ENSG00000042980	155.0	1497.0	-0.002753681667199231	0.022616033103529085
space_ranger	ENSG00000149451	327.0	2527.0	0.029412654762540482	0.044705831813711835
space_ranger	ENSG00000151651	1268.0	26886.0	0.04854736706187207	0.029869200347832175
space_ranger	ENSG00000168615	3116.0	45346.0	0.018221282637694874	0.029610249995974548
space_ranger	ENSG00000154734	21871.0	493820.0	0.37028391268816613	0.3566369979130768
space_ranger	ENSG00000151388	1330.0	32800.0	0.12029112872914294	0.11595846619895615
space_ranger	ENSG00000087116	2237.0	30288.0	0.1724858818673193	0.15731736370567165
space_ranger	ENSG00000158859	313.0	3818.0	0.06806287368087134	0.013397488487679124
space_ranger	ENSG00000154736	485.0	5173.0	0.107370023149414	0.1243578837422821
space_ranger	ENSG00000156218	275.0	4674.0	0.022235912181867615	0.054240651533635484
space_ranger	ENSG00000160710	43635.0	495602.0	0.12695822136271712	0.15239589781533605
space_ranger	ENSG00000078549	658.0	11959.0	0.2550427002592561	0.27148838500954353
space_ranger	ENSG00000087274	15464.0	181979.0	0.11737204090585918	0.11022763787682784
space_ranger	ENSG00000020181	1636.0	28966.0	0.16443111810710087	0.10848968373474524
space_ranger	ENSG00000152990	11136.0	41749.0	0.09572877638876903	0.08066377838906491
space_ranger	ENSG00000181790	304.0	2303.0	0.019582431288438763	0.047253716845528725
space_ranger	ENSG00000121753	787.0	17262.0	0.04328235291041678	0.03829405677520333
space_ranger	ENSG00000111452	2885.0	2902.0	0.01516199564603636	0.032308458041760905
space_ranger	ENSG00000123146	7843.0	150897.0	0.06436729987503642	0.0609680289889504
space_ranger	ENSG00000159618	191.0	1083.0	-0.032686069264327516	-0.033723018574283524
space_ranger	ENSG00000112414	242.0	1208.0	0.0665381656187203	0.07677950096473464
space_ranger	ENSG00000072071	8897.0	82269.0	0.043555524093088535	0.0764397849254815
space_ranger	ENSG00000162618	1020.0	3569.0	0.15720479355465614	0.1301362818774833
space_ranger	ENSG00000159346	7101.0	115390.0	0.08171261557884706	0.06134743919259412
space_ranger	ENSG00000006831	3406.0	5976.0	-0.049934695251719584	-0.019443429668050752
space_ranger	ENSG00000148926	1201.0	9169.0	0.16832438497721447	0.12007628943094115
space_ranger	ENSG00000101126	35877.0	208931.0	0.04297949363911487	0.11896913383689928
space_ranger	ENSG00000163485	1898.0	27491.0	0.11321079162668561	0.11625493154674493
space_ranger	ENSG00000128271	580.0	1727.0	0.018142559385071238	0.04847684035141796
space_ranger	ENSG00000282608	257.0	1620.0	-0.03281444902681563	0.0064523383689799735
space_ranger	ENSG00000170214	895.0	19254.0	0.15241900345100204	0.1334624866916745
space_ranger	ENSG00000150594	403.0	5159.0	0.25556860423050276	0.22171488284532279
space_ranger	ENSG00000274286	709.0	11512.0	0.0264672713272067	0.03265168056150915
space_ranger	ENSG00000184160	1363.0	5643.0	0.10314591589408503	0.09373303415233779
space_ranger	ENSG00000111863	299.0	5310.0	0.017523849788962462	0.01904551607538002
space_ranger	ENSG00000106624	6629.0	41405.0	0.28516483581895213	0.1835484988181269
space_ranger	ENSG00000169129	7546.0	189845.0	0.16687068388108775	0.20640623975779562
space_ranger	ENSG00000172493	8142.0	109572.0	0.18376667512427047	0.24310244744126075
space_ranger	ENSG00000155966	753.0	9455.0	0.013961167094448137	0.03170891252527247
space_ranger	ENSG00000135537	1318.0	12933.0	0.03268593648529518	0.027712837658174665
space_ranger	ENSG00000157985	4836.0	75524.0	0.0346918719628246	0.05183753131394465
space_ranger	ENSG00000133612	10646.0	73687.0	0.09359782179140867	0.09259768169042129
space_ranger	ENSG00000204305	1718.0	29924.0	-0.027408045756116065	-0.034921775564187595
space_ranger	ENSG00000116771	1213.0	9320.0	0.08132899439856917	0.11069247593195086
space_ranger	ENSG00000092847	8925.0	108284.0	0.08452848549854786	0.0307157715399403
space_ranger	ENSG00000173467	4763.0	8420.0	0.1345344757133116	0.12790107130749606
space_ranger	ENSG00000101444	42938.0	320074.0	0.1735583751550286	0.19248434767365033
space_ranger	ENSG00000106546	5462.0	23903.0	0.1284186487731082	0.1207564774352625
space_ranger	ENSG00000063438	296.0	3079.0	0.019600528950176804	0.0666850902446342
space_ranger	ENSG00000126878	13339.0	38086.0	0.0526477528762386	0.07357733455465611
space_ranger	ENSG00000156709	15274.0	120967.0	0.1884120511009158	0.14352440236817007
space_ranger	ENSG00000106305	8291.0	99986.0	0.1257881354980579	0.11947968976171865
space_ranger	ENSG00000110711	8139.0	58729.0	-0.058658796688752145	-0.055299658376749425
space_ranger	ENSG00000023516	3944.0	29229.0	0.0589879323219946	0.04152762599249345
space_ranger	ENSG00000105127	7762.0	93410.0	0.008387271725769379	-0.007382596644142117
space_ranger	ENSG00000085662	7600.0	42873.0	0.20062510617869558	0.2114509909726766
space_ranger	ENSG00000196139	5973.0	36123.0	0.15411162470046422	0.1539283511045714
space_ranger	ENSG00000142208	24724.0	262790.0	0.09719362799036246	0.1176247873167515
space_ranger	ENSG00000105221	8168.0	177469.0	-0.021788066908984015	0.01337233127686073
space_ranger	ENSG00000117020	589.0	4987.0	0.13702599274774305	0.11353786210563786
space_ranger	ENSG00000166971	4547.0	57685.0	0.06439631625289599	0.03988672464118825
space_ranger	ENSG00000148218	2221.0	15977.0	0.00943444322555652	0.010499531284780952
space_ranger	ENSG00000170017	2569.0	11763.0	0.22461534399056338	0.23505082380584175
space_ranger	ENSG00000137124	982.0	23056.0	0.10742799335499972	0.1098490039221549
space_ranger	ENSG00000111275	7360.0	41754.0	0.11539885638397215	0.10199560736233407
space_ranger	ENSG00000072210	9900.0	57628.0	0.14842822620818308	0.125725617138729
space_ranger	ENSG00000164904	12117.0	119328.0	0.10641014391565838	0.0631988751916006
space_ranger	ENSG00000149925	780.0	162333.0	-0.021194003258298618	-0.0417870174933168
space_ranger	ENSG00000253710	442.0	31990.0	-0.0037180181457935058	-0.01840009954457655
space_ranger	ENSG00000101901	7351.0	36812.0	0.04869763920686995	0.03622811168540051
space_ranger	ENSG00000119523	5889.0	71339.0	0.05539474959257132	0.06201514948612538
space_ranger	ENSG00000088035	5266.0	34026.0	0.1677128827485999	0.11285963233798081
space_ranger	ENSG00000086848	1584.0	14212.0	0.03287314119282837	0.05214007558599399
space_ranger	ENSG00000171094	2128.0	12079.0	0.09546900336217039	0.11677128689957073
space_ranger	ENSG00000091542	14123.0	85747.0	0.193236347071075	0.07298774419363081
space_ranger	ENSG00000012779	1496.0	19244.0	0.09997693025035918	0.06515561019312562
space_ranger	ENSG00000073331	1519.0	11600.0	0.04866936628721336	0.04806211339549732
space_ranger	ENSG00000136383	2056.0	75560.0	0.21595883929171944	0.1847603102577359
space_ranger	ENSG00000162551	6796.0	70315.0	0.21709648965957512	0.23920011552295667
space_ranger	ENSG00000183684	5208.0	178028.0	0.1183530747069804	0.09555650714954639
space_ranger	ENSG00000242110	2766.0	16292.0	0.09427913413294325	0.11769122723058079
space_ranger	ENSG00000184675	1020.0	51724.0	0.030637301980576265	0.02547954696575453
space_ranger	ENSG00000159461	7960.0	50005.0	0.03740379426920177	0.016083531842140324
space_ranger	ENSG00000181754	269.0	6362.0	0.035245875671405455	0.05880219056236623
space_ranger	ENSG00000126016	11381.0	221597.0	0.21810906537727293	0.2594064290224241
space_ranger	ENSG00000153107	8989.0	190453.0	0.12008869733545566	0.09445753897206582
space_ranger	ENSG00000154188	129.0	845.0	0.04857700240565329	0.035936655492948125
space_ranger	ENSG00000091879	885.0	5181.0	0.15962100425139913	0.0994300285430471
space_ranger	ENSG00000136859	1824.0	10800.0	0.05998447695430962	0.05747249519250745
space_ranger	ENSG00000167772	5272.0	33982.0	0.26872907498188714	0.24585281755926436
space_ranger	ENSG00000130812	340.0	23542.0	-0.03319563369800743	-0.05250457100915796
space_ranger	ENSG00000029534	123.0	393.0	-0.009688253939022477	-0.02042394778398517
space_ranger	ENSG00000131503	8726.0	79721.0	0.026322657341706787	-0.010874679036994198
space_ranger	ENSG00000076513	7141.0	176047.0	0.188542069953401	0.23911696023433995
space_ranger	ENSG00000172932	4815.0	26048.0	0.04462144943567495	0.034366449427836
space_ranger	ENSG00000132466	15523.0	130113.0	0.01813571043736406	0.0087656010462919
space_ranger	ENSG00000154945	13477.0	114070.0	0.05609760688262766	-0.003403953726458196
space_ranger	ENSG00000065413	1772.0	11728.0	0.04694952099160363	0.06306621093872913
space_ranger	ENSG00000135299	5690.0	42371.0	0.046529554819937785	0.07605144129988027
space_ranger	ENSG00000064999	10593.0	102909.0	0.03798688377262848	0.0005852993403521792
space_ranger	ENSG00000165138	2850.0	48315.0	0.04585374031384284	0.05129930430131814
space_ranger	ENSG00000163516	4220.0	54846.0	0.025832821825748063	0.02462425401945954
space_ranger	ENSG00000131620	5371.0	79250.0	0.39377415245888864	0.3908725543790529
space_ranger	ENSG00000134343	246.0	566.0	-0.013692487736223667	0.004074857566577357
space_ranger	ENSG00000143401	12142.0	46022.0	0.15853470211846346	0.11491636402627144
space_ranger	ENSG00000166825	7679.0	166306.0	0.4354722747704747	0.36914684488964244
space_ranger	ENSG00000182718	63871.0	815520.0	0.09396635777015942	0.15138682552455043
space_ranger	ENSG00000138772	5612.0	33791.0	0.1333879349585364	0.13368702969079116
space_ranger	ENSG00000164111	18182.0	93855.0	0.1487330061883817	0.19098275789323996
space_ranger	ENSG00000136250	249.0	2080.0	-0.0060623045757875905	-0.000928311273860502
space_ranger	ENSG00000131471	143.0	2570.0	0.12225770770751662	0.11742182279598187
space_ranger	ENSG00000100280	7458.0	98926.0	0.07204623596659522	0.07297767328056118
space_ranger	ENSG00000072958	6601.0	32949.0	0.020087861178203843	0.03862044977760963
space_ranger	ENSG00000152056	1080.0	3726.0	0.07294218683449749	0.04925154671383924
space_ranger	ENSG00000196961	3385.0	70373.0	0.11885746062953874	0.08762941406791032
space_ranger	ENSG00000183020	5528.0	60953.0	0.061738079686675634	0.05935454931318379
space_ranger	ENSG00000161203	20694.0	340899.0	0.17010835732536816	0.10838277762676181
space_ranger	ENSG00000103723	550.0	10303.0	0.0473176055248167	0.07294418526980939
space_ranger	ENSG00000065000	8274.0	80593.0	-0.006457059499519516	-0.018877055780028757
space_ranger	ENSG00000070718	1601.0	10125.0	0.0345309698009518	0.034082940841126105
space_ranger	ENSG00000254470	748.0	30727.0	0.05254234704822505	0.03421102658156664
space_ranger	ENSG00000120868	2842.0	11879.0	0.03792545083924204	0.030286917635965013
space_ranger	ENSG00000134982	2613.0	17053.0	0.0038023698125507783	0.03579256024170445
space_ranger	ENSG00000154856	3509.0	29156.0	0.10284420170073359	0.10806503470857466
space_ranger	ENSG00000100823	71266.0	306522.0	0.24620038092178137	0.21858755601257177
space_ranger	ENSG00000169188	4905.0	49018.0	0.06876972828948494	0.06541063110225233
space_ranger	ENSG00000138613	4051.0	33819.0	0.09910098972237788	0.08935437497686743
space_ranger	ENSG00000166181	17641.0	124415.0	0.13305582916817038	0.12088562464787363
space_ranger	ENSG00000169621	1800.0	15737.0	0.02394122639907685	0.043574384137573675
space_ranger	ENSG00000171388	587.0	5055.0	0.17034593531604528	0.12359271794792548
space_ranger	ENSG00000134817	912.0	7184.0	0.23124790194048336	0.2193129362822831
space_ranger	ENSG00000101474	13842.0	90541.0	-0.009305770367754065	0.019055806814471884
space_ranger	ENSG00000244509	1469.0	33726.0	0.07002639342279392	0.07036154336467927
space_ranger	ENSG00000243811	560.0	4460.0	0.07334251705416177	0.09927549038400152
space_ranger	ENSG00000128394	1472.0	6904.0	0.004459519251428155	0.032797005354894375
space_ranger	ENSG00000239713	1963.0	9013.0	0.06825547848358621	0.0633514758708209
space_ranger	ENSG00000100342	2258.0	27331.0	0.2526681634846419	0.2037121039015644
space_ranger	ENSG00000128335	1213.0	17580.0	0.1483167126943962	0.135483515415738
space_ranger	ENSG00000128284	290.0	4516.0	0.2323716044620227	0.13357616092723365
space_ranger	ENSG00000221963	4230.0	42817.0	0.19303670023457398	0.19040358042478836
space_ranger	ENSG00000204444	1173.0	8413.0	0.028566402663997802	0.03987267895896218
space_ranger	ENSG00000142192	26374.0	679543.0	0.2098901242155178	0.20509436794738098
space_ranger	ENSG00000062725	7601.0	52435.0	0.02512463989365731	-0.012985389770486131
space_ranger	ENSG00000137074	4373.0	43854.0	0.03474078407121755	0.01164204464907584
space_ranger	ENSG00000161798	21930.0	24966.0	0.3853573912014597	0.39505358653032446
space_ranger	ENSG00000103569	164.0	1187.0	0.0768430639648425	0.11532101679323371
space_ranger	ENSG00000169083	3590.0	51915.0	0.25561919771256947	0.28868237944608405
space_ranger	ENSG00000198576	161.0	2044.0	0.06324613763371095	0.12413537238451341
space_ranger	ENSG00000143761	37438.0	184278.0	-0.03611820314014072	0.05047607482718914
space_ranger	ENSG00000165527	39845.0	263957.0	0.21699837451709864	0.18097299866224367
space_ranger	ENSG00000164144	6456.0	33112.0	0.04441278469813808	0.05202728539603279
space_ranger	ENSG00000081181	955.0	1361.0	0.020192416849913283	0.039895801220531726
space_ranger	ENSG00000160007	4833.0	64386.0	0.07437084376572974	0.09041092568505926
space_ranger	ENSG00000116584	9206.0	217116.0	0.06465980872678502	0.09024962356534909
space_ranger	ENSG00000102606	4220.0	21989.0	-0.04468619182826747	-0.011167213569891045
space_ranger	ENSG00000117713	15809.0	148297.0	0.09131651548327488	0.044043074131672647
space_ranger	ENSG00000179361	974.0	16259.0	0.0035152033483043885	0.016886239118585732
space_ranger	ENSG00000175906	4901.0	14626.0	0.11646525254933235	0.12373679564181471
space_ranger	ENSG00000134108	5623.0	35634.0	0.08369535386068039	0.09528246765842655
space_ranger	ENSG00000140691	3352.0	14397.0	0.036041897925187194	0.029499760670895183
space_ranger	ENSG00000125449	2005.0	6428.0	0.027513846497798825	0.034220374901383854
space_ranger	ENSG00000120029	3039.0	35823.0	0.0494328784293743	0.03628172099439541
space_ranger	ENSG00000143437	5444.0	48190.0	0.0241823784878739	0.015082946683060426
space_ranger	ENSG00000133794	1070.0	5681.0	0.03611460940729809	0.04360475584130483
space_ranger	ENSG00000137486	785.0	9188.0	0.08906618809977465	0.04954493258431803
space_ranger	ENSG00000141480	5567.0	59927.0	0.01866811776720552	0.062100647920503224
space_ranger	ENSG00000113369	30413.0	139306.0	0.13685597150005593	0.14154907676810616
space_ranger	ENSG00000004848	438.0	1782.0	0.2989036308746583	0.19018331697889815
space_ranger	ENSG00000100325	3762.0	54422.0	0.028766013501857514	0.01921902463832277
space_ranger	ENSG00000112249	6150.0	50359.0	0.040396169132518533	0.05477480922867088
space_ranger	ENSG00000139352	835.0	7379.0	0.051735564474942215	0.06972763060390272
space_ranger	ENSG00000183734	420.0	1687.0	-0.0215486148975342	0.006907477133905071
space_ranger	ENSG00000105011	17026.0	62582.0	0.15539764439658005	0.16349279375162337
space_ranger	ENSG00000129691	3330.0	23952.0	0.04746454622839551	0.03051801366916282
space_ranger	ENSG00000066279	7167.0	26345.0	0.17170567368911122	0.14714444129379592
space_ranger	ENSG00000148219	2098.0	3458.0	-0.00018899160523092474	0.006340459237974063
space_ranger	ENSG00000171456	11155.0	124807.0	0.04880423775990681	0.032189870643184036
space_ranger	ENSG00000197785	4645.0	30267.0	-0.10327470654298992	-0.09889150122403821
space_ranger	ENSG00000123268	14732.0	54437.0	0.057932934890951276	0.04604065482400219
space_ranger	ENSG00000115966	14719.0	47313.0	0.011784483275905425	0.03389206328418565
space_ranger	ENSG00000162772	3843.0	4807.0	0.2541502935333714	0.185750160200268
space_ranger	ENSG00000128272	31562.0	282207.0	0.1017408960608003	0.1278890710040257
space_ranger	ENSG00000118217	7294.0	87273.0	0.01630913044167616	0.03351719469095665
space_ranger	ENSG00000152348	2170.0	8697.0	0.03528612614299802	0.055128818715458536
space_ranger	ENSG00000085978	4673.0	21752.0	0.00756143543151328	-0.010511486863293331
space_ranger	ENSG00000110046	5125.0	33309.0	0.0016853111265206153	0.028965592104568835
space_ranger	ENSG00000057663	10266.0	29903.0	0.03403445339620253	0.04212527535522167
space_ranger	ENSG00000197548	2019.0	15589.0	0.014781010989978355	0.0364121128158208
space_ranger	ENSG00000138363	10731.0	111905.0	0.11127641937075039	0.13837664691037163
space_ranger	ENSG00000198513	817.0	5157.0	0.010946712020017423	0.026526928505432045
space_ranger	ENSG00000119787	11751.0	121759.0	0.13649525176499636	0.07569475949592241
space_ranger	ENSG00000184743	11631.0	67824.0	0.1114813723924108	0.06757420071989347
space_ranger	ENSG00000149311	5088.0	51926.0	0.08110183425979633	0.0519540683905732
space_ranger	ENSG00000168874	257.0	1576.0	0.04665218934292292	0.03984596254668993
space_ranger	ENSG00000145246	1129.0	11569.0	0.12429436192161025	0.0984796265070106
space_ranger	ENSG00000159363	2059.0	31730.0	-0.04360524409851595	-0.012428278471366521
space_ranger	ENSG00000163399	69252.0	659700.0	0.19158988933908397	0.09931032694160614
space_ranger	ENSG00000174437	16085.0	148535.0	0.0885272584973226	0.006858441314704329
space_ranger	ENSG00000070961	15451.0	62974.0	0.19113014919023352	0.12947095769751304
space_ranger	ENSG00000152234	45495.0	501458.0	0.29650605613065445	0.27064760396476617
space_ranger	ENSG00000165629	51684.0	245503.0	0.2820804489579958	0.22246856393987938
space_ranger	ENSG00000116039	869.0	41277.0	0.12876734861956468	0.12391861363825651
space_ranger	ENSG00000047249	12275.0	76536.0	0.16131541419611806	0.13419509310062588
space_ranger	ENSG00000165240	1735.0	13446.0	0.19288490663374425	0.19508810069597465
space_ranger	ENSG00000123191	7110.0	129585.0	0.23502928287278896	0.2457579253732111
space_ranger	ENSG00000123472	21254.0	71964.0	0.14122086895630662	0.09976791873497483
space_ranger	ENSG00000150756	2344.0	30325.0	0.07378195321860716	0.09319401621261601
space_ranger	ENSG00000175054	4472.0	54396.0	-0.05335042624919087	-0.03922221833032831
space_ranger	ENSG00000085224	18860.0	146074.0	0.2858111760995152	0.34650151270585133
space_ranger	ENSG00000124788	12488.0	73681.0	0.1024993234468508	0.10257023312367367
space_ranger	ENSG00000224470	3184.0	18287.0	0.01918327536469982	0.017827156234630007
space_ranger	ENSG00000204842	9368.0	161905.0	0.029416352602176336	0.020054057270702585
space_ranger	ENSG00000168488	8154.0	261536.0	0.0367730406196304	0.04941058126722842
space_ranger	ENSG00000066427	4707.0	75782.0	0.08923055444872457	0.07865797771222134
space_ranger	ENSG00000162650	1846.0	23131.0	-0.004001614422557941	0.006416448287623056
space_ranger	ENSG00000127423	807.0	15712.0	0.06489653577013679	0.05277058326474628
space_ranger	ENSG00000087586	5465.0	25835.0	0.11099333177751201	0.09632738994962557
space_ranger	ENSG00000178999	5382.0	69094.0	0.11815874017349046	0.12018276523179895
space_ranger	ENSG00000166148	269.0	1479.0	0.0454295577924349	0.024773040615526203
space_ranger	ENSG00000126895	129.0	1083.0	0.08252180841401721	0.029460765686280574
space_ranger	ENSG00000103126	3883.0	70735.0	-0.002390965346490085	-0.012243422349493868
space_ranger	ENSG00000168646	2171.0	19799.0	0.08030497168779863	0.06902099192494866
space_ranger	ENSG00000167601	777.0	15159.0	0.06599659972048187	0.061225193473700736
space_ranger	ENSG00000174684	1638.0	18673.0	0.08332981322971923	0.09662280719797763
space_ranger	ENSG00000164929	4258.0	26435.0	0.25468489211606526	0.26647655591307945
space_ranger	ENSG00000186318	6697.0	53114.0	0.17314177379748102	0.1553469494913729
space_ranger	ENSG00000182240	4229.0	31306.0	0.10944322391340505	0.10933468984225853
space_ranger	ENSG00000112182	672.0	5354.0	-0.016032606383561222	0.006743160716728745
space_ranger	ENSG00000002330	4332.0	20853.0	-0.005621556696368667	0.005985201202106341
space_ranger	ENSG00000112208	3764.0	20600.0	0.09353993125164593	0.08810701558794536
space_ranger	ENSG00000151929	4708.0	81006.0	0.038194334775441305	0.08692687589488891
space_ranger	ENSG00000204463	30757.0	498884.0	0.07792388855527191	0.03327083257821677
space_ranger	ENSG00000175866	3293.0	34382.0	0.018191112032670192	0.011129618905012255
space_ranger	ENSG00000030110	7599.0	55263.0	-0.003130997725391268	0.04945931967584054
space_ranger	ENSG00000153064	821.0	2412.0	0.038242368628780846	0.046913119208854125
space_ranger	ENSG00000163930	11720.0	134879.0	0.029093551559169095	0.0073243727683478385
space_ranger	ENSG00000138376	2774.0	13377.0	0.1021776813848908	0.09589184740993659
space_ranger	ENSG00000156127	662.0	6591.0	0.08561457816398717	0.11755252695815334
space_ranger	ENSG00000123685	195.0	2104.0	0.08148780432601758	0.054004515193614294
space_ranger	ENSG00000087088	3959.0	8930.0	0.07741342483394843	0.05979470340653311
space_ranger	ENSG00000123636	24124.0	81307.0	0.13656588279924792	0.15176432736348083
space_ranger	ENSG00000105327	1876.0	7872.0	0.03347775055385194	0.06286347272774451
space_ranger	ENSG00000187244	8105.0	485687.0	0.11035824516847012	0.11678734901944866
space_ranger	ENSG00000132692	165.0	2226.0	0.04512203840074661	0.07365973413693627
space_ranger	ENSG00000050820	7884.0	13597.0	0.011381399192977216	-0.004498701061666234
space_ranger	ENSG00000137936	7029.0	36981.0	0.10797460704385434	0.10455216297934465
space_ranger	ENSG00000141376	1990.0	35867.0	0.054422378804672655	0.03412363211443936
space_ranger	ENSG00000107949	10933.0	119941.0	0.16504469083811363	0.12846002644387775
space_ranger	ENSG00000103507	7116.0	93682.0	0.05468864936590895	0.06048438444973307
space_ranger	ENSG00000142867	7247.0	43757.0	0.09636688091464832	0.06646886008109018
space_ranger	ENSG00000119866	6037.0	67888.0	0.13829201543804254	0.11046666948951876
space_ranger	ENSG00000127152	458.0	1518.0	0.04636095455020253	0.01643750822577866
space_ranger	ENSG00000171791	1377.0	4001.0	0.04032070978675135	0.03864532714381409
space_ranger	ENSG00000140379	224.0	1003.0	0.04054100807542358	0.010647562639670509
space_ranger	ENSG00000171552	24854.0	380832.0	0.1950520016065201	0.2038876170608459
space_ranger	ENSG00000153094	14628.0	50863.0	0.2593536472689323	0.19312469969513657
space_ranger	ENSG00000126453	2424.0	9536.0	0.04408480590098044	0.036456652055848394
space_ranger	ENSG00000099968	5478.0	30061.0	0.05252233380885403	0.0421317560012143
space_ranger	ENSG00000129473	2093.0	84626.0	0.04506976861179511	0.047759231595288845
space_ranger	ENSG00000069399	3713.0	24112.0	0.20058858631983015	0.17011599145319653
space_ranger	ENSG00000113916	5548.0	29661.0	0.023849888752816132	0.049098407797233616
space_ranger	ENSG00000161940	328.0	2182.0	0.03974110725282322	0.02526933874304544
space_ranger	ENSG00000106635	5106.0	40581.0	-0.01704561153502939	0.011856136631330984
space_ranger	ENSG00000099385	22119.0	15070.0	-0.0012897054362706363	0.00031132545080253283
space_ranger	ENSG00000183337	4882.0	52867.0	0.009257364614708063	-0.004161959874009086
space_ranger	ENSG00000085185	2271.0	40302.0	0.003236179147086432	-0.005683034902082374
space_ranger	ENSG00000186716	10923.0	174282.0	0.2011719237469253	0.18990367793887034
space_ranger	ENSG00000168398	203.0	1318.0	0.13224284133287925	0.07870891302588955
space_ranger	ENSG00000176697	207.0	1554.0	0.034022745734927425	0.03887800967256739
space_ranger	ENSG00000126581	4834.0	35854.0	-0.025630365259812864	-0.01247133287796232
space_ranger	ENSG00000133134	2085.0	10154.0	0.060817524732383776	0.0940763905719072
space_ranger	ENSG00000125864	149.0	1884.0	0.037004621662764234	0.04020697973459228
space_ranger	ENSG00000170819	112.0	288.0	0.07884187785459838	0.01949078715276983
space_ranger	ENSG00000112624	5041.0	53530.0	0.09483855141811255	0.089470886790196
space_ranger	ENSG00000015475	10461.0	11089.0	0.09885774546605355	0.10254306695705674
space_ranger	ENSG00000100290	3530.0	16876.0	0.13891854228938835	0.13531670985668842
space_ranger	ENSG00000110330	8143.0	71012.0	0.026376288772197644	0.030669358316563054
space_ranger	ENSG00000089685	6772.0	45300.0	0.07343184920462048	0.11209356973601056
space_ranger	ENSG00000197299	2075.0	9898.0	0.0895733552282334	0.10050109054463309
space_ranger	ENSG00000095585	1027.0	4214.0	0.07692270596458792	0.08821877938436218
space_ranger	ENSG00000196072	3328.0	14846.0	0.059865492520309496	0.062448636981009414
space_ranger	ENSG00000106605	8303.0	63012.0	0.051016654696610673	0.024584561157201073
space_ranger	ENSG00000168283	26331.0	125731.0	0.17593774775665916	0.14000994949032416
space_ranger	ENSG00000138756	4532.0	27737.0	0.06295831184143041	0.05046376720262588
space_ranger	ENSG00000125378	480.0	4084.0	0.06112322583161918	0.011299900010909981
space_ranger	ENSG00000153162	669.0	7610.0	0.24830236188171495	0.11771699946956914
space_ranger	ENSG00000101144	15828.0	167803.0	0.2659373544698216	0.3252792498443998
space_ranger	ENSG00000183682	812.0	7648.0	0.2391191919719173	0.1682550477776471
space_ranger	ENSG00000116985	1375.0	11740.0	0.2569997453378454	0.21946406408541938
space_ranger	ENSG00000164619	130.0	1579.0	0.014771653485473548	0.03247555987400045
space_ranger	ENSG00000107779	13688.0	89997.0	0.11662614064205773	0.06750239760490948
space_ranger	ENSG00000138696	7190.0	26706.0	0.10096430638146553	0.09822190046189189
space_ranger	ENSG00000204217	13791.0	91552.0	0.08291340992581515	0.04876861521237908
space_ranger	ENSG00000173068	5870.0	24270.0	0.07546511336248846	0.09724267411818503
space_ranger	ENSG00000176171	7566.0	16272.0	0.25757496705673316	0.13513389546340995
space_ranger	ENSG00000157764	7132.0	102406.0	0.04752482943559921	0.024420456637070456
space_ranger	ENSG00000012048	859.0	6948.0	0.030968294623652984	0.05336286325398323
space_ranger	ENSG00000139618	1928.0	21191.0	-0.0014092514363868575	0.01894074761583358
space_ranger	ENSG00000169925	11798.0	104822.0	0.0301750560320111	0.030997037201142556
space_ranger	ENSG00000141867	24264.0	467541.0	0.01717594664369413	0.03644742491270896
space_ranger	ENSG00000184992	8643.0	33351.0	0.19804653579936418	0.18402661240784118
space_ranger	ENSG00000136492	1414.0	17158.0	0.06170321184215219	0.07249235823424768
space_ranger	ENSG00000113460	10485.0	34598.0	0.07999172760522537	0.05649934004420212
space_ranger	ENSG00000160058	5268.0	40844.0	0.01641749788847675	0.007676711057836851
space_ranger	ENSG00000109743	292.0	2429.0	0.02758101394783103	0.02298107744610342
space_ranger	ENSG00000095564	4671.0	114138.0	0.07866918447756635	0.03557854906087035
space_ranger	ENSG00000183826	2236.0	34857.0	-0.01675185825701561	-0.0029958018950527023
space_ranger	ENSG00000010671	123.0	2392.0	0.0003385943440357281	0.014618058667026293
space_ranger	ENSG00000186265	155.0	374.0	-0.00024051586959579832	0.043752134976571905
space_ranger	ENSG00000026950	1689.0	24758.0	0.12925117604283098	0.104382338224569
space_ranger	ENSG00000166167	4057.0	47510.0	0.01374042605715758	0.015083129914172709
space_ranger	ENSG00000169679	10300.0	67120.0	0.17670511783792014	0.1683480307581112
space_ranger	ENSG00000156970	4755.0	31412.0	0.1115913658339259	0.11535339632317104
space_ranger	ENSG00000108561	25795.0	179301.0	0.20590527626824706	0.28756565593909905
space_ranger	ENSG00000173918	2413.0	18124.0	0.26984611003282577	0.23833512232997867
space_ranger	ENSG00000133466	1564.0	50579.0	0.051392079329998175	0.05775459303964943
space_ranger	ENSG00000139178	11646.0	293628.0	0.22587040328623625	0.24223832322410432
space_ranger	ENSG00000171860	356.0	2849.0	0.03321888404966166	0.055266432467484965
space_ranger	ENSG00000106804	348.0	4388.0	-0.020260435274707684	-0.002789728803600308
space_ranger	ENSG00000197405	418.0	8414.0	0.040792669185395085	0.05641151338249887
space_ranger	ENSG00000176919	572.0	833.0	0.08887703358984564	0.023264828008998317
space_ranger	ENSG00000074410	2997.0	55267.0	0.23529352446091606	0.20782733480472612
space_ranger	ENSG00000118298	1497.0	8631.0	0.08256993479985236	0.08883902151347871
space_ranger	ENSG00000183346	600.0	2420.0	0.09044628185800563	0.12117098288233696
space_ranger	ENSG00000175544	201.0	5435.0	-0.01301241491961924	-0.012198212114284596
space_ranger	ENSG00000154040	1759.0	34777.0	0.019497228155264036	0.0498175728132157
space_ranger	ENSG00000148408	637.0	4042.0	0.09863287417226621	0.0873909488966174
space_ranger	ENSG00000151067	445.0	6564.0	0.04025759387497334	0.026726314520938634
space_ranger	ENSG00000157388	354.0	3742.0	0.03341908478189527	0.04517458089012991
space_ranger	ENSG00000196557	330.0	15135.0	0.1398547220325836	0.07386912306222489
space_ranger	ENSG00000153956	5424.0	30670.0	0.1692066183104556	0.13016116389739069
space_ranger	ENSG00000075461	1005.0	37347.0	0.1499089696480757	0.15027291748010516
space_ranger	ENSG00000075429	242.0	7154.0	0.050550204119718306	0.08056928106778904
space_ranger	ENSG00000151893	11688.0	61429.0	0.16662211623477025	0.1231530961069651
space_ranger	ENSG00000116161	18912.0	54877.0	0.05073882046324377	0.0888839203807374
space_ranger	ENSG00000084774	8967.0	120927.0	0.09856937221466881	0.110030187434346
space_ranger	ENSG00000105767	5103.0	85826.0	0.029494493565579837	0.01862248663250033
space_ranger	ENSG00000172137	269.0	3795.0	0.23127029402189647	0.11223053868722388
space_ranger	ENSG00000064989	1338.0	6749.0	0.13251593632124342	0.11583517946991298
space_ranger	ENSG00000160014	11108.0	64506.0	0.15739733381117277	0.18905418786716913
space_ranger	ENSG00000134072	3518.0	31909.0	0.09073467916839667	0.06167818301740056
space_ranger	ENSG00000058404	253.0	892.0	0.017240988822182203	0.05245284560388002
space_ranger	ENSG00000145349	3260.0	17997.0	0.015342454365795559	0.04109346706957806
space_ranger	ENSG00000148660	6912.0	65424.0	0.16394673007885224	0.142156572878164
space_ranger	ENSG00000118200	9707.0	54540.0	0.033073516082817195	0.0368604864783524
space_ranger	ENSG00000111530	21631.0	155100.0	0.1640253591742158	0.10933576753393574
space_ranger	ENSG00000127022	50075.0	258211.0	-0.013038053921386888	-0.011641400815648425
space_ranger	ENSG00000014216	12125.0	85833.0	0.07785766570650837	0.07490128947830949
space_ranger	ENSG00000092529	286.0	10725.0	-0.03187599420905751	-0.0024563624815680434
space_ranger	ENSG00000100065	2757.0	61937.0	0.12332947897259333	0.13053293880064612
space_ranger	ENSG00000141527	533.0	12624.0	0.06712456612899978	0.06397421473447126
space_ranger	ENSG00000105483	1640.0	16679.0	0.0540984128450445	0.05133479825469033
space_ranger	ENSG00000187796	719.0	3487.0	0.02855786725473047	0.024568308980505393
space_ranger	ENSG00000138380	1684.0	22698.0	-0.00865524309377286	-0.016519291336793186
space_ranger	ENSG00000142453	16691.0	197419.0	0.1562725876242771	0.09947285258322963
space_ranger	ENSG00000246228	476.0	791.0	-0.0007131631884643407	0.028611444672973257
space_ranger	ENSG00000147044	5888.0	27758.0	0.035597626904063456	0.040455016319588734
space_ranger	ENSG00000137752	454.0	4438.0	0.14438747434886084	0.09459855923378464
space_ranger	ENSG00000003400	1334.0	18160.0	0.03627655047345558	0.042265743573564406
space_ranger	ENSG00000106144	6536.0	68806.0	0.05174480197230266	0.02192213012708467
space_ranger	ENSG00000164305	17340.0	47428.0	0.08140299312304305	0.0382903801600387
space_ranger	ENSG00000138794	6769.0	30059.0	0.023164385242551738	0.04061060612929937
space_ranger	ENSG00000165806	5399.0	9420.0	0.08897840606096377	0.08309429169717322
space_ranger	ENSG00000064012	4516.0	20052.0	0.05282191307514308	0.0845944561901686
space_ranger	ENSG00000118412	7144.0	45903.0	0.07410340647006897	0.05950808441236545
space_ranger	ENSG00000132906	2502.0	23912.0	-0.015526407425328726	0.0026219925053277125
space_ranger	ENSG00000087589	207.0	5321.0	-0.000274024843372158	0.02122484074618407
space_ranger	ENSG00000130940	2651.0	39645.0	0.06304765127122414	0.05933891416518224
space_ranger	ENSG00000121691	12975.0	58790.0	0.08548142451442854	0.09501498474535389
space_ranger	ENSG00000166762	398.0	2891.0	-0.02438571245868393	0.0005551621025620252
space_ranger	ENSG00000105971	1429.0	4327.0	0.17048066610823218	0.09122716869341867
space_ranger	ENSG00000168497	543.0	2679.0	0.2559938499443166	0.16242960146565416
space_ranger	ENSG00000170955	2404.0	12834.0	-0.004832204504299081	0.01176606187890597
space_ranger	ENSG00000099625	166.0	916.0	-0.024966107822701356	-0.026522160971045664
space_ranger	ENSG00000067955	14267.0	70145.0	0.1794748063233314	0.09765950119050575
space_ranger	ENSG00000110395	4439.0	20489.0	-0.033123286299906254	-0.0157467545426218
space_ranger	ENSG00000114423	12985.0	131940.0	0.19238775197069735	0.20183382060025462
space_ranger	ENSG00000139899	709.0	26409.0	0.06274716247814272	0.05460077592424589
space_ranger	ENSG00000159228	8202.0	24363.0	0.0858486931629865	0.0776591711349303
space_ranger	ENSG00000160200	3065.0	8885.0	0.04589899251087648	0.062402365176241134
space_ranger	ENSG00000136682	2575.0	92468.0	-0.07888664732418815	-0.10129294317152056
space_ranger	ENSG00000108468	21952.0	88632.0	0.057899431734999104	0.06574374732462976
space_ranger	ENSG00000122565	93486.0	130187.0	0.1968392619694087	0.18151808689800175
space_ranger	ENSG00000094916	24108.0	137118.0	0.120538425351709	0.07735717307057982
space_ranger	ENSG00000100307	1096.0	15444.0	0.07928574634109735	0.0407411663880772
space_ranger	ENSG00000132024	10081.0	83899.0	0.020281479893925886	0.061132115049263504
space_ranger	ENSG00000158941	4485.0	104376.0	0.038497362145575045	0.01707762485453276
space_ranger	ENSG00000183287	193.0	2053.0	0.14848353652778	0.15395990481507552
space_ranger	ENSG00000150636	259.0	1381.0	0.005066062839995757	0.013597550386445056
space_ranger	ENSG00000103021	993.0	12257.0	0.06901703186075345	0.0977184446774316
space_ranger	ENSG00000007080	9723.0	90930.0	0.007352184800667351	0.015011006839843919
space_ranger	ENSG00000185298	4250.0	52652.0	-0.0435012750709642	-0.0463131485640894
space_ranger	ENSG00000175455	8322.0	81455.0	0.09187176810628053	0.0824428520875043
space_ranger	ENSG00000120262	3118.0	13785.0	0.1681838227007716	0.16341510390230213
space_ranger	ENSG00000140481	1099.0	17472.0	0.03586196019112843	0.042485937554771425
space_ranger	ENSG00000180329	1585.0	12789.0	0.03055325181025635	0.003781201888623352
space_ranger	ENSG00000152492	13692.0	184620.0	0.040120911432114326	0.06088950577965869
space_ranger	ENSG00000164051	2864.0	9803.0	0.031212083176992086	0.033021412977929085
space_ranger	ENSG00000176155	2693.0	35212.0	0.0359651829265986	0.019368656161263726
space_ranger	ENSG00000108091	27122.0	208588.0	0.16781744427334988	0.18038909679159193
space_ranger	ENSG00000104983	507.0	5650.0	0.05130608620711066	0.04662622963308767
space_ranger	ENSG00000130783	127.0	1586.0	-0.015567861350959906	0.019093740805161467
space_ranger	ENSG00000216937	990.0	13006.0	0.0036350931348469243	0.01327390227715182
space_ranger	ENSG00000120647	1432.0	19292.0	0.02975087140576432	0.034821837597885645
space_ranger	ENSG00000091986	2484.0	13865.0	0.12160276932226532	0.14254568837658624
space_ranger	ENSG00000110104	1389.0	17593.0	0.0590965200805592	0.054895410840368225
space_ranger	ENSG00000105321	385.0	53112.0	0.05926456833571507	-0.007998415842192994
space_ranger	ENSG00000123106	3562.0	23883.0	0.039803950471163224	0.012692718934654073
space_ranger	ENSG00000110148	215.0	2830.0	0.008409190474533713	0.018025178710327057
space_ranger	ENSG00000275385	610.0	1228.0	0.04377277671279805	0.10679131810153997
space_ranger	ENSG00000151882	2265.0	27636.0	0.041033628500334	0.052581091394892115
space_ranger	ENSG00000108688	262.0	2432.0	0.11530111472955075	0.07817179786837855
space_ranger	ENSG00000108700	265.0	3625.0	0.09483021558726691	0.0705725773235127
space_ranger	ENSG00000142871	21120.0	176525.0	0.5540189728512215	0.4736170422258253
space_ranger	ENSG00000118523	62959.0	169478.0	0.4960143346517377	0.43224828967790807
space_ranger	ENSG00000136999	4753.0	27405.0	0.1647483573693407	0.18199936344566967
space_ranger	ENSG00000104415	708.0	6799.0	0.1807320671176485	0.11230016619333841
space_ranger	ENSG00000064205	596.0	4413.0	0.13464856077281506	0.121252790570358
space_ranger	ENSG00000133101	8538.0	31528.0	0.46078928833804444	0.48325609170008105
space_ranger	ENSG00000145386	8006.0	20663.0	0.1606035056194786	0.16384394719759546
space_ranger	ENSG00000134057	17512.0	164686.0	0.1923367338111121	0.1658626205161826
space_ranger	ENSG00000157456	8013.0	23243.0	0.08515928272383895	0.09886005254050588
space_ranger	ENSG00000147082	229.0	1560.0	-0.016987509706567885	0.0068609286503884225
space_ranger	ENSG00000110092	8754.0	22546.0	0.14774550767752703	0.15169591941522614
space_ranger	ENSG00000118971	49542.0	124635.0	0.5182721025102887	0.576434616975835
space_ranger	ENSG00000112576	9889.0	13466.0	0.04248457568559868	0.0315531243743318
space_ranger	ENSG00000166946	6396.0	29867.0	0.015614308408886668	0.012241204864044746
space_ranger	ENSG00000105173	31293.0	152829.0	0.27100126111613076	0.31864430700175883
space_ranger	ENSG00000152669	7840.0	44283.0	0.2589938085273089	0.2654760976590197
space_ranger	ENSG00000129315	5324.0	59293.0	0.029914708695978183	0.03200723556758327
space_ranger	ENSG00000108100	24535.0	89966.0	0.022022336933411917	0.05207986988691805
space_ranger	ENSG00000163823	309.0	4460.0	0.043692757088649975	0.07359827101347072
space_ranger	ENSG00000166226	21136.0	198400.0	0.17802630805944303	0.12862559552458144
space_ranger	ENSG00000163468	51755.0	552993.0	0.30679540363779456	0.373524962165417
space_ranger	ENSG00000150753	40166.0	332980.0	0.18009724335491506	0.1874334324089141
space_ranger	ENSG00000146731	40730.0	365877.0	0.18948304050836806	0.18257157747551503
space_ranger	ENSG00000135624	31466.0	332992.0	0.16217941498450394	0.20255615436041766
space_ranger	ENSG00000156261	27058.0	188304.0	0.07720866734374968	0.07701785420862492
space_ranger	ENSG00000156535	3904.0	30854.0	0.13452070573913746	0.12476161160126416
space_ranger	ENSG00000170458	1682.0	30741.0	0.13678070954320348	0.10923153733544311
space_ranger	ENSG00000177697	28934.0	122401.0	0.023944373749772034	0.0063608367567487955
space_ranger	ENSG00000177575	800.0	9717.0	0.09760725923862444	0.06565133880775842
space_ranger	ENSG00000158473	178.0	3079.0	-0.020721978014924456	0.018664504343137874
space_ranger	ENSG00000091972	8633.0	181134.0	0.5457228147635879	0.5545649737331667
space_ranger	ENSG00000012124	2191.0	131547.0	0.12740920222938285	0.12176077964008615
space_ranger	ENSG00000198821	154.0	1879.0	0.10160786015299132	0.04339818208833318
space_ranger	ENSG00000174807	734.0	4764.0	0.16451479488608767	0.11184808240082583
space_ranger	ENSG00000139193	286.0	1757.0	0.004129885144809553	0.05060835787005816
space_ranger	ENSG00000120217	125.0	1843.0	0.13881428966942239	0.09233579331605662
space_ranger	ENSG00000103855	9665.0	68734.0	0.13026414955355095	0.09622340528189333
space_ranger	ENSG00000198087	16675.0	132127.0	0.11188889129624965	0.09860163482882031
space_ranger	ENSG00000169217	12371.0	49136.0	-0.10443226940818018	-0.032659201148799465
space_ranger	ENSG00000167851	193.0	4895.0	0.05087392058224946	0.036071772223079814
space_ranger	ENSG00000241399	2340.0	5746.0	0.12035186522533753	0.09465664118551785
space_ranger	ENSG00000167775	27272.0	15195.0	0.18085691647122842	0.2142822205981968
space_ranger	ENSG00000174059	1754.0	29272.0	0.14529189806262102	0.11223859421760117
space_ranger	ENSG00000135218	496.0	1882.0	0.08121307161984812	0.05443846713664417
space_ranger	ENSG00000004468	200.0	2732.0	0.16763333370808126	0.06836178407599514
space_ranger	ENSG00000117877	747.0	11961.0	0.011871038984832882	0.004485477314210732
space_ranger	ENSG00000160654	244.0	948.0	0.0679856546455957	0.040954301054421396
space_ranger	ENSG00000010610	497.0	22102.0	0.09704291262772297	0.08279890583011429
space_ranger	ENSG00000101017	408.0	5711.0	0.0666013732176399	0.046181310958461876
space_ranger	ENSG00000026508	1688.0	24116.0	0.14946599720212939	0.15566571045734373
space_ranger	ENSG00000117335	24759.0	226809.0	0.14796354493591282	0.05460634271801354
space_ranger	ENSG00000196776	45480.0	284709.0	0.23274481947416636	0.221461416704206
space_ranger	ENSG00000196352	11168.0	65121.0	0.14464440284703362	0.14826208127151197
space_ranger	ENSG00000116815	3438.0	25691.0	0.07669319375833386	0.0747681877940942
space_ranger	ENSG00000085063	29966.0	39536.0	0.03002634467880455	0.16952093030125392
space_ranger	ENSG00000013725	161.0	940.0	0.0627982405725554	0.07885784879018344
space_ranger	ENSG00000129226	1664.0	15508.0	0.13342192799672645	0.11949346186438164
space_ranger	ENSG00000173762	303.0	3142.0	0.1347065774159183	0.15909065266032427
space_ranger	ENSG00000137101	421.0	2178.0	0.023454567847806612	0.028347475994699865
space_ranger	ENSG00000007312	322.0	2501.0	0.07417712346768182	0.10723929562364627
space_ranger	ENSG00000085117	5156.0	94032.0	0.1978637577194157	0.19495723532188247
space_ranger	ENSG00000112149	2510.0	19895.0	-0.0038877419588736048	0.030809786465844712
space_ranger	ENSG00000066294	153.0	2803.0	0.026440885729256965	0.02789660076545454
space_ranger	ENSG00000114013	288.0	2811.0	0.04205639323656614	0.05401273740893925
space_ranger	ENSG00000153563	368.0	2283.0	0.04129445849770644	0.03353003218507902
space_ranger	ENSG00000172116	178.0	1024.0	0.15585294348720374	0.1107356236443545
space_ranger	ENSG00000125810	2010.0	3488.0	0.1719015307535833	0.11672791392399319
space_ranger	ENSG00000153283	543.0	1960.0	0.015026230891013204	0.038732490341050765
space_ranger	ENSG00000002586	15333.0	90010.0	0.09356320959659135	0.1307355272251501
space_ranger	ENSG00000158825	286.0	3344.0	0.065412106365826	0.06611284993432101
space_ranger	ENSG00000140326	2624.0	50375.0	0.06210626111718934	0.03972771106744135
space_ranger	ENSG00000151465	12060.0	81233.0	0.05536995546394908	0.00427218844675257
space_ranger	ENSG00000079335	2032.0	20281.0	0.04199827011920202	0.046971250824790964
space_ranger	ENSG00000117399	32058.0	161231.0	0.28828751720656076	0.3027729664555918
space_ranger	ENSG00000164045	2299.0	17310.0	0.08573180807711592	0.09851413648687471
space_ranger	ENSG00000158402	1207.0	14654.0	0.05006126532959687	0.06953507961418019
space_ranger	ENSG00000004897	9700.0	51252.0	0.016649580844970903	0.02244988789706997
space_ranger	ENSG00000099804	7312.0	64768.0	-0.022085974204409147	-0.029624874277008325
space_ranger	ENSG00000105401	55125.0	595265.0	0.04612265162399405	0.010690434704711144
space_ranger	ENSG00000070831	53540.0	116687.0	0.001959763571723058	0.01586054180079472
space_ranger	ENSG00000171219	2249.0	97890.0	0.06779025141091377	0.04109711866434179
space_ranger	ENSG00000094804	1737.0	17625.0	0.08916222757402031	0.09847900539821831
space_ranger	ENSG00000134371	11260.0	124483.0	0.045435829648711665	0.04317229831508557
space_ranger	ENSG00000184661	558.0	16778.0	0.06629019132597332	0.08193154759885014
space_ranger	ENSG00000111665	15212.0	105401.0	0.16027172476645093	0.1374330061733715
space_ranger	ENSG00000164649	5746.0	94496.0	0.14334798370530366	0.1366875613124291
space_ranger	ENSG00000163814	1412.0	16691.0	0.1261784102829978	0.11862978538326394
space_ranger	ENSG00000039068	31665.0	437518.0	0.18801274792353273	0.06429378189885354
space_ranger	ENSG00000140937	2155.0	37199.0	0.41001460975873705	0.33368384138755647
space_ranger	ENSG00000140945	269.0	1037.0	0.02137077142366934	-0.04124925512702165
space_ranger	ENSG00000166589	155.0	2693.0	0.060471119001540515	0.0645842771744532
space_ranger	ENSG00000170558	5720.0	43687.0	0.2004406424839121	0.23185091253379658
space_ranger	ENSG00000149654	152.0	1726.0	0.03208550019132142	0.04521612619091814
space_ranger	ENSG00000107736	2694.0	108441.0	0.1559421380385787	0.15784083089727824
space_ranger	ENSG00000062038	10308.0	183265.0	0.11245977428322118	0.15615543609320737
space_ranger	ENSG00000179776	1920.0	12368.0	0.1842106236916229	0.12684424162424018
space_ranger	ENSG00000113361	32740.0	268065.0	0.39378270676284244	0.38234349808693774
space_ranger	ENSG00000148600	366.0	10781.0	0.05423346082812711	0.031269945769695065
space_ranger	ENSG00000074276	1217.0	2897.0	0.024627285999469596	0.005682238780080262
space_ranger	ENSG00000170312	21882.0	33247.0	0.2466392400146824	0.23390120732427927
space_ranger	ENSG00000185324	7357.0	134038.0	0.0038769065326738203	0.037690144489828784
space_ranger	ENSG00000058091	4853.0	27677.0	0.06386146803113399	0.07290527515766733
space_ranger	ENSG00000102225	13141.0	197144.0	0.08049597264324115	0.06287237637350784
space_ranger	ENSG00000059758	7094.0	66080.0	0.06781776670647356	0.06224917143142856
space_ranger	ENSG00000117266	2278.0	99874.0	0.08714629537013079	0.057856731620020675
space_ranger	ENSG00000123374	10759.0	133201.0	0.17276966590288276	0.1219942952746242
space_ranger	ENSG00000250506	1769.0	23195.0	-0.03817601838710122	-0.03303278151245875
space_ranger	ENSG00000135446	32946.0	171770.0	0.2291611213950181	0.25717116116598016
space_ranger	ENSG00000164885	4132.0	32159.0	0.020350194648697376	0.02413815438035224
space_ranger	ENSG00000101391	4953.0	51710.0	-0.05924140941597045	-0.07228609960936606
space_ranger	ENSG00000105810	3276.0	18642.0	0.16831709491308988	0.17191724467672892
space_ranger	ENSG00000134058	8253.0	50934.0	0.023880587079298517	0.027349345982629794
space_ranger	ENSG00000132964	2378.0	19664.0	0.02629701297980712	0.04925201540784831
space_ranger	ENSG00000136807	6859.0	57229.0	0.007499747588083954	0.023838209367690762
space_ranger	ENSG00000145996	7425.0	93334.0	0.02768555738365804	0.012525416394248015
space_ranger	ENSG00000100490	527.0	2529.0	0.04651508105233909	0.02333449198033932
space_ranger	ENSG00000006837	1237.0	3390.0	0.005091697537206768	-0.009788094720848137
space_ranger	ENSG00000124762	15967.0	246213.0	0.2758835523158121	0.26660185615556947
space_ranger	ENSG00000111276	35041.0	95369.0	0.035594652686277706	0.06962345142800287
space_ranger	ENSG00000129757	9676.0	16038.0	0.05697835795053369	0.0356796619128256
space_ranger	ENSG00000147889	32307.0	40305.0	-0.13066339880757244	-0.14520192617901512
space_ranger	ENSG00000168564	6152.0	22086.0	0.04136993633546711	0.020215065752819814
space_ranger	ENSG00000147883	577.0	4583.0	0.10382407309659351	0.11741667391630756
space_ranger	ENSG00000100526	1683.0	8912.0	0.06401659187321432	0.08461824230058149
space_ranger	ENSG00000109089	3800.0	96877.0	0.13631607346064853	0.11307410105076922
space_ranger	ENSG00000204539	158.0	1574.0	0.0379346530473562	0.0016274365803737648
space_ranger	ENSG00000091527	25767.0	81504.0	0.061052040936496126	0.05270714672668289
space_ranger	ENSG00000079385	200.0	2531.0	0.05134483837417317	0.017174907834061195
space_ranger	ENSG00000245848	2711.0	9369.0	0.1050890442545642	0.15498539689419383
space_ranger	ENSG00000075275	8672.0	181208.0	0.19091987475431285	0.17467106476224803
space_ranger	ENSG00000143126	12968.0	363793.0	0.14075143778143998	0.09482844117567983
space_ranger	ENSG00000008300	482.0	5680.0	0.024495916404195725	-0.014117678244128809
space_ranger	ENSG00000135048	1849.0	16746.0	0.024292781560491288	0.030050357730329488
space_ranger	ENSG00000115163	6157.0	21728.0	0.0795211925415676	0.07349709759831698
space_ranger	ENSG00000125817	8267.0	63595.0	0.02514603969026623	0.04808129017953585
space_ranger	ENSG00000117724	9928.0	71173.0	0.18448106789144117	0.14405644952688765
space_ranger	ENSG00000166582	904.0	5220.0	0.07346755271682638	0.09875078184742112
space_ranger	ENSG00000154240	3857.0	76062.0	0.08084966486240874	0.058838404521317604
space_ranger	ENSG00000100629	1197.0	20052.0	0.03424229049537489	0.07147999155732647
space_ranger	ENSG00000143702	5479.0	32835.0	0.044468346543965837	0.043904516913028914
space_ranger	ENSG00000174007	819.0	6451.0	0.03707599695534844	0.03524762835216773
space_ranger	ENSG00000164118	3890.0	23962.0	0.049176788488483406	0.031341425091063475
space_ranger	ENSG00000138180	6711.0	62811.0	0.23524618231829236	0.19486024907515512
space_ranger	ENSG00000130695	2587.0	68195.0	-0.039324748008431165	-0.02098130185589236
space_ranger	ENSG00000070761	5978.0	33070.0	0.06506182753052123	0.05711871424879471
space_ranger	ENSG00000197748	3713.0	81942.0	0.13600739557010172	0.11910077261222925
space_ranger	ENSG00000171811	945.0	19886.0	0.13011084871092493	0.16232045755183386
space_ranger	ENSG00000165164	877.0	28995.0	0.09570854656758339	0.1169382625186683
space_ranger	ENSG00000243649	16847.0	159352.0	0.39778067440559495	0.43634431137046165
space_ranger	ENSG00000153774	6218.0	46054.0	0.005030114859104658	0.01665304731679629
space_ranger	ENSG00000000971	2843.0	11530.0	0.34511849835239805	0.28685696836733254
space_ranger	ENSG00000165410	3511.0	11664.0	-0.025388173981483714	-0.009671165659056957
space_ranger	ENSG00000003402	6089.0	111602.0	0.0023279292680122507	0.017885857423407356
space_ranger	ENSG00000126759	186.0	6907.0	0.10596734733996947	0.0812775113239906
space_ranger	ENSG00000001626	402.0	5484.0	0.10086420592455234	0.11182156068130063
space_ranger	ENSG00000164430	8235.0	51890.0	0.1568615162278096	0.10958608352290274
space_ranger	ENSG00000128849	2010.0	26413.0	0.05345358278598047	0.04162823707469714
space_ranger	ENSG00000100532	1612.0	4745.0	-0.027192652414172656	-0.0006773523749637706
space_ranger	ENSG00000167670	1271.0	33743.0	0.05370955073567203	0.06817365288592811
space_ranger	ENSG00000198824	5237.0	22309.0	0.043068835151899736	0.03416672359036147
space_ranger	ENSG00000170004	12883.0	324266.0	0.04225536557510779	0.10552914694431596
space_ranger	ENSG00000171316	6368.0	158781.0	0.18298898311347217	0.15818799874379227
space_ranger	ENSG00000149554	2832.0	45918.0	0.10053067976607193	0.12736542926709085
space_ranger	ENSG00000183765	5165.0	63905.0	0.17093083370876777	0.15570693431774657
space_ranger	ENSG00000072609	5013.0	71677.0	-0.0288719056368186	0.04118336625511164
space_ranger	ENSG00000133063	223.0	403.0	-0.0006571879313846589	-0.01480689831046009
space_ranger	ENSG00000110721	6510.0	63207.0	0.05624881170839833	0.040919038921190504
space_ranger	ENSG00000154645	333.0	1998.0	0.12683356638126933	0.11791535620732263
space_ranger	ENSG00000104472	5766.0	50838.0	0.021156880931003593	0.03938405738791673
space_ranger	ENSG00000133019	1091.0	5445.0	-0.0016041435503684337	0.023733642149160964
space_ranger	ENSG00000180720	119.0	2090.0	0.07353417138421312	0.0958110250295391
space_ranger	ENSG00000169684	855.0	5273.0	0.019677961841138656	0.05471935631955624
space_ranger	ENSG00000170175	985.0	6774.0	0.03693929388416249	0.04623092968290385
space_ranger	ENSG00000117971	149.0	3139.0	-0.00797891550400312	-0.03369983940648316
space_ranger	ENSG00000213341	2553.0	17653.0	0.026670446763627426	0.03975711229021167
space_ranger	ENSG00000179583	1066.0	34865.0	0.1492526845918649	0.1685870467587846
space_ranger	ENSG00000160161	2741.0	15939.0	0.18944324934835222	0.18606982369759462
space_ranger	ENSG00000100865	3681.0	19725.0	0.04215549706449142	0.046462609542347724
space_ranger	ENSG00000163507	3478.0	48882.0	0.11797343523481357	0.10281274037245283
space_ranger	ENSG00000145354	7067.0	21588.0	0.027221023170901942	0.028552895224164616
space_ranger	ENSG00000136108	11329.0	51367.0	0.08570794326833572	0.09726774028365182
space_ranger	ENSG00000136026	22591.0	207741.0	0.11441719334876778	0.05478645308240353
space_ranger	ENSG00000175216	8613.0	146994.0	-0.00953764751548333	0.01638216593072049
space_ranger	ENSG00000123975	44115.0	63433.0	0.23341048649062587	0.2895669229680243
space_ranger	ENSG00000109572	11095.0	66749.0	0.08491287657757927	0.08951950113930836
space_ranger	ENSG00000073464	614.0	8702.0	0.021303917144962797	0.026290241774989787
space_ranger	ENSG00000171365	4245.0	43139.0	0.47735934653060236	0.44529821095448807
space_ranger	ENSG00000163347	15541.0	98674.0	0.29694880942023905	0.3050820216271563
space_ranger	ENSG00000184113	661.0	7129.0	0.38198667651196533	0.11911912677017807
space_ranger	ENSG00000181885	21263.0	36523.0	0.1257508237862972	0.11367249471199169
space_ranger	ENSG00000172322	204.0	1199.0	0.02836698486363246	0.05960190758262794
space_ranger	ENSG00000176435	1163.0	9524.0	0.1854927245117688	0.11756248876771634
space_ranger	ENSG00000038532	2888.0	61652.0	0.05860054361296446	0.055752182561583825
space_ranger	ENSG00000111729	181.0	3570.0	0.013635970250240423	0.03307963629074668
space_ranger	ENSG00000198178	287.0	29516.0	0.04285426520394762	0.0428328472235388
space_ranger	ENSG00000258227	106.0	1564.0	0.009097458186412668	0.0503265514929504
space_ranger	ENSG00000205846	104.0	1014.0	0.023908667997679194	0.037767303051625914
space_ranger	ENSG00000172243	517.0	1622.0	0.06285862915784146	0.07562293068405837
space_ranger	ENSG00000153132	1560.0	14339.0	0.12446668061907319	0.1368026049482306
space_ranger	ENSG00000169583	5369.0	28455.0	0.15153147059990402	0.16155714373412297
space_ranger	ENSG00000169504	15914.0	95397.0	0.13141338306883016	0.12206600254980067
space_ranger	ENSG00000159212	4198.0	15262.0	0.16413569308785667	0.18332988487815613
space_ranger	ENSG00000176444	10719.0	185044.0	-0.03602753476961433	0.01796894917744874
space_ranger	ENSG00000179335	5295.0	59060.0	-0.008217577680601067	-0.0022028311516403953
space_ranger	ENSG00000113240	4579.0	27042.0	0.031606508644083646	0.019883651089368435
space_ranger	ENSG00000188603	5871.0	18957.0	0.0984352149332008	0.07701562269921265
space_ranger	ENSG00000102805	4280.0	21057.0	0.08670624185462952	0.07795511611607074
space_ranger	ENSG00000134852	8820.0	56390.0	0.005282538706727411	0.009555462321947492
space_ranger	ENSG00000049656	14769.0	195689.0	0.1282829436853116	0.006128115891468524
space_ranger	ENSG00000166855	11388.0	84862.0	0.0959655804567515	0.05511112414191154
space_ranger	ENSG00000171603	13495.0	99260.0	0.10141316463583447	0.08656531370259998
space_ranger	ENSG00000139182	23341.0	78779.0	0.18436714265489215	0.2691025457954046
space_ranger	ENSG00000141367	44007.0	184183.0	0.14009601274623099	0.15895431245118935
space_ranger	ENSG00000174600	193.0	3428.0	0.07936690590330735	0.05772380899005779
space_ranger	ENSG00000184220	8984.0	34952.0	0.10424508327172233	0.13373619522180089
space_ranger	ENSG00000170293	4688.0	22858.0	0.08275209097036365	0.08176934439715537
space_ranger	ENSG00000164309	339.0	1158.0	0.04161233496193879	0.02621183959139347
space_ranger	ENSG00000070729	360.0	2305.0	0.0038834956446647355	0.004453736295303131
space_ranger	ENSG00000170289	155.0	1519.0	-0.0075730752104461885	0.009164776672448803
space_ranger	ENSG00000143771	9356.0	22709.0	0.11154598141866628	0.07266158883693906
space_ranger	ENSG00000153721	2479.0	14207.0	0.027511959849137436	0.029354746495681337
space_ranger	ENSG00000168763	3718.0	54394.0	0.03440845219042711	0.03954869848684476
space_ranger	ENSG00000125107	15847.0	174656.0	0.012244243257842836	0.027944896756496092
space_ranger	ENSG00000173786	7693.0	87077.0	0.06654839754126267	0.07354991498558522
space_ranger	ENSG00000119865	411.0	3365.0	0.16842978428240007	0.134618713059601
space_ranger	ENSG00000162852	3871.0	18863.0	0.058730632279153976	0.04922893129752197
space_ranger	ENSG00000044459	2209.0	15686.0	0.01262387447719743	0.010562194936627304
space_ranger	ENSG00000108797	114.0	4926.0	0.11468082162329273	0.059240830799011726
space_ranger	ENSG00000170037	1793.0	35511.0	-0.045115496472641105	-0.04022217712265696
space_ranger	ENSG00000068120	2941.0	40478.0	0.02935599228825265	0.03832547912226432
space_ranger	ENSG00000082438	1791.0	15245.0	0.10140792076708968	0.08881803360300912
space_ranger	ENSG00000100473	729.0	4832.0	0.07327705931454655	0.08618423089747344
space_ranger	ENSG00000121058	3873.0	50887.0	0.15463182679739226	0.13971657982022062
space_ranger	ENSG00000060718	636.0	2562.0	0.10784689385313145	0.1452134837938321
space_ranger	ENSG00000065618	421.0	1818.0	0.08263318664063934	0.125485466637695
space_ranger	ENSG00000182871	60930.0	613015.0	0.20710641986093226	0.2645959687457022
space_ranger	ENSG00000050767	572.0	7408.0	0.10962499213565409	0.07716370590891342
space_ranger	ENSG00000188517	246.0	841.0	0.006369705686803671	0.02261846351029963
space_ranger	ENSG00000139219	1672.0	46892.0	0.16939195176464603	0.1782722241981816
space_ranger	ENSG00000187498	19239.0	283197.0	0.2655474779541682	0.25624531576174164
space_ranger	ENSG00000134871	19826.0	173248.0	0.27812415782548106	0.2574631624465207
space_ranger	ENSG00000081052	139.0	1964.0	0.038371316860955205	0.02812618217505639
space_ranger	ENSG00000188153	7971.0	65302.0	0.09024900097722098	0.13201114485418655
space_ranger	ENSG00000130635	6210.0	157473.0	0.2662399535725108	0.2284126815418026
space_ranger	ENSG00000204262	3683.0	34554.0	0.2155048611218613	0.17361590242851802
space_ranger	ENSG00000114270	2157.0	16590.0	0.1469672280716696	0.1273702510778656
space_ranger	ENSG00000158270	720.0	8170.0	0.09470014859452675	0.13338084257492502
space_ranger	ENSG00000206561	352.0	7167.0	-0.009310409584337289	0.003340840937908227
space_ranger	ENSG00000105664	167.0	2170.0	0.0468187057296017	0.02124786571121412
space_ranger	ENSG00000093010	13084.0	155844.0	0.15843451212193083	0.17909398188109318
space_ranger	ENSG00000121022	9746.0	70903.0	0.12227620405452394	0.09994200761415052
space_ranger	ENSG00000163050	3014.0	20278.0	0.10028228735250735	0.11726443209325564
space_ranger	ENSG00000172725	11174.0	75055.0	0.055114260166175114	0.03807152687717348
space_ranger	ENSG00000110880	6020.0	76639.0	-0.005492263560895808	0.026328277131989708
space_ranger	ENSG00000241563	717.0	4413.0	-0.009404352185207195	0.013318824139410915
space_ranger	ENSG00000047457	78383.0	287306.0	0.4338630067425438	0.45560231593601347
space_ranger	ENSG00000128510	124.0	1267.0	0.08533562211063268	0.04906352848985257
space_ranger	ENSG00000214575	143.0	1624.0	0.04525791101336286	0.057891916714828594
space_ranger	ENSG00000137449	587.0	6137.0	0.09098062694741522	0.09242020589449416
space_ranger	ENSG00000107864	2415.0	24002.0	0.07403815014402099	0.09777439722765695
space_ranger	ENSG00000111605	20270.0	421621.0	0.08741432920985098	0.07624078451896547
space_ranger	ENSG00000110090	4916.0	89101.0	0.09562230241911318	0.10201671361772685
space_ranger	ENSG00000106066	11471.0	29394.0	0.2988727178052456	0.36645998841345295
space_ranger	ENSG00000121898	239.0	1834.0	0.25258648240732984	0.08541357181765787
space_ranger	ENSG00000117322	337.0	1841.0	0.0313712098090782	0.04943665267946016
space_ranger	ENSG00000148204	1226.0	4967.0	0.05640878424238012	0.07999582351999601
space_ranger	ENSG00000118260	7973.0	97594.0	0.00502937463370026	0.011837062491469055
space_ranger	ENSG00000107175	6149.0	69234.0	0.06716787394043314	0.052519525020559905
space_ranger	ENSG00000146592	3127.0	3451.0	0.06832347236079639	0.14009839490523904
space_ranger	ENSG00000005339	18498.0	254358.0	0.030357694845735098	0.034037154465087156
space_ranger	ENSG00000143162	19332.0	170431.0	0.14877617459588893	0.10115578586684848
space_ranger	ENSG00000119878	9636.0	28732.0	0.052840792718586535	0.027154540668460948
space_ranger	ENSG00000167193	12347.0	48631.0	0.015514573444145077	-0.004827450155194866
space_ranger	ENSG00000099942	6275.0	75354.0	0.13318267441229054	0.09603626076433523
space_ranger	ENSG00000245694	12386.0	12801.0	0.16122322378024107	0.13468285232215169
space_ranger	ENSG00000095713	16826.0	81166.0	0.2974557008863797	0.2720245124080287
space_ranger	ENSG00000121671	1630.0	21323.0	0.025197542291353486	0.04700624026697896
space_ranger	ENSG00000112297	776.0	10166.0	0.04776409741342884	0.06420430588158307
space_ranger	ENSG00000080200	2360.0	37794.0	0.05846785551665481	0.07796924205534415
space_ranger	ENSG00000213139	317.0	2832.0	0.01915729739748838	0.030228040623100923
space_ranger	ENSG00000116791	5494.0	21907.0	0.024310601466404104	0.0090170023859554
space_ranger	ENSG00000205758	1755.0	29914.0	0.0250279871805791	0.009663881099098395
space_ranger	ENSG00000124207	25728.0	147438.0	0.13339605513496713	0.17673577737785373
space_ranger	ENSG00000184371	1297.0	15411.0	0.032966148019988414	0.03572999558816186
space_ranger	ENSG00000182578	562.0	10265.0	0.09299448625684205	0.10141618681592406
space_ranger	ENSG00000103653	6508.0	111806.0	0.05312977674405122	0.03239894237541549
space_ranger	ENSG00000113712	27625.0	48281.0	0.0773942676284298	0.039976710467054685
space_ranger	ENSG00000213923	16970.0	146236.0	0.00902064805589834	0.036953082445272956
space_ranger	ENSG00000169118	4688.0	47742.0	0.030206653076560834	0.022688600878692705
space_ranger	ENSG00000101266	16262.0	217763.0	0.02392969913229609	0.03986397280274784
space_ranger	ENSG00000070770	7759.0	93718.0	0.011189742248640501	-0.010471030611262422
space_ranger	ENSG00000204435	26565.0	407637.0	-0.0423858124585928	-0.07474825428229895
space_ranger	ENSG00000173546	1542.0	17480.0	0.06955060148841188	0.019652105281701117
space_ranger	ENSG00000104218	3031.0	31114.0	0.0855261786001882	0.07963300507294983
space_ranger	ENSG00000159176	9792.0	65448.0	0.13128643406609072	0.12803107302673303
space_ranger	ENSG00000170367	312.0	1303.0	-0.0048566805553462225	0.0035476373255366057
space_ranger	ENSG00000159692	16599.0	316666.0	-0.007748309686984839	-0.03876245219740752
space_ranger	ENSG00000175029	28540.0	103055.0	0.14798335605754476	0.11344453107008674
space_ranger	ENSG00000102974	6559.0	89059.0	0.022513273181983436	0.0161505268372017
space_ranger	ENSG00000124092	742.0	8665.0	0.07360274748350405	0.07366753862575792
space_ranger	ENSG00000144677	5426.0	29925.0	0.027033979747902444	0.020399478053648043
space_ranger	ENSG00000116761	455.0	2800.0	0.05237850148893822	0.06879703876771565
space_ranger	ENSG00000164932	6974.0	36441.0	0.21203520962453748	0.2118315788350968
space_ranger	ENSG00000044115	40268.0	268561.0	-0.020542801014244695	0.036224674669186566
space_ranger	ENSG00000119326	18484.0	111083.0	0.20593544602966993	0.2395435207424226
space_ranger	ENSG00000168036	63057.0	346556.0	0.1342875333044622	0.07124943934785041
space_ranger	ENSG00000198561	15701.0	232403.0	0.07208302653803166	0.11535633745272375
space_ranger	ENSG00000141086	126.0	1781.0	0.0009075300892621724	0.012041503251136312
space_ranger	ENSG00000064601	9951.0	165302.0	0.18305984800079056	0.21906323745063924
space_ranger	ENSG00000109861	5180.0	17611.0	0.1530200195265149	0.2021522766185874
space_ranger	ENSG00000103811	6608.0	28492.0	0.17168789370086646	0.19858257250675104
space_ranger	ENSG00000143387	832.0	7119.0	0.19523174491673045	0.1559969007350525
space_ranger	ENSG00000135047	14703.0	142387.0	0.10941631751500414	0.16009590479411512
space_ranger	ENSG00000085733	23406.0	309186.0	0.13656746187821694	0.08447792012006425
space_ranger	ENSG00000143079	3737.0	73401.0	-0.021770145210935343	-0.026612867771359853
space_ranger	ENSG00000107611	129.0	1606.0	-0.0009006929462273723	0.05628960489807947
space_ranger	ENSG00000107874	7887.0	116497.0	0.08469434444246449	0.09896941806076308
space_ranger	ENSG00000055130	19441.0	114224.0	0.046082989124643356	0.036499969163851204
space_ranger	ENSG00000108094	3936.0	40344.0	-0.02330929674808181	-0.0172230191765725
space_ranger	ENSG00000036257	11076.0	55088.0	0.043539589290782554	-0.016832951950613864
space_ranger	ENSG00000139842	15685.0	139381.0	0.14227832715682448	0.039822298905934174
space_ranger	ENSG00000158290	26341.0	120204.0	0.11291089871299186	0.05167290302356598
space_ranger	ENSG00000166266	9187.0	61667.0	0.11903205663694427	0.047832015245839375
space_ranger	ENSG00000112514	32013.0	262349.0	0.12996697980048427	0.1856740623779497
space_ranger	ENSG00000111249	1105.0	12446.0	0.13665153691484375	0.15529073457028214
space_ranger	ENSG00000006210	6007.0	23116.0	0.06546273880850814	0.0799393450281438
space_ranger	ENSG00000168329	200.0	1116.0	0.0044850785624987975	0.030826968715778842
space_ranger	ENSG00000154639	11769.0	70016.0	0.14242730269034848	0.11394655903708027
space_ranger	ENSG00000169245	2182.0	8357.0	0.30151574885736104	0.17755614061708264
space_ranger	ENSG00000169248	807.0	1449.0	0.2422416574381733	0.10980614593525038
space_ranger	ENSG00000107562	3307.0	21627.0	0.3320219860494552	0.27558335405358825
space_ranger	ENSG00000161921	5356.0	22969.0	0.10854875554325101	0.11058201427758438
space_ranger	ENSG00000138755	175.0	1489.0	0.14300126082873243	0.08351813389973133
space_ranger	ENSG00000121966	33828.0	338021.0	0.33553989670045864	0.3953645635796111
space_ranger	ENSG00000051523	84112.0	461530.0	0.23380135208214342	0.24184330381403843
space_ranger	ENSG00000165168	551.0	7130.0	0.10374980319968716	0.12816851431558096
space_ranger	ENSG00000178927	5187.0	55529.0	0.03394782281526336	0.016175347375039766
space_ranger	ENSG00000172115	27030.0	30816.0	0.1508500250068729	0.14036063097111284
space_ranger	ENSG00000055163	4380.0	39711.0	0.11711098734291422	0.1056780175513885
space_ranger	ENSG00000187954	4612.0	75102.0	0.08396796216240135	0.04654626813698586
space_ranger	ENSG00000083799	3019.0	26186.0	0.07299082428044332	0.07164726756335171
space_ranger	ENSG00000140459	682.0	4417.0	0.23057346579305155	0.16724294610608006
space_ranger	ENSG00000148795	902.0	24153.0	0.19197753571289505	0.0946327334554062
space_ranger	ENSG00000137869	159.0	1701.0	0.12314453670824303	0.07905093923532532
space_ranger	ENSG00000138061	2926.0	12487.0	0.09196722280469845	0.07393362505792785
space_ranger	ENSG00000119004	2934.0	23088.0	0.001460854876144035	0.00770911066268223
space_ranger	ENSG00000135929	981.0	10614.0	0.0008705173420767449	0.03472582030020902
space_ranger	ENSG00000111012	149.0	2411.0	-0.017999672127763093	-0.018857148108798183
space_ranger	ENSG00000100197	143.0	11605.0	0.058365730194251064	0.02300610231641751
space_ranger	ENSG00000134716	351.0	3719.0	0.08629988986400419	0.0701300373317218
space_ranger	ENSG00000036530	185.0	2825.0	0.006820988702279714	0.037191044760757755
space_ranger	ENSG00000122783	19205.0	147651.0	0.01992931600507579	0.039617859043943354
space_ranger	ENSG00000105443	3326.0	31783.0	0.04009654553362171	0.06027737422034622
space_ranger	ENSG00000222041	1692.0	19052.0	0.08764075135966982	0.05187445743669566
space_ranger	ENSG00000173406	778.0	278.0	0.07349536402956908	0.07118392665269124
space_ranger	ENSG00000153071	1910.0	8090.0	0.20147047769300985	0.15560832605243888
space_ranger	ENSG00000276644	16992.0	42088.0	0.26568879499786474	0.23695845443401775
space_ranger	ENSG00000164488	2749.0	14227.0	0.10585539437368816	0.13982926716949914
space_ranger	ENSG00000173402	20638.0	151662.0	0.11478416049242231	0.06318663967844676
space_ranger	ENSG00000112977	18730.0	73960.0	0.1004192621111045	0.12150259307807566
space_ranger	ENSG00000132676	14224.0	145843.0	0.03858361872424504	0.05504210051931523
space_ranger	ENSG00000196730	7219.0	44101.0	0.028209459128306358	0.05947208523553944
space_ranger	ENSG00000204209	8120.0	46425.0	-0.07484048750150628	-0.025525028727012834
space_ranger	ENSG00000071626	8632.0	86918.0	0.06545217763507388	0.05240533047411811
space_ranger	ENSG00000183283	57125.0	62826.0	0.17038686010038134	0.16634957705152498
space_ranger	ENSG00000113758	11753.0	92411.0	0.03446112017127764	0.055691640713783644
space_ranger	ENSG00000138231	5542.0	37868.0	0.046622027396193685	0.037304663576819955
space_ranger	ENSG00000145041	4286.0	42978.0	0.03483927752352657	0.015090747733972969
space_ranger	ENSG00000170959	797.0	2223.0	-0.007802437712355035	0.023364133038158433
space_ranger	ENSG00000204843	7635.0	211000.0	0.061000802243393215	0.03468975653774952
space_ranger	ENSG00000167986	26461.0	225511.0	0.206531529957698	0.14858535962353633
space_ranger	ENSG00000134574	4302.0	53213.0	0.07182215268991293	0.07267289872079102
space_ranger	ENSG00000132437	110.0	705.0	0.052330382242048584	0.028323488396399286
space_ranger	ENSG00000197312	5022.0	54371.0	0.047128517082195794	0.023103009154591136
space_ranger	ENSG00000175197	12278.0	29776.0	0.055525576234065434	0.07298240945738287
space_ranger	ENSG00000145358	215.0	886.0	0.018299389868281543	0.041867473284240855
space_ranger	ENSG00000204580	41805.0	538488.0	0.16457964160190353	0.07692952293157974
space_ranger	ENSG00000162733	1766.0	14916.0	0.17520276308333094	0.13384852892812793
space_ranger	ENSG00000079785	15000.0	115238.0	0.11543699557944874	0.06529012158780075
space_ranger	ENSG00000178105	2911.0	54467.0	0.024862395822486085	0.013074311962975925
space_ranger	ENSG00000168872	5469.0	17108.0	0.020477323611811874	0.01255525236284803
space_ranger	ENSG00000064703	3076.0	11068.0	0.011714855839077012	0.013020863039135255
space_ranger	ENSG00000165732	17483.0	49157.0	-0.0032303764613740736	0.052677037508704956
space_ranger	ENSG00000109832	219.0	3640.0	0.03265595551929147	0.047581494603263996
space_ranger	ENSG00000124228	6042.0	164859.0	0.04340020690758969	0.03694037056167129
space_ranger	ENSG00000182810	3930.0	23619.0	0.00456055760243429	-0.007491605063321113
space_ranger	ENSG00000125485	3681.0	44719.0	0.05892634561527123	0.044603100302967935
space_ranger	ENSG00000198563	37711.0	954068.0	-0.013479311347181744	0.06174239141227875
space_ranger	ENSG00000215301	35386.0	238713.0	0.07584465524062706	-0.014102069740892427
space_ranger	ENSG00000107625	11360.0	81569.0	0.037152332865712165	0.07922316820050279
space_ranger	ENSG00000185163	2239.0	30579.0	0.027356515545087272	0.041433362444359724
space_ranger	ENSG00000111364	3346.0	75659.0	0.009075633792771994	-0.01423096138989095
space_ranger	ENSG00000107201	6017.0	92128.0	0.20176581583224654	0.18037564814463727
space_ranger	ENSG00000110367	19182.0	228902.0	0.09830604762030418	0.06315928884131504
space_ranger	ENSG00000124795	38784.0	114910.0	0.13708400524245581	0.1298678976837258
space_ranger	ENSG00000121690	151.0	735.0	0.06558553300346204	0.03835392279692885
space_ranger	ENSG00000155792	27421.0	313105.0	0.49271218638490566	0.5499516752068078
space_ranger	ENSG00000099958	284.0	6902.0	-0.005557433277935283	0.03653798345039315
space_ranger	ENSG00000185000	8652.0	108890.0	0.05935727831053171	0.061097830065178785
space_ranger	ENSG00000116133	105206.0	1629605.0	0.42729455447950543	0.4303506369128918
space_ranger	ENSG00000172893	5640.0	17645.0	0.09134943829970105	0.07123798081640072
space_ranger	ENSG00000117682	1666.0	28348.0	0.022639050257785443	0.02338466190409179
space_ranger	ENSG00000228716	8260.0	45291.0	0.07072711586062927	0.05218080453541649
space_ranger	ENSG00000102967	1372.0	11991.0	0.050526018974622944	0.08265693380147177
space_ranger	ENSG00000157379	1582.0	25740.0	0.059278407077459905	0.06581835248719406
space_ranger	ENSG00000100867	488.0	2229.0	0.3611470948754156	0.19587594527772714
space_ranger	ENSG00000067248	4175.0	38210.0	0.0731567752870342	0.058980166787676425
space_ranger	ENSG00000132153	19173.0	137421.0	0.02371608211693915	0.03903690288296793
space_ranger	ENSG00000134815	1450.0	30669.0	0.07149042111180717	0.059478057344306244
space_ranger	ENSG00000163214	2991.0	33105.0	0.05348497916448834	0.04600561719940627
space_ranger	ENSG00000135829	30015.0	231119.0	0.0878249452625483	0.11030666494518235
space_ranger	ENSG00000100697	13397.0	97722.0	0.07464271538026296	0.031059870363862773
space_ranger	ENSG00000160305	4433.0	132191.0	0.07568239126115366	0.04007575854000584
space_ranger	ENSG00000066084	18757.0	109060.0	0.1698569153017918	0.09152924788349337
space_ranger	ENSG00000162595	705.0	6758.0	0.04728451077386758	0.010611563798274236
space_ranger	ENSG00000083520	2495.0	29927.0	0.06383611021065158	0.04432220323619391
space_ranger	ENSG00000144535	2967.0	111460.0	0.01765219743950992	-0.018443425491825077
space_ranger	ENSG00000162946	1085.0	12398.0	0.06685541273891193	0.0421070330323244
space_ranger	ENSG00000154309	1399.0	7254.0	0.03127191857341558	0.04324808200494446
space_ranger	ENSG00000130826	6092.0	99065.0	0.13803726317362436	0.11491177426882215
space_ranger	ENSG00000050165	2602.0	8686.0	0.20407829236062558	0.18134093751084504
space_ranger	ENSG00000091140	18111.0	132634.0	0.10412590697253367	0.04936720512090475
space_ranger	ENSG00000008226	479.0	8816.0	0.03581722543645749	0.040959826310301366
space_ranger	ENSG00000176124	3451.0	59103.0	0.011933260342498362	0.02769636303475222
space_ranger	ENSG00000231607	4565.0	49304.0	0.06184038289075339	0.061697270408650466
space_ranger	ENSG00000075711	13006.0	97176.0	0.10179089273669728	0.041932525229051554
space_ranger	ENSG00000132535	334.0	19978.0	0.035863617815557705	-0.011005643558203989
space_ranger	ENSG00000185559	3328.0	39902.0	0.3356365275208174	0.20194429235839342
space_ranger	ENSG00000171462	117.0	381.0	-0.01664026103836796	0.003979041948003511
space_ranger	ENSG00000198719	1524.0	6653.0	0.05031438218966858	0.05796054470643358
space_ranger	ENSG00000090932	160.0	640.0	0.0036365504612146755	0.04371545071674122
space_ranger	ENSG00000128917	405.0	10298.0	0.11517444414671126	0.03630637807314406
space_ranger	ENSG00000108813	499.0	6210.0	0.003896297897145313	-0.0009291513370545491
space_ranger	ENSG00000197587	568.0	9837.0	0.08304251875340843	0.10213387759069179
space_ranger	ENSG00000198947	4659.0	25543.0	0.09433334857061193	0.06968832449738462
space_ranger	ENSG00000161249	49576.0	94195.0	0.46322833301922534	0.5521692621934076
space_ranger	ENSG00000104936	353.0	28512.0	0.0679034644433291	0.06341624339903765
space_ranger	ENSG00000185800	855.0	35255.0	0.1087365280536441	0.06736960006014511
space_ranger	ENSG00000172869	3453.0	39040.0	0.023705479895847793	0.01067241792133732
space_ranger	ENSG00000104093	5861.0	64592.0	0.07118835509795327	0.0481437484468497
space_ranger	ENSG00000114841	1987.0	113799.0	0.023346107532740145	0.004503255494929093
space_ranger	ENSG00000197653	475.0	5983.0	0.055849725134545475	0.0713052196127219
space_ranger	ENSG00000105877	726.0	13224.0	0.08763639914481654	0.082695704594464
space_ranger	ENSG00000174844	431.0	983.0	0.03229464439296005	0.04548034070269711
space_ranger	ENSG00000185842	3609.0	26666.0	0.007124788904615452	-0.008253591420402226
space_ranger	ENSG00000183914	455.0	4902.0	-0.0047009318085048804	0.011411343566131785
space_ranger	ENSG00000039139	705.0	1108.0	0.018713151144914984	0.06045764403659587
space_ranger	ENSG00000118997	2089.0	24310.0	0.12846157934933441	0.13999566865424198
space_ranger	ENSG00000007174	259.0	859.0	-0.027468734575040586	-0.012443991252149891
space_ranger	ENSG00000122735	731.0	25967.0	0.07692489428373342	0.09863457719736958
space_ranger	ENSG00000086061	36153.0	133622.0	-0.10129691623266811	-0.07508931796167734
space_ranger	ENSG00000103423	6843.0	30294.0	-0.006449333311593898	-0.023223645623790742
space_ranger	ENSG00000148719	8590.0	80161.0	0.10206445103969436	0.06432881978329233
space_ranger	ENSG00000135924	3667.0	41516.0	0.04118520675467284	0.04686536784122593
space_ranger	ENSG00000162616	4268.0	18416.0	0.019775255049218163	0.05622110042103646
space_ranger	ENSG00000137094	2193.0	19960.0	0.1255110944102597	0.12635173595612492
space_ranger	ENSG00000077232	25200.0	321825.0	0.16041491226971288	0.11788180966552045
space_ranger	ENSG00000104129	1933.0	13321.0	0.008816242498253017	0.017575605773023424
space_ranger	ENSG00000213551	12841.0	119320.0	0.0574101480605998	0.02830349176697954
space_ranger	ENSG00000106976	1333.0	96900.0	0.0978657171761998	0.11186650245816891
space_ranger	ENSG00000079805	37739.0	764513.0	0.12740062607040048	0.11607040884607726
space_ranger	ENSG00000130816	31959.0	388495.0	0.1424610831554882	0.17179849232913033
space_ranger	ENSG00000119772	12367.0	266739.0	0.0960691889129974	0.09011109485490934
space_ranger	ENSG00000088305	5134.0	61097.0	0.1112813053646056	0.11991683450653205
space_ranger	ENSG00000123992	6399.0	33021.0	-0.07721119158753798	-0.05576370587836718
space_ranger	ENSG00000149927	1271.0	14754.0	0.04776223794991617	0.05705423069437362
space_ranger	ENSG00000088387	5927.0	18142.0	0.016119401068001547	0.040706297307240416
space_ranger	ENSG00000101134	1999.0	10941.0	0.1680562971458704	0.18352489447141054
space_ranger	ENSG00000175920	3949.0	40058.0	0.08470136255537879	0.06557639690423143
space_ranger	ENSG00000104885	1302.0	43785.0	0.02325001378820912	0.010880121638594486
space_ranger	ENSG00000172269	2403.0	21041.0	0.010239025646725929	0.021060745926139785
space_ranger	ENSG00000133884	4565.0	40068.0	0.06543396507448564	0.0627205823566266
space_ranger	ENSG00000205683	333.0	10742.0	0.05540808749702748	0.04636696650551986
space_ranger	ENSG00000000419	14294.0	44602.0	0.036579497705885526	0.041968257494170665
space_ranger	ENSG00000197635	610.0	6662.0	0.11619861635835492	0.17409588046467103
space_ranger	ENSG00000074603	5816.0	36753.0	0.018462372591792973	0.02291345267841503
space_ranger	ENSG00000177990	267.0	3458.0	0.04759009155331443	0.0523227884550407
space_ranger	ENSG00000188641	433.0	4462.0	0.04895041356214232	0.041647688636606624
space_ranger	ENSG00000092964	1941.0	7387.0	0.07636779232804417	0.06274866909683675
space_ranger	ENSG00000136048	1484.0	5880.0	0.05862155177788063	0.07445027056897446
space_ranger	ENSG00000157856	991.0	19039.0	0.08790844435294545	0.09975752247543516
space_ranger	ENSG00000171962	291.0	13826.0	0.034635533051826435	0.03863560534019651
space_ranger	ENSG00000149295	161.0	10436.0	0.052530741521087	0.052339776850697683
space_ranger	ENSG00000185721	9126.0	107681.0	0.09518246514813597	0.1069977742191183
space_ranger	ENSG00000046604	13748.0	78246.0	0.16651981465555837	0.10064694232393362
space_ranger	ENSG00000151914	4488.0	61202.0	0.16540969626414898	0.15548222551445648
space_ranger	ENSG00000134769	1379.0	8377.0	0.087695472343665	0.04591793512554357
space_ranger	ENSG00000047579	5359.0	26776.0	0.008453272566785432	0.031479000017067216
space_ranger	ENSG00000135144	699.0	14889.0	0.05126605164263794	0.03793369323265259
space_ranger	ENSG00000140279	180.0	1378.0	0.11058152360249948	0.07150854880647757
space_ranger	ENSG00000140254	125.0	2629.0	-0.019106642293688116	-0.010474612879943628
space_ranger	ENSG00000158716	11051.0	57280.0	0.039963593558708196	0.018787825123021237
space_ranger	ENSG00000188542	1163.0	5026.0	-0.026551756538292358	-0.006902949679979039
space_ranger	ENSG00000138166	1033.0	8188.0	0.1486349742256467	0.12275644241190452
space_ranger	ENSG00000139318	23826.0	81560.0	0.1122562266368346	0.20349118259935836
space_ranger	ENSG00000107404	9059.0	191594.0	0.08050235572261004	0.048531864275342215
space_ranger	ENSG00000004975	5225.0	49313.0	-0.12100351083043309	-0.0674636688699682
space_ranger	ENSG00000161202	9573.0	130306.0	0.012841624008770416	0.05709984605044651
space_ranger	ENSG00000170788	200.0	14770.0	0.03887133525959642	0.03966369767409915
space_ranger	ENSG00000197102	20864.0	216215.0	0.11848621133960852	0.019759735917572883
space_ranger	ENSG00000157540	7489.0	51365.0	0.04081760677955427	0.04303675649512302
space_ranger	ENSG00000105204	6208.0	100280.0	0.010406149220896567	0.02268309991455705
space_ranger	ENSG00000158163	496.0	10484.0	0.014616405997223055	0.013844341589024036
space_ranger	ENSG00000101412	11615.0	83402.0	0.1737223642034055	0.1700149012431891
space_ranger	ENSG00000112242	12522.0	93213.0	-0.021359535705762805	0.00835659340341331
space_ranger	ENSG00000205250	7135.0	24964.0	0.01851708465730602	0.02612892938236152
space_ranger	ENSG00000167967	5496.0	44132.0	0.032507608481794584	0.017804690650749615
space_ranger	ENSG00000164330	420.0	1720.0	0.09111252034496889	0.02701706598550087
space_ranger	ENSG00000147155	5769.0	102226.0	0.20221670642282766	0.18269398825099487
space_ranger	ENSG00000122882	4535.0	82668.0	0.00546840267557131	-0.009741046083197194
space_ranger	ENSG00000117298	16006.0	206231.0	0.29654519197788376	0.3008786062738979
space_ranger	ENSG00000171551	4295.0	42686.0	0.2607783961614005	0.24773626341156205
space_ranger	ENSG00000093144	16810.0	86208.0	0.16208493383892147	0.14556749890432344
space_ranger	ENSG00000127884	27057.0	115325.0	0.20038291715574805	0.14877615293006774
space_ranger	ENSG00000136813	5010.0	193464.0	0.011347362834883381	0.019960494779095336
space_ranger	ENSG00000119147	13132.0	107347.0	0.2529115955363991	0.30951709284612644
space_ranger	ENSG00000130159	7333.0	38949.0	0.021019534244553335	0.024277742822135597
space_ranger	ENSG00000158813	1661.0	5802.0	0.010202731757273554	0.057282340808653166
space_ranger	ENSG00000164176	1469.0	4751.0	0.26269903898492114	0.2886697849256853
space_ranger	ENSG00000078401	622.0	3198.0	0.13369137572422882	0.048233786105380476
space_ranger	ENSG00000151617	393.0	3672.0	0.1202295105723145	0.07464729302046873
space_ranger	ENSG00000136160	138.0	690.0	0.09470485815982534	0.05903861623337302
space_ranger	ENSG00000107938	4191.0	50754.0	0.0691034892504781	0.05219510263521701
space_ranger	ENSG00000074266	6071.0	31549.0	0.018578623563028685	0.031067139214513928
space_ranger	ENSG00000010165	5761.0	75964.0	0.0368938273273591	0.05380369175563363
space_ranger	ENSG00000254772	212410.0	2763519.0	0.3626065179109822	0.4414322181709733
space_ranger	ENSG00000096093	4919.0	66560.0	0.14909915613787791	0.12362344967044725
space_ranger	ENSG00000183690	1691.0	15862.0	0.08983077168047568	0.1172413394785857
space_ranger	ENSG00000125266	1362.0	7832.0	0.1762631822186388	0.06814074733079309
space_ranger	ENSG00000132294	13333.0	40661.0	0.09095581654899877	0.06384813663678875
space_ranger	ENSG00000084710	842.0	8371.0	-0.0030804308134917474	0.00304537363445664
space_ranger	ENSG00000100842	4751.0	80087.0	0.13619908673949996	0.14723688272803315
space_ranger	ENSG00000108883	7706.0	32318.0	0.003567823893592864	0.016451246020447934
space_ranger	ENSG00000138798	173.0	1799.0	0.08752899401083569	0.059159143693966285
space_ranger	ENSG00000198759	7570.0	45658.0	0.39003033325683684	0.415039122686267
space_ranger	ENSG00000172889	8052.0	16546.0	0.08018709419695993	0.1071415629399974
space_ranger	ENSG00000241404	2325.0	52464.0	0.08332276348962181	0.03698072419330297
space_ranger	ENSG00000146648	5916.0	63265.0	0.14504784238837815	0.17696984802141577
space_ranger	ENSG00000135766	5686.0	20600.0	0.01041770354472249	0.03647436656536526
space_ranger	ENSG00000129521	578.0	4368.0	0.10836256010027322	0.04873027687151092
space_ranger	ENSG00000122877	199.0	2679.0	0.0753987210047759	0.08041516781213019
space_ranger	ENSG00000179388	610.0	17345.0	0.12157947307501304	0.14286519621316027
space_ranger	ENSG00000115504	2804.0	15684.0	0.07692151126145835	0.04606975590040388
space_ranger	ENSG00000135373	6683.0	47504.0	0.29434625596062464	0.3216917774209756
space_ranger	ENSG00000181090	13990.0	67667.0	-0.05617165353050704	-0.01947702074009671
space_ranger	ENSG00000204371	10440.0	158287.0	0.07585092837909847	0.044309030240766434
space_ranger	ENSG00000255302	17973.0	10121.0	0.0867896141679369	0.09801599136122602
space_ranger	ENSG00000175376	3349.0	39325.0	0.011690917760641188	0.018225628307922792
space_ranger	ENSG00000114784	12168.0	51474.0	0.10930747537843738	0.07776008238951812
space_ranger	ENSG00000055332	18891.0	163108.0	0.18303026137934686	0.11923871374399093
space_ranger	ENSG00000172071	6426.0	46230.0	0.05282462588106382	0.03453264345707746
space_ranger	ENSG00000128829	6810.0	66906.0	0.09744648739654344	0.06455898930897487
space_ranger	ENSG00000134001	11188.0	47578.0	0.10680801619981146	0.08162468709444654
space_ranger	ENSG00000107581	42173.0	410099.0	0.038024075882932364	0.024983242169155574
space_ranger	ENSG00000161960	121731.0	513434.0	0.21456962026041057	0.27029439473377626
space_ranger	ENSG00000141543	21648.0	104366.0	0.21580141766482105	0.1268879549663704
space_ranger	ENSG00000151247	16971.0	43933.0	0.14317269749929107	0.08170411095037775
space_ranger	ENSG00000187840	4476.0	36848.0	0.09418286181504718	0.12277852747413286
space_ranger	ENSG00000148730	29514.0	148003.0	0.08786775796960242	0.08123951619745205
space_ranger	ENSG00000243056	4605.0	13623.0	-0.023753117980570886	0.004921487087896159
space_ranger	ENSG00000184708	6605.0	35747.0	0.09329053001236352	0.05761050547517367
space_ranger	ENSG00000114867	48725.0	878085.0	0.1478313638634776	0.09845387603355782
space_ranger	ENSG00000132507	19085.0	168786.0	0.16911148284047486	0.1748051959326447
space_ranger	ENSG00000253626	1191.0	471.0	0.010085990875530818	0.03962785672786046
space_ranger	ENSG00000032389	7410.0	50607.0	0.05096606987371087	0.043921971338560656
space_ranger	ENSG00000141642	2317.0	12421.0	0.05905053230818973	0.049525538680002604
space_ranger	ENSG00000006744	5354.0	76701.0	-0.028370475868190397	-0.026262280980023017
space_ranger	ENSG00000066044	18930.0	116131.0	0.06494631410423321	0.03695087064499251
space_ranger	ENSG00000102034	1936.0	81164.0	0.10809626922727533	0.10447687314560634
space_ranger	ENSG00000225968	134.0	1077.0	0.0021899673144143185	0.00042370218127128946
space_ranger	ENSG00000126767	9546.0	42789.0	0.2874164965699478	0.2067182036076327
space_ranger	ENSG00000111145	4744.0	10425.0	0.07761296690118619	0.08784999584647539
space_ranger	ENSG00000158711	4225.0	30131.0	0.05436040458445023	0.04712520651053466
space_ranger	ENSG00000179387	4858.0	32705.0	0.10852967393672444	0.07227335782815808
space_ranger	ENSG00000049540	1130.0	2118.0	0.13963697589168098	0.060393598314088234
space_ranger	ENSG00000103363	102395.0	4183.0	-0.0009867236416913026	0.012006192646108601
space_ranger	ENSG00000154582	15293.0	23082.0	0.07061440916666897	0.053194770322098996
space_ranger	ENSG00000127463	10351.0	99383.0	0.046465529835884034	-0.0002738064493943099
space_ranger	ENSG00000128463	16419.0	36384.0	0.15233276204896584	0.0851841147884791
space_ranger	ENSG00000102119	8836.0	106044.0	0.07128750358980196	0.04028079745721953
space_ranger	ENSG00000134531	38118.0	169053.0	0.2038914789641313	0.3248873987144407
space_ranger	ENSG00000213853	18946.0	31126.0	0.10992409697686363	0.09652171896935408
space_ranger	ENSG00000158636	3018.0	42534.0	0.0034815335769863044	-0.023052965944305493
space_ranger	ENSG00000170370	10926.0	74642.0	0.14639711832659216	0.11274176062339236
space_ranger	ENSG00000106991	5450.0	93418.0	0.2355027146760292	0.19424867040505928
space_ranger	ENSG00000151023	1293.0	4553.0	0.12248451186174375	0.15033690587718837
space_ranger	ENSG00000111674	1092.0	13923.0	0.06219195395199639	0.03933336812977585
space_ranger	ENSG00000132199	5297.0	70581.0	0.0388525582933002	0.05166655313200476
space_ranger	ENSG00000120658	337.0	1006.0	0.0996817185340568	0.062232766304862595
space_ranger	ENSG00000165675	1312.0	7002.0	0.021155553756241723	0.009349155269503097
space_ranger	ENSG00000138792	1528.0	21443.0	0.021196258288232437	0.02671283408575844
space_ranger	ENSG00000197594	749.0	6177.0	-0.011986034409460493	0.010943893771809115
space_ranger	ENSG00000136960	1247.0	23025.0	0.2514752402208197	0.1171089119633956
space_ranger	ENSG00000154269	915.0	2549.0	0.09958784776017673	0.13092460314973334
space_ranger	ENSG00000138185	1176.0	24587.0	0.09982243348762442	0.06094631251035027
space_ranger	ENSG00000054179	1432.0	23157.0	0.10028940943237186	0.10109435544103546
space_ranger	ENSG00000100393	8393.0	193254.0	0.0428956850719014	0.048432384221242825
space_ranger	ENSG00000116016	3863.0	55246.0	0.16503337529920764	0.11696016566433913
space_ranger	ENSG00000082397	206.0	2417.0	0.08795344477265257	0.044663343933289336
space_ranger	ENSG00000119888	122747.0	1180481.0	0.2684891013538337	0.2640156610951249
space_ranger	ENSG00000086289	4581.0	39630.0	0.3245442926236689	0.3479856625885552
space_ranger	ENSG00000152223	3567.0	48439.0	0.06250126969993713	0.02148301088497073
space_ranger	ENSG00000146904	9763.0	157058.0	0.24037341466844864	0.2420848236466304
space_ranger	ENSG00000183317	824.0	14315.0	0.0843903422945679	0.0891382452346177
space_ranger	ENSG00000142627	2788.0	28091.0	0.016005524937325454	0.0308081446655857
space_ranger	ENSG00000044524	104.0	614.0	0.052948088798191476	0.06032272606262804
space_ranger	ENSG00000116106	2055.0	14746.0	0.062160664017344464	0.08347948212751692
space_ranger	ENSG00000135333	167.0	3383.0	0.05864428853124917	0.08383458988504192
space_ranger	ENSG00000154928	111.0	664.0	-0.014084042576894305	-0.01514432381769056
space_ranger	ENSG00000133216	4191.0	58608.0	0.1335530051687066	0.13567782414644095
space_ranger	ENSG00000196411	10240.0	21436.0	0.056547613676189906	0.034061821625722424
space_ranger	ENSG00000106123	5443.0	81750.0	0.10138958946164209	0.07600643222481183
space_ranger	ENSG00000143819	4280.0	92316.0	0.1915058600817962	0.15910446521090466
space_ranger	ENSG00000120915	537.0	8950.0	0.026315831852732237	-0.0031396629010423836
space_ranger	ENSG00000178567	6604.0	24780.0	0.04931274022616585	0.031433138599132604
space_ranger	ENSG00000187266	17591.0	665233.0	0.23271665307487355	0.3388220218578586
space_ranger	ENSG00000136628	9061.0	116698.0	0.14730556943423784	0.07224026805152708
space_ranger	ENSG00000164307	4011.0	65993.0	0.07412882542246602	0.07731761757251081
space_ranger	ENSG00000187682	582.0	1405.0	0.08379709038047695	0.07853019389543106
space_ranger	ENSG00000141736	677286.0	1879702.0	0.2891396660866022	0.24407688073267014
space_ranger	ENSG00000065361	74697.0	485300.0	0.29058302686400556	0.3537814796626857
space_ranger	ENSG00000082805	5269.0	46455.0	0.01891670846941118	0.027873507228885718
space_ranger	ENSG00000012061	2712.0	13194.0	-0.0135461911036253	-0.014590027196276445
space_ranger	ENSG00000104884	1403.0	25280.0	0.04869531990807266	0.055609158341202926
space_ranger	ENSG00000163161	5849.0	110226.0	0.11757607641099349	0.07617007926915209
space_ranger	ENSG00000175595	1991.0	12441.0	0.04640666186079133	0.03987847853209166
space_ranger	ENSG00000134899	2240.0	20244.0	-0.023624037916964276	-0.034183669157044606
space_ranger	ENSG00000225830	5671.0	50429.0	0.029067828755931863	0.0496524678329123
space_ranger	ENSG00000178752	2673.0	12117.0	0.11507535633329175	0.12346306189750232
space_ranger	ENSG00000157554	2670.0	22767.0	0.19068205835901314	0.1701830300795956
space_ranger	ENSG00000133935	7559.0	24494.0	0.06693010581615899	0.06739767616939761
space_ranger	ENSG00000087502	6850.0	19112.0	0.024169553363473203	0.011063429557797823
space_ranger	ENSG00000147475	4381.0	35480.0	0.04095197092451196	0.05327232115783171
space_ranger	ENSG00000164010	6754.0	65978.0	0.08990881213376443	0.06911813719590298
space_ranger	ENSG00000178607	1279.0	12381.0	0.0038115092179503776	0.021340695539136156
space_ranger	ENSG00000139055	5480.0	55142.0	0.24593890675121519	0.23264601799813714
space_ranger	ENSG00000116285	6068.0	64167.0	0.08037050248915144	0.08980956441194533
space_ranger	ENSG00000089048	4538.0	47100.0	0.028580774622970255	0.019298793534776426
space_ranger	ENSG00000164283	1703.0	13777.0	0.12350330332712814	0.0939566896068006
space_ranger	ENSG00000091831	10338.0	161184.0	0.24768053841809523	0.2190655573645071
space_ranger	ENSG00000140009	690.0	17647.0	0.26352333877247913	0.22577194989019822
space_ranger	ENSG00000173153	5624.0	29113.0	-0.006803150727187454	0.00342116405208152
space_ranger	ENSG00000196482	2348.0	9332.0	0.09084057359425293	0.11499307849281247
space_ranger	ENSG00000134954	2712.0	4572.0	0.11881013113370889	0.12646996031124816
space_ranger	ENSG00000006468	738.0	4521.0	0.07969692343023103	0.12077863576652884
space_ranger	ENSG00000117036	2288.0	28442.0	0.01092480560879485	-0.016849741417933016
space_ranger	ENSG00000244405	5302.0	63111.0	0.23475861775429155	0.25644324518266864
space_ranger	ENSG00000139083	7954.0	59092.0	0.09352764389725562	0.11544408085406259
space_ranger	ENSG00000185862	151.0	1570.0	0.06140042576168206	0.03344126629863778
space_ranger	ENSG00000067208	7308.0	98056.0	0.08475342436825659	0.08345525860342483
space_ranger	ENSG00000182944	18425.0	367255.0	0.026012343083000256	0.07115236585312841
space_ranger	ENSG00000174371	1239.0	12276.0	0.04922454254433712	0.0594819375937062
space_ranger	ENSG00000171824	5032.0	64290.0	0.029715862277708806	0.04310835248948609
space_ranger	ENSG00000112319	3857.0	7995.0	0.12220676709258393	0.14606577646260457
space_ranger	ENSG00000108799	888.0	19583.0	-0.018552213417837762	0.015030585783958746
space_ranger	ENSG00000106462	8795.0	116509.0	0.13263258265491726	0.1316076464213774
space_ranger	ENSG00000158769	20182.0	189501.0	0.09263688743104201	0.08885183012368043
space_ranger	ENSG00000131187	193.0	418.0	-0.018047840550849258	-0.015568952323328852
space_ranger	ENSG00000124491	478.0	5393.0	0.20248987336333862	0.1847030828200087
space_ranger	ENSG00000181104	2203.0	9267.0	0.10717436563333452	0.13674968768148696
space_ranger	ENSG00000164251	1930.0	11882.0	0.004977984125482528	0.02418176906101341
space_ranger	ENSG00000127533	485.0	9746.0	0.04175874041225191	0.06444641206091675
space_ranger	ENSG00000185010	1364.0	1852.0	0.010442425943652599	0.012188528267457196
space_ranger	ENSG00000117480	4721.0	50460.0	0.04344146682694437	0.05626238048104703
space_ranger	ENSG00000121769	581.0	6751.0	0.16598678012122128	0.12371086140488426
space_ranger	ENSG00000168040	4152.0	29596.0	0.0019504099096312863	0.014616226075083482
space_ranger	ENSG00000149485	2740.0	9831.0	0.08082943208323376	0.10306641245520468
space_ranger	ENSG00000134824	6780.0	114818.0	0.10558288547829103	0.10567025228080143
space_ranger	ENSG00000185104	7736.0	73282.0	0.01641759096797258	0.02772319701629189
space_ranger	ENSG00000113194	7289.0	76141.0	0.017320455962435262	0.017709197399621155
space_ranger	ENSG00000158234	4477.0	29419.0	0.13723666086140823	0.1149497695046682
space_ranger	ENSG00000135472	121.0	2831.0	0.05286661614534351	0.07534553035714787
space_ranger	ENSG00000168309	1884.0	16031.0	0.1075948935825883	0.14533721968485733
space_ranger	ENSG00000125898	1937.0	14494.0	0.06649417380608635	0.08237416227723703
space_ranger	ENSG00000138439	8330.0	100488.0	0.06958365134090588	0.043692310007298514
space_ranger	ENSG00000155744	3439.0	25427.0	0.02168822894565029	0.023660536089435347
space_ranger	ENSG00000185519	351.0	5019.0	0.022697706606542998	0.016363790682059422
space_ranger	ENSG00000170264	1620.0	9609.0	0.0027211019594231382	0.00015985743373889805
space_ranger	ENSG00000054965	7350.0	73465.0	0.10750622508675799	0.06175300457713914
space_ranger	ENSG00000125386	3312.0	137642.0	0.023938332157126006	0.040054816016538874
space_ranger	ENSG00000071889	4527.0	41885.0	-0.018002889197295813	-0.043975316266348735
space_ranger	ENSG00000120709	6553.0	68995.0	0.006412252632410935	0.008191498965956938
space_ranger	ENSG00000077458	3967.0	19761.0	-0.04975653121544549	-0.03631709727532761
space_ranger	ENSG00000119812	5709.0	55699.0	0.1638941560740777	0.14428048161889093
space_ranger	ENSG00000187741	3116.0	18210.0	0.10378631889900847	0.10958493120718
space_ranger	ENSG00000158169	4646.0	16767.0	0.0773220761645056	0.07861746792753885
space_ranger	ENSG00000144554	2443.0	24542.0	0.08337830155038937	0.10271806488244593
space_ranger	ENSG00000140525	6559.0	61270.0	0.11575874611613407	0.12236042105358824
space_ranger	ENSG00000197601	9365.0	57083.0	0.0377270055546888	0.02968233086355639
space_ranger	ENSG00000026103	1348.0	15284.0	0.14641249897748798	0.13346004616319712
space_ranger	ENSG00000169710	10944.0	76451.0	0.06475789160585968	0.09534523505269654
space_ranger	ENSG00000083857	528.0	9238.0	0.2567930811087967	0.17492650489086217
space_ranger	ENSG00000086570	8585.0	125457.0	0.2204098491313986	0.2213550803154333
space_ranger	ENSG00000196159	519.0	5706.0	0.15564179524558744	0.10298876834217416
space_ranger	ENSG00000105202	25782.0	297649.0	0.11181684552928017	0.2338940287815779
space_ranger	ENSG00000163520	13932.0	32044.0	0.14042149023606543	0.12442466446422414
space_ranger	ENSG00000140092	2173.0	15258.0	0.27584024545791325	0.10254366998317693
space_ranger	ENSG00000165140	695.0	8294.0	0.028823836563952425	0.023778083309775298
space_ranger	ENSG00000214050	765.0	12087.0	0.027161441990336724	0.05296848702265625
space_ranger	ENSG00000147364	3001.0	16225.0	0.012108547740084671	0.02214225645086153
space_ranger	ENSG00000165355	4258.0	13908.0	0.015458815705395154	0.031673436814105685
space_ranger	ENSG00000037637	3287.0	35377.0	0.07735991195464262	0.049539225767001475
space_ranger	ENSG00000156509	595.0	2853.0	0.07181343252857234	0.058922387750442236
space_ranger	ENSG00000174013	4480.0	14708.0	0.08141669690919198	0.044600077557467706
space_ranger	ENSG00000072803	8135.0	37280.0	0.0943045799762258	0.047237962252685714
space_ranger	ENSG00000109670	3810.0	3900.0	-0.014264175020587558	0.0003368140766176167
space_ranger	ENSG00000275395	1151.0	22386.0	0.0003201862702454771	0.02957753852972015
space_ranger	ENSG00000072694	141.0	1451.0	0.05467354266230562	0.07289878061292779
space_ranger	ENSG00000203747	831.0	4525.0	0.11492736718684936	0.11664744303541964
space_ranger	ENSG00000079459	7740.0	65391.0	0.07313418332508204	0.085076700492025
space_ranger	ENSG00000160752	26204.0	123212.0	0.21581590285648655	0.24004011424905544
space_ranger	ENSG00000137714	8314.0	18407.0	0.16778319172041894	0.15021358385676303
space_ranger	ENSG00000066926	2231.0	18754.0	-0.0002602361750939086	-0.00017933259764515554
space_ranger	ENSG00000168496	5319.0	51294.0	0.08497330797223746	0.069637153347827
space_ranger	ENSG00000151422	2285.0	8300.0	0.0189436531819379	0.03489766648579589
space_ranger	ENSG00000149781	882.0	6846.0	0.05482844320507134	0.05017024676993255
space_ranger	ENSG00000182511	2143.0	17980.0	0.0021574402463066652	-0.019189430090061844
space_ranger	ENSG00000149557	641.0	2534.0	0.06961406875284874	0.0372619950309195
space_ranger	ENSG00000126266	509.0	11508.0	0.0900097027690574	0.061447048784598716
space_ranger	ENSG00000129682	1663.0	4536.0	0.29343640259157067	0.2882911308905175
space_ranger	ENSG00000162344	180.0	1076.0	0.08004055087991924	0.02529032426149745
space_ranger	ENSG00000138685	307.0	1278.0	0.02257691397888649	0.05260299170711114
space_ranger	ENSG00000102678	511.0	3037.0	0.023148607250052237	0.017696955010852857
space_ranger	ENSG00000077782	4114.0	51986.0	0.09372100337637976	0.1250549563255604
space_ranger	ENSG00000066468	4848.0	66655.0	0.1878574200440628	0.19145380288213673
space_ranger	ENSG00000068078	5918.0	86051.0	0.0997660313434414	0.12109291117908448
space_ranger	ENSG00000160867	807.0	16773.0	0.15206576395617863	0.1074121333390266
space_ranger	ENSG00000000938	213.0	960.0	0.006121856953797553	0.029751862190023043
space_ranger	ENSG00000091483	4344.0	55667.0	0.06689450091205688	0.07163871854898189
space_ranger	ENSG00000142621	381.0	8890.0	0.017063079934562686	0.03651467060576364
space_ranger	ENSG00000022267	1416.0	5908.0	0.22739330153763815	0.14006763748169554
space_ranger	ENSG00000115641	3973.0	14578.0	0.1647748013781118	0.12406008314888273
space_ranger	ENSG00000183386	2723.0	31558.0	0.022495101224388137	0.017305599678987114
space_ranger	ENSG00000135723	3969.0	55268.0	0.05800499957185837	0.0659589951786973
space_ranger	ENSG00000130720	250.0	1387.0	0.006570863496012491	0.027496478654296226
space_ranger	ENSG00000172500	4451.0	85413.0	0.07607111611874423	0.07048392835561189
space_ranger	ENSG00000168386	1742.0	15796.0	0.20193789863777117	0.14548670118954873
space_ranger	ENSG00000145216	18958.0	310614.0	0.20474532824662395	0.08206854437300184
space_ranger	ENSG00000134285	3110.0	48854.0	0.06311852974540832	0.07578937533917492
space_ranger	ENSG00000119321	2019.0	37257.0	0.04211704705993839	0.0468820200385423
space_ranger	ENSG00000106692	1897.0	7459.0	0.008484449339434524	0.025852804228766985
space_ranger	ENSG00000154803	4943.0	74448.0	0.07856113658360273	0.0822146979571128
space_ranger	ENSG00000151702	584.0	3804.0	0.11414037351167998	0.07883945511375784
space_ranger	ENSG00000177731	14014.0	434947.0	0.147986652224568	0.1804799524424018
space_ranger	ENSG00000136068	9583.0	140642.0	0.03637072342467254	0.006760837283635401
space_ranger	ENSG00000128591	1513.0	11825.0	0.15605371964634412	0.10705399944572233
space_ranger	ENSG00000132589	8047.0	92797.0	0.0055488823929370785	0.03967364213351471
space_ranger	ENSG00000125848	640.0	5764.0	0.05732874224574157	0.07873008054820661
space_ranger	ENSG00000090554	142.0	4387.0	0.024054807501863052	0.031158797074852994
space_ranger	ENSG00000037280	727.0	18285.0	0.037476964649957804	0.03682765664537234
space_ranger	ENSG00000059122	1142.0	5813.0	-0.0076984302492218715	0.0062582689867317284
space_ranger	ENSG00000164898	22320.0	111679.0	0.23488213233257196	0.1643729492570971
space_ranger	ENSG00000248905	1556.0	37233.0	0.13610034008129657	0.14258361843634132
space_ranger	ENSG00000155816	128.0	261.0	0.10439539339002105	0.03341624023527747
space_ranger	ENSG00000131781	675.0	989.0	0.037237605695091616	0.005593519682105057
space_ranger	ENSG00000122176	4050.0	29684.0	0.18264581281368658	0.19620451366866162
space_ranger	ENSG00000141560	2619.0	15687.0	0.031090369832294556	0.020906140785764298
space_ranger	ENSG00000102531	8803.0	46256.0	0.02615903580426691	0.06115238178079993
space_ranger	ENSG00000075420	16286.0	201697.0	0.18405369498904517	0.1713112552823954
space_ranger	ENSG00000160097	336.0	3979.0	0.061221947612501264	0.058737266939178044
space_ranger	ENSG00000168522	4285.0	26825.0	0.02848445845138403	0.010303796574759204
space_ranger	ENSG00000086205	2449.0	12723.0	0.1131763949352009	0.12074210337001531
space_ranger	ENSG00000110195	30853.0	201011.0	0.31504221675311317	0.37444930955662753
space_ranger	ENSG00000165457	469.0	4279.0	0.18574695645282085	0.1499436381283591
space_ranger	ENSG00000125798	724.0	3132.0	0.1213774802445704	0.11927450262728041
space_ranger	ENSG00000054598	3835.0	9543.0	0.2455358680024489	0.27353391727966414
space_ranger	ENSG00000129654	14473.0	132639.0	0.17630214978929792	0.19782626774398965
space_ranger	ENSG00000065970	16888.0	90761.0	0.08640094036459947	0.040569038232567765
space_ranger	ENSG00000183770	1887.0	31619.0	0.3574257788651949	0.2965395354454189
space_ranger	ENSG00000111206	3833.0	51602.0	0.10565595112313086	0.10056351844052097
space_ranger	ENSG00000109101	224.0	3333.0	0.019944795011498102	0.035812618484536
space_ranger	ENSG00000150907	2408.0	16824.0	0.09787203120969562	0.08576121923300213
space_ranger	ENSG00000118689	16999.0	52108.0	0.12522205339473358	0.055963643806594576
space_ranger	ENSG00000184481	1159.0	14191.0	0.010221932369740946	0.027754592870489748
space_ranger	ENSG00000114861	4251.0	14417.0	0.1490845158495817	0.12110147780000433
space_ranger	ENSG00000137166	9836.0	181524.0	0.07197435502799403	0.08116001761323718
space_ranger	ENSG00000110074	2813.0	56963.0	-0.0041170330606324634	0.005741799371231113
space_ranger	ENSG00000148690	4947.0	28529.0	0.0739526640723642	0.045551072670265175
space_ranger	ENSG00000138759	3384.0	23983.0	0.06541474863936578	0.05635168619811389
space_ranger	ENSG00000164946	1104.0	9118.0	0.03446927469956629	0.05966229159460416
space_ranger	ENSG00000150893	1091.0	11265.0	0.11230995639026323	0.12303418135483365
space_ranger	ENSG00000139926	1850.0	5143.0	0.0576807035024661	0.12566757597230313
space_ranger	ENSG00000162998	2832.0	11627.0	0.1555178311450478	0.14894680198790802
space_ranger	ENSG00000075618	19724.0	153514.0	0.25234515139749036	0.31720471306608883
space_ranger	ENSG00000170820	279.0	232.0	-0.02273234009233878	-0.01859395622225427
space_ranger	ENSG00000150667	100.0	2291.0	-0.01537446127173839	-0.010557719963666452
space_ranger	ENSG00000134363	343.0	2813.0	0.15657125844814143	0.11631972289779956
space_ranger	ENSG00000163430	27682.0	82489.0	0.29535395189005303	0.2315255154522503
space_ranger	ENSG00000070404	1058.0	2800.0	-0.003344744666966729	-0.013569905036306291
space_ranger	ENSG00000140718	2902.0	39237.0	0.06397370704425752	0.05237382117533611
space_ranger	ENSG00000107164	23175.0	51041.0	-0.04919301036090552	-0.05942211867960511
space_ranger	ENSG00000179163	3340.0	25169.0	0.05534132014998425	0.09490987308913879
space_ranger	ENSG00000140564	13648.0	118102.0	0.1031630553092798	0.12513689110673376
space_ranger	ENSG00000089280	64562.0	220362.0	0.17205095443891902	0.06572703190464203
space_ranger	ENSG00000176920	805.0	6033.0	0.11638155824096899	0.09843657609789017
space_ranger	ENSG00000171124	118.0	13652.0	0.06086419202176423	0.07027785289926382
space_ranger	ENSG00000196371	840.0	2433.0	0.0017665944313134917	0.012993127963627546
space_ranger	ENSG00000033170	11978.0	80131.0	0.19408483732183046	0.20738407650662938
space_ranger	ENSG00000129245	7329.0	37490.0	-0.04471157715827187	-0.036959709452152566
space_ranger	ENSG00000010810	8302.0	122201.0	0.12834197017266546	0.15226850649608967
space_ranger	ENSG00000157240	2868.0	5618.0	0.0021492267284458225	0.012337794951383449
space_ranger	ENSG00000111432	5832.0	46073.0	0.2888778213822807	0.2842805414308364
space_ranger	ENSG00000104290	5991.0	50537.0	0.1902772804334117	0.20715037412106432
space_ranger	ENSG00000174804	2827.0	56143.0	0.1242711706092372	0.12718979875312478
space_ranger	ENSG00000164930	8069.0	23924.0	0.09948929829219297	0.05464207464324254
space_ranger	ENSG00000188763	276.0	335.0	0.00592439750904219	0.02977288777032324
space_ranger	ENSG00000105325	4658.0	10058.0	-0.05343232739174314	-0.0438348668284127
space_ranger	ENSG00000160211	1179.0	33099.0	0.053663674024850005	-0.005782103526910304
space_ranger	ENSG00000171298	9351.0	186891.0	0.26903603217219374	0.24421510452535217
space_ranger	ENSG00000109458	2519.0	20155.0	0.039345003015587576	0.025721912779404655
space_ranger	ENSG00000033327	1204.0	13267.0	0.022268119795412225	6.186479950595478e-05
space_ranger	ENSG00000204681	3226.0	137702.0	-0.004376282761719211	-0.0068835968962366115
space_ranger	ENSG00000136928	131.0	576.0	-0.005960070196619937	0.0016375411317593076
space_ranger	ENSG00000094755	120.0	1008.0	0.02430975624342946	0.053381632284739744
space_ranger	ENSG00000128683	2150.0	34538.0	0.11357357830612715	0.13280920568633045
space_ranger	ENSG00000116717	9650.0	30231.0	0.06288242658729856	0.0525271868495627
space_ranger	ENSG00000130222	3390.0	12356.0	0.06431386868243477	0.06982857552021446
space_ranger	ENSG00000069482	1371.0	12290.0	0.38066393494440864	0.37461272227954745
space_ranger	ENSG00000117308	8966.0	72270.0	0.17430626998579607	0.18604095372276697
space_ranger	ENSG00000108479	1280.0	13797.0	0.06418034846237161	0.06254966843752234
space_ranger	ENSG00000141012	3613.0	18674.0	0.03491743456922673	0.035171554158512155
space_ranger	ENSG00000089597	19206.0	500040.0	0.11958036868081301	0.09765992591925321
space_ranger	ENSG00000214013	1222.0	16860.0	-0.008061222803495686	0.002263911614297308
space_ranger	ENSG00000159131	7654.0	85438.0	0.1444173284374107	0.13708565826327898
space_ranger	ENSG00000185340	2474.0	25707.0	0.010268472832000568	0.017158292307236905
space_ranger	ENSG00000183087	16177.0	169824.0	0.2084253239457523	0.23344017865204392
space_ranger	ENSG00000179348	385.0	4848.0	0.08921135253907286	0.06573090773498157
space_ranger	ENSG00000136574	869.0	23302.0	0.263079831448758	0.21844448618227996
space_ranger	ENSG00000141448	935.0	18525.0	0.179494901497143	0.1741884194210043
space_ranger	ENSG00000177628	137.0	67396.0	0.023022776896884846	0.009038545588548278
space_ranger	ENSG00000114480	4056.0	36059.0	0.042736029413897425	0.042201572722470354
space_ranger	ENSG00000107862	3718.0	57924.0	-0.02318171854602651	-0.002490300533771276
space_ranger	ENSG00000117228	11483.0	72345.0	0.26058784453806694	0.18956230338964333
space_ranger	ENSG00000154451	862.0	10190.0	0.14012935676955396	0.08860922968453672
space_ranger	ENSG00000131979	1149.0	4205.0	0.037704887897377484	0.04252014344718982
space_ranger	ENSG00000023909	8744.0	25314.0	0.09153368044393032	0.0733073678683808
space_ranger	ENSG00000089154	17956.0	240997.0	0.20855506143947947	0.190269116063195
space_ranger	ENSG00000111846	2437.0	17230.0	0.1854404117898733	0.22668099073092207
space_ranger	ENSG00000176928	123.0	674.0	0.012065398813227088	0.008465457020929596
space_ranger	ENSG00000135414	7226.0	53222.0	0.12140350386448193	0.1140925103271547
space_ranger	ENSG00000130513	32407.0	56770.0	0.27710894362630545	0.29050258877409996
space_ranger	ENSG00000184344	137.0	309.0	0.06307505410945732	0.09363109055450944
space_ranger	ENSG00000125965	416.0	2335.0	0.026773628476063894	0.04510925343126151
space_ranger	ENSG00000164404	298.0	683.0	-0.005840899891647728	0.0002633963787692561
space_ranger	ENSG00000168621	103.0	2259.0	0.06185496462968243	0.06672327048080645
space_ranger	ENSG00000198380	16246.0	121560.0	0.15873004276803943	0.08622182804679877
space_ranger	ENSG00000165678	34506.0	164658.0	0.20872132787186437	0.1567507942346381
space_ranger	ENSG00000112964	238.0	703.0	0.12386938093215427	0.06811259339165526
space_ranger	ENSG00000146830	2554.0	89229.0	0.04536696702048863	0.02928022759443464
space_ranger	ENSG00000133574	554.0	5078.0	0.12061174588914458	0.0793391141432415
space_ranger	ENSG00000196329	265.0	6651.0	0.14267407710282287	0.062162920397126314
space_ranger	ENSG00000171115	207.0	4732.0	0.1262115442307276	0.06652193724469825
space_ranger	ENSG00000123159	51141.0	148776.0	0.21514620424249373	0.2251393011768938
space_ranger	ENSG00000137960	1028.0	4091.0	0.13071844780786135	0.0900437776931265
space_ranger	ENSG00000152661	4165.0	38335.0	0.17801081052875023	0.1683956195532416
space_ranger	ENSG00000265107	346.0	2360.0	0.29098920714164694	0.06176505754377137
space_ranger	ENSG00000169562	6121.0	8110.0	0.24723355005744663	0.2427371368043743
space_ranger	ENSG00000121742	146.0	191.0	0.022597965021674944	0.03191333141552473
space_ranger	ENSG00000182963	1643.0	4168.0	0.10410709528912894	0.1320958972205542
space_ranger	ENSG00000102393	2549.0	40380.0	0.1309821377734704	0.12557398646353002
space_ranger	ENSG00000170266	15550.0	132422.0	0.015572558541135529	0.09452482374918247
space_ranger	ENSG00000106415	9164.0	56031.0	0.13944822073261876	0.13896774578716092
space_ranger	ENSG00000186417	325.0	8658.0	0.005981076962472106	0.025387195404003873
space_ranger	ENSG00000111087	212.0	3947.0	0.1445414685673002	0.08228665631773104
space_ranger	ENSG00000074047	1150.0	11480.0	0.18827635051625688	0.11310213915594435
space_ranger	ENSG00000106571	2606.0	32533.0	0.19621933793532134	0.22432498907853124
space_ranger	ENSG00000122694	4563.0	16424.0	0.010234897825291706	0.05359486191096269
space_ranger	ENSG00000167699	12860.0	95975.0	0.09018663832148895	0.022901995807490326
space_ranger	ENSG00000109738	799.0	5420.0	0.0032546824612779872	0.04547756068861955
space_ranger	ENSG00000115419	14812.0	45572.0	0.060413132838836925	0.09866069175434061
space_ranger	ENSG00000135423	625.0	6419.0	0.04912031826261245	0.08016923879696387
space_ranger	ENSG00000120820	654.0	3625.0	0.1517259378892022	0.10446775223258112
space_ranger	ENSG00000148672	6033.0	19300.0	0.022108098061894378	0.03640526377949603
space_ranger	ENSG00000140632	14962.0	47594.0	-0.013978609887501863	-0.018305805672730557
space_ranger	ENSG00000112699	4743.0	20520.0	0.056173863068436705	0.08517429236432249
space_ranger	ENSG00000162419	2171.0	22825.0	-0.006618862848314156	-0.0003451911913415233
space_ranger	ENSG00000101216	6373.0	85520.0	-0.028751245006670985	-0.012951310078457701
space_ranger	ENSG00000197045	6705.0	35796.0	0.09226940239914921	0.09516615966103317
space_ranger	ENSG00000163655	16753.0	165150.0	0.16677645981906125	0.15980021957111992
space_ranger	ENSG00000088256	5539.0	12812.0	0.006125456419559216	0.016579557091628772
space_ranger	ENSG00000127955	4934.0	15680.0	0.05649067254948449	0.05856290364941352
space_ranger	ENSG00000114353	14176.0	76951.0	0.09926547004158945	0.09726225379298212
space_ranger	ENSG00000087258	115.0	1410.0	0.014229892867150198	0.04290593565801658
space_ranger	ENSG00000156052	8007.0	23785.0	0.0047565689947265686	-0.011626528546254209
space_ranger	ENSG00000185838	2308.0	8142.0	0.03453062189598586	0.047013339115858525
space_ranger	ENSG00000134697	11027.0	129062.0	0.0850448752578337	0.08150898411426118
space_ranger	ENSG00000116906	4210.0	7689.0	0.005750069889329492	-0.006985438400614473
space_ranger	ENSG00000135677	6863.0	143841.0	0.07722175279293429	0.04003557510627156
space_ranger	ENSG00000167110	6127.0	101232.0	0.02587580874042765	0.071501154162398
space_ranger	ENSG00000113384	27466.0	147063.0	0.0729965226996697	0.07450286628621892
space_ranger	ENSG00000120370	3069.0	24043.0	0.006673410929642126	-0.002100966120240403
space_ranger	ENSG00000120053	5019.0	72062.0	0.2121135837748644	0.20258164082493116
space_ranger	ENSG00000152133	979.0	3279.0	0.0027620353547764724	0.032246171030307524
space_ranger	ENSG00000062194	18459.0	84742.0	0.0380279465667749	0.032782659686890446
space_ranger	ENSG00000159592	26497.0	350108.0	0.08840137000204809	0.07087148228574863
space_ranger	ENSG00000164850	489.0	916.0	-0.010111329463660024	-0.013963443113814386
space_ranger	ENSG00000171723	1168.0	7738.0	0.13853500714407527	0.15129413684717327
space_ranger	ENSG00000198522	7082.0	65406.0	0.08019909085849806	0.04632403525827352
space_ranger	ENSG00000142751	2885.0	10523.0	-0.01346676396036132	0.0019440761567813378
space_ranger	ENSG00000181619	883.0	13167.0	0.07641644104838789	0.06363619430599379
space_ranger	ENSG00000173264	3965.0	94455.0	0.025304515148860614	0.025938128752983774
space_ranger	ENSG00000151025	1118.0	4813.0	0.044221268194823006	0.04547949701373032
space_ranger	ENSG00000250510	893.0	17433.0	-0.018706122295878435	-0.00437262898998118
space_ranger	ENSG00000171659	163.0	2338.0	0.035021166584530986	0.055140985950553015
space_ranger	ENSG00000170775	138.0	230.0	0.049622715450681955	0.02272444351984388
space_ranger	ENSG00000170075	311.0	1871.0	0.010770456271628181	0.021141861081639415
space_ranger	ENSG00000183840	1819.0	26980.0	0.12854425812524634	0.13693156172446946
space_ranger	ENSG00000177464	152.0	2092.0	-0.01758033121683565	0.0015469831416321338
space_ranger	ENSG00000112218	1432.0	21053.0	0.18005494246217196	0.20522891678750718
space_ranger	ENSG00000123901	633.0	4723.0	0.045564189572855116	0.06803509026780775
space_ranger	ENSG00000198932	848.0	41858.0	0.04815561674109195	0.031351014176245535
space_ranger	ENSG00000158301	1512.0	11886.0	0.08169476892152637	0.10546421189912503
space_ranger	ENSG00000167191	10482.0	128414.0	0.21131841019720993	0.17242233991827985
space_ranger	ENSG00000170412	13079.0	143380.0	0.1606408295692887	0.13213834517365045
space_ranger	ENSG00000204175	2023.0	26615.0	0.020257083165429908	0.041946531457267
space_ranger	ENSG00000167701	595.0	14919.0	0.0036277941275772107	-0.011529263370185623
space_ranger	ENSG00000089351	10022.0	207146.0	-0.05100819245075442	0.01550670295766666
space_ranger	ENSG00000155324	4880.0	16512.0	0.023168708775908875	0.0134621747483342
space_ranger	ENSG00000177885	10755.0	47007.0	-0.0002347260334335955	0.0324304590553429
space_ranger	ENSG00000141449	273.0	1663.0	-0.01726753677263739	-0.010940450795945843
space_ranger	ENSG00000166923	187.0	443.0	0.09670873706256222	0.055756826750868446
space_ranger	ENSG00000083307	6195.0	134252.0	0.06884810183620532	0.05793631185485163
space_ranger	ENSG00000163873	5285.0	132453.0	0.3388497687025033	0.35783213653566504
space_ranger	ENSG00000149403	306.0	7709.0	0.036351826252443896	0.033959966601894494
space_ranger	ENSG00000105737	912.0	6211.0	0.17404166218624703	0.16647487233178226
space_ranger	ENSG00000105464	220.0	2195.0	0.10622057228392447	0.10993792492180636
space_ranger	ENSG00000173020	7622.0	96975.0	0.044145989182102295	0.034593177415299374
space_ranger	ENSG00000198873	329.0	5096.0	0.05959242398365811	0.026784159462697205
space_ranger	ENSG00000152822	113.0	644.0	0.04974393754440269	0.049857729447419556
space_ranger	ENSG00000164082	249.0	1451.0	0.02270437425892722	0.025209849693250963
space_ranger	ENSG00000124493	1911.0	41814.0	0.43680640380005903	0.3875396732030569
space_ranger	ENSG00000196277	632.0	2255.0	0.15693775178137614	0.14650204740559455
space_ranger	ENSG00000030582	29035.0	285818.0	0.21340231847917335	0.3020178350535493
space_ranger	ENSG00000134443	118.0	1036.0	0.07716122409515801	0.11165242732169336
space_ranger	ENSG00000105447	1877.0	15474.0	-0.008491408924149953	0.012461559554620553
space_ranger	ENSG00000073605	9120.0	561701.0	0.08189081061196757	0.15486164184444182
space_ranger	ENSG00000147697	205.0	13048.0	0.0829660499867824	0.06370830138699081
space_ranger	ENSG00000131149	12581.0	121684.0	0.04820400284743305	0.042029239069229944
space_ranger	ENSG00000105723	4146.0	102850.0	0.0439265288482702	0.04130034834659581
space_ranger	ENSG00000082701	21419.0	170187.0	0.22138292454663416	0.13851653956993293
space_ranger	ENSG00000104687	13328.0	91568.0	0.21559977661898228	0.1668525430603091
space_ranger	ENSG00000100983	19856.0	167394.0	0.20085657443451704	0.12486489905282928
space_ranger	ENSG00000134202	3349.0	21312.0	0.04987443963803723	0.04851749468494035
space_ranger	ENSG00000148834	17994.0	106825.0	0.11684663008433407	0.10794140400994608
space_ranger	ENSG00000100577	6604.0	64358.0	0.10807709121210751	0.08315270813892384
space_ranger	ENSG00000242441	170.0	528.0	-0.0036222184523227	-0.0015037593571636937
space_ranger	ENSG00000263001	6810.0	854798.0	-0.06775365181260286	-0.035882374443293334
space_ranger	ENSG00000077235	13379.0	110246.0	0.030923363165887317	0.06034389141184659
space_ranger	ENSG00000100226	3771.0	98798.0	0.01706163008974719	0.0036447087801416795
space_ranger	ENSG00000105793	1971.0	12006.0	0.04488302818464135	0.02073568633637223
space_ranger	ENSG00000107937	16290.0	185765.0	-0.018006520096227975	-0.0012242592082034476
space_ranger	ENSG00000152402	575.0	4415.0	0.15788562614875457	0.10859056423058823
space_ranger	ENSG00000169919	9010.0	341072.0	0.011845459959591492	0.0002888923027240938
space_ranger	ENSG00000172986	2701.0	35360.0	0.17810976411810048	0.19322003472984708
space_ranger	ENSG00000056998	828.0	15660.0	0.03620557957006097	0.05608934437672623
space_ranger	ENSG00000104812	1475.0	56063.0	0.06637187460041896	0.03926705869406671
space_ranger	ENSG00000130600	20767.0	316571.0	0.39285555070936296	0.3724572355173999
space_ranger	ENSG00000188486	14529.0	138548.0	0.06470932554541356	0.020445948110722954
space_ranger	ENSG00000132475	97476.0	215065.0	0.3196189216963473	0.3155970908101077
space_ranger	ENSG00000084754	10436.0	112175.0	-0.0035068433883323463	0.03376155732522541
space_ranger	ENSG00000138029	11398.0	162946.0	0.09146738282214435	0.057495674808152736
space_ranger	ENSG00000135077	668.0	1508.0	0.026237427369179257	0.06194617896251742
space_ranger	ENSG00000143575	13666.0	62992.0	0.08159175013960646	0.015126797950205668
space_ranger	ENSG00000113070	1591.0	17098.0	0.04663126231619155	0.04100693270066163
space_ranger	ENSG00000112339	10245.0	39792.0	0.05990066024759132	0.047169321973826416
space_ranger	ENSG00000172534	8327.0	129769.0	0.00420834188969197	-0.01645404568254715
space_ranger	ENSG00000101336	659.0	8939.0	0.09953723496702595	0.08525318898355853
space_ranger	ENSG00000143630	343.0	3348.0	0.00020706972102757168	-0.004676529706156546
space_ranger	ENSG00000116478	25003.0	345343.0	0.11253698237028488	0.08086853020505803
space_ranger	ENSG00000100429	425.0	14674.0	0.03355737095636799	0.026081530995622326
space_ranger	ENSG00000196591	56185.0	253767.0	0.27327521722343495	0.2083006981505354
space_ranger	ENSG00000171720	9678.0	87844.0	0.03719572157810934	0.025988861965277325
space_ranger	ENSG00000068024	2521.0	17716.0	0.022952920461237716	0.01670313856859698
space_ranger	ENSG00000108840	2976.0	7993.0	-0.0045848678577378975	-0.0001710155179689084
space_ranger	ENSG00000094631	5714.0	253007.0	0.38835668229627396	0.41440234344129373
space_ranger	ENSG00000147099	4679.0	53467.0	0.006819545183830308	0.01716609065247145
space_ranger	ENSG00000048052	8183.0	65668.0	0.2225201677803598	0.2199780475522602
space_ranger	ENSG00000155393	4234.0	26820.0	-0.010820644213952003	0.0004090623187972049
space_ranger	ENSG00000129493	4067.0	12576.0	0.06974999506390459	0.0711710891072215
space_ranger	ENSG00000008869	2822.0	41145.0	0.03249149823227201	0.029525043968034306
space_ranger	ENSG00000068097	2879.0	44068.0	0.08397324214538984	0.05381032394267683
space_ranger	ENSG00000112406	6688.0	47444.0	0.017988014420188124	0.03152883283281595
space_ranger	ENSG00000173064	8050.0	221638.0	0.08409536482313358	0.04721172019988297
space_ranger	ENSG00000119969	5843.0	29368.0	0.1204927444918805	0.11715652208355522
space_ranger	ENSG00000128731	5523.0	97120.0	0.03545729998743954	0.044290752523888775
space_ranger	ENSG00000138642	3770.0	41655.0	0.1568498681294918	0.16159020599125778
space_ranger	ENSG00000114315	11580.0	42964.0	0.1956699047513794	0.19331801598323511
space_ranger	ENSG00000188290	3823.0	6337.0	0.05717999090035296	0.10916115781950242
space_ranger	ENSG00000144485	9657.0	17537.0	0.1659130096462369	0.14870505233838677
space_ranger	ENSG00000163666	366.0	4125.0	0.024396596925109287	0.03707826849718842
space_ranger	ENSG00000213614	7137.0	78682.0	0.052255423521496105	0.026429760009935386
space_ranger	ENSG00000049860	6949.0	54345.0	0.048823859616635254	0.06266785726208789
space_ranger	ENSG00000186834	9684.0	62355.0	0.041242972437776214	0.0809103890503382
space_ranger	ENSG00000164683	267.0	2750.0	0.0531952845558969	0.06237289284611262
space_ranger	ENSG00000010704	727.0	5974.0	0.06008445219127173	0.08088470824112963
space_ranger	ENSG00000019991	167.0	1846.0	0.03258619057871075	0.0498099090126893
space_ranger	ENSG00000235173	2145.0	54477.0	0.029704164446509272	0.042724088750558775
space_ranger	ENSG00000185359	6950.0	55735.0	0.03704905689767723	0.04373759447054184
space_ranger	ENSG00000152804	1087.0	1499.0	0.006445875844921218	0.020300980087872074
space_ranger	ENSG00000100644	43102.0	281812.0	0.03808516874074102	0.14772750565866694
space_ranger	ENSG00000064393	8582.0	279411.0	0.06423923358635154	0.11106223265733739
space_ranger	ENSG00000110422	11064.0	39678.0	0.0356798887606498	-0.012435217404420405
space_ranger	ENSG00000010818	7170.0	68658.0	0.08614343454558152	0.07379550212518449
space_ranger	ENSG00000156515	4864.0	122038.0	0.06819863073304003	0.09714499728804016
space_ranger	ENSG00000159399	2450.0	27055.0	0.12202416377883378	0.09401892736633367
space_ranger	ENSG00000136630	393.0	7543.0	0.05772238832010172	0.07273676997676469
space_ranger	ENSG00000143341	756.0	2731.0	0.1470031430580452	0.08045168992008879
space_ranger	ENSG00000137309	75879.0	348290.0	0.21818451619968585	0.2976327449231251
space_ranger	ENSG00000149948	5812.0	49046.0	0.10452835546191938	0.08591306839871461
space_ranger	ENSG00000164104	69655.0	9495.0	0.09563698745773647	0.1122387931654638
space_ranger	ENSG00000029993	16162.0	70559.0	0.2741009537444479	0.30069479536134425
space_ranger	ENSG00000113161	11634.0	111007.0	0.1932826988712787	0.1748384695945033
space_ranger	ENSG00000118418	55242.0	50317.0	0.22668217899855725	0.15726300475176944
space_ranger	ENSG00000198157	493.0	2573.0	0.01996257460152412	0.03420271568513111
space_ranger	ENSG00000072571	2303.0	22551.0	0.11198763911053879	0.13387293416140758
space_ranger	ENSG00000100292	1504.0	2938.0	0.04471446044916472	0.06439111973815702
space_ranger	ENSG00000275410	525.0	15573.0	0.1676165148424465	0.145131598906682
space_ranger	ENSG00000150540	1537.0	6110.0	0.12085634870435219	0.11324551287946655
space_ranger	ENSG00000139675	201.0	742615.0	0.013599743480821592	-0.009115542999021044
space_ranger	ENSG00000138668	75928.0	1224032.0	0.08399977499146871	0.08466899749864688
space_ranger	ENSG00000169813	44044.0	360287.0	0.11237090489434554	0.10956283283520504
space_ranger	ENSG00000169045	42442.0	827468.0	0.08649457169507112	0.08012099123696546
space_ranger	ENSG00000143889	15858.0	149827.0	0.10824197853259869	0.12100910650108158
space_ranger	ENSG00000099783	56064.0	403820.0	0.041037835044274266	0.009125964846563606
space_ranger	ENSG00000105323	19216.0	253503.0	0.1838487117092791	0.14268871608648373
space_ranger	ENSG00000168172	3383.0	13873.0	0.05323151820194247	0.03670267007392961
space_ranger	ENSG00000171476	2657.0	1301.0	0.10060107334265689	0.15270505782389796
space_ranger	ENSG00000253293	1159.0	2177.0	0.08635801494400855	0.10218384639763106
space_ranger	ENSG00000106004	159.0	2405.0	0.04581654621958123	0.07699613977068959
space_ranger	ENSG00000078399	3168.0	11881.0	0.1661530540813294	0.1886584124355202
space_ranger	ENSG00000182742	3031.0	69337.0	0.06937339758129486	0.07142429339100942
space_ranger	ENSG00000120075	366.0	11525.0	0.051220071340061527	0.05053798545179697
space_ranger	ENSG00000108511	347.0	31622.0	0.017339280353480476	0.023609941212925742
space_ranger	ENSG00000260027	7502.0	57659.0	-0.057596401263994276	-0.002127513528048942
space_ranger	ENSG00000170689	995.0	23848.0	0.12240123034323165	0.12541654616570636
space_ranger	ENSG00000128710	265.0	7878.0	0.06543138266811313	0.09070811926459597
space_ranger	ENSG00000128709	1834.0	29548.0	0.186513806031897	0.18137150030953691
space_ranger	ENSG00000115756	3871.0	44108.0	0.03316538479413587	0.04417947836608921
space_ranger	ENSG00000165704	8042.0	20417.0	0.15805724020350373	0.13436370359330888
space_ranger	ENSG00000110756	1185.0	20635.0	0.03089638822159059	0.010306795209638767
space_ranger	ENSG00000173083	207.0	1918.0	0.0484708682693083	0.048842089202437496
space_ranger	ENSG00000174775	3822.0	37177.0	-0.055930622125956814	-0.04037216802206626
space_ranger	ENSG00000196639	718.0	6262.0	0.049339973847097214	0.07215869810460884
space_ranger	ENSG00000113749	171.0	1033.0	0.01284586160142774	0.02159333319603799
space_ranger	ENSG00000249853	802.0	1081.0	0.008353578631464803	0.05029729815322025
space_ranger	ENSG00000171004	2787.0	6624.0	0.19225023204948316	0.19486539145099774
space_ranger	ENSG00000117594	301.0	1392.0	0.07995137744036095	0.12155993466775997
space_ranger	ENSG00000176387	6596.0	32467.0	0.21933377798030015	0.2132663893324445
space_ranger	ENSG00000108786	412.0	3163.0	0.09512775464506279	0.03745800117565896
space_ranger	ENSG00000072506	19818.0	103866.0	0.06373900620122164	0.0489574906961291
space_ranger	ENSG00000025423	867.0	1276.0	0.021918547543154383	0.021301475777933707
space_ranger	ENSG00000103160	5500.0	39774.0	-0.011380926596292935	-0.02685471296832389
space_ranger	ENSG00000185122	24072.0	295636.0	0.001546463726114146	0.06313340324498119
space_ranger	ENSG00000102878	1025.0	32670.0	0.11340730610197482	0.10854464275728322
space_ranger	ENSG00000204390	416.0	7902.0	-0.029912928631588426	-0.018110787638009464
space_ranger	ENSG00000126803	3607.0	27791.0	0.053940726907213715	0.05108429067365031
space_ranger	ENSG00000170606	13059.0	148590.0	0.1448608427827735	0.09057414658504606
space_ranger	ENSG00000109971	84511.0	889093.0	0.18875464351330007	0.19381615142481873
space_ranger	ENSG00000113013	39788.0	188572.0	-0.0132548276706854	0.004941571556525904
space_ranger	ENSG00000081870	20335.0	65233.0	0.15349446547278098	0.1269704524168132
space_ranger	ENSG00000152137	935.0	7523.0	0.1322751779903979	0.10793899698723451
space_ranger	ENSG00000133265	3123.0	9077.0	0.06567178293337826	0.08394433616685552
space_ranger	ENSG00000144381	57970.0	199971.0	0.10936685536279367	0.15255946654290062
space_ranger	ENSG00000142798	18066.0	259490.0	0.10089595239689908	0.11643234286088747
space_ranger	ENSG00000109854	1291.0	7567.0	0.009336376847299009	-0.008958355043577842
space_ranger	ENSG00000147246	5034.0	27259.0	0.15177697623158304	0.14574978356901586
space_ranger	ENSG00000166736	1010.0	10784.0	0.20597367233794625	0.19698191816196162
space_ranger	ENSG00000166033	5179.0	15857.0	0.31526561175826934	0.19893774689386481
space_ranger	ENSG00000115317	3613.0	7633.0	-0.07088226553635832	-0.03940546791959006
space_ranger	ENSG00000197386	6852.0	71184.0	-0.06548079008684227	-0.030439359931395505
space_ranger	ENSG00000086758	16691.0	299112.0	0.09585432084980111	0.05280995275024991
space_ranger	ENSG00000149428	4281.0	183848.0	-0.02422334257612419	0.0050188123847570345
space_ranger	ENSG00000067704	9267.0	132913.0	0.08866870870010882	0.05778410478551424
space_ranger	ENSG00000003147	4352.0	32618.0	0.07246586791843888	0.08717338659782785
space_ranger	ENSG00000090339	2758.0	50429.0	0.3055955581027272	0.2793861242383487
space_ranger	ENSG00000108622	1127.0	7595.0	0.15127343373243024	0.10498485890789289
space_ranger	ENSG00000076662	3413.0	12994.0	-0.002683601762604298	0.01759316297214383
space_ranger	ENSG00000160223	1495.0	70858.0	-0.0802566336852475	-0.06515022441500898
space_ranger	ENSG00000172201	12877.0	8011.0	-0.0521453331391035	0.017374762770220317
space_ranger	ENSG00000119912	4550.0	9303.0	0.06556593538499662	0.05327043771402591
space_ranger	ENSG00000138413	28703.0	84265.0	0.3726623388576153	0.41022656865209517
space_ranger	ENSG00000182054	25837.0	185073.0	0.2566734018710033	0.19039933850650667
space_ranger	ENSG00000127415	2596.0	86674.0	0.061597394385530385	0.07234865069977335
space_ranger	ENSG00000163565	8661.0	32355.0	0.4186128564060622	0.43979833636397797
space_ranger	ENSG00000068079	2927.0	32035.0	0.16843615065618658	0.14322207102869783
space_ranger	ENSG00000137959	17241.0	106390.0	0.3254369597096768	0.386856514448305
space_ranger	ENSG00000115267	6097.0	31782.0	0.19794020663626635	0.1896920382423428
space_ranger	ENSG00000185745	13460.0	120348.0	0.348848796630516	0.3491437511583172
space_ranger	ENSG00000119922	2942.0	30246.0	0.2614580254276607	0.16624487498604007
space_ranger	ENSG00000119917	4134.0	52857.0	0.24979169250429337	0.21411313294436615
space_ranger	ENSG00000185885	58772.0	106327.0	0.3876144833120866	0.4543254128067968
space_ranger	ENSG00000142166	4251.0	51798.0	0.043687325115820394	0.0481362554227863
space_ranger	ENSG00000159110	3939.0	26118.0	0.053064156597999595	0.07935196077591587
space_ranger	ENSG00000027697	13011.0	64140.0	0.020101751693084185	0.05355135669902286
space_ranger	ENSG00000159128	13922.0	36656.0	0.014037015047422805	0.07362620591254927
space_ranger	ENSG00000006652	28276.0	173396.0	0.15770245260608967	0.14481762842681112
space_ranger	ENSG00000114446	24613.0	88392.0	0.1696059683410249	0.09303069192498369
space_ranger	ENSG00000089289	14353.0	142744.0	0.15170496605192718	0.09415924310084237
space_ranger	ENSG00000017427	896.0	4700.0	0.21504991870044207	0.14385134872910074
space_ranger	ENSG00000140443	10789.0	126750.0	0.05350236079513739	0.048686722374440626
space_ranger	ENSG00000167244	254.0	1705.0	0.009177234965020075	0.034437263759124696
space_ranger	ENSG00000159217	1164.0	17232.0	0.04834212258689629	0.02829715213499651
space_ranger	ENSG00000073792	5984.0	187849.0	0.1707405771359296	0.14897208180995666
space_ranger	ENSG00000136231	19559.0	132799.0	0.10604610821065374	0.07572095059368769
space_ranger	ENSG00000197081	15808.0	184956.0	0.13555302933730579	0.19330789628962147
space_ranger	ENSG00000115457	268998.0	1215688.0	0.4875918893870453	0.5272421366852508
space_ranger	ENSG00000147255	1023.0	1647.0	-0.015327255361890103	0.008164735088877722
space_ranger	ENSG00000143061	5898.0	45760.0	0.09828519244976011	0.10734320253866274
space_ranger	ENSG00000162729	13296.0	115788.0	0.15175414534346843	0.1526685766702798
space_ranger	ENSG00000104365	1742.0	36248.0	-0.012161681372710767	-0.02570303541927833
space_ranger	ENSG00000263528	872.0	16996.0	0.03949523223970999	0.01037048200168936
space_ranger	ENSG00000269335	2967.0	56959.0	-0.03215119412136149	-0.022684976876790035
space_ranger	ENSG00000030419	2847.0	27615.0	0.1185955165671846	0.11572794274148185
space_ranger	ENSG00000161405	3075.0	31607.0	0.1166022192825199	0.13860410101868736
space_ranger	ENSG00000123411	3404.0	33952.0	-0.016546198321589968	-0.006844311712142242
space_ranger	ENSG00000110324	369.0	3512.0	0.06982805887863332	0.04471688965911621
space_ranger	ENSG00000243646	8896.0	47353.0	0.09490364340374732	0.07316547111392836
space_ranger	ENSG00000095752	187.0	1926.0	-0.004680709698583863	0.011969475014047496
space_ranger	ENSG00000137070	1061.0	35113.0	0.11417218390299863	0.09635023579120325
space_ranger	ENSG00000168811	365.0	2673.0	-0.02386427682366146	0.00022453091662002198
space_ranger	ENSG00000081985	185.0	3224.0	0.008736082873070556	0.016434730794333965
space_ranger	ENSG00000131724	23684.0	253360.0	0.1834890067596548	0.1409315644137493
space_ranger	ENSG00000123496	499.0	2718.0	0.11947260811358464	0.09958909693771117
space_ranger	ENSG00000164136	1057.0	5917.0	0.050565645092258714	0.07030190634013964
space_ranger	ENSG00000134470	554.0	3950.0	0.08775178516735407	0.0937581293363408
space_ranger	ENSG00000172349	185.0	4051.0	0.060614567381304545	0.010892542048578863
space_ranger	ENSG00000172458	222.0	666.0	0.009410909444775998	0.032429168070610186
space_ranger	ENSG00000177663	2230.0	35014.0	0.04071268813388617	0.03659952027169228
space_ranger	ENSG00000056736	565.0	7937.0	0.05114151463314637	0.08349215570076496
space_ranger	ENSG00000150782	594.0	2633.0	0.06862937880324241	0.11002898672979275
space_ranger	ENSG00000137496	209.0	9548.0	-0.002994792701566641	-0.02822562032937188
space_ranger	ENSG00000115604	334.0	1765.0	0.03214156211944098	0.043607205013667216
space_ranger	ENSG00000125538	134.0	1182.0	0.024766623427308017	0.042570269269620896
space_ranger	ENSG00000115594	12058.0	26105.0	0.13468023325924403	0.11514007885967627
space_ranger	ENSG00000196083	8255.0	33411.0	0.1374603826630511	0.13662307463536624
space_ranger	ENSG00000115598	293.0	5061.0	-0.006767140354828354	0.017634771247608903
space_ranger	ENSG00000136689	879.0	2692.0	0.14955533003866694	0.14013130571522608
space_ranger	ENSG00000110944	420.0	603.0	0.024142111665615605	0.013423007417003504
space_ranger	ENSG00000134460	218.0	1191.0	0.02710310845002716	0.0042257390082389564
space_ranger	ENSG00000137033	195.0	538.0	0.16187905598569932	0.015869576895786268
space_ranger	ENSG00000157368	1753.0	10565.0	0.16807083046451246	0.16359261654956148
space_ranger	ENSG00000185291	254.0	2795.0	0.06668799416773147	0.042411435306618415
space_ranger	ENSG00000077238	1018.0	12952.0	0.12222402321545672	0.09721374187191958
space_ranger	ENSG00000091181	282.0	1704.0	0.03872101025280946	0.061337139085140734
space_ranger	ENSG00000160712	4350.0	42203.0	0.19032867639788908	0.2024125620255263
space_ranger	ENSG00000134352	13882.0	41182.0	0.23686230352564452	0.250760158277945
space_ranger	ENSG00000143195	155.0	1560.0	0.12961533436803588	0.06290971231524309
space_ranger	ENSG00000129351	92815.0	1294967.0	0.22762814096746756	0.2496165454033447
space_ranger	ENSG00000166333	4277.0	53858.0	0.09163582901927417	0.04502923319096552
space_ranger	ENSG00000132305	14193.0	63706.0	0.0850756912740977	0.04203306613635474
space_ranger	ENSG00000106348	4302.0	94948.0	0.10452953737381915	0.09215378370775654
space_ranger	ENSG00000178035	22944.0	258830.0	0.285337239249151	0.3491098057221992
space_ranger	ENSG00000148798	1917.0	5795.0	0.03954352059089647	0.06549497993524497
space_ranger	ENSG00000196388	243.0	4414.0	0.04198463060861752	0.03599551430147596
space_ranger	ENSG00000153487	5107.0	41349.0	0.013946309385754752	0.0010945225188669567
space_ranger	ENSG00000123999	724.0	6681.0	0.09958820735500344	0.10277442243753289
space_ranger	ENSG00000122641	160.0	1704.0	0.027689192750836686	0.025202835576204497
space_ranger	ENSG00000163083	16212.0	138967.0	0.2816440251034916	0.3197969989873375
space_ranger	ENSG00000197852	482.0	6433.0	0.03344922046781493	0.04334783547842969
space_ranger	ENSG00000241644	162.0	716.0	0.11912718544014972	0.018879101329581236
space_ranger	ENSG00000114933	5013.0	97368.0	0.038234990965688845	0.056506794863781656
space_ranger	ENSG00000109452	945.0	2807.0	0.09901758046796455	0.09425658109377094
space_ranger	ENSG00000168918	530.0	5156.0	0.11687158210684316	0.05290235851415126
space_ranger	ENSG00000165458	18412.0	750121.0	0.08110774768283163	0.08913113878827218
space_ranger	ENSG00000248099	127.0	1804.0	0.14105819118840696	0.05725633723728563
space_ranger	ENSG00000171105	4270.0	51461.0	0.15737873334088476	0.10369815140536764
space_ranger	ENSG00000119509	1767.0	35758.0	0.0158618425784934	0.03901970777271472
space_ranger	ENSG00000086200	5026.0	40097.0	0.06474706976106107	0.07768653508905618
space_ranger	ENSG00000065150	20847.0	81650.0	0.18448228791615806	0.18507297246120147
space_ranger	ENSG00000205339	19234.0	185129.0	0.10438857034273333	0.06908905334511926
space_ranger	ENSG00000198700	7910.0	134210.0	0.005746569338286527	-0.009417635153179608
space_ranger	ENSG00000197429	3801.0	83620.0	0.057546422557675406	0.061250247319161975
space_ranger	ENSG00000140575	19897.0	155844.0	0.060084710738778226	0.09239156946140972
space_ranger	ENSG00000145703	5358.0	35364.0	0.08898309331066365	0.10161578473460704
space_ranger	ENSG00000144711	3202.0	38899.0	0.035584512103951846	0.0326475806977005
space_ranger	ENSG00000184216	5007.0	78217.0	0.06615427916852612	0.07522160806033627
space_ranger	ENSG00000134070	353.0	4690.0	0.00642861267671012	0.03602035416982411
space_ranger	ENSG00000198001	4462.0	50041.0	0.11617640350071713	0.11302896403438743
space_ranger	ENSG00000125347	4510.0	65924.0	0.15841854467674404	0.12264123719036694
space_ranger	ENSG00000170604	704.0	39632.0	0.01321050702803769	-0.0009444598816902507
space_ranger	ENSG00000119669	27072.0	156229.0	0.18252145392874394	0.1788368922002105
space_ranger	ENSG00000126456	2809.0	36115.0	0.06189211333071809	0.06582194564191854
space_ranger	ENSG00000128604	2710.0	10152.0	0.062167742449788815	0.067846336806267
space_ranger	ENSG00000185507	3512.0	33534.0	0.18399836742973386	0.16855311221715996
space_ranger	ENSG00000140968	596.0	2533.0	0.1755220871790268	0.11368312270297472
space_ranger	ENSG00000167378	5194.0	91875.0	0.04589939319998808	-0.004181772511205309
space_ranger	ENSG00000169047	3060.0	73123.0	0.24050403908147963	0.19015797014901303
space_ranger	ENSG00000185950	2732.0	32661.0	0.06397472401913765	0.06891225260619664
space_ranger	ENSG00000063241	7298.0	30882.0	0.03603294328347649	0.07009764470416503
space_ranger	ENSG00000078747	15145.0	204801.0	0.12689444721736187	0.0763305353796528
space_ranger	ENSG00000213949	2631.0	6958.0	0.19271584218008472	0.14713762050945467
space_ranger	ENSG00000164171	1041.0	5901.0	0.020218470176896982	0.00945249604561542
space_ranger	ENSG00000005961	706.0	12427.0	0.0017907351328528224	0.03757673786500371
space_ranger	ENSG00000005884	7942.0	194116.0	0.2806562600831235	0.31200657209237426
space_ranger	ENSG00000115232	590.0	7449.0	0.07249730615259192	0.07873476498124261
space_ranger	ENSG00000161638	1164.0	18452.0	0.09783530607827813	0.07906966774730387
space_ranger	ENSG00000091409	16410.0	80557.0	0.16951727371051967	0.1372336143286272
space_ranger	ENSG00000083457	3920.0	748.0	-0.027009254770543334	0.00781281527132838
space_ranger	ENSG00000169896	394.0	4532.0	0.007310708977444719	0.03833496502679086
space_ranger	ENSG00000138448	15267.0	34177.0	0.09831350309345883	0.06084234117911335
space_ranger	ENSG00000140678	563.0	10492.0	0.07141110120442082	0.11345017009459538
space_ranger	ENSG00000160255	1429.0	20152.0	0.11929763439225312	0.12643263378948527
space_ranger	ENSG00000259207	712.0	32487.0	0.14992984519155528	0.1667999182689386
space_ranger	ENSG00000132470	3357.0	83081.0	0.09043568110154526	0.06741606438655545
space_ranger	ENSG00000082781	17344.0	63741.0	0.15326010372906812	0.15649982363162576
space_ranger	ENSG00000115221	2350.0	16374.0	0.19895379233372523	0.20962355489266252
space_ranger	ENSG00000139626	323.0	3614.0	0.019110303088789464	0.0434331934300529
space_ranger	ENSG00000123243	8301.0	74403.0	0.303803461053592	0.2802414653883782
space_ranger	ENSG00000078596	527.0	4391.0	0.08883164974318536	0.09613317118380003
space_ranger	ENSG00000137825	1872.0	8632.0	-0.01034338683250579	-0.0036774547072917227
space_ranger	ENSG00000150995	2221.0	12321.0	0.11333002628035771	0.08015496664515827
space_ranger	ENSG00000096433	23025.0	529571.0	0.19527624548014083	0.2363947680870824
space_ranger	ENSG00000138434	14743.0	78285.0	0.10316349612118411	0.10019148511305533
space_ranger	ENSG00000116679	18886.0	84469.0	0.10368445819170871	0.06832906268495918
space_ranger	ENSG00000101384	9570.0	61778.0	0.017481078210030004	0.035628080641282624
space_ranger	ENSG00000162434	7608.0	118946.0	0.017048731960091545	0.10899666200802567
space_ranger	ENSG00000096968	1036.0	9541.0	0.09098959603661713	0.05320249806099487
space_ranger	ENSG00000105639	1658.0	27547.0	0.16508671688211185	0.11035500374711771
space_ranger	ENSG00000154721	300.0	2109.0	0.14218481730776886	0.07478613611501411
space_ranger	ENSG00000166086	766.0	9431.0	0.2175588785252576	0.1702558321531355
space_ranger	ENSG00000153814	4525.0	4913.0	0.01714123387552715	0.04519468548606601
space_ranger	ENSG00000140044	3965.0	76747.0	0.03734822192133517	0.047618755089778114
space_ranger	ENSG00000081692	4476.0	30517.0	0.020602148072737195	0.0282415259726505
space_ranger	ENSG00000104369	553.0	6075.0	0.03996910340139259	0.059006911900930735
space_ranger	ENSG00000149596	237.0	1892.0	0.06110979107456185	0.07532310759753831
space_ranger	ENSG00000206053	19768.0	139542.0	0.1776746227280618	0.2001724540541753
space_ranger	ENSG00000234616	949.0	29912.0	-0.02349894900334141	-0.02426596765179831
space_ranger	ENSG00000173801	23676.0	29272.0	0.026130977491183253	0.0380871498646988
space_ranger	ENSG00000197256	23814.0	174170.0	0.11961168333086236	0.18390578796374032
space_ranger	ENSG00000108773	5865.0	87059.0	0.12085398888182455	0.1237067317711237
space_ranger	ENSG00000114166	2518.0	27452.0	0.06839422444098606	0.0668487125100831
space_ranger	ENSG00000172977	5851.0	38813.0	-0.05734257819469627	-0.07028005008546014
space_ranger	ENSG00000186625	5493.0	18288.0	0.021108639608901643	0.028431195680887488
space_ranger	ENSG00000177272	126.0	1910.0	0.10512480185987277	0.03652607742679726
space_ranger	ENSG00000170049	113.0	4432.0	-0.02985173385366181	-0.016363861271449204
space_ranger	ENSG00000158445	697.0	3104.0	0.007127775031528406	0.04240552112616813
space_ranger	ENSG00000131398	288.0	89406.0	0.05383315426052773	0.06123984093861372
space_ranger	ENSG00000116396	492.0	12035.0	0.01961096849322179	0.01570956578653399
space_ranger	ENSG00000162975	1209.0	10473.0	0.18883967287492787	0.2299631901892263
space_ranger	ENSG00000055118	3408.0	2943.0	0.03938048783139506	0.0765170880622347
space_ranger	ENSG00000135519	1897.0	18960.0	0.08878151942024867	0.09155762570953255
space_ranger	ENSG00000187486	254.0	1516.0	0.004461789866635242	0.008985106356651701
space_ranger	ENSG00000184185	1962.0	22066.0	0.0569621786465103	0.05866370178134443
space_ranger	ENSG00000157551	1027.0	8334.0	0.11498258855116464	0.1294871652899841
space_ranger	ENSG00000123700	333.0	3419.0	0.0539842924098828	0.0307208589477828
space_ranger	ENSG00000121361	162.0	2104.0	0.04776652085963267	0.04468553152215052
space_ranger	ENSG00000135750	2461.0	7273.0	0.031128274815776534	0.04818238485527282
space_ranger	ENSG00000184261	220.0	670.0	0.05686855840878708	0.029521587964859264
space_ranger	ENSG00000152315	623.0	5672.0	0.09772752922725816	0.10276676709798133
space_ranger	ENSG00000124249	6522.0	40033.0	0.20831676146590794	0.2234977019397589
space_ranger	ENSG00000124780	162.0	1784.0	0.09111922483025175	0.06836116754892228
space_ranger	ENSG00000171303	545.0	5303.0	0.06874179364500722	0.0803851058839168
space_ranger	ENSG00000099337	789.0	6300.0	0.08778712912736711	0.0964693617776933
space_ranger	ENSG00000169427	208.0	1199.0	0.04969154427790325	0.06486650290442648
space_ranger	ENSG00000156113	5948.0	87746.0	0.23825566292496336	0.2741552245856347
space_ranger	ENSG00000143603	567.0	8103.0	-0.012918342095184755	0.028560546698916237
space_ranger	ENSG00000104783	1803.0	30800.0	0.22355262987777158	0.18988577917558977
space_ranger	ENSG00000053918	2188.0	35821.0	0.02889897564937397	0.03219606639350153
space_ranger	ENSG00000117013	258.0	16932.0	-0.03613585701614976	-0.013580881282472089
space_ranger	ENSG00000107147	608.0	6315.0	0.10295852465041277	0.08983483031392972
space_ranger	ENSG00000162687	1030.0	3263.0	0.037497201060207874	0.06275226505089028
space_ranger	ENSG00000110906	4820.0	39783.0	-0.008453337023090889	-0.013120933333740927
space_ranger	ENSG00000213859	899.0	5921.0	0.021377355993107548	0.05634993799605797
space_ranger	ENSG00000112078	6621.0	54522.0	0.10159173241664667	0.054104804096582665
space_ranger	ENSG00000167977	3842.0	26059.0	0.014478863199478775	0.04160185543923893
space_ranger	ENSG00000104756	1118.0	6401.0	0.05641900337859974	0.05585403993039879
space_ranger	ENSG00000004487	17867.0	208512.0	0.06044373341863498	0.025340875982900114
space_ranger	ENSG00000115548	7337.0	117069.0	0.10821005124117788	0.08900504648864135
space_ranger	ENSG00000066135	15025.0	388012.0	0.10241457063364591	0.06539985821342485
space_ranger	ENSG00000117139	14276.0	157066.0	0.10702559745771982	0.020381064039260318
space_ranger	ENSG00000147050	5178.0	27176.0	0.06764871202124884	0.01882297692040537
space_ranger	ENSG00000132510	2224.0	102541.0	0.013624069556136088	-0.026018576189561823
space_ranger	ENSG00000155666	670.0	13578.0	0.054883988050885305	0.035543882530431725
space_ranger	ENSG00000128052	1231.0	14431.0	0.10563628616106108	0.09837341155238853
space_ranger	ENSG00000079999	70800.0	192739.0	0.1547903824457793	0.10932652521189433
space_ranger	ENSG00000197993	173.0	20918.0	0.015546464669000866	0.012836157247151344
space_ranger	ENSG00000121774	38187.0	238008.0	0.16291629746184907	0.06950553902482073
space_ranger	ENSG00000138030	664.0	4702.0	-0.003657121649538377	0.02930184033121337
space_ranger	ENSG00000088247	6733.0	83889.0	0.07291501321506526	0.03927384647632562
space_ranger	ENSG00000122203	17662.0	97380.0	0.11863978649793039	0.057736250721029045
space_ranger	ENSG00000116685	11367.0	95349.0	0.08001551735875706	0.00024212066529016182
space_ranger	ENSG00000138160	5986.0	31670.0	0.11866725873933695	0.11239012762078723
space_ranger	ENSG00000130294	2988.0	125416.0	0.0319179909905144	0.03197792031304641
space_ranger	ENSG00000112984	5268.0	50765.0	0.1529119924911102	0.14193695609300833
space_ranger	ENSG00000068796	8265.0	63416.0	0.08941271411998811	0.05541356113065146
space_ranger	ENSG00000142945	7697.0	63853.0	0.18379527603036566	0.17613558804797685
space_ranger	ENSG00000170759	29515.0	142234.0	0.13470317299004303	0.05338351244449498
space_ranger	ENSG00000049130	1175.0	4528.0	0.0436636005047164	0.10343874921805397
space_ranger	ENSG00000118922	4615.0	36191.0	0.04144684077177263	0.04080641168123239
space_ranger	ENSG00000129911	1785.0	29834.0	0.015072098634099841	0.016774765963881267
space_ranger	ENSG00000136826	6673.0	27778.0	0.1149422274767363	0.15229452017235412
space_ranger	ENSG00000102554	19300.0	33507.0	0.14113578675439248	0.16854874071731066
space_ranger	ENSG00000165516	18000.0	74314.0	0.07149087784612043	0.05111749504356901
space_ranger	ENSG00000003096	1772.0	5352.0	0.3316046422704209	0.25685433160703175
space_ranger	ENSG00000197705	12454.0	142488.0	0.1451883767959683	0.15088034496915453
space_ranger	ENSG00000114796	19979.0	134142.0	0.12476876734310634	0.14900931040928755
space_ranger	ENSG00000167487	1729.0	18748.0	0.0650818892235898	0.07027425188968152
space_ranger	ENSG00000102271	159.0	1565.0	0.11748895112954502	0.12342827041316637
space_ranger	ENSG00000145332	2731.0	18357.0	0.06838272170463175	0.07294303450175049
space_ranger	ENSG00000129451	6520.0	19377.0	0.17708190122869094	0.20817845603396087
space_ranger	ENSG00000167749	289.0	739.0	0.0918277398324087	0.05781150556109964
space_ranger	ENSG00000167755	15579.0	143844.0	0.24319738240957242	0.2588175015415098
space_ranger	ENSG00000134539	547.0	707.0	0.023980291571688274	0.025319403050085638
space_ranger	ENSG00000150045	4591.0	23721.0	0.14736387317767646	0.15196258300032126
space_ranger	ENSG00000139187	191.0	2955.0	-0.029304030861187158	0.005129881656553612
space_ranger	ENSG00000117009	135.0	1645.0	0.022938655988747156	0.018104738241341786
space_ranger	ENSG00000118058	6424.0	95783.0	-0.019487099618662074	-0.023641790115745166
space_ranger	ENSG00000167548	5383.0	166675.0	0.008785773860378931	0.0215784487901407
space_ranger	ENSG00000128944	5793.0	56447.0	0.1231965941107882	0.10945951995606318
space_ranger	ENSG00000114030	10994.0	72336.0	-0.010029709098999702	0.029752613400468027
space_ranger	ENSG00000182481	28081.0	260495.0	0.2390701043851466	0.1919440255667781
space_ranger	ENSG00000102753	9298.0	57555.0	0.12784590502189402	0.0828479698837203
space_ranger	ENSG00000025800	4475.0	134799.0	0.028047194093063065	0.023743400462309387
space_ranger	ENSG00000108424	29362.0	260301.0	0.09094853101862471	0.060795441410669726
space_ranger	ENSG00000133703	10582.0	18482.0	0.05506846331318104	0.04411730237413766
space_ranger	ENSG00000163463	18055.0	152535.0	0.06999861748336797	0.008474162804524942
space_ranger	ENSG00000105700	17421.0	65996.0	0.018230636264416622	0.06309563973553738
space_ranger	ENSG00000198910	1408.0	52219.0	0.16789395638408286	0.1654178941255532
space_ranger	ENSG00000179630	581.0	5447.0	0.03390795697915479	0.056340273215692044
space_ranger	ENSG00000159166	5875.0	145693.0	0.08348026928339262	0.10009472583195218
space_ranger	ENSG00000089692	844.0	26618.0	0.07417242351654954	0.03234252259077691
space_ranger	ENSG00000167613	235.0	2815.0	0.02630541568831552	0.09344063888981731
space_ranger	ENSG00000053747	3990.0	49686.0	0.3330028083722918	0.32947184969370186
space_ranger	ENSG00000196878	5065.0	106931.0	0.17368102795582405	0.15732531750187306
space_ranger	ENSG00000135862	30116.0	266296.0	0.20219272549836126	0.16740269997560367
space_ranger	ENSG00000058085	4855.0	25070.0	0.13743619448639652	0.13111344607543554
space_ranger	ENSG00000185896	14094.0	267459.0	0.18289360044778163	0.1388834267119515
space_ranger	ENSG00000005893	76789.0	327978.0	0.2317778078306252	0.2956911795641354
space_ranger	ENSG00000078081	2482.0	14682.0	0.2598139150504517	0.20032009171370654
space_ranger	ENSG00000115365	2890.0	25774.0	0.04440370851548268	0.05807061477353211
space_ranger	ENSG00000132434	9778.0	71564.0	0.11851422839217912	0.04899958431410318
space_ranger	ENSG00000104341	39002.0	146440.0	0.26081940839204454	0.1678339823565846
space_ranger	ENSG00000161813	11103.0	103496.0	0.03933748462456904	0.015981544526222972
space_ranger	ENSG00000107929	21110.0	188219.0	0.15084609809455468	0.1269393428448642
space_ranger	ENSG00000002834	14838.0	46708.0	0.047050499343074814	0.07770117196221457
space_ranger	ENSG00000213658	559.0	5593.0	-0.009503589392511527	-0.05387585092704808
space_ranger	ENSG00000131023	7664.0	97850.0	-0.021825099893790778	-0.0194448445389613
space_ranger	ENSG00000150457	2621.0	19642.0	0.05818363462989966	0.04622810902563151
space_ranger	ENSG00000213626	5800.0	62359.0	0.06692571492981424	0.08349050407293854
space_ranger	ENSG00000213398	634.0	4865.0	0.04553848619835447	0.028894065852976204
space_ranger	ENSG00000182866	214.0	1265.0	0.019132582191931403	0.008069169806492787
space_ranger	ENSG00000122367	257.0	1769.0	-0.008918744677706925	0.014969359926612332
space_ranger	ENSG00000134333	38025.0	365052.0	0.3039663945527379	0.3051831945616008
space_ranger	ENSG00000130164	18572.0	163916.0	0.3095265152471145	0.3555088031094423
space_ranger	ENSG00000168675	1293.0	6632.0	0.008557668093391299	0.026730175807481295
space_ranger	ENSG00000138795	2063.0	11178.0	0.09970099956536735	0.12607837799698896
space_ranger	ENSG00000167615	1046.0	100996.0	0.1446596431002472	0.08924342409865951
space_ranger	ENSG00000116678	3882.0	20619.0	0.10861137103716767	0.07910558636584944
space_ranger	ENSG00000104660	2699.0	7021.0	0.061983902267014925	0.06252561490573402
space_ranger	ENSG00000116977	1894.0	22682.0	0.04250183427759509	0.05376457284821879
space_ranger	ENSG00000168961	2272.0	26215.0	0.2111066169595612	0.17582641846423744
space_ranger	ENSG00000119862	2421.0	9770.0	0.01795566726810421	0.018593362602116147
space_ranger	ENSG00000100600	24596.0	142925.0	0.23379765594510282	0.31935302389442555
space_ranger	ENSG00000205213	31934.0	211766.0	0.28376765297758744	0.30369292225430605
space_ranger	ENSG00000139292	2800.0	18910.0	0.2042709812964658	0.2163692595842971
space_ranger	ENSG00000133067	1177.0	15639.0	0.11566383533945504	0.1264597551591199
space_ranger	ENSG00000138039	142.0	1667.0	0.1092291607726726	0.11121113409359287
space_ranger	ENSG00000128342	539.0	9326.0	0.0662454101024392	0.05247890567103399
space_ranger	ENSG00000113594	2804.0	4546.0	0.14553382150419625	0.11869888470713014
space_ranger	ENSG00000005156	3715.0	80537.0	0.06825954361406783	0.06450854774572198
space_ranger	ENSG00000174405	2072.0	19507.0	0.060643898618627214	0.04195019312301911
space_ranger	ENSG00000104972	199.0	2322.0	0.06382172152616843	0.04473144286262919
space_ranger	ENSG00000186818	220.0	672.0	0.04514397754271823	0.03399069303027437
space_ranger	ENSG00000105609	252.0	3674.0	0.09992940386191211	0.08141406410605992
space_ranger	ENSG00000106683	4310.0	46771.0	0.07678575581322718	0.08930474750311308
space_ranger	ENSG00000140471	1494.0	21787.0	0.023164760275025627	0.03277432581491782
space_ranger	ENSG00000107798	2577.0	7067.0	0.0981865672481457	0.11362433817156534
space_ranger	ENSG00000166035	231.0	1729.0	0.06403742686372174	0.04083415438646819
space_ranger	ENSG00000079435	201.0	893.0	-0.008884876091650817	0.02973204009139124
space_ranger	ENSG00000101670	139.0	2065.0	0.005794920704599264	0.029932211133409325
space_ranger	ENSG00000139636	2429.0	34691.0	0.005757653904411915	0.013688386536020381
space_ranger	ENSG00000113368	8100.0	116096.0	0.07921248043300612	0.10545864241221332
space_ranger	ENSG00000166407	324.0	1759.0	0.08594272921595424	0.03890400012493539
space_ranger	ENSG00000135363	1313.0	5598.0	0.11053088581598092	0.10683455878663464
space_ranger	ENSG00000136944	200.0	2766.0	0.012843001254403245	0.029158381279886444
space_ranger	ENSG00000196365	5311.0	112361.0	0.03529149809438577	0.026843328158487525
space_ranger	ENSG00000175556	186.0	15501.0	0.03290560494564367	0.029117436674917542
space_ranger	ENSG00000113083	199.0	2180.0	0.14053561307323528	0.08712462295870443
space_ranger	ENSG00000129038	6755.0	75838.0	0.12781134156103263	0.11576607422293997
space_ranger	ENSG00000134013	1342.0	17641.0	0.15733712037758948	0.11341756716087802
space_ranger	ENSG00000198121	811.0	2199.0	0.07348274307003173	0.06348020335457617
space_ranger	ENSG00000171517	8754.0	68749.0	0.397386514469632	0.42467465426464696
space_ranger	ENSG00000184574	1968.0	38981.0	0.13194524873765645	0.155764313359124
space_ranger	ENSG00000139679	783.0	968.0	0.05977237103859508	0.06809580188737754
space_ranger	ENSG00000153395	5589.0	52596.0	0.0690795325250742	0.08552500684925803
space_ranger	ENSG00000134324	4577.0	53843.0	0.0018261736832863324	0.0421312131178616
space_ranger	ENSG00000175445	1051.0	8998.0	0.04297251066695049	0.07226765247500454
space_ranger	ENSG00000110031	819.0	19264.0	0.0012429514165313432	0.013272074494979576
space_ranger	ENSG00000168672	20429.0	225693.0	0.20476415183266589	0.282697671040788
space_ranger	ENSG00000198589	16208.0	158973.0	0.09305764234608317	0.08990786480689224
space_ranger	ENSG00000136141	1883.0	17646.0	-0.009671631312561631	-0.010788086530825323
space_ranger	ENSG00000171236	1184.0	15185.0	0.2657363468450688	0.2563230758903954
space_ranger	ENSG00000121931	3328.0	12089.0	0.02258006816251054	0.0377459085783264
space_ranger	ENSG00000123384	12919.0	77078.0	0.16711829821315835	0.182273474581797
space_ranger	ENSG00000081479	236.0	2676.0	0.058740747704158026	0.06593046045742584
space_ranger	ENSG00000162337	3166.0	20669.0	0.024916879427848593	0.02284692748755812
space_ranger	ENSG00000070018	26414.0	443197.0	0.13380340504493993	0.0784673948583795
space_ranger	ENSG00000138095	25410.0	95115.0	0.09218301104324145	0.04661617220746968
space_ranger	ENSG00000172731	2045.0	13595.0	0.007627130586262177	-0.014410668826524852
space_ranger	ENSG00000160233	143.0	3818.0	0.0051367539759069325	0.007461605105553342
space_ranger	ENSG00000137507	1236.0	8724.0	0.14121474838243298	0.10638889205116617
space_ranger	ENSG00000179796	163.0	847.0	0.007944628843108897	0.015862219762984287
space_ranger	ENSG00000169683	1873.0	25707.0	0.030999882513126395	0.05587782834578125
space_ranger	ENSG00000130764	12377.0	130060.0	0.11778548810575618	0.09584042217194404
space_ranger	ENSG00000108829	10137.0	169614.0	0.12087989097417134	0.10467128717805595
space_ranger	ENSG00000041802	3437.0	77285.0	0.053301772266358925	0.0692017055947161
space_ranger	ENSG00000161654	3088.0	31190.0	0.03866978029559394	0.042909406098060314
space_ranger	ENSG00000111144	24617.0	157669.0	0.24302928322686662	0.24043330679597824
space_ranger	ENSG00000213903	708.0	15680.0	0.010280106368693767	0.031640128014581756
space_ranger	ENSG00000213906	117.0	12294.0	-0.025580042175522563	-0.03660424636155616
space_ranger	ENSG00000049323	5846.0	53128.0	0.11841618735291387	0.0956865572729842
space_ranger	ENSG00000119681	7317.0	67339.0	0.13248223726498384	0.15596681211335564
space_ranger	ENSG00000111321	25765.0	273302.0	0.09342983148917865	0.16977111653495325
space_ranger	ENSG00000062524	421.0	3649.0	-0.014465192108335924	-0.00045808242980884835
space_ranger	ENSG00000007392	3475.0	64026.0	0.06545621773508878	0.06276460726155397
space_ranger	ENSG00000171357	946.0	27897.0	0.178447853185366	0.16043201580427183
space_ranger	ENSG00000054219	2574.0	14436.0	0.10718465307697451	0.09654856457103804
space_ranger	ENSG00000154589	240.0	1794.0	0.09836565159780877	0.05337101732302811
space_ranger	ENSG00000145220	4141.0	19361.0	0.043893306729186454	0.05202163086715802
space_ranger	ENSG00000254087	2726.0	12183.0	0.09479819438454568	0.1074031817856226
space_ranger	ENSG00000162441	5880.0	30739.0	0.14347088067730546	0.12609558584564806
space_ranger	ENSG00000061337	271.0	2043.0	0.10449907685987309	0.08662330886302283
space_ranger	ENSG00000183742	8593.0	42988.0	0.160431397144552	0.17004873751250757
space_ranger	ENSG00000002822	2812.0	107694.0	-0.044116294552917545	-0.06387915631590191
space_ranger	ENSG00000164109	13590.0	35606.0	0.2182348925503477	0.2148452831629125
space_ranger	ENSG00000090316	12112.0	114199.0	-0.03383626472782773	-0.012560230131883636
space_ranger	ENSG00000178573	1192.0	5054.0	0.25835200806277603	0.16063328401064683
space_ranger	ENSG00000204103	3211.0	13046.0	0.052194488053390074	0.05786713030119013
space_ranger	ENSG00000185022	1171.0	5265.0	0.11480675159254973	0.10685719950587295
space_ranger	ENSG00000124260	399.0	2154.0	0.23766034420052456	0.1474418817606188
space_ranger	ENSG00000185247	8426.0	31639.0	0.2246542657918007	0.21965425096494784
space_ranger	ENSG00000147381	1877.0	3238.0	0.01544546857512414	0.04518204726774396
space_ranger	ENSG00000151276	4997.0	15171.0	0.04165798353214987	0.03991576302862213
space_ranger	ENSG00000081026	2667.0	14598.0	0.03916659366648128	0.058924985615988024
space_ranger	ENSG00000111837	1030.0	10584.0	0.07514752566916791	0.09143131463233788
space_ranger	ENSG00000172005	13118.0	57142.0	0.3974156480112042	0.4249327569964168
space_ranger	ENSG00000147676	41444.0	64181.0	0.1780256738880492	0.15632614534096761
space_ranger	ENSG00000144063	2795.0	23440.0	0.2583671539407033	0.2673030163312256
space_ranger	ENSG00000172175	4892.0	35929.0	-0.003471507300268478	0.013118000088053371
space_ranger	ENSG00000184384	5632.0	22750.0	0.030403144281148115	0.03851539130416422
space_ranger	ENSG00000111885	594.0	8319.0	0.13191271248652822	0.1372283475488685
space_ranger	ENSG00000177239	18955.0	201207.0	0.06822447068133078	0.04940894225164281
space_ranger	ENSG00000104774	4647.0	125263.0	0.07450558262383847	0.08454004949597832
space_ranger	ENSG00000172469	4867.0	17511.0	0.08443259027818649	0.08119477293739125
space_ranger	ENSG00000189221	1102.0	10419.0	0.10862488122472719	0.12104266714493402
space_ranger	ENSG00000069535	1752.0	22519.0	0.21185413666969408	0.1800009821530912
space_ranger	ENSG00000166963	231.0	5682.0	0.011011779643894212	0.020463758320200618
space_ranger	ENSG00000131711	3133.0	30309.0	0.061322516404095695	0.04477851877720448
space_ranger	ENSG00000101460	5219.0	34222.0	0.0563003003391369	0.0530497090972566
space_ranger	ENSG00000140941	13468.0	14319.0	0.02395760239225897	0.04599965134661822
space_ranger	ENSG00000130479	7036.0	145559.0	0.04020541645594695	0.04018268804785303
space_ranger	ENSG00000078018	2209.0	4608.0	0.15341663083446058	0.14082568877176058
space_ranger	ENSG00000169032	4396.0	9960.0	-0.020251341986793195	0.022576471901443046
space_ranger	ENSG00000065559	7393.0	30003.0	-0.014121222935670072	0.03081867106807657
space_ranger	ENSG00000137764	2992.0	25361.0	0.024327166205803455	0.025288242527121675
space_ranger	ENSG00000095015	7746.0	54311.0	0.0705596627805198	0.06449545429719081
space_ranger	ENSG00000006062	557.0	5500.0	0.03244180079163678	0.0013777056474612193
space_ranger	ENSG00000180815	261.0	2176.0	0.0897552707717244	0.046613389070714766
space_ranger	ENSG00000091436	21867.0	53620.0	0.312726062021234	0.3388861371953422
space_ranger	ENSG00000197442	1693.0	6801.0	0.10340296757203984	0.05828354259551894
space_ranger	ENSG00000135341	17045.0	135045.0	0.11254079329863254	0.07793053286951193
space_ranger	ENSG00000156265	281.0	1625.0	0.021757504137382	-0.018042342202071442
space_ranger	ENSG00000047849	12036.0	195192.0	0.07320216343102993	0.10085047328093782
space_ranger	ENSG00000168067	1684.0	34041.0	-0.01681780157691766	-0.020079801677815635
space_ranger	ENSG00000011566	14764.0	52506.0	0.06302483589110608	0.08795595173892569
space_ranger	ENSG00000071054	8330.0	46830.0	0.050160305123446186	0.015159689371407013
space_ranger	ENSG00000012983	4346.0	24237.0	0.06454769911333957	0.0601501701896759
space_ranger	ENSG00000135525	12144.0	220906.0	0.1409697879511097	0.10153475545854859
space_ranger	ENSG00000116871	12755.0	168025.0	0.006721739382685894	0.08604994362507772
space_ranger	ENSG00000100030	13071.0	72823.0	0.10061167439814553	0.11949106750256609
space_ranger	ENSG00000109339	1472.0	9331.0	0.07574705516697357	0.08014715260104849
space_ranger	ENSG00000185386	229.0	4141.0	0.022249613411252825	0.014904385306982987
space_ranger	ENSG00000188130	476.0	4932.0	0.07624962413731282	0.05615095507659739
space_ranger	ENSG00000112062	10504.0	88322.0	0.11148425547808728	0.07185847341171889
space_ranger	ENSG00000181085	1785.0	61890.0	0.03478074416162762	0.04821718946664218
space_ranger	ENSG00000102882	3949.0	160276.0	0.05995412438863128	0.0853373844273493
space_ranger	ENSG00000166484	1564.0	35039.0	0.023319964982222628	-0.025664429775106273
space_ranger	ENSG00000107643	8508.0	37471.0	0.03638301292758246	0.02316180315349706
space_ranger	ENSG00000121653	7313.0	61864.0	0.16160048411959302	0.19257248396290885
space_ranger	ENSG00000008735	277.0	6520.0	0.05737371383812703	0.06861230315592219
space_ranger	ENSG00000138834	3178.0	111674.0	0.007012435988300335	0.010692789676920271
space_ranger	ENSG00000050748	3037.0	37943.0	0.004324110657557031	0.004567151816144688
space_ranger	ENSG00000162889	13797.0	161800.0	0.062386714062129284	0.06524278116216264
space_ranger	ENSG00000166974	701.0	5457.0	0.08592091531920665	0.10194751263051058
space_ranger	ENSG00000186868	119.0	2190.0	0.03361107617210217	0.06787215104862065
space_ranger	ENSG00000072518	4436.0	107919.0	0.05450598801110332	0.055666264283004196
space_ranger	ENSG00000151224	2220.0	13136.0	0.12967162808985533	0.13503489345345204
space_ranger	ENSG00000088888	7068.0	189546.0	-0.014231425000331407	-0.000726716454771982
space_ranger	ENSG00000125952	8461.0	56951.0	-0.020488947072115966	0.006874931586504986
space_ranger	ENSG00000152601	21590.0	61816.0	-0.006168274817650518	-0.003925047411081055
space_ranger	ENSG00000258839	971.0	9142.0	0.012101625364011999	0.021553832039744147
space_ranger	ENSG00000076706	2920.0	69116.0	0.18904216094007414	0.14637730225654044
space_ranger	ENSG00000078070	5859.0	76318.0	-0.010302535000282251	-0.03765063251107862
space_ranger	ENSG00000152034	113.0	774.0	0.0035596620081450336	0.017594671382884536
space_ranger	ENSG00000073111	8212.0	111683.0	0.1984684581854215	0.19262905013596504
space_ranger	ENSG00000112118	15788.0	244292.0	0.22203720146062036	0.23237092352590327
space_ranger	ENSG00000160294	7055.0	131804.0	-0.03681309269093271	-0.041220991734623263
space_ranger	ENSG00000104738	6572.0	96207.0	0.11523050748876104	0.0982191818654243
space_ranger	ENSG00000100297	3260.0	98421.0	0.02292166439795705	0.04046017117699554
space_ranger	ENSG00000076003	12022.0	62259.0	0.20096432944822898	0.17368496771314035
space_ranger	ENSG00000166508	21910.0	245187.0	0.20699058193203185	0.26402101049378246
space_ranger	ENSG00000111877	6116.0	110690.0	0.12071278048838636	0.08682654739733223
space_ranger	ENSG00000147316	1020.0	10745.0	0.026044219489061257	0.023788335842551828
space_ranger	ENSG00000140563	357.0	6911.0	0.10086984445610864	0.07972103693664404
space_ranger	ENSG00000232119	23415.0	115093.0	0.1346051458188674	0.11885075923774228
space_ranger	ENSG00000137337	3853.0	27182.0	0.04014414659751173	0.03698200192047819
space_ranger	ENSG00000135272	596.0	6391.0	0.13866951859699989	0.13502620741279972
space_ranger	ENSG00000111554	2412.0	11589.0	0.041079951342629414	0.04213869405907465
space_ranger	ENSG00000135679	10444.0	61459.0	0.1077747145184736	0.11199841499108612
space_ranger	ENSG00000198625	13787.0	76260.0	0.006948633500922761	0.005210761049155754
space_ranger	ENSG00000065833	1219.0	11207.0	0.06864617956917249	0.0693241416080931
space_ranger	ENSG00000085276	18515.0	82381.0	0.14012826987057014	0.097098919937469
space_ranger	ENSG00000125686	3519.0	45880.0	0.11958530268431274	0.0753712415563324
space_ranger	ENSG00000184634	6330.0	193665.0	-0.04017126550069234	0.01197029869357387
space_ranger	ENSG00000144893	624.0	2775.0	0.009253104117599133	0.029033992714918844
space_ranger	ENSG00000068305	11997.0	60207.0	0.014346047148712099	0.07966430960094854
space_ranger	ENSG00000081189	1297.0	2278.0	0.1868530403471032	0.15622318112152608
space_ranger	ENSG00000214548	3823.0	64785.0	0.30396636409055233	0.2751411109693048
space_ranger	ENSG00000105429	2217.0	48889.0	0.03074628922506436	0.024955271677364
space_ranger	ENSG00000143995	11268.0	136692.0	0.19527149491348386	0.19039666377509828
space_ranger	ENSG00000134138	2523.0	16097.0	0.17313029848595674	0.16446500795472146
space_ranger	ENSG00000105419	163.0	17238.0	0.02323235022732811	0.01558074062091727
space_ranger	ENSG00000165304	5179.0	30508.0	0.146574055662607	0.12838540809159327
space_ranger	ENSG00000163975	3246.0	24154.0	0.114728233707905	0.1105563144494586
space_ranger	ENSG00000133895	5986.0	83051.0	0.059969236242601635	0.03685459404299739
space_ranger	ENSG00000146834	10159.0	108939.0	-0.025526579279805506	-0.0014481507638265487
space_ranger	ENSG00000153208	2914.0	16365.0	0.04306625921983358	0.05174013776712754
space_ranger	ENSG00000106484	53304.0	70483.0	0.23464186304557083	0.26036068173411486
space_ranger	ENSG00000105976	3347.0	18494.0	0.04340160664169426	0.06535276525317828
space_ranger	ENSG00000176845	14261.0	39571.0	0.021305209007806504	0.03217829743728503
space_ranger	ENSG00000127804	2202.0	25630.0	0.01595000698277725	0.031660028779474096
space_ranger	ENSG00000171806	1205.0	6606.0	-0.012538974281942377	-0.006162231746680552
space_ranger	ENSG00000087995	1954.0	62060.0	0.039224710609187155	0.06815628866581286
space_ranger	ENSG00000165819	4734.0	85699.0	0.03243504474814611	0.05019851526089579
space_ranger	ENSG00000197614	1837.0	10590.0	0.3338356627176926	0.3523652602839804
space_ranger	ENSG00000168958	7434.0	39484.0	0.054248802263637555	0.030379712318708146
space_ranger	ENSG00000140545	27263.0	200671.0	0.21210407088147729	0.24808393497338205
space_ranger	ENSG00000116688	7719.0	40967.0	0.030553901781176465	0.012364734779394957
space_ranger	ENSG00000182544	6712.0	17911.0	0.051676724920985406	0.04549998680860033
space_ranger	ENSG00000170430	16676.0	268743.0	0.21638978913830825	0.2351822787504962
space_ranger	ENSG00000204520	3455.0	24796.0	0.09783407412413725	0.08994188967538073
space_ranger	ENSG00000133816	1778.0	81082.0	0.020162235495505155	0.034782761068194314
space_ranger	ENSG00000204516	961.0	12317.0	0.07220443037195132	0.07975112497034614
space_ranger	ENSG00000080561	3623.0	77300.0	0.10124973470207783	0.07383780146620583
space_ranger	ENSG00000141741	250970.0	290258.0	0.16334087952741355	0.09622322597589503
space_ranger	ENSG00000116691	3282.0	47038.0	0.013368748755700172	0.006430489107199675
space_ranger	ENSG00000143409	335.0	6778.0	0.004792738983555502	0.0011873611599620265
space_ranger	ENSG00000128923	4551.0	30427.0	0.00806855509329575	-0.02279384528990761
space_ranger	ENSG00000107789	10886.0	33583.0	0.032511633849577316	0.014432839973722208
space_ranger	ENSG00000151338	697.0	7989.0	0.02711879283141016	0.03353683405288732
space_ranger	ENSG00000158411	5536.0	39404.0	-0.002470048176737554	0.009191731511552061
space_ranger	ENSG00000187098	1245.0	8338.0	0.13944927847016686	0.141739001217759
space_ranger	ENSG00000148773	4698.0	60685.0	0.0684038663314488	0.06614975507508751
space_ranger	ENSG00000079277	6108.0	43456.0	-0.039549442257365466	0.023640361797880455
space_ranger	ENSG00000075975	2164.0	30115.0	0.005673872092182203	-0.015539353111599345
space_ranger	ENSG00000179455	3654.0	7437.0	0.06698311526847903	0.07258198942157705
space_ranger	ENSG00000150051	5385.0	22786.0	0.18213670987704147	0.20589423734518303
space_ranger	ENSG00000178053	20556.0	85284.0	0.26352467881291686	0.2870528596420914
space_ranger	ENSG00000076242	3972.0	42150.0	0.049893618134867715	0.049804145627429235
space_ranger	ENSG00000115648	6704.0	120512.0	0.13135854873036684	0.14378794798607902
space_ranger	ENSG00000175727	9056.0	46468.0	0.040587561969470755	0.05527683768590386
space_ranger	ENSG00000009950	7739.0	221933.0	0.0944309736283661	0.10182925368243845
space_ranger	ENSG00000132763	3115.0	16756.0	0.037324199889963314	0.03798553610157229
space_ranger	ENSG00000168288	16998.0	104273.0	0.15810785579459105	0.06340002026770208
space_ranger	ENSG00000196549	248.0	2614.0	0.08660182234428715	0.10001030393271443
space_ranger	ENSG00000142606	505.0	2124.0	0.02085166692756938	0.02597991189444147
space_ranger	ENSG00000099953	4141.0	16045.0	0.27496075573112905	0.215041544677462
space_ranger	ENSG00000157227	4012.0	238197.0	0.11306763838212024	0.10136229664808519
space_ranger	ENSG00000100985	723.0	4571.0	0.06405840732322751	0.07528439780045242
space_ranger	ENSG00000173269	1819.0	26316.0	0.1160175036397252	0.07660089041785303
space_ranger	ENSG00000138587	2331.0	12528.0	0.12058045370906875	0.11715708943592068
space_ranger	ENSG00000182208	2402.0	14567.0	-0.07305824580252843	-0.06318545510460429
space_ranger	ENSG00000115540	9799.0	14892.0	0.003392477577734223	0.0020607509350937495
space_ranger	ENSG00000061987	7120.0	39187.0	0.07716922446827948	0.0783374452325307
space_ranger	ENSG00000155363	5280.0	133097.0	0.027125303177869705	0.056397891501280925
space_ranger	ENSG00000129255	10082.0	99769.0	0.09352830098032067	0.07809009375549755
space_ranger	ENSG00000107186	3112.0	46534.0	0.03490126360898514	0.019738670473232488
space_ranger	ENSG00000051825	3309.0	50399.0	0.03325703589503688	0.011729654188442165
space_ranger	ENSG00000178802	3284.0	16459.0	0.027198621348015886	0.03201761113382227
space_ranger	ENSG00000168303	12452.0	10715.0	0.05484556321662041	0.033243303312769416
space_ranger	ENSG00000150054	8346.0	41066.0	0.14202360225992983	0.15208180351977185
space_ranger	ENSG00000186732	103.0	1008.0	-0.0024061548845844757	0.005967332252875859
space_ranger	ENSG00000066382	3933.0	17884.0	0.17018010497315003	0.1767755053934661
space_ranger	ENSG00000158887	178.0	21483.0	0.011585035840949002	0.00879740653450847
space_ranger	ENSG00000197965	16487.0	82180.0	0.09116349357496314	0.04230969666721382
space_ranger	ENSG00000153029	657.0	6709.0	0.04668754989552598	0.06660562178288783
space_ranger	ENSG00000135324	1222.0	8943.0	0.07967785404026569	0.11452830932703761
space_ranger	ENSG00000260314	525.0	5897.0	0.10520281761056327	0.08808549976476267
space_ranger	ENSG00000011028	5984.0	82235.0	0.24037497642076858	0.21282762247005005
space_ranger	ENSG00000020922	3581.0	29782.0	-0.049097935572002815	-0.02826810066465202
space_ranger	ENSG00000178988	14555.0	61311.0	-0.01327263202289572	-0.03157244402889714
space_ranger	ENSG00000171861	1699.0	12826.0	0.01742169060349408	0.023532033302179626
space_ranger	ENSG00000278845	4166.0	101095.0	0.12366798738754366	0.10449293295910686
space_ranger	ENSG00000196588	2034.0	20352.0	-0.03836767231569795	-0.02731601203448281
space_ranger	ENSG00000186260	7006.0	45401.0	-0.009514354498127486	0.002241358039223723
space_ranger	ENSG00000095002	8852.0	103367.0	0.16663689340623408	0.14686860100964308
space_ranger	ENSG00000113318	1950.0	70561.0	0.01809643625593363	0.032891404733758255
space_ranger	ENSG00000116062	25056.0	157683.0	0.18459435018773898	0.12392474366628045
space_ranger	ENSG00000135097	3941.0	85584.0	0.035261562389138676	0.02892880303568105
space_ranger	ENSG00000153944	10578.0	63123.0	0.06086632710261343	0.026584188767614796
space_ranger	ENSG00000102854	19605.0	50965.0	0.20615673510720992	0.16915128176975813
space_ranger	ENSG00000147065	18830.0	166860.0	0.15870814541960482	0.2358930833233116
space_ranger	ENSG00000038945	1829.0	16840.0	0.05598480442139148	0.06342593425195668
space_ranger	ENSG00000173531	2727.0	72741.0	0.04943392362696063	0.05278184795583956
space_ranger	ENSG00000164078	515.0	6865.0	0.07315330489859308	0.06612420044745984
space_ranger	ENSG00000182979	9978.0	293515.0	0.0009448506429223791	-0.02372488811701312
space_ranger	ENSG00000149480	2700.0	37257.0	0.006448391423174039	0.013752238225473072
space_ranger	ENSG00000099810	5868.0	32628.0	0.027940587068064644	0.02717258586729166
space_ranger	ENSG00000109919	11719.0	120237.0	0.17391371538701558	0.07000384453519913
space_ranger	ENSG00000168502	258.0	8161.0	0.0005238261240423092	0.0070624815153783665
space_ranger	ENSG00000120832	1716.0	25508.0	0.07051041460164001	0.07565754514277778
space_ranger	ENSG00000117640	4473.0	36331.0	0.04954930376908109	0.03398655122307691
space_ranger	ENSG00000100714	6861.0	78424.0	0.14626964483678856	0.1090782661529775
space_ranger	ENSG00000177000	2339.0	44399.0	0.03249717768756202	0.054439268233770204
space_ranger	ENSG00000198793	5545.0	42069.0	6.946340884517524e-06	0.0011038972040804322
space_ranger	ENSG00000107951	8564.0	59391.0	0.09251716870744461	0.031914650826749
space_ranger	ENSG00000116984	5413.0	103592.0	0.021947953801162698	0.03566392156152915
space_ranger	ENSG00000130349	4006.0	24572.0	-0.019111385178533224	-0.0013835982887991038
space_ranger	ENSG00000039123	5582.0	44702.0	0.007686523203203215	-0.01896207609418996
space_ranger	ENSG00000120662	655.0	26955.0	-0.020671150239417065	-0.009258168837428037
space_ranger	ENSG00000185499	29545.0	67204.0	0.24175593373787255	0.282361943237685
space_ranger	ENSG00000181143	106907.0	862099.0	0.4280291522330463	0.4399978903718659
space_ranger	ENSG00000145113	1631.0	11437.0	0.2299733658551747	0.20854423636153585
space_ranger	ENSG00000215182	311.0	1045.0	0.011939270917345965	0.026365802844752907
space_ranger	ENSG00000117983	13745.0	140107.0	0.44014832729593867	0.4347933114095324
space_ranger	ENSG00000132781	5156.0	57987.0	0.046882970375128	0.04382801534763258
space_ranger	ENSG00000167508	2605.0	5718.0	0.018246989289399697	0.03305032268157105
space_ranger	ENSG00000013364	9194.0	153547.0	0.21487941041683414	0.2795181225636831
space_ranger	ENSG00000157601	11977.0	212822.0	0.31556010904052456	0.3329530685938032
space_ranger	ENSG00000059728	3063.0	27088.0	0.03830935979746773	0.04923689695149242
space_ranger	ENSG00000182534	20380.0	183704.0	0.09427169351051264	0.054165187166197996
space_ranger	ENSG00000118513	3487.0	64295.0	0.20973969779966417	0.229896873445738
space_ranger	ENSG00000132382	7092.0	130671.0	0.009235905251083512	0.017637130187422904
space_ranger	ENSG00000101057	9266.0	202878.0	0.16437481124651482	0.17943685496505934
space_ranger	ENSG00000136997	4943.0	50347.0	0.2373248281408297	0.2573503720063245
space_ranger	ENSG00000214114	33756.0	204543.0	0.572100862494034	0.6039678847027727
space_ranger	ENSG00000116990	30377.0	269735.0	0.5373018613905679	0.6003630281799582
space_ranger	ENSG00000134323	2190.0	7154.0	0.015231137283890663	0.019135101446940837
space_ranger	ENSG00000172936	3562.0	34302.0	0.10396589400619954	0.10034907346801669
space_ranger	ENSG00000104177	10012.0	102310.0	0.17393396610506065	0.1707407028104576
space_ranger	ENSG00000133026	13636.0	135557.0	0.09390973439847791	0.04024863550719354
space_ranger	ENSG00000100345	55970.0	704335.0	0.06362546694321805	0.09164018600469907
space_ranger	ENSG00000007944	10141.0	28011.0	0.1178464469670811	0.08144813951409345
space_ranger	ENSG00000065534	5187.0	68304.0	0.26539416913117175	0.15525658882839447
space_ranger	ENSG00000101306	589.0	6091.0	0.07458476348288649	0.07796197175503528
space_ranger	ENSG00000140795	101.0	1341.0	0.029281446376762332	0.03409967600599381
space_ranger	ENSG00000085274	5482.0	21400.0	0.0761674036718209	0.04326011198193404
space_ranger	ENSG00000091536	217.0	5324.0	-0.026017331195542046	-0.026981509447374725
space_ranger	ENSG00000128641	9575.0	59968.0	0.07134351999479296	0.08959520936608278
space_ranger	ENSG00000197879	5632.0	66379.0	0.1371468221025509	0.1663474483499547
space_ranger	ENSG00000176658	4322.0	26083.0	0.0005492064555448865	0.003915278511748512
space_ranger	ENSG00000157483	1406.0	41351.0	0.06625279621100295	0.035010484465955026
space_ranger	ENSG00000142347	363.0	4843.0	0.053328977537069125	0.013480109520461421
space_ranger	ENSG00000197535	771.0	7944.0	0.006548239781680332	0.015453630935187163
space_ranger	ENSG00000167306	4975.0	49025.0	0.13034362387160667	0.11446083595917962
space_ranger	ENSG00000196586	26549.0	272821.0	0.21391792700984638	0.23181789643852768
space_ranger	ENSG00000138119	17595.0	299149.0	0.175347828928141	0.1927329270826295
space_ranger	ENSG00000170476	460.0	4826.0	0.2899396417814634	0.14045198941593953
space_ranger	ENSG00000099326	904.0	19499.0	0.05904353908912573	0.037735311646406575
space_ranger	ENSG00000078177	3523.0	26630.0	0.09475870857163711	0.09979588447482479
space_ranger	ENSG00000164134	7348.0	71859.0	0.07250131243314772	0.036500088965875845
space_ranger	ENSG00000172766	2666.0	47370.0	0.009247524448184928	0.023516935917852474
space_ranger	ENSG00000110583	1741.0	135510.0	0.07527055709144417	0.04467675720082377
space_ranger	ENSG00000138744	786.0	14804.0	0.022458888806099985	0.03471531638776302
space_ranger	ENSG00000148411	3449.0	10829.0	0.050384662842672456	0.03871803856633081
space_ranger	ENSG00000171169	999.0	10701.0	0.02481544239462767	0.017995713351758376
space_ranger	ENSG00000249437	1729.0	73932.0	0.04574783456957053	0.017691441130474474
space_ranger	ENSG00000186310	170.0	2593.0	0.10887255627345108	0.10272031467612909
space_ranger	ENSG00000205531	20576.0	235172.0	0.048397204913247324	0.041617285020469776
space_ranger	ENSG00000177432	774.0	3655.0	0.02408651884612878	0.03066709278278819
space_ranger	ENSG00000171428	526.0	1806.0	-0.02676104689258263	-0.0067651543444233585
space_ranger	ENSG00000135372	2864.0	12984.0	-0.007122827614859395	-0.00029315775308656967
space_ranger	ENSG00000134369	924.0	7771.0	0.04777364482990114	0.036195850297126124
space_ranger	ENSG00000166833	3031.0	36384.0	0.06045518441845074	0.06153066993305589
space_ranger	ENSG00000158747	3647.0	37999.0	0.26427785231749124	0.19685560018067155
space_ranger	ENSG00000104320	6301.0	35621.0	0.05793510068938726	0.07502297600016426
space_ranger	ENSG00000142794	334.0	3319.0	0.029842410028304355	0.04016232799117897
space_ranger	ENSG00000149294	8471.0	147748.0	0.1297547448432715	0.09930178153288813
space_ranger	ENSG00000136937	4924.0	57008.0	0.053586792213550366	0.04490220584142918
space_ranger	ENSG00000074356	6053.0	76310.0	0.007730431120008785	-0.022615856296279775
space_ranger	ENSG00000144959	2878.0	10283.0	0.08547967437037347	0.0905419410116331
space_ranger	ENSG00000116701	408.0	3736.0	0.036677464258599635	0.04809215250146522
space_ranger	ENSG00000100365	160.0	2702.0	-9.852096330077893e-05	0.013871359921992276
space_ranger	ENSG00000158092	7611.0	44425.0	0.03069451281292134	0.05185493472167957
space_ranger	ENSG00000125912	4099.0	68129.0	0.020540099093643283	0.015301250065408408
space_ranger	ENSG00000084676	10387.0	51604.0	0.038370432134834875	0.05479789769353197
space_ranger	ENSG00000140396	7577.0	56878.0	0.07863503390628594	0.053649797258728205
space_ranger	ENSG00000124151	9068.0	86910.0	0.07648542155682075	0.06845494367641715
space_ranger	ENSG00000266412	12617.0	160418.0	0.09652462636079964	0.026713678391344402
space_ranger	ENSG00000141027	10268.0	99157.0	-0.05183063534499348	-0.003941792038475703
space_ranger	ENSG00000196498	17563.0	656135.0	0.132196349122804	0.13760475276268147
space_ranger	ENSG00000107130	4967.0	67538.0	0.07064229847473025	0.07559837146196025
space_ranger	ENSG00000162736	17676.0	136622.0	0.04472859982240947	-0.0345510415030982
space_ranger	ENSG00000173376	278.0	8640.0	0.16599542271962286	0.1772536878474521
space_ranger	ENSG00000124479	1445.0	8586.0	0.3050382426292723	0.3129337064521471
space_ranger	ENSG00000104419	199.0	167785.0	0.015317830999460685	0.033548691111245935
space_ranger	ENSG00000165795	2545.0	14664.0	0.11432469417653279	0.11274580467268626
space_ranger	ENSG00000103034	1555.0	42475.0	0.11547276747829417	0.11539513413249594
space_ranger	ENSG00000170906	8880.0	17726.0	-0.013102258876632748	0.04326630763204471
space_ranger	ENSG00000004779	21318.0	27003.0	0.12005955292583442	0.07959693721438926
space_ranger	ENSG00000078114	3165.0	1829.0	-0.0020014076131444295	0.04031447332097509
space_ranger	ENSG00000110400	3633.0	16495.0	0.08475544250134988	0.08280677222467425
space_ranger	ENSG00000130202	16002.0	141441.0	0.1234643783885189	0.15639026435767664
space_ranger	ENSG00000177707	6972.0	14901.0	0.22022234968148197	0.22196133918586838
space_ranger	ENSG00000069869	739.0	4538.0	0.01725408070778738	0.047324716918985835
space_ranger	ENSG00000049759	3698.0	14213.0	0.02673929424994236	0.026021297418406735
space_ranger	ENSG00000111859	27494.0	81371.0	0.3179117053198973	0.3971608661785065
space_ranger	ENSG00000100285	1747.0	6648.0	0.15799943215599543	0.11826166551668967
space_ranger	ENSG00000109674	919.0	10881.0	0.020744735236276155	0.041936507807144544
space_ranger	ENSG00000137601	2938.0	32503.0	0.0455122199018369	0.05008147954764176
space_ranger	ENSG00000114670	3725.0	48423.0	0.02373440801399635	0.013874727545583691
space_ranger	ENSG00000117650	4308.0	23205.0	0.1503341169762082	0.14937016665011327
space_ranger	ENSG00000136098	959.0	15838.0	-0.026896392259555982	-0.014551858315210834
space_ranger	ENSG00000114904	4699.0	20112.0	-0.046693707724665974	-0.047249422834355945
space_ranger	ENSG00000197168	1700.0	18599.0	0.06472218923412436	0.07680287065205886
space_ranger	ENSG00000119408	4918.0	52624.0	0.04211809686409046	0.03355752028166463
space_ranger	ENSG00000160602	829.0	21612.0	-0.00660574466007299	0.008302305255855536
space_ranger	ENSG00000166881	6243.0	62955.0	0.07204466453604794	0.057371294101125236
space_ranger	ENSG00000163608	12627.0	148873.0	0.15240170565116518	0.1129636450366107
space_ranger	ENSG00000132688	1078.0	24979.0	0.07574613673044607	0.07371082414846963
space_ranger	ENSG00000215041	2334.0	41533.0	-0.021431109439001388	-0.037524960461061456
space_ranger	ENSG00000162614	582.0	3640.0	0.07234042019312328	0.02963160876188029
space_ranger	ENSG00000196712	12183.0	49565.0	0.07666802154731836	0.0411844922239459
space_ranger	ENSG00000186575	4855.0	56524.0	-0.0013846748955638338	0.030746797358395073
space_ranger	ENSG00000102908	2694.0	81829.0	0.04331910362308561	0.02794774183437005
space_ranger	ENSG00000131196	2829.0	45973.0	0.3454568041861998	0.3128569149086798
space_ranger	ENSG00000101096	1751.0	13276.0	-0.029005945939422302	-0.0014602396170331363
space_ranger	ENSG00000072736	3755.0	29558.0	0.007444979393075273	0.030058147729816784
space_ranger	ENSG00000100968	3677.0	37625.0	0.02235892063829243	0.03360392365744548
space_ranger	ENSG00000082641	15016.0	180958.0	0.11359295916683643	0.15682180672208548
space_ranger	ENSG00000116044	28135.0	219338.0	0.036372110427645946	0.04782414078070617
space_ranger	ENSG00000050344	2342.0	22568.0	0.12431289519633909	0.11321505219962945
space_ranger	ENSG00000109320	5773.0	10883.0	-0.00035758191240235077	0.022229375811917897
space_ranger	ENSG00000077150	4776.0	82196.0	0.12380650897659179	0.11881688683671618
space_ranger	ENSG00000086102	2669.0	95538.0	0.005845033160513635	0.0070110050450016516
space_ranger	ENSG00000165553	172.0	501.0	0.07792917760008214	0.043903135792114543
space_ranger	ENSG00000129460	5418.0	45586.0	0.037210725211738994	0.02257962602765784
space_ranger	ENSG00000134259	155.0	457.0	-0.011503983877798333	-0.0014691401049215125
space_ranger	ENSG00000064300	793.0	4875.0	0.005947259511243931	0.02557306937941479
space_ranger	ENSG00000135842	661.0	4671.0	0.006181692911564382	0.01083921540580828
space_ranger	ENSG00000155438	12763.0	52005.0	0.07250745334179906	0.05476820328837485
space_ranger	ENSG00000100503	2967.0	27266.0	-0.023892667829088318	0.008134054705469998
space_ranger	ENSG00000131669	6301.0	33593.0	0.009383242978237762	0.05282458219476447
space_ranger	ENSG00000184117	11318.0	201602.0	0.07229878442057935	0.08032657692684114
space_ranger	ENSG00000136783	2521.0	10774.0	0.005894585312385148	0.015456521499547494
space_ranger	ENSG00000150776	4531.0	29956.0	0.011312736313728134	0.0316619507210823
space_ranger	ENSG00000186416	5877.0	54642.0	0.1051737990813392	0.08823568952560358
space_ranger	ENSG00000136327	184.0	448.0	0.04782025491148455	0.023495833187343954
space_ranger	ENSG00000073536	1772.0	6232.0	0.03697534516245554	0.05855243864017369
space_ranger	ENSG00000196338	476.0	5295.0	-0.017424194776098134	-0.0038878931890810463
space_ranger	ENSG00000140853	2199.0	37078.0	0.16059428661617786	0.1521205336188706
space_ranger	ENSG00000091592	101.0	4740.0	0.09361874582790851	0.026344316055654116
space_ranger	ENSG00000022556	3393.0	68621.0	0.056145754398807896	0.045698180364431164
space_ranger	ENSG00000197696	2730.0	13460.0	0.05493451913512855	0.037535129773876165
space_ranger	ENSG00000239672	57214.0	312331.0	0.25426655506520496	0.31357105566911125
space_ranger	ENSG00000173614	1074.0	16102.0	0.004258694973976094	0.01357115910669689
space_ranger	ENSG00000109255	3566.0	25927.0	0.15836803601662983	0.16233125881960028
space_ranger	ENSG00000084092	8636.0	136856.0	0.12530043075166836	0.13282768216004684
space_ranger	ENSG00000173145	4494.0	53907.0	0.09565943439963032	0.10512619988164505
space_ranger	ENSG00000106100	916.0	13339.0	0.007042437823789889	-0.022000486218750448
space_ranger	ENSG00000167207	181.0	1260.0	0.036272773228409466	0.011576858821358985
space_ranger	ENSG00000197183	9987.0	185739.0	0.0029000125191928593	0.08091059395075834
space_ranger	ENSG00000166197	13809.0	176082.0	0.19234181691785543	0.17346311254819644
space_ranger	ENSG00000146909	5351.0	125340.0	0.0015323053766671969	0.011379880547508152
space_ranger	ENSG00000147140	89549.0	768197.0	0.15056271621483786	0.17737178982599705
space_ranger	ENSG00000111641	6981.0	145051.0	0.048609195671908	0.029037762056640826
space_ranger	ENSG00000260032	95383.0	383709.0	0.26942842802436096	0.17127852467917581
space_ranger	ENSG00000198929	659.0	15856.0	0.025262526076520228	0.020784530415350496
space_ranger	ENSG00000164867	295.0	14533.0	0.03966435368564344	0.03505840205467154
space_ranger	ENSG00000163072	422.0	7486.0	0.1060672372855239	0.0798148120294485
space_ranger	ENSG00000148400	7440.0	51195.0	0.07656452783471836	0.0859355047978422
space_ranger	ENSG00000134250	34174.0	356920.0	0.19798545870558124	0.15775355773441746
space_ranger	ENSG00000074181	45867.0	370887.0	0.03840799332680606	0.013841503563353858
space_ranger	ENSG00000204301	908.0	18145.0	0.05802312864754087	0.04343324286620398
space_ranger	ENSG00000086991	284.0	928.0	0.010103523230932925	0.04133567563130673
space_ranger	ENSG00000149308	2506.0	38078.0	0.04578166205707644	0.06819275721122525
space_ranger	ENSG00000141458	2328.0	43901.0	0.10696712758267177	0.10897925683638401
space_ranger	ENSG00000015520	199.0	402.0	-0.001489361815946195	0.02579103081867859
space_ranger	ENSG00000107833	6903.0	52241.0	0.090508915496396	0.08399569074837081
space_ranger	ENSG00000168743	1042.0	12515.0	0.08357786191232466	0.06930000749670412
space_ranger	ENSG00000163273	130.0	1257.0	0.02682973143209886	0.060614675108804125
space_ranger	ENSG00000169418	4691.0	64143.0	0.14504582057517143	0.139522098474152
space_ranger	ENSG00000113389	1821.0	6627.0	0.23078203506834075	0.1614444057195426
space_ranger	ENSG00000156642	16845.0	152353.0	0.10262179208783617	0.16273400751900424
space_ranger	ENSG00000106236	3003.0	12255.0	0.21066900708326503	0.18145430336205007
space_ranger	ENSG00000185149	353.0	1517.0	0.06042334879988747	0.06829514451640567
space_ranger	ENSG00000181019	31848.0	132932.0	0.23069147425954878	0.2533317551479084
space_ranger	ENSG00000124588	5310.0	26797.0	-0.0051947129341735	-0.0010834183320489244
space_ranger	ENSG00000169297	494.0	4328.0	0.05002145055074337	0.0701746286077665
space_ranger	ENSG00000131408	3736.0	72758.0	0.11326929596604918	0.10730245717365437
space_ranger	ENSG00000025434	1421.0	27557.0	-0.05603803136954072	-0.051106163569427
space_ranger	ENSG00000012504	113.0	1064.0	0.20410927759868155	0.044436121152406374
space_ranger	ENSG00000144852	129.0	2484.0	-0.002640677537755296	0.01865224640407933
space_ranger	ENSG00000177463	6075.0	56800.0	0.017350157376379318	0.01463669821468873
space_ranger	ENSG00000113580	3817.0	21314.0	0.11790614170862429	0.13410385920129098
space_ranger	ENSG00000151623	647.0	3858.0	7.156107191492057e-05	0.03226915665119019
space_ranger	ENSG00000123358	3411.0	133642.0	0.5081531014839529	0.33716630977269213
space_ranger	ENSG00000136931	2285.0	37573.0	0.0683867606947145	0.04830079320350738
space_ranger	ENSG00000116833	282.0	5424.0	0.03278428949504317	0.03521932841081967
space_ranger	ENSG00000148200	1344.0	11239.0	-0.009193929799427611	0.007189038640486489
space_ranger	ENSG00000213281	12291.0	27580.0	0.07939018296788351	0.03543528423549691
space_ranger	ENSG00000119720	2709.0	46410.0	0.04438790613250448	0.039095440272623516
space_ranger	ENSG00000134986	20365.0	130826.0	0.09686827204395637	0.1230592065720433
space_ranger	ENSG00000106459	7158.0	36371.0	0.04095504056196736	0.02848263264373366
space_ranger	ENSG00000180530	37958.0	111911.0	0.3269816290218777	0.40264547218942276
space_ranger	ENSG00000123572	345.0	4267.0	0.12839929765083125	0.12827097416301628
space_ranger	ENSG00000099250	4540.0	46804.0	0.21108662478847276	0.17238631930627074
space_ranger	ENSG00000118257	1379.0	8385.0	0.13188369267910563	0.08826981048390249
space_ranger	ENSG00000125841	2141.0	19021.0	0.03565921221910307	0.04183274362415234
space_ranger	ENSG00000110076	1258.0	9798.0	0.16201730899142686	0.17543861116118534
space_ranger	ENSG00000109685	9223.0	76225.0	0.06445389793751591	0.057087622127806555
space_ranger	ENSG00000037474	4805.0	58810.0	0.04483490060461756	0.03253475239212034
space_ranger	ENSG00000130305	5173.0	97990.0	0.014409132028403705	0.055559552698428195
space_ranger	ENSG00000076685	15561.0	220567.0	0.13354136442089715	0.11131086873924742
space_ranger	ENSG00000168268	5070.0	73275.0	0.038698612439317145	0.04915050478859484
space_ranger	ENSG00000111696	2427.0	19678.0	0.017381384789699257	0.0203134295434877
space_ranger	ENSG00000135318	235.0	1903.0	0.07059794820573077	0.04701360116572889
space_ranger	ENSG00000185652	2474.0	31550.0	0.14327568446710867	0.16744351530766755
space_ranger	ENSG00000148335	3437.0	52320.0	0.0032437955154418913	0.005747000191918405
space_ranger	ENSG00000065320	2500.0	18252.0	0.14674618265942896	0.176899261748856
space_ranger	ENSG00000074527	4019.0	32590.0	0.1195408606096579	0.14083563782280553
space_ranger	ENSG00000196358	204.0	1471.0	0.010707737596254109	0.033193657334950374
space_ranger	ENSG00000135778	4202.0	41597.0	0.015192148064074422	0.007569092366206421
space_ranger	ENSG00000148053	125.0	722.0	0.025399475276548185	0.0228780864199753
space_ranger	ENSG00000163545	4152.0	173713.0	0.15214348000572528	0.12874180617015032
space_ranger	ENSG00000070081	7759.0	40301.0	0.14884734793100451	0.10346647537797261
space_ranger	ENSG00000120526	6593.0	31352.0	0.07112184980080258	0.08472209940474856
space_ranger	ENSG00000170584	9742.0	33761.0	0.0462992167540253	0.020885358539474964
space_ranger	ENSG00000106268	4187.0	39167.0	0.1086786705839621	0.13955595247665586
space_ranger	ENSG00000168101	8062.0	33154.0	0.02819595569925363	0.013357925602243189
space_ranger	ENSG00000167005	20077.0	24493.0	0.06147324748480874	0.04534233348676248
space_ranger	ENSG00000137497	32692.0	521538.0	0.13230947390752895	0.08269427021751402
space_ranger	ENSG00000133961	9547.0	60141.0	0.1459412302014234	0.10835624727162244
space_ranger	ENSG00000111581	5194.0	33433.0	0.05142826498045	0.054714453777635626
space_ranger	ENSG00000124789	16945.0	88305.0	0.049317616917109466	0.0672890389405302
space_ranger	ENSG00000126883	4627.0	19654.0	0.05857510181634916	0.028144614152970125
space_ranger	ENSG00000213024	5165.0	27839.0	0.0931345837214107	0.10286773136877575
space_ranger	ENSG00000102900	9575.0	77969.0	0.02657843778909054	0.028423142004228723
space_ranger	ENSG00000110713	8310.0	90883.0	-0.004477023743020836	0.02089238125495634
space_ranger	ENSG00000137804	9079.0	33353.0	0.07994803051910757	0.0999316762817137
space_ranger	ENSG00000102898	10455.0	123557.0	0.10502180903057551	0.09050969984147615
space_ranger	ENSG00000143748	3226.0	42026.0	0.03385602212154067	0.025970694760989864
space_ranger	ENSG00000162231	4431.0	192884.0	0.049410632337622606	0.05768799647693789
space_ranger	ENSG00000167693	7356.0	90164.0	0.03187676400007562	0.011894537099053675
space_ranger	ENSG00000182379	590.0	23476.0	0.2808960833503028	0.13991308837436256
space_ranger	ENSG00000101888	12027.0	32425.0	0.13924156973832294	0.12742956999355187
space_ranger	ENSG00000089127	9722.0	91895.0	0.275755788682509	0.2933765757257443
space_ranger	ENSG00000111331	4010.0	112497.0	0.1844378305816447	0.18189326753209095
space_ranger	ENSG00000122136	9814.0	83684.0	0.0947284787059417	0.1303920482704589
space_ranger	ENSG00000197822	9033.0	75158.0	0.07117900838893727	0.04703583519851182
space_ranger	ENSG00000122126	4240.0	19048.0	-0.011507694277166861	-0.016054121276109695
space_ranger	ENSG00000122417	12000.0	94015.0	0.15001217511461695	0.09530194494707696
space_ranger	ENSG00000157181	3982.0	35365.0	0.06670178307171465	0.04271882900687513
space_ranger	ENSG00000105953	13836.0	153155.0	0.11400282688107687	0.14501231147104815
space_ranger	ENSG00000060491	6952.0	113170.0	0.021131193548114064	0.061503056759490644
space_ranger	ENSG00000114026	2807.0	4786.0	0.0383219525466017	0.030271008070237946
space_ranger	ENSG00000147162	26876.0	328404.0	0.049847906584508016	0.0811446970426605
space_ranger	ENSG00000138315	131.0	3657.0	0.05929255365894575	0.05998033520034914
space_ranger	ENSG00000105088	323.0	3711.0	0.09283208148542012	0.06342089056281773
space_ranger	ENSG00000116774	2897.0	47878.0	0.22657217004920518	0.21705699043931215
space_ranger	ENSG00000173391	359.0	1529.0	0.04821027163754435	0.09704420117531053
space_ranger	ENSG00000082556	154.0	1050.0	0.025877655087788744	0.06636551511937763
space_ranger	ENSG00000125510	780.0	5309.0	0.04349907742186784	0.04360609182589833
space_ranger	ENSG00000123240	18195.0	74306.0	0.11882349109304725	0.15455616414576734
space_ranger	ENSG00000160991	6560.0	114636.0	0.035919573341566834	0.054704169160968416
space_ranger	ENSG00000175938	9284.0	91540.0	0.12432499865976802	0.1742576748295488
space_ranger	ENSG00000091651	4286.0	49463.0	0.16770985695389728	0.1793107043608659
space_ranger	ENSG00000184792	1153.0	42196.0	0.060389223818918245	0.021554836049628916
space_ranger	ENSG00000116885	6293.0	49359.0	0.16257650222337827	0.11368772018113538
space_ranger	ENSG00000140961	404.0	6959.0	0.019481751035820973	0.025417629006936317
space_ranger	ENSG00000164823	4905.0	27636.0	0.05596568566975806	0.07067204380169155
space_ranger	ENSG00000164920	1681.0	9189.0	0.04953313438261344	0.07727211249393426
space_ranger	ENSG00000167770	5995.0	38296.0	0.032999488780505425	0.06705673973515566
space_ranger	ENSG00000125850	3576.0	18043.0	0.06021020210997707	0.06644406796479914
space_ranger	ENSG00000162881	341.0	1189.0	0.05331452775646649	0.03513715062886003
space_ranger	ENSG00000151093	1857.0	8329.0	0.008611778012150934	0.013327913645989209
space_ranger	ENSG00000172939	10585.0	57661.0	0.044717219143165544	-0.016244205897333767
space_ranger	ENSG00000180914	2329.0	7370.0	0.16185470028880494	0.20688153729140152
space_ranger	ENSG00000135124	5131.0	20622.0	0.03939811872960031	0.025758025915077726
space_ranger	ENSG00000089041	244.0	4290.0	0.07653755097450399	0.05232549283870509
space_ranger	ENSG00000169860	189.0	1269.0	0.05865920420872482	0.05672445945847412
space_ranger	ENSG00000175591	511.0	22304.0	0.04562025703052047	0.06845992597532724
space_ranger	ENSG00000171631	570.0	6227.0	0.09240007286143587	0.07451517307644075
space_ranger	ENSG00000122884	21844.0	149218.0	0.2476886124746564	0.24952755861301454
space_ranger	ENSG00000149380	137.0	1190.0	0.08389183912237022	0.06638587340001531
space_ranger	ENSG00000185624	55655.0	367174.0	0.1860122664951717	0.2719012935762645
space_ranger	ENSG00000178467	3930.0	94942.0	0.05850048963827952	0.08629560306781682
space_ranger	ENSG00000101104	5727.0	317096.0	0.1309191066954815	0.14414036154955806
space_ranger	ENSG00000090621	287928.0	1589302.0	0.7524075896257056	0.7365169709655035
space_ranger	ENSG00000065600	2329.0	17178.0	0.017429428115288272	0.038782506556993154
space_ranger	ENSG00000117115	1976.0	44123.0	0.23615123263816967	0.2206345622849316
space_ranger	ENSG00000122133	750.0	4677.0	0.14337114622637698	0.16149577731634063
space_ranger	ENSG00000120727	10665.0	75237.0	0.0916780636673916	0.07148021840021909
space_ranger	ENSG00000149269	5504.0	75442.0	0.0386301100230954	0.03211207066711687
space_ranger	ENSG00000111845	4093.0	63683.0	0.1279207460569215	0.10578160522378743
space_ranger	ENSG00000180370	13851.0	124909.0	0.0911910436136777	0.06683783605170569
space_ranger	ENSG00000130669	5325.0	158973.0	0.1999269779084209	0.24526772935972005
space_ranger	ENSG00000083093	2022.0	5379.0	0.044857128252258294	0.06988400754935882
space_ranger	ENSG00000129116	14448.0	153117.0	0.22602794105637136	0.250497413782664
space_ranger	ENSG00000099260	1364.0	9026.0	0.1236618917035106	0.09575547075880618
space_ranger	ENSG00000145730	25537.0	94505.0	0.1847501765376503	0.21693265226706956
space_ranger	ENSG00000125779	8866.0	45449.0	0.09885767550798646	0.05040584380422553
space_ranger	ENSG00000110218	1424.0	8677.0	-0.01613073076115117	0.003507378736353588
space_ranger	ENSG00000073150	429.0	5294.0	0.016011201668285797	0.019637923442598203
space_ranger	ENSG00000116183	362.0	9437.0	-0.048603574751851716	-0.05485911579054741
space_ranger	ENSG00000138801	7662.0	38862.0	0.12117126559606897	0.11680599089729352
space_ranger	ENSG00000148498	15449.0	109722.0	0.109669056771071	0.03242801419624621
space_ranger	ENSG00000116288	32092.0	258620.0	0.1923718366469706	0.23735266691259818
space_ranger	ENSG00000169116	151.0	2229.0	0.11406484251807397	0.11792916304862323
space_ranger	ENSG00000143799	17961.0	141456.0	0.11447388234025299	0.11079954396631225
space_ranger	ENSG00000111224	6048.0	23466.0	-0.014521960591164496	0.005629514825572379
space_ranger	ENSG00000041880	1054.0	20536.0	0.011507720791091743	0.018785874896401742
space_ranger	ENSG00000152931	1417.0	5189.0	0.14335720988010003	0.165625390610074
space_ranger	ENSG00000177425	14945.0	110539.0	-0.015332722162465737	0.010952183814120314
space_ranger	ENSG00000125618	60341.0	814967.0	0.1568163743533324	0.1552767020462377
space_ranger	ENSG00000102390	6230.0	44856.0	0.02678709436789173	0.0027684955179278696
space_ranger	ENSG00000168078	3642.0	10685.0	0.1602309251800598	0.17614126849031136
space_ranger	ENSG00000108187	1359.0	23395.0	0.056086828694664984	0.055529205034099395
space_ranger	ENSG00000185630	21186.0	79764.0	0.1312441848498589	0.09705555725407071
space_ranger	ENSG00000167081	2862.0	21004.0	0.05717008090509948	0.05769345389419051
space_ranger	ENSG00000163346	7366.0	52424.0	0.14173763582034643	0.15559557695999005
space_ranger	ENSG00000173599	846.0	7933.0	0.0015422014329805021	-0.003992899786733941
space_ranger	ENSG00000225937	109.0	145.0	-0.03240679883673467	-0.060279642360711025
space_ranger	ENSG00000253438	2907.0	45997.0	0.03859029739479092	0.06279016744097714
space_ranger	ENSG00000166228	24120.0	229913.0	0.19875203878097225	0.0747997518738018
space_ranger	ENSG00000132570	4602.0	37242.0	0.12358516098628691	0.09888452321034712
space_ranger	ENSG00000114054	12382.0	83335.0	0.14212258697835373	0.1169239349379554
space_ranger	ENSG00000118946	498.0	10976.0	0.057197641395496795	0.03624559810011505
space_ranger	ENSG00000189184	893.0	8996.0	0.20453756563732056	0.17895576749271408
space_ranger	ENSG00000204970	276.0	5065.0	0.06480667975528502	0.05912739766377992
space_ranger	ENSG00000120327	1756.0	26470.0	0.0925162794713671	0.09282875888024304
space_ranger	ENSG00000126226	7203.0	46312.0	0.05933303690337681	0.012565401645730235
space_ranger	ENSG00000124253	5787.0	16615.0	0.2861124895337646	0.3247299686452221
space_ranger	ENSG00000132646	31863.0	218902.0	0.20880522552163513	0.24630136367446326
space_ranger	ENSG00000197136	3619.0	206836.0	-0.01698275883905915	-0.04043496369576597
space_ranger	ENSG00000169174	577.0	2412.0	0.11197037585348195	0.1127296345198159
space_ranger	ENSG00000114209	13164.0	13348.0	0.07139472306867035	0.018275109933868976
space_ranger	ENSG00000150593	18933.0	142858.0	0.20897456143135085	0.19663404121844705
space_ranger	ENSG00000249915	32142.0	172481.0	0.06312848974092508	0.03117831323025638
space_ranger	ENSG00000170248	14924.0	44190.0	0.07880774906245493	0.052259181693574984
space_ranger	ENSG00000112541	295.0	1623.0	0.18501325696600432	0.09662124928942194
space_ranger	ENSG00000186642	321.0	5848.0	0.0794071399052714	0.07875738737739768
space_ranger	ENSG00000172572	1379.0	2360.0	0.009078237334477351	0.03264733731876953
space_ranger	ENSG00000065989	6223.0	40196.0	0.08161614639493618	0.093401745556059
space_ranger	ENSG00000184588	261.0	1941.0	0.07215164541365832	0.059496714966256234
space_ranger	ENSG00000178104	6232.0	76128.0	0.15353088088012837	0.15136016997237434
space_ranger	ENSG00000138735	512.0	8359.0	0.3117177737259991	0.15747265274205144
space_ranger	ENSG00000197461	1100.0	21497.0	0.0683481270602303	0.039010961374849544
space_ranger	ENSG00000100311	1865.0	8244.0	0.0692982312989021	0.016957887174244266
space_ranger	ENSG00000145431	8454.0	57581.0	0.26852084566016043	0.23873205315758608
space_ranger	ENSG00000170962	320.0	1499.0	0.08135075064020232	0.06169762917475484
space_ranger	ENSG00000134853	1607.0	23368.0	0.24968163737060345	0.21355011127074908
space_ranger	ENSG00000113721	2695.0	28989.0	0.23664629717538274	0.1620384852301675
space_ranger	ENSG00000104213	1905.0	10547.0	0.09741297037944559	0.1148118205379775
space_ranger	ENSG00000131828	4875.0	86152.0	0.048499286725862956	0.023029913993498928
space_ranger	ENSG00000168291	8980.0	60657.0	0.060422566887190374	0.046382963587756044
space_ranger	ENSG00000167004	54567.0	538732.0	-0.013336785829466305	-0.10261638778735375
space_ranger	ENSG00000155660	67317.0	565426.0	0.23618216540822354	0.2044185380647113
space_ranger	ENSG00000152256	3589.0	34409.0	0.1503021338416479	0.1125940023674754
space_ranger	ENSG00000120913	1669.0	6839.0	0.01159351899354663	-0.018999624710741316
space_ranger	ENSG00000131435	5086.0	19642.0	0.06187582522959603	0.07476329798715693
space_ranger	ENSG00000140992	4081.0	40495.0	0.013534297076160204	0.006090207263057878
space_ranger	ENSG00000162493	701.0	5466.0	0.11772054301957934	0.07574890203069039
space_ranger	ENSG00000179889	19810.0	289414.0	0.10202173316606773	0.12277967389786344
space_ranger	ENSG00000186862	177.0	7796.0	0.018747047011000398	0.03455746787379173
space_ranger	ENSG00000174827	145.0	7316.0	0.050016737618076505	0.052702869487239894
space_ranger	ENSG00000162734	23158.0	283580.0	0.143303158000112	0.12102158492848596
space_ranger	ENSG00000261371	1877.0	18029.0	0.22002947882026785	0.14202842769828816
space_ranger	ENSG00000162517	13791.0	88177.0	0.15441413635047002	0.07414092214332386
space_ranger	ENSG00000242265	11663.0	96001.0	0.2783822389101319	0.3002762440826383
space_ranger	ENSG00000152684	2699.0	62500.0	0.0032530726755232884	-0.00756264591313341
space_ranger	ENSG00000141456	5731.0	53843.0	0.031338960854374626	0.0039601453601475125
space_ranger	ENSG00000124299	10699.0	61876.0	0.1665982122866409	0.2039524342017271
space_ranger	ENSG00000179094	2052.0	10123.0	0.09552854388593228	0.07993138650825546
space_ranger	ENSG00000132326	1708.0	7250.0	0.03411446949481778	0.0519609199934528
space_ranger	ENSG00000049246	2919.0	35128.0	0.07238112670838201	0.06770389230352093
space_ranger	ENSG00000170525	1454.0	33082.0	0.08593915125848847	0.03212729012520385
space_ranger	ENSG00000067057	4251.0	68245.0	0.19480280963963287	0.16815261340897852
space_ranger	ENSG00000247077	8929.0	71842.0	0.17478533558459847	0.10992237571014506
space_ranger	ENSG00000197121	3128.0	11105.0	0.07980094978989799	0.10374903581278477
space_ranger	ENSG00000148985	4514.0	29163.0	0.08381803293994483	0.07602223451165253
space_ranger	ENSG00000137338	621.0	8208.0	0.009096256263886139	0.0388495494511114
space_ranger	ENSG00000142657	9893.0	101854.0	-0.028032357151161535	-0.04265340147450153
space_ranger	ENSG00000119630	464.0	3822.0	0.10461908522755256	0.04581373428862403
space_ranger	ENSG00000164219	2551.0	17058.0	-0.00461027533394134	0.0072307501038361924
space_ranger	ENSG00000102144	77709.0	73262.0	0.3256419243867294	0.38056102591513324
space_ranger	ENSG00000079739	13103.0	207049.0	0.1448701821150111	0.1700970106963504
space_ranger	ENSG00000082175	3787.0	9283.0	0.40681256443116465	0.38611093322468254
space_ranger	ENSG00000167085	45175.0	130489.0	0.1788708137424452	0.199062023901244
space_ranger	ENSG00000215021	116740.0	844774.0	0.2854127908011904	0.35274262484257846
space_ranger	ENSG00000198324	2768.0	34917.0	0.0779747861104659	0.04144398768697792
space_ranger	ENSG00000102174	266.0	3726.0	0.2320503948881647	0.14175279412182754
space_ranger	ENSG00000130024	16391.0	107941.0	0.05451056075340386	0.033147306986880405
space_ranger	ENSG00000109118	4390.0	27995.0	0.029583456285238712	0.03180604198476197
space_ranger	ENSG00000056487	169.0	1399.0	0.01472217769957344	0.03324692210396147
space_ranger	ENSG00000040633	7291.0	45450.0	0.033585924395635985	0.019523319888242793
space_ranger	ENSG00000156531	11456.0	41434.0	0.010801152178729925	0.0599044560969255
space_ranger	ENSG00000010318	2516.0	2255.0	-0.0015597684580963018	-0.0005491715367908441
space_ranger	ENSG00000172943	9271.0	113145.0	0.03887819383587174	0.03916477872285155
space_ranger	ENSG00000092621	18468.0	287753.0	0.1037975539187111	0.15789522701581832
space_ranger	ENSG00000174307	14037.0	31654.0	0.2763387026229002	0.307954780905272
space_ranger	ENSG00000144824	1858.0	38207.0	0.15252661224193292	0.12165179963197197
space_ranger	ENSG00000176531	1227.0	27121.0	0.04899852945370727	0.038896238802835735
space_ranger	ENSG00000081913	1154.0	11681.0	0.051866388392142776	0.07836646460104597
space_ranger	ENSG00000241973	3927.0	167744.0	-0.008572191478782139	-0.013023046154231421
space_ranger	ENSG00000083535	3149.0	37892.0	0.027555086970399427	0.025252744025885374
space_ranger	ENSG00000073921	8896.0	70202.0	0.015180674324736267	0.0005830060234163827
space_ranger	ENSG00000153823	157.0	2726.0	0.061041880986345984	0.07149675160938336
space_ranger	ENSG00000103335	5109.0	67554.0	0.17193150033240318	0.1817972813361682
space_ranger	ENSG00000154864	177.0	1774.0	0.060852307360961824	0.07680835082378372
space_ranger	ENSG00000151665	4478.0	11163.0	0.05151112938597653	0.04551397968296033
space_ranger	ENSG00000104872	7052.0	57631.0	0.08073754492235971	0.09614108179273687
space_ranger	ENSG00000078142	7057.0	122957.0	0.3391261817817661	0.3370839947441572
space_ranger	ENSG00000121879	6854.0	36937.0	0.05212749042686241	0.06209812230384082
space_ranger	ENSG00000051382	3535.0	27468.0	0.019844711394315095	0.020631164734475058
space_ranger	ENSG00000171608	696.0	14319.0	0.023294524595928658	0.024184176735149207
space_ranger	ENSG00000105851	162.0	2303.0	-0.007679690882656646	0.042231410678634715
space_ranger	ENSG00000145675	11696.0	48021.0	0.2297113993713278	0.24302274511210412
space_ranger	ENSG00000105647	27562.0	221433.0	0.18759805569685822	0.18833306239463474
space_ranger	ENSG00000115020	3145.0	41673.0	0.06399126294024254	0.03689062261714588
space_ranger	ENSG00000085514	1208.0	8573.0	0.023250870486492367	-0.007174866888481881
space_ranger	ENSG00000137193	8533.0	54947.0	0.20702052732012216	0.1901417288638556
space_ranger	ENSG00000102096	1413.0	14873.0	0.22151117150464797	0.21442989339843255
space_ranger	ENSG00000129195	2452.0	17418.0	0.10727176540413227	0.11729129404032711
space_ranger	ENSG00000127445	20056.0	112908.0	0.06117688976671566	0.02670535652975162
space_ranger	ENSG00000158828	7951.0	39059.0	-0.008171406995829932	0.028340101850796672
space_ranger	ENSG00000150867	1925.0	8646.0	0.056967835719209235	0.07824824069889086
space_ranger	ENSG00000057757	6158.0	27811.0	0.039259841904254245	0.046650301639025595
space_ranger	ENSG00000180957	8218.0	184077.0	0.17004385219123694	0.17730950745023918
space_ranger	ENSG00000069011	2379.0	3952.0	0.12046842775025672	0.14949159927234687
space_ranger	ENSG00000125207	590.0	12799.0	0.04472190572079019	0.04903977121460758
space_ranger	ENSG00000008710	3145.0	73768.0	0.0072421499945362995	0.017112452583832875
space_ranger	ENSG00000158683	209.0	2774.0	-0.013180657911999606	0.005972257263797541
space_ranger	ENSG00000118762	2728.0	11899.0	0.009534825641534718	0.005284316135819316
space_ranger	ENSG00000170927	3828.0	70568.0	0.17334620083481722	0.20294955478333734
space_ranger	ENSG00000067225	44755.0	1257051.0	0.18876152949268393	0.17905571878494694
space_ranger	ENSG00000165495	973.0	14074.0	0.07316034681248969	0.10015067611341799
space_ranger	ENSG00000057294	8629.0	78657.0	0.2975034787653068	0.3089841401555905
space_ranger	ENSG00000116711	250.0	1135.0	0.010556183511265901	0.018135316399862225
space_ranger	ENSG00000184381	2030.0	42442.0	0.042022590308726786	0.04077091860864308
space_ranger	ENSG00000146070	1107.0	10976.0	0.0582492055775167	0.06624060601062022
space_ranger	ENSG00000153246	916.0	7621.0	0.043164932977920595	0.052763959426379535
space_ranger	ENSG00000118495	14965.0	84699.0	0.11635670316955823	0.09831350270861043
space_ranger	ENSG00000126003	20296.0	59229.0	0.06589213016604406	0.04329086790623476
space_ranger	ENSG00000104368	10125.0	71131.0	0.29796558178594756	0.28886462392349005
space_ranger	ENSG00000122861	1927.0	21634.0	0.14464898799588616	0.13297061036806654
space_ranger	ENSG00000011422	2466.0	54126.0	0.11440372189306912	0.10599526751368119
space_ranger	ENSG00000182621	14628.0	61556.0	0.10535032933578778	0.1212559502943188
space_ranger	ENSG00000138193	1398.0	7616.0	0.005240797680322854	0.03307069211710424
space_ranger	ENSG00000124181	4895.0	310753.0	-0.02416158566032841	-0.015282418514061308
space_ranger	ENSG00000197943	3418.0	17607.0	0.045348565876878744	0.06290561924824431
space_ranger	ENSG00000075651	1248.0	17720.0	0.1696733465956673	0.14651955575520623
space_ranger	ENSG00000129219	1728.0	35683.0	0.013617784253200678	-0.006107178141602046
space_ranger	ENSG00000178209	11731.0	717613.0	0.15435546198980482	0.20735989781112063
space_ranger	ENSG00000107679	8900.0	81494.0	0.09177798320417624	0.07939080526393366
space_ranger	ENSG00000169499	5336.0	5355.0	0.016241759329047055	0.03927119841619731
space_ranger	ENSG00000115762	20579.0	78263.0	0.17231253905709235	0.09836399477120107
space_ranger	ENSG00000152527	2079.0	41059.0	0.06441879807548798	0.06920353186349511
space_ranger	ENSG00000116786	8167.0	98781.0	-0.05054593835598489	0.009403376363699001
space_ranger	ENSG00000023902	4642.0	25732.0	0.06249054240693135	0.08027554906145679
space_ranger	ENSG00000166819	336.0	1485.0	0.014615455083387695	0.020213271644662353
space_ranger	ENSG00000147872	5608.0	45265.0	0.11050566554646962	0.09605648396099338
space_ranger	ENSG00000167676	153.0	4168.0	-0.006486459845267829	0.005588242684939322
space_ranger	ENSG00000214456	676.0	18136.0	-0.0033479222017300317	0.009344143765106679
space_ranger	ENSG00000166851	3956.0	18054.0	0.02697190152639557	0.05386240152436725
space_ranger	ENSG00000142731	3134.0	16300.0	0.14625292056687345	0.14966652574912767
space_ranger	ENSG00000102007	49319.0	338460.0	0.6700416565619414	0.70509822149398
space_ranger	ENSG00000102024	10585.0	77966.0	0.281104631897976	0.3397702893221416
space_ranger	ENSG00000188313	18424.0	69857.0	0.2444254258575675	0.2583458923606143
space_ranger	ENSG00000100979	15345.0	52347.0	0.13192074478994914	0.1657949334803557
space_ranger	ENSG00000130300	412.0	17219.0	0.15661342268840592	0.12038749392567748
space_ranger	ENSG00000161381	436.0	5152.0	0.0977290248510296	0.0880573596088375
space_ranger	ENSG00000196576	58836.0	940929.0	0.2870355301596387	0.2969829903394491
space_ranger	ENSG00000136040	1405.0	5621.0	0.07602267274474582	0.07508489220735716
space_ranger	ENSG00000146281	10312.0	37433.0	0.15924201297123725	0.14747555204528706
space_ranger	ENSG00000141682	2654.0	4651.0	0.05847797172460485	0.09068759497254855
space_ranger	ENSG00000140464	8218.0	101978.0	0.12150778072645665	0.15121593872261702
space_ranger	ENSG00000140650	3711.0	35303.0	-0.0014692783891412497	-0.00021212535524266454
space_ranger	ENSG00000109099	1894.0	3732.0	0.20742583595583824	0.13320796506189922
space_ranger	ENSG00000064933	7288.0	74190.0	0.05791038455050351	0.03932322655616971
space_ranger	ENSG00000122512	644.0	73088.0	-0.05980901713368613	-0.03752228932947451
space_ranger	ENSG00000176903	23377.0	79531.0	0.189858017048821	0.15331749756018773
space_ranger	ENSG00000168081	642.0	8450.0	0.11427981361324828	0.10504067763024251
space_ranger	ENSG00000198805	9699.0	48262.0	0.17226644417058282	0.16651583153461466
space_ranger	ENSG00000177666	6518.0	176120.0	0.08357405400591156	0.08578045468507003
space_ranger	ENSG00000100344	508.0	9644.0	0.07501398386286978	0.07551020418087602
space_ranger	ENSG00000032444	1312.0	22899.0	-0.016762018975691177	-0.00984120466085921
space_ranger	ENSG00000138035	4751.0	35175.0	0.09613722293796476	0.05657153443974895
space_ranger	ENSG00000128567	18900.0	144172.0	0.3091600059206745	0.3641887673485825
space_ranger	ENSG00000134901	201.0	4681.0	0.08561702612621833	0.06696469523254987
space_ranger	ENSG00000143442	13220.0	230528.0	0.08297639868806192	0.0316895060429629
space_ranger	ENSG00000070501	1450.0	7778.0	-0.0033089332836671315	-8.70129488317959e-05
space_ranger	ENSG00000062822	2329.0	36089.0	0.07122264682054635	0.07632191978005361
space_ranger	ENSG00000004142	9354.0	137172.0	-0.008569983783380763	0.0011035475230022455
space_ranger	ENSG00000177084	5874.0	51113.0	0.03676802004379826	0.04246223713645203
space_ranger	ENSG00000170734	3286.0	59957.0	0.019358249261761	0.019731879306905387
space_ranger	ENSG00000181222	23612.0	359221.0	0.1041097202029903	0.0471236294270679
space_ranger	ENSG00000047315	57306.0	523712.0	0.2265057813400968	0.12945412231963235
space_ranger	ENSG00000102978	7320.0	75539.0	0.027794472314441526	0.05060269650921563
space_ranger	ENSG00000099817	6918.0	16315.0	0.06283258832442391	0.06343717327230365
space_ranger	ENSG00000168002	10720.0	58178.0	0.11020389357939521	0.10567566827839794
space_ranger	ENSG00000163882	25884.0	230070.0	-0.0016890182620943727	0.0588577626151825
space_ranger	ENSG00000255529	6056.0	27741.0	0.06256703835782705	0.029959323568671606
space_ranger	ENSG00000085998	10755.0	133773.0	0.1000718479057569	0.12224644670169353
space_ranger	ENSG00000130714	2513.0	14274.0	0.008593260420956102	0.023202223585225237
space_ranger	ENSG00000105854	21863.0	98085.0	0.03526956663610395	-0.003088690359362065
space_ranger	ENSG00000127948	25551.0	217667.0	0.08951772825052746	0.13645601495120316
space_ranger	ENSG00000102312	849.0	10637.0	0.13087596224576975	0.11688276306897008
space_ranger	ENSG00000133110	2007.0	36041.0	0.2856772935507528	0.30698915160939316
space_ranger	ENSG00000110777	506.0	4307.0	0.10138481300102277	0.06816724586601808
space_ranger	ENSG00000143190	4332.0	49066.0	0.04146996105218713	0.02160814533772165
space_ranger	ENSG00000028277	139.0	758.0	0.0031901317469787346	0.04087988834215989
space_ranger	ENSG00000137709	441.0	3652.0	0.0473415696122942	0.06558553703019054
space_ranger	ENSG00000185668	173.0	886.0	0.0014817803980773125	0.03122881011561848
space_ranger	ENSG00000204531	599.0	21400.0	0.1526696074162801	0.16609985422818632
space_ranger	ENSG00000186951	2537.0	25600.0	-0.01931568754371503	-0.005089115180587866
space_ranger	ENSG00000112033	3607.0	55530.0	0.015473006028702425	0.03694663830734515
space_ranger	ENSG00000132170	1052.0	1026.0	0.08545321385442226	0.08351015609827574
space_ranger	ENSG00000131626	8723.0	143715.0	0.009037333847428858	0.030523609480206458
space_ranger	ENSG00000177380	431.0	451.0	0.02463107773770127	0.060740033636924345
space_ranger	ENSG00000143847	224.0	22376.0	0.17701118829310553	0.10365608107931425
space_ranger	ENSG00000168938	9042.0	13287.0	0.1869362976919723	0.1772915657314542
space_ranger	ENSG00000171497	4613.0	33863.0	0.0527781515012474	0.04467735100804114
space_ranger	ENSG00000108179	15032.0	143916.0	0.16701798173217366	0.16999792730185784
space_ranger	ENSG00000100614	9928.0	113189.0	0.034058937721682614	0.006316733243224969
space_ranger	ENSG00000170836	1703.0	25865.0	0.05200107416051364	0.05774881583273236
space_ranger	ENSG00000111110	3173.0	20185.0	0.07942182409175454	0.08974659280773677
space_ranger	ENSG00000172531	31652.0	222658.0	0.16916157021526088	0.11326288073106804
space_ranger	ENSG00000158615	12662.0	89466.0	0.01448386968529062	0.036567846391045884
space_ranger	ENSG00000101445	446.0	4413.0	0.01375636814488779	0.04738187409679332
space_ranger	ENSG00000131771	90365.0	1130398.0	0.3741251767700829	0.43107699929587645
space_ranger	ENSG00000150722	2653.0	8663.0	0.07245296559215576	0.09961805465943945
space_ranger	ENSG00000104866	1849.0	43595.0	0.06356576564440788	0.0333182448477373
space_ranger	ENSG00000115685	5619.0	35059.0	0.04029192355868563	0.04505207103046831
space_ranger	ENSG00000108819	1346.0	59091.0	0.0871012732628019	0.03055143532738707
space_ranger	ENSG00000113575	20051.0	84999.0	0.1159414181168997	0.07922071470564693
space_ranger	ENSG00000105568	22426.0	135058.0	0.16098724124664146	0.13930590507324872
space_ranger	ENSG00000073711	3407.0	69850.0	0.06272632378118986	0.050136882565865744
space_ranger	ENSG00000092020	2007.0	13939.0	0.021550071114045787	0.012192061431736163
space_ranger	ENSG00000138814	11905.0	24081.0	0.05038373557640087	0.11449227916438133
space_ranger	ENSG00000154845	9578.0	61175.0	0.03630610165891265	0.030587977458339414
space_ranger	ENSG00000119698	388.0	2310.0	-0.0015915907361612781	0.016527168630983902
space_ranger	ENSG00000185686	1138.0	17825.0	0.19031712855502977	0.1622384132594406
space_ranger	ENSG00000137509	5866.0	45238.0	0.11095808731482212	0.10021694602078247
space_ranger	ENSG00000057657	401.0	6036.0	0.10112046461701456	0.059003439965112876
space_ranger	ENSG00000170325	2315.0	31460.0	0.026935511419171644	0.028249002869652314
space_ranger	ENSG00000141956	1418.0	30650.0	0.020245698735158982	-0.006418996868166549
space_ranger	ENSG00000061455	521.0	5604.0	0.20323575808875355	0.15662740290290894
space_ranger	ENSG00000085377	3190.0	53756.0	0.01258985529831173	0.01914522288950109
space_ranger	ENSG00000138078	15711.0	52083.0	0.020425257625940337	0.04607435142097338
space_ranger	ENSG00000139174	2743.0	20116.0	0.08755055552337418	0.11866469784329893
space_ranger	ENSG00000132356	7197.0	41370.0	0.08093376463944651	0.05816445772084219
space_ranger	ENSG00000162409	5311.0	26076.0	0.04739122434095922	0.028371531856837738
space_ranger	ENSG00000111725	13511.0	85026.0	0.1623074898136865	0.18935245728138703
space_ranger	ENSG00000072062	18639.0	249516.0	0.06359872457505383	0.14646272461311405
space_ranger	ENSG00000142875	3402.0	17981.0	0.07775671843350924	0.10239149973377139
space_ranger	ENSG00000181929	11819.0	65210.0	0.09654922674299635	0.060424710776331464
space_ranger	ENSG00000106617	11850.0	40329.0	0.08597194111925799	0.0969020371796234
space_ranger	ENSG00000108946	28353.0	215690.0	0.13607412644774472	0.22578670827633682
space_ranger	ENSG00000154229	4556.0	36775.0	0.08755106241427149	0.08823339985950691
space_ranger	ENSG00000166501	115.0	908.0	-0.008325146807886232	0.00392910870711777
space_ranger	ENSG00000163932	3948.0	94188.0	0.008361878721423787	0.01383989024085354
space_ranger	ENSG00000171132	3353.0	20321.0	0.05456061793163325	0.04985051323496583
space_ranger	ENSG00000027075	1636.0	8428.0	0.05470672528538815	0.07831264466996822
space_ranger	ENSG00000163558	28235.0	178851.0	0.25507865991931933	0.21802344544418717
space_ranger	ENSG00000065675	1385.0	25461.0	0.08478410871063843	0.07686600531016777
space_ranger	ENSG00000067606	2726.0	27342.0	0.036857686667886455	0.04537109443815177
space_ranger	ENSG00000184304	1442.0	5974.0	0.05488488984802173	0.04187057900264403
space_ranger	ENSG00000115825	9108.0	50411.0	0.06871127083576631	0.044488227970288965
space_ranger	ENSG00000253729	15016.0	164404.0	0.15928044039769057	0.11438538733469997
space_ranger	ENSG00000185345	4857.0	38299.0	0.1217315495648895	0.13220050626832675
space_ranger	ENSG00000180228	19148.0	58538.0	0.0346786302706988	0.03145360804352676
space_ranger	ENSG00000113494	768.0	9015.0	0.13300473772591698	0.16600051335524185
space_ranger	ENSG00000126457	12388.0	139888.0	-0.06457302049944465	-0.023364943672468403
space_ranger	ENSG00000100462	12105.0	65779.0	0.06909531566731722	0.06538995400132017
space_ranger	ENSG00000111218	140.0	3112.0	0.016569473646450138	0.03964521599387592
space_ranger	ENSG00000164169	829.0	8611.0	0.013724761734079844	0.04710629497607157
space_ranger	ENSG00000282961	165.0	10851.0	0.015567389419854916	0.01201129555703304
space_ranger	ENSG00000171867	21368.0	49105.0	0.10808752442236702	0.09797248942730634
space_ranger	ENSG00000115718	283.0	1024.0	-0.012355116756608733	-0.011797594253269605
space_ranger	ENSG00000101000	422.0	3228.0	0.028694894110361257	0.0274630031403565
space_ranger	ENSG00000007062	441.0	4845.0	0.06185540231011638	0.11330222664510008
space_ranger	ENSG00000155066	4240.0	40168.0	0.18808654854098758	0.16860327166775343
space_ranger	ENSG00000184500	2831.0	6761.0	0.1143679508870901	0.12283644798086633
space_ranger	ENSG00000120685	4734.0	19749.0	-0.023380193553318045	-0.005085113908757179
space_ranger	ENSG00000117707	134.0	2951.0	0.11611478574838559	0.08429886342685454
space_ranger	ENSG00000110107	9586.0	36805.0	0.0517083896870854	0.07843330761825691
space_ranger	ENSG00000117360	3117.0	158984.0	-0.02716464287245137	-0.030100965737371404
space_ranger	ENSG00000105618	8991.0	65145.0	0.1002310026116537	0.1347003985575168
space_ranger	ENSG00000174231	12064.0	291599.0	0.1631860079142439	0.13368384773734823
space_ranger	ENSG00000112619	210.0	4698.0	-0.028298975609106238	-0.019733772683344534
space_ranger	ENSG00000147224	6987.0	19589.0	0.019461253558916022	0.03533850451356631
space_ranger	ENSG00000101911	7123.0	8410.0	0.10425523013935546	0.11760483955424898
space_ranger	ENSG00000161542	5526.0	112168.0	0.013354521427656725	-0.006979262385268402
space_ranger	ENSG00000068489	3517.0	29275.0	0.09809862476019648	0.09241291447760218
space_ranger	ENSG00000205352	20842.0	221840.0	0.11734598984021155	0.14737410121657932
space_ranger	ENSG00000183530	4197.0	29440.0	0.022538858143541722	0.0074619494429346974
space_ranger	ENSG00000204469	26207.0	325071.0	0.04010482611250658	0.040133947348762425
space_ranger	ENSG00000126460	743.0	16898.0	0.01887233888180483	-0.0004965873204841581
space_ranger	ENSG00000116132	128.0	535.0	0.09471735369632421	0.04335663783675805
space_ranger	ENSG00000112812	2071.0	20008.0	0.0713582848128746	0.09034593985497458
space_ranger	ENSG00000122378	16507.0	183906.0	0.13287040069517636	0.12362439945680401
space_ranger	ENSG00000059915	1906.0	11067.0	0.040514477326350905	0.05528242762720279
space_ranger	ENSG00000156011	5970.0	47836.0	0.20093229203295687	0.20473677582071334
space_ranger	ENSG00000080815	9684.0	43721.0	0.1408274619855886	0.06436319955626053
space_ranger	ENSG00000143801	809.0	3196.0	-0.011435570642169164	0.016496522781066086
space_ranger	ENSG00000205155	10911.0	9452.0	0.03478003364426732	0.017596105931901924
space_ranger	ENSG00000164985	16619.0	33431.0	0.009693057616068833	0.04700334972189452
space_ranger	ENSG00000159792	3980.0	45185.0	0.019813652138317667	0.013124073901387366
space_ranger	ENSG00000100902	19240.0	122059.0	0.1282998541719617	0.13422337944350574
space_ranger	ENSG00000100804	30824.0	104866.0	0.1263906536678725	0.14949227517663802
space_ranger	ENSG00000161057	16320.0	85842.0	0.053895579000713	0.052060095238368034
space_ranger	ENSG00000087191	10062.0	182715.0	0.1219016268510599	0.08393203560125909
space_ranger	ENSG00000173692	7104.0	86309.0	0.03544089663386074	0.015740797826671524
space_ranger	ENSG00000101843	32727.0	63321.0	0.09455822380211218	0.08148798535114588
space_ranger	ENSG00000175166	35330.0	238643.0	0.13547298759807833	0.1755189999744643
space_ranger	ENSG00000108344	55750.0	473104.0	0.09787042337581735	0.06476462137618091
space_ranger	ENSG00000159352	19137.0	123023.0	0.09950747732220146	0.023627732922066637
space_ranger	ENSG00000131467	2400.0	34210.0	0.04415288842510964	0.03660247238273186
space_ranger	ENSG00000121390	10702.0	215721.0	0.0856071910509836	0.040371517549855226
space_ranger	ENSG00000134222	4710.0	34871.0	0.10707879177948323	0.12465315435941962
space_ranger	ENSG00000152229	598.0	2282.0	0.033624014827005416	0.019423572251489937
space_ranger	ENSG00000169403	1013.0	9308.0	0.07677896571722612	0.07766523079245066
space_ranger	ENSG00000011304	23550.0	149766.0	-0.05318758442101533	-0.006159569309674258
space_ranger	ENSG00000117569	24797.0	64565.0	0.2511961569206172	0.2214140729425335
space_ranger	ENSG00000106246	2001.0	36255.0	0.008989090646312202	0.013160197605078378
space_ranger	ENSG00000049883	1314.0	8216.0	-0.005329163484271674	0.0030421052524497844
space_ranger	ENSG00000132300	13448.0	157291.0	0.06334980684000413	0.052526561122631515
space_ranger	ENSG00000185920	2400.0	39658.0	0.1771981961804821	0.10790867816712735
space_ranger	ENSG00000156471	2276.0	36607.0	0.061481048947657796	0.0755221987180281
space_ranger	ENSG00000171862	27732.0	172632.0	0.08764791319034924	0.09722519766992936
space_ranger	ENSG00000125384	166.0	1380.0	0.10851390502958717	0.1346713972213929
space_ranger	ENSG00000171522	424.0	4498.0	0.04250235432899403	0.034112420597731466
space_ranger	ENSG00000148344	1456.0	5277.0	0.20319097582608642	0.18695956570706812
space_ranger	ENSG00000110958	131907.0	462019.0	0.2678990353464239	0.33554323038669753
space_ranger	ENSG00000134247	14527.0	120980.0	0.0684776991139276	0.06570999125319003
space_ranger	ENSG00000124212	721.0	3041.0	0.14586407143579147	0.07394580430388913
space_ranger	ENSG00000095303	7130.0	127071.0	0.23772409167761355	0.22911154990716798
space_ranger	ENSG00000160801	213.0	1064.0	0.02861015555542249	0.032774852683047404
space_ranger	ENSG00000144407	2745.0	16151.0	0.0554609110919657	0.04556681549124707
space_ranger	ENSG00000169398	22080.0	176272.0	0.07945697396933672	0.020515375402996614
space_ranger	ENSG00000120899	579.0	11722.0	0.03435150040797498	0.004156447329642624
space_ranger	ENSG00000101213	835.0	2565.0	0.03631736414447422	0.05966703289849069
space_ranger	ENSG00000112655	29033.0	267450.0	0.09463412410822857	0.06760362211995716
space_ranger	ENSG00000104960	25729.0	218741.0	0.07273517230665233	0.14824268631301166
space_ranger	ENSG00000184489	6578.0	33100.0	0.07380244534221603	0.09970464040269292
space_ranger	ENSG00000119383	11107.0	114465.0	0.09489301131877421	0.033940835858304846
space_ranger	ENSG00000158079	1217.0	7977.0	0.008416475839512647	0.025819902301265036
space_ranger	ENSG00000196396	5186.0	73875.0	-0.01470974616194184	-0.025512488896280494
space_ranger	ENSG00000179295	14005.0	91429.0	0.13547253448629215	0.058310913076627516
space_ranger	ENSG00000163629	1624.0	12298.0	0.15966392538243834	0.1534916917572382
space_ranger	ENSG00000175354	11739.0	111122.0	0.18475723919472897	0.06339962342803188
space_ranger	ENSG00000134242	111.0	625.0	-0.010595744599854517	-0.011613826397527652
space_ranger	ENSG00000111679	4880.0	87866.0	0.07107919499083731	0.06944855212846968
space_ranger	ENSG00000142949	59868.0	666700.0	0.20146496508942507	0.2150815115312949
space_ranger	ENSG00000144724	8078.0	48010.0	0.05941484130552149	0.03616673870273626
space_ranger	ENSG00000149177	3527.0	50587.0	0.1624325111384224	0.17985842953164208
space_ranger	ENSG00000173482	2907.0	29624.0	0.11636933714797124	0.09822784012993253
space_ranger	ENSG00000139304	160.0	2463.0	0.02222256694341323	0.05453968080387557
space_ranger	ENSG00000060656	3325.0	43908.0	0.1500112116949897	0.15780151031632628
space_ranger	ENSG00000164611	7504.0	23370.0	0.05127714010201799	0.07865273948718055
space_ranger	ENSG00000163661	1075.0	7348.0	0.13804665190084017	0.12698508248894683
space_ranger	ENSG00000080608	5604.0	79398.0	0.06311293765841107	0.10861412008781095
space_ranger	ENSG00000146676	14159.0	82397.0	0.08327665612787566	0.040037283711073124
space_ranger	ENSG00000169972	2390.0	17372.0	0.07426927515011131	0.06795632006486897
space_ranger	ENSG00000073008	1097.0	64139.0	0.09182937463057508	0.07401514451211849
space_ranger	ENSG00000249859	930.0	62547.0	0.10111833698678242	0.10354114417650616
space_ranger	ENSG00000136045	5581.0	80512.0	0.08549485366540482	0.0845695941262245
space_ranger	ENSG00000160953	3354.0	3513.0	-0.025861519559275212	-0.021172949503201158
space_ranger	ENSG00000089159	22767.0	54364.0	0.04885125451194246	0.02174343247746825
space_ranger	ENSG00000103490	4574.0	19137.0	0.0340301812718183	0.026594803422114923
space_ranger	ENSG00000100994	14250.0	319753.0	0.11974485745265055	0.11332389426678917
space_ranger	ENSG00000100504	3912.0	27723.0	0.07027266560139625	0.11181161490001867
space_ranger	ENSG00000068976	674.0	5756.0	0.1581432660966395	0.11685765204855639
space_ranger	ENSG00000170473	20271.0	103912.0	0.13461763711198768	0.09293957719058571
space_ranger	ENSG00000126838	211.0	2787.0	0.03277591898954941	0.05856328848670361
space_ranger	ENSG00000011478	152.0	7408.0	0.010806862688062304	0.021318804818349964
space_ranger	ENSG00000048991	7080.0	62135.0	0.0834961087181095	0.025204517476971413
space_ranger	ENSG00000179912	10700.0	128863.0	-0.01786958307103064	0.011225472487178909
space_ranger	ENSG00000103769	29511.0	60955.0	0.10846658361966087	0.03425402964929461
space_ranger	ENSG00000135631	1457.0	14577.0	0.005560406972396973	0.02283672693587163
space_ranger	ENSG00000069974	1421.0	3683.0	0.015804109490828916	0.041215994201457676
space_ranger	ENSG00000157869	4691.0	34363.0	0.09311290277230692	0.05861266693235175
space_ranger	ENSG00000144566	4623.0	19741.0	0.05896261283210458	0.06877507459361634
space_ranger	ENSG00000075785	28683.0	218955.0	0.09446357790636148	0.1607527820453863
space_ranger	ENSG00000167461	3419.0	72984.0	0.08002094624026272	0.06588305500534407
space_ranger	ENSG00000123595	2737.0	12726.0	0.10509427458844603	0.09341735214760408
space_ranger	ENSG00000079974	3696.0	16031.0	0.10035895420212215	0.11216361319458144
space_ranger	ENSG00000144840	10108.0	14426.0	0.07026174542728064	0.029860629959265604
space_ranger	ENSG00000196642	17425.0	279357.0	0.10184298215431575	0.13914492847469298
space_ranger	ENSG00000136238	59978.0	470670.0	-0.015665446161072426	0.010314844513325287
space_ranger	ENSG00000161800	12461.0	73198.0	0.3057580951952768	0.2631763435352156
space_ranger	ENSG00000070950	2522.0	42197.0	0.05908444743217326	0.07228994626747577
space_ranger	ENSG00000113522	7496.0	115827.0	0.09778633528680883	0.11282381612315208
space_ranger	ENSG00000051180	1587.0	9591.0	0.046882829947314644	0.07120907967843475
space_ranger	ENSG00000002016	1339.0	36736.0	-0.03973907317866801	-0.04135090336946491
space_ranger	ENSG00000085999	5698.0	120604.0	0.12384996667787455	0.11348653939516881
space_ranger	ENSG00000164080	3439.0	65479.0	-0.0023915884930194396	0.011633494452543951
space_ranger	ENSG00000132155	7591.0	115331.0	0.06508190993603807	0.05516130787874963
space_ranger	ENSG00000166349	427.0	7862.0	-0.01468990552811035	-0.00884591402780002
space_ranger	ENSG00000039560	14974.0	87066.0	0.07625558745939426	0.1576912459293996
space_ranger	ENSG00000131831	2026.0	25100.0	0.0756137772772613	0.07145989007496008
space_ranger	ENSG00000136828	2274.0	38157.0	0.029303492216719514	0.034354628857591836
space_ranger	ENSG00000132341	88162.0	308308.0	0.36894193010841847	0.4447666179294578
space_ranger	ENSG00000153201	18595.0	122425.0	0.061503443160409545	0.03879876318848455
space_ranger	ENSG00000031823	1801.0	38228.0	0.01983713189620443	0.014951074908528022
space_ranger	ENSG00000010017	12167.0	138419.0	0.04459840437842745	0.01573670124213382
space_ranger	ENSG00000100401	9990.0	141428.0	0.06507597252373225	0.07605180786048225
space_ranger	ENSG00000116473	12172.0	57994.0	0.08120788388580916	0.0881789294196039
space_ranger	ENSG00000125249	3618.0	20374.0	0.04551033244544323	0.07203656994543295
space_ranger	ENSG00000079337	21839.0	279990.0	0.3509822841848408	0.41390271942660106
space_ranger	ENSG00000136237	2925.0	21598.0	0.09574760929023127	0.08895647119685678
space_ranger	ENSG00000158987	3043.0	11094.0	0.06830866785279913	0.05914737721894462
space_ranger	ENSG00000131759	2008.0	37646.0	0.02825962290527302	0.003360610555578731
space_ranger	ENSG00000077092	315.0	1627.0	-0.008224645501686764	0.01700017305526903
space_ranger	ENSG00000145715	6307.0	40222.0	0.0647594519453337	0.05506992695114987
space_ranger	ENSG00000108551	10434.0	19121.0	0.3616731636783459	0.37906740601281214
space_ranger	ENSG00000100302	217.0	4377.0	0.006853724702061224	0.018812235727841707
space_ranger	ENSG00000146090	223.0	5157.0	0.05138902798985559	0.07377044839533971
space_ranger	ENSG00000172575	704.0	9792.0	0.02454945262892591	0.05188898949404759
space_ranger	ENSG00000068028	1857.0	15490.0	0.02369693076870934	0.0005070398934218375
space_ranger	ENSG00000101265	1085.0	5833.0	0.11819016962734713	0.09745465685728283
space_ranger	ENSG00000153179	3774.0	21724.0	0.09340845597004352	0.05230857956189034
space_ranger	ENSG00000107551	1932.0	9398.0	0.06620985512156492	0.07944085762809669
space_ranger	ENSG00000266094	218.0	2570.0	0.033435814939441935	0.038846199402889546
space_ranger	ENSG00000123094	2140.0	10153.0	0.07795422429862583	0.07262426107729887
space_ranger	ENSG00000161847	10401.0	165748.0	0.043209544718528295	-0.0023039985082250543
space_ranger	ENSG00000139687	11573.0	51475.0	0.11156317131020155	0.06771521412136139
space_ranger	ENSG00000162521	17157.0	172219.0	0.07050716815735983	0.0742912626561624
space_ranger	ENSG00000117222	3502.0	69147.0	0.015564291692854794	0.01870226642110751
space_ranger	ENSG00000102054	19790.0	214675.0	0.3063279233765266	0.3062323046209548
space_ranger	ENSG00000101773	14542.0	81064.0	0.17037159392758272	0.12206198343699515
space_ranger	ENSG00000125826	9811.0	144681.0	-0.0031007864331389877	0.03163630464987328
space_ranger	ENSG00000103479	7736.0	46004.0	0.04950948867075922	0.06770737384131703
space_ranger	ENSG00000182872	6754.0	101381.0	-0.023424560258671547	-0.026590405403641396
space_ranger	ENSG00000244462	15326.0	164927.0	0.22801935494612063	0.14392615520334417
space_ranger	ENSG00000239306	9649.0	39306.0	0.018910602105291184	0.035667791290796606
space_ranger	ENSG00000162775	5875.0	117504.0	-0.1357860269281192	-0.07291641999811266
space_ranger	ENSG00000122965	2080.0	98163.0	0.010585445896253414	0.005288666288593473
space_ranger	ENSG00000203867	180.0	2024.0	0.05688158650459421	0.06668160965355063
space_ranger	ENSG00000100461	5989.0	106653.0	0.12061409486032151	0.08794418667539787
space_ranger	ENSG00000091009	5643.0	54514.0	0.008286104150016209	0.004309962824125672
space_ranger	ENSG00000188739	166.0	28111.0	0.02621502089819489	0.015746725438071422
space_ranger	ENSG00000132819	30475.0	499996.0	0.1545140676224927	0.17981681859940638
space_ranger	ENSG00000153250	25212.0	117866.0	0.16376634946915214	0.1815415267097818
space_ranger	ENSG00000076067	9434.0	50833.0	0.03573313669611427	0.05775812440067772
space_ranger	ENSG00000144642	2082.0	26448.0	0.17646059055587635	0.12508808621461598
space_ranger	ENSG00000147274	27903.0	416248.0	0.2800078031479616	0.4012119173976522
space_ranger	ENSG00000168214	7956.0	45385.0	-0.0031371178201029526	0.03900288301552887
space_ranger	ENSG00000157110	1199.0	7873.0	0.16823163466589222	0.11057356239637599
space_ranger	ENSG00000100387	49623.0	79167.0	0.24571211071326204	0.21171850806969772
space_ranger	ENSG00000135870	5390.0	61020.0	-0.03905573730883222	-0.00751084943593312
space_ranger	ENSG00000056586	6655.0	48924.0	0.016041807410708358	0.004851903165945445
space_ranger	ENSG00000172348	1486.0	11872.0	0.028775899268505132	0.041067734767507504
space_ranger	ENSG00000180198	8721.0	62962.0	0.050848047845811546	0.03409978730466574
space_ranger	ENSG00000117906	64426.0	56464.0	0.07818057599110581	0.11691966582794155
space_ranger	ENSG00000089902	11944.0	78955.0	0.1062042166771726	0.055346554388097324
space_ranger	ENSG00000117625	9691.0	46258.0	0.07441873891073442	0.03542123824727418
space_ranger	ENSG00000278023	397.0	3049.0	0.032570950918950695	0.04037897697049748
space_ranger	ENSG00000122707	1256.0	9328.0	0.13889051035567138	0.1460790739510137
space_ranger	ENSG00000004700	6252.0	46983.0	0.0499728292849846	0.03848903897498999
space_ranger	ENSG00000160957	4769.0	42680.0	0.018505864305477054	0.015168049464622047
space_ranger	ENSG00000168476	2326.0	30585.0	0.04962377973476291	0.0687950615248888
space_ranger	ENSG00000115255	177.0	1620.0	0.02756412802393988	0.02586215818883453
space_ranger	ENSG00000162924	448.0	8732.0	0.01591117764270638	0.034147937856707826
space_ranger	ENSG00000173039	5907.0	70920.0	0.033796530555076594	0.05667280764996824
space_ranger	ENSG00000104856	2200.0	13182.0	0.10764410022127155	0.11315888887135328
space_ranger	ENSG00000189056	1008.0	7654.0	0.16932894502734702	0.156189657049579
space_ranger	ENSG00000054967	1297.0	22002.0	0.04276434474349858	0.046592633509206206
space_ranger	ENSG00000135597	8813.0	100867.0	0.0827320509607569	0.039765822787204044
space_ranger	ENSG00000134533	3101.0	1911.0	0.11095057903373351	0.16025221098570755
space_ranger	ENSG00000084093	30375.0	179781.0	0.16261182428321075	0.19648787550688396
space_ranger	ENSG00000165731	142.0	1867.0	0.12414937949074625	0.06772927315880857
space_ranger	ENSG00000154153	528.0	5715.0	0.10479589393849016	0.08627689179741643
space_ranger	ENSG00000141699	1987.0	24468.0	0.06288947606565129	0.03324176549190571
space_ranger	ENSG00000076043	9431.0	60568.0	0.0975013701138954	0.09657965514159661
space_ranger	ENSG00000133119	3980.0	23703.0	0.049008460641127016	0.07578337937133786
space_ranger	ENSG00000163918	4951.0	44146.0	0.08071228583060153	0.06134655246740837
space_ranger	ENSG00000111445	4363.0	66867.0	0.06006266079725723	0.046251755635456526
space_ranger	ENSG00000131378	985.0	12850.0	0.2513755596439048	0.16014870857931082
space_ranger	ENSG00000132005	4382.0	30519.0	-0.04389456023080506	-0.04865635303047506
space_ranger	ENSG00000087903	537.0	1995.0	0.04328406441325237	0.06849278494273722
space_ranger	ENSG00000143390	4809.0	64921.0	0.0016781902430748879	0.005699278687480813
space_ranger	ENSG00000130988	416.0	8834.0	-0.008021626410942626	0.009233785464813777
space_ranger	ENSG00000169629	107.0	37999.0	0.012469806343668692	0.04515996576033538
space_ranger	ENSG00000117152	263.0	3878.0	0.0748336215171702	0.05245183916720953
space_ranger	ENSG00000143248	5102.0	6569.0	0.18881882165405184	0.162014868424908
space_ranger	ENSG00000144468	1576.0	14960.0	0.009832238727451217	0.019168361273285587
space_ranger	ENSG00000005486	16922.0	267395.0	0.05933843019726466	0.07654258530089196
space_ranger	ENSG00000188672	115.0	268.0	-0.02218353868672064	-0.005107892036828483
space_ranger	ENSG00000106615	67678.0	7558.0	0.05345398015427166	0.02539295247610717
space_ranger	ENSG00000067560	53536.0	191879.0	0.025492973394481814	-0.026062461954320014
space_ranger	ENSG00000155366	30292.0	162461.0	0.08987305231821444	0.08851529905729666
space_ranger	ENSG00000126858	5297.0	43773.0	0.04040750315738672	0.029455694825073733
space_ranger	ENSG00000177963	6040.0	103580.0	0.04126302803652788	0.012866438106636634
space_ranger	ENSG00000132541	2221.0	6484.0	0.02992275848164585	0.03804912654807958
space_ranger	ENSG00000188026	2548.0	58987.0	-0.026530017754232096	-0.03896223787431846
space_ranger	ENSG00000150977	5755.0	2913.0	0.07283671413957679	0.12495921062497262
space_ranger	ENSG00000117016	314.0	3094.0	0.007083098881315883	0.01768663446530475
space_ranger	ENSG00000101098	810.0	6858.0	0.1363187125479741	0.1638447686266133
space_ranger	ENSG00000170468	2562.0	54173.0	0.007448423802726176	-0.003974513701529581
space_ranger	ENSG00000137275	5420.0	73799.0	0.08733233755576159	0.07279004215320897
space_ranger	ENSG00000104312	1490.0	9745.0	0.02469625093457708	0.0464920933389037
space_ranger	ENSG00000129465	380.0	3971.0	0.08407190002779075	0.07382595143556503
space_ranger	ENSG00000183421	2469.0	26111.0	0.07748063158089866	0.07255439534878254
space_ranger	ENSG00000039523	4621.0	32257.0	0.017628030253908526	0.061430185514500524
space_ranger	ENSG00000139405	9429.0	16618.0	0.022629885154711062	0.05252603006061695
space_ranger	ENSG00000117000	7093.0	27108.0	0.0714054281943307	0.052450539922551505
space_ranger	ENSG00000176623	5826.0	12674.0	-0.013941006061179047	0.02436199105610885
space_ranger	ENSG00000155906	2524.0	39175.0	0.08554228092201	0.08274279752164539
space_ranger	ENSG00000153561	16678.0	169103.0	0.25315868382183826	0.20849135962099016
space_ranger	ENSG00000136104	5747.0	33171.0	0.06811987907773613	0.06164414837945057
space_ranger	ENSG00000135828	633.0	5965.0	0.04369358022244644	0.06301483305099687
space_ranger	ENSG00000128482	364.0	16927.0	0.00441798314976331	-0.025246070108332536
space_ranger	ENSG00000137522	3584.0	65349.0	0.040990826434437126	0.03817424836221544
space_ranger	ENSG00000133135	2063.0	3374.0	0.0855210804372927	0.07421563171652985
space_ranger	ENSG00000108523	10628.0	119959.0	-0.002856390589739896	-0.009250128508135804
space_ranger	ENSG00000164197	1288.0	9698.0	0.040767963754236594	0.0025727724657287577
space_ranger	ENSG00000168159	13819.0	220452.0	0.03319952920278178	0.06895564015268212
space_ranger	ENSG00000121481	4744.0	28603.0	0.09394957167841222	0.07676522478928434
space_ranger	ENSG00000173456	5856.0	14070.0	-0.0012799546086847031	0.006083160141449601
space_ranger	ENSG00000092098	3680.0	40963.0	0.00970560347310357	0.004603457350989211
space_ranger	ENSG00000137075	11407.0	62080.0	0.0011394977798682704	0.025615170015959865
space_ranger	ENSG00000204618	101.0	1717.0	0.08236255480549191	0.05721453645979399
space_ranger	ENSG00000108375	2648.0	62807.0	0.11610128046075831	0.10128327056454907
space_ranger	ENSG00000116747	3926.0	40180.0	0.046940105607475	0.008844448268096144
space_ranger	ENSG00000154133	591.0	10194.0	0.13199249878429073	0.10801787615463242
space_ranger	ENSG00000067900	6324.0	71952.0	0.006650118193143803	-0.0122386164750288
space_ranger	ENSG00000134318	12705.0	27313.0	-0.003350538564030791	-0.0038727670301503107
space_ranger	ENSG00000185483	5192.0	21298.0	0.2410369247334986	0.24214861039787317
space_ranger	ENSG00000169071	2351.0	25872.0	0.10187284712979228	0.1112984273523058
space_ranger	ENSG00000143365	2230.0	24190.0	0.13215850453349556	0.13746674389852226
space_ranger	ENSG00000132383	9743.0	65127.0	0.09015088533024565	0.047051064907860186
space_ranger	ENSG00000117748	7685.0	43064.0	0.11565005711046716	0.07800250384430565
space_ranger	ENSG00000106399	11594.0	37175.0	0.16436710227202214	0.12378004066198839
space_ranger	ENSG00000103932	2786.0	43873.0	0.021519484854216408	0.007523167906932351
space_ranger	ENSG00000005175	14456.0	54618.0	0.11541760132126404	0.0703761552738904
space_ranger	ENSG00000117133	14871.0	84681.0	0.12008718723032116	0.09585974614508085
space_ranger	ENSG00000163902	39808.0	498194.0	0.26245602570575366	0.19743626210645548
space_ranger	ENSG00000177519	713.0	8045.0	0.11597591224006303	0.10684057250677172
space_ranger	ENSG00000179673	282.0	1772.0	-0.02283624830676115	-0.00134500650484254
space_ranger	ENSG00000100784	1948.0	12881.0	0.07841176131417611	0.0920435281418668
space_ranger	ENSG00000141564	1661.0	40202.0	-0.027731806501634877	-0.0313361856546404
space_ranger	ENSG00000166133	2445.0	15636.0	0.02445261678649083	0.006367324913046508
space_ranger	ENSG00000166592	1311.0	3930.0	0.1236446148251954	0.14556840430835874
space_ranger	ENSG00000126458	4822.0	25653.0	0.05813285836605092	0.06362241424683038
space_ranger	ENSG00000124782	11136.0	277157.0	0.003334304734024421	0.10835145609945201
space_ranger	ENSG00000167325	7534.0	57812.0	0.23491184336303353	0.22525333668250871
space_ranger	ENSG00000171848	13256.0	55790.0	0.20775534871714404	0.21301765893959282
space_ranger	ENSG00000052749	4514.0	28484.0	0.002599781922108326	0.023250540412916913
space_ranger	ENSG00000067533	4038.0	21542.0	0.03709953165555049	0.026197030178226444
space_ranger	ENSG00000160208	2526.0	37978.0	-0.018441868414422212	-0.01092368633665128
space_ranger	ENSG00000179041	2739.0	20685.0	0.023746139462047428	0.0466593175411497
space_ranger	ENSG00000134321	3516.0	19948.0	0.29881437650554554	0.24988286684519334
space_ranger	ENSG00000081019	4736.0	42913.0	0.021691614024503893	-0.008006601777880398
space_ranger	ENSG00000172426	1389.0	14086.0	0.1598832210818499	0.17252735941048988
space_ranger	ENSG00000146374	2263.0	13912.0	0.3197112938479282	0.3340951828015196
space_ranger	ENSG00000159579	2543.0	19476.0	0.01810210195930087	0.0008476347800183866
space_ranger	ENSG00000174891	9107.0	56122.0	0.005326399709140433	0.027928408717995484
space_ranger	ENSG00000100220	11373.0	105088.0	0.1260677255716524	0.13952469165754414
space_ranger	ENSG00000182010	4957.0	34625.0	0.11946639949222305	0.11251763878819716
space_ranger	ENSG00000134590	15087.0	123532.0	0.5196478873552497	0.5729050246418746
space_ranger	ENSG00000115310	29331.0	30018.0	-0.017456671985225356	0.04397753608870321
space_ranger	ENSG00000130347	1348.0	12004.0	0.044719709650262035	0.04803092117328097
space_ranger	ENSG00000145016	2538.0	62708.0	0.0017352898260007766	-0.02832461000627914
space_ranger	ENSG00000102445	545.0	4257.0	0.03240585969297198	0.06226308553443878
space_ranger	ENSG00000204130	2345.0	27581.0	0.05872692506583442	0.040947551674885
space_ranger	ENSG00000159216	5457.0	21042.0	0.15250295626448246	0.18900422306488246
space_ranger	ENSG00000079102	245.0	4485.0	0.12041160428340184	0.10713631008870182
space_ranger	ENSG00000124813	1553.0	10087.0	0.07438141324710262	0.1005420300940607
space_ranger	ENSG00000020633	5209.0	28621.0	0.1823892519899635	0.20987361194618595
space_ranger	ENSG00000175792	10342.0	101061.0	0.10631757560777572	0.08406018916907179
space_ranger	ENSG00000183207	6741.0	59610.0	-0.007119806476887801	0.022757294523439928
space_ranger	ENSG00000111832	17276.0	12160.0	0.08047219829648694	0.053212896039358346
space_ranger	ENSG00000182552	6374.0	19445.0	0.0639902007231916	0.05785618733237394
space_ranger	ENSG00000186350	3509.0	34663.0	0.041307728253693304	0.05229406770450504
space_ranger	ENSG00000196218	3003.0	146931.0	0.15946215237855074	0.1966510359496302
space_ranger	ENSG00000160678	4835.0	167620.0	0.15613130422837185	0.15932596633845797
space_ranger	ENSG00000170989	654.0	4921.0	0.20086826923997392	0.1255985349991099
space_ranger	ENSG00000213694	3857.0	32878.0	0.17653708736587473	0.18624654267560511
space_ranger	ENSG00000168061	5629.0	1698.0	-0.09344304582102113	-0.058878007230588586
space_ranger	ENSG00000151835	1760.0	11405.0	0.09793402794357355	0.10226606135182847
space_ranger	ENSG00000160633	9323.0	66183.0	0.0035190765343218605	0.017558445977800242
space_ranger	ENSG00000101115	482.0	5200.0	0.09356117773049391	0.07842112706387078
space_ranger	ENSG00000020577	718.0	6624.0	0.05284449627939729	0.04018456890649505
space_ranger	ENSG00000203727	571.0	5677.0	0.11395112930651066	0.0931423041408447
space_ranger	ENSG00000205413	2022.0	7314.0	0.22322707933519986	0.12587360772792974
space_ranger	ENSG00000101347	4411.0	36229.0	0.12071795230568882	0.11589344365247538
space_ranger	ENSG00000186193	3703.0	24731.0	0.13409997265196427	0.1300209982745717
space_ranger	ENSG00000175467	4446.0	97644.0	0.006000364724477982	0.00871283312859565
space_ranger	ENSG00000075856	8923.0	134848.0	0.015732806982367488	0.02264512233502061
space_ranger	ENSG00000111961	7317.0	34012.0	0.08052370081334986	0.15162177745266783
space_ranger	ENSG00000141504	12072.0	133578.0	0.07898441249115308	0.0912709718958753
space_ranger	ENSG00000182568	3662.0	20145.0	0.05598367096086013	0.062087530603679754
space_ranger	ENSG00000119042	183.0	2218.0	0.055571884416427464	0.06397104694031597
space_ranger	ENSG00000139697	7122.0	59518.0	0.05661754199279785	0.04527687071934726
space_ranger	ENSG00000064932	3623.0	7115.0	0.0750062673462123	0.03254569735619063
space_ranger	ENSG00000156304	2702.0	102707.0	0.045595254285596555	0.0027918093669847314
space_ranger	ENSG00000227500	2971.0	10600.0	0.006795482333976765	0.0068586218965415845
space_ranger	ENSG00000140386	3185.0	25670.0	-0.00022731712845221706	-0.005243837193584117
space_ranger	ENSG00000073060	7643.0	33350.0	0.12839042782783977	0.09602446706166495
space_ranger	ENSG00000184178	2166.0	41172.0	-0.0065139418909601725	-0.014123647599927994
space_ranger	ENSG00000171951	240.0	3270.0	-0.01932648168685759	-0.009385710616389844
space_ranger	ENSG00000166922	7062.0	4310.0	0.09397870011872592	0.07252516862719423
space_ranger	ENSG00000168515	1579.0	2888.0	0.15791553808641662	0.1742257934351253
space_ranger	ENSG00000124935	9958.0	15748.0	0.3345117397258639	0.364558084770647
space_ranger	ENSG00000006747	719.0	8505.0	0.12322650460205109	0.06621824919564731
space_ranger	ENSG00000102098	721.0	8297.0	0.040393192188056704	0.03960272913736879
space_ranger	ENSG00000177098	248.0	4543.0	0.07637102249539121	0.0835568857746154
space_ranger	ENSG00000136546	121.0	1066.0	0.3705065092354684	0.14114694923523505
space_ranger	ENSG00000196876	392.0	7323.0	-0.0042676811849146285	0.00907575371211134
space_ranger	ENSG00000111319	71059.0	1737348.0	0.10620225699436392	0.15099412343524593
space_ranger	ENSG00000166828	1241.0	2557.0	0.05191768115200411	0.09976636321273546
space_ranger	ENSG00000121064	42816.0	237426.0	0.3083175549163516	0.2600490295237561
space_ranger	ENSG00000180900	22017.0	90210.0	0.021262183752791125	0.02361139178633565
space_ranger	ENSG00000136193	3025.0	76323.0	0.02395629405583663	0.028097871665152162
space_ranger	ENSG00000198301	4246.0	34410.0	0.018655776472070763	0.029894214560860357
space_ranger	ENSG00000169439	2296.0	30232.0	0.1859295383124345	0.14075175069787516
space_ranger	ENSG00000162512	1487.0	14260.0	0.06579229251706956	0.035881768871506035
space_ranger	ENSG00000124145	33375.0	164753.0	0.27588628504153256	0.34471351943303696
space_ranger	ENSG00000128228	4481.0	9627.0	0.05065073013323605	0.05121776563738391
space_ranger	ENSG00000073578	9059.0	591226.0	0.16972301809691212	0.10342905967300466
space_ranger	ENSG00000196636	5176.0	37440.0	0.06469339622187614	0.03202730939515387
space_ranger	ENSG00000117118	9816.0	106089.0	0.006403939952833514	-0.008157069072471814
space_ranger	ENSG00000069188	2998.0	50781.0	0.20255924675453263	0.18700457974155255
space_ranger	ENSG00000157020	14485.0	173909.0	0.09512387840937081	0.07635127720230372
space_ranger	ENSG00000148396	13307.0	154210.0	0.014413804206099706	0.043334335569757784
space_ranger	ENSG00000101310	14054.0	64799.0	0.09327238226479348	0.06257413014262854
space_ranger	ENSG00000138593	5696.0	32026.0	0.09980483107764708	0.07830256610613834
space_ranger	ENSG00000071537	9199.0	43960.0	0.013401089722025795	0.0026919261404247706
space_ranger	ENSG00000143416	14716.0	133260.0	0.12413483104647431	0.09809905392025527
space_ranger	ENSG00000198843	31298.0	41728.0	0.04711099354735163	0.017482534500649478
space_ranger	ENSG00000110876	171.0	4126.0	0.07010170306821983	0.019259234741239015
space_ranger	ENSG00000075213	1694.0	10483.0	0.1772937993956159	0.1988758283159071
space_ranger	ENSG00000075223	11638.0	66762.0	0.12813064360589202	0.1275602571320278
space_ranger	ENSG00000153993	2071.0	8564.0	0.0676350356770945	0.08213909454856202
space_ranger	ENSG00000001617	4738.0	23964.0	0.07458032997209058	0.07543376774155172
space_ranger	ENSG00000185033	10083.0	166554.0	0.04736050312554234	0.07619439997869691
space_ranger	ENSG00000168758	9215.0	501061.0	0.05654271371074243	0.02973618301111304
space_ranger	ENSG00000187764	6943.0	163114.0	0.12637947544302375	0.07679358644166423
space_ranger	ENSG00000138623	798.0	2830.0	0.12550753691551597	0.06149082054054103
space_ranger	ENSG00000079387	6394.0	32417.0	0.040151296547071585	0.014612562037011848
space_ranger	ENSG00000112701	24974.0	112005.0	0.08759300271566635	0.07515970655880409
space_ranger	ENSG00000184702	1978.0	100884.0	0.0005200080234777221	0.01677916872435165
space_ranger	ENSG00000125354	5851.0	117207.0	0.053474948376656666	0.0985784076186387
space_ranger	ENSG00000184640	20578.0	303697.0	0.10939847359092013	0.1461539568031846
space_ranger	ENSG00000196136	1651.0	14112.0	0.20131244311153026	0.19251008690686344
space_ranger	ENSG00000188488	89318.0	777626.0	0.5161348814182327	0.5781685208116363
space_ranger	ENSG00000206075	423.0	1054.0	0.05877425158530643	0.08057150091048625
space_ranger	ENSG00000170542	1751.0	10630.0	0.0975796081744088	0.08993029647103595
space_ranger	ENSG00000106366	351.0	2952.0	0.15863963347546994	0.0896760714623634
space_ranger	ENSG00000167711	531.0	859.0	0.01795501243043411	0.06527874342608775
space_ranger	ENSG00000149257	48449.0	221233.0	0.26494868250961706	0.2424717705212594
space_ranger	ENSG00000114204	150.0	1218.0	0.03200776005155921	0.04545005330203081
space_ranger	ENSG00000130766	2075.0	18589.0	0.06551183641561123	0.058584344234151306
space_ranger	ENSG00000149212	4442.0	15157.0	0.0732965826892126	0.05640405353127593
space_ranger	ENSG00000185917	3318.0	65117.0	0.060441209796411245	0.04153455171052417
space_ranger	ENSG00000143379	5405.0	104547.0	0.04949939339115075	0.03500754713009324
space_ranger	ENSG00000174938	6871.0	63643.0	0.22638164333925073	0.23914750982533522
space_ranger	ENSG00000099995	12360.0	200975.0	0.08836687220277556	0.06678553680901872
space_ranger	ENSG00000115524	33852.0	138334.0	-0.01885995157218818	0.023890322702155232
space_ranger	ENSG00000189091	14085.0	140995.0	0.04928087456718497	0.07001575536546456
space_ranger	ENSG00000143368	10758.0	108064.0	0.09768461812371594	0.07245707253635843
space_ranger	ENSG00000116560	66202.0	740172.0	0.06679491041756559	0.12900492926741336
space_ranger	ENSG00000104332	1542.0	12131.0	0.3962941950793121	0.30644526859056426
space_ranger	ENSG00000106483	910.0	9728.0	0.4413063313362695	0.278847489697425
space_ranger	ENSG00000061936	6745.0	57056.0	0.019036545366267442	0.04212201652971839
space_ranger	ENSG00000164466	4417.0	61584.0	0.003763780954242993	-0.003890520782841124
space_ranger	ENSG00000156398	1752.0	55794.0	0.04925811728864975	0.06934017733463264
space_ranger	ENSG00000118515	3573.0	42938.0	0.13878422197405346	0.11978392859260753
space_ranger	ENSG00000181523	3694.0	61204.0	0.0989528155019081	0.07069599155532824
space_ranger	ENSG00000160999	2613.0	60646.0	0.10729333366555993	0.08906785936350133
space_ranger	ENSG00000027869	337.0	9005.0	0.04014006292439243	0.044126454206532155
space_ranger	ENSG00000095370	802.0	14252.0	0.07480395959061473	0.03850996757379503
space_ranger	ENSG00000185437	737.0	6572.0	-0.022695181980039024	0.008539750906638421
space_ranger	ENSG00000198478	9055.0	50547.0	0.14147630380351195	0.11560988878096871
space_ranger	ENSG00000131370	4605.0	33421.0	0.11835590145624475	0.1393904019140889
space_ranger	ENSG00000175137	2367.0	71806.0	-0.016041814162442745	-0.025267789424581386
space_ranger	ENSG00000148341	9661.0	108601.0	0.09097017874321205	0.05218334674907349
space_ranger	ENSG00000156463	1126.0	23677.0	0.09033021808949888	0.10834485763491407
space_ranger	ENSG00000251322	1054.0	60215.0	0.10475885153736705	0.04949841692338914
space_ranger	ENSG00000179526	10353.0	41837.0	0.03538280735489774	0.019986706606473947
space_ranger	ENSG00000129214	214.0	2910.0	0.017923855552484345	0.014652882075498738
space_ranger	ENSG00000160691	13415.0	117043.0	0.13273424756671176	0.1479517547950563
space_ranger	ENSG00000130813	8139.0	93162.0	0.15592093054001316	0.17443070118929713
space_ranger	ENSG00000164690	778.0	5649.0	0.248869440214715	0.17800994189452063
space_ranger	ENSG00000171984	1191.0	3188.0	0.013830382720939841	-0.008838705356321162
space_ranger	ENSG00000122376	7669.0	35134.0	0.07001393474129872	0.062311963726514735
space_ranger	ENSG00000176974	14262.0	38954.0	0.08603413709603627	0.07402790529013627
space_ranger	ENSG00000182199	34510.0	330662.0	0.19818878198528325	0.2490482970201856
space_ranger	ENSG00000164403	1031.0	24076.0	0.07253835073572265	0.03235240556552188
space_ranger	ENSG00000110013	1953.0	62993.0	0.02540654692211031	0.05201368214894215
space_ranger	ENSG00000196470	7614.0	39860.0	0.05751770727469143	0.04664004426999948
space_ranger	ENSG00000185187	6445.0	53853.0	0.025287613233810603	0.023334244880726177
space_ranger	ENSG00000088827	823.0	22672.0	0.07293383698646211	0.08604460292865318
space_ranger	ENSG00000161640	806.0	21398.0	0.1252900026718535	0.09698077950159015
space_ranger	ENSG00000105492	457.0	9950.0	0.04450644338754722	0.06803768770040597
space_ranger	ENSG00000129450	120.0	2180.0	-0.0013325142536524189	0.00386841518578108
space_ranger	ENSG00000147955	7515.0	75247.0	0.15861485448982607	0.14999622179081953
space_ranger	ENSG00000170145	2909.0	14266.0	-0.01576249261687396	-0.008807754786488178
space_ranger	ENSG00000160584	5893.0	33339.0	-0.05428864776079277	-0.010880086134768652
space_ranger	ENSG00000159263	2095.0	35548.0	0.050353678717484744	0.026419828662767653
space_ranger	ENSG00000170085	4055.0	15562.0	0.002365766873909515	0.007358311322919541
space_ranger	ENSG00000169375	6759.0	127286.0	0.03881602465853633	0.02763583864898814
space_ranger	ENSG00000139146	3191.0	153444.0	0.10212307224280183	0.07775617369114327
space_ranger	ENSG00000198053	1224.0	7279.0	0.07003149031157872	0.08474326566227885
space_ranger	ENSG00000096717	7085.0	53916.0	0.039420325537073184	0.03871906616996106
space_ranger	ENSG00000068903	6680.0	31609.0	0.14389675906323005	0.19566986230586417
space_ranger	ENSG00000142082	2613.0	32124.0	-0.021100215636612105	-0.007803260554225051
space_ranger	ENSG00000077463	1174.0	14645.0	0.022179589328224128	0.0036925826979739033
space_ranger	ENSG00000187531	4462.0	29917.0	-0.023421115355737727	-0.03366861673489241
space_ranger	ENSG00000126778	2018.0	6687.0	0.2235421295674031	0.2557033844104822
space_ranger	ENSG00000165480	1321.0	21331.0	0.0746086358228163	0.09373685136306487
space_ranger	ENSG00000113558	69769.0	40831.0	0.007701041007261017	-0.02476975493742376
space_ranger	ENSG00000145604	6240.0	43076.0	0.14306688804525286	0.14189066878137985
space_ranger	ENSG00000018280	854.0	349.0	0.00245015660945783	0.02485491446468022
space_ranger	ENSG00000110911	21421.0	200044.0	0.18456430529400786	0.18085094427345957
space_ranger	ENSG00000064651	5272.0	54248.0	0.06906245195642169	0.058138514401989555
space_ranger	ENSG00000140199	3198.0	8938.0	0.005913701641597573	0.05040968310868317
space_ranger	ENSG00000088386	742.0	5756.0	0.10888192318457916	0.10574865900819409
space_ranger	ENSG00000155380	3834.0	24111.0	0.07526437777727728	0.10118124206737855
space_ranger	ENSG00000168679	1745.0	26157.0	0.1255302920677797	0.12741700214330515
space_ranger	ENSG00000165449	12339.0	75941.0	0.1697319002414514	0.12784303697020666
space_ranger	ENSG00000119899	8824.0	52879.0	0.15252209792178067	0.1448409903895668
space_ranger	ENSG00000165646	201.0	1301.0	0.17827316524797004	0.1439744896862834
space_ranger	ENSG00000173638	1435.0	5102.0	0.03410904717081423	0.07232111805771055
space_ranger	ENSG00000106688	209.0	1073.0	-0.03053136678066857	0.0015958604923080638
space_ranger	ENSG00000110436	140.0	977.0	-0.01026607526903663	0.003913506959509679
space_ranger	ENSG00000079215	1245.0	1673.0	0.09453115722457273	0.08673488651128632
space_ranger	ENSG00000105281	10240.0	39344.0	0.14988456305463194	0.18533933983393258
space_ranger	ENSG00000168575	3375.0	28514.0	0.030191087589340644	0.02967450851638468
space_ranger	ENSG00000197208	211.0	2347.0	0.011604010099160256	0.002191047941192225
space_ranger	ENSG00000197375	1045.0	27924.0	-0.004047871304195091	0.00878019006942823
space_ranger	ENSG00000089057	2135.0	17387.0	0.1393618603378679	0.08902879556962792
space_ranger	ENSG00000074621	1360.0	27618.0	0.011879285491325262	-0.011156829358144138
space_ranger	ENSG00000100075	7385.0	145996.0	0.21969231203390654	0.20613954906274157
space_ranger	ENSG00000183048	5693.0	42222.0	0.037282111662702566	0.04028601095211434
space_ranger	ENSG00000108528	11505.0	54183.0	0.06576832665254002	0.038214076008871556
space_ranger	ENSG00000004864	6524.0	101390.0	0.09792902702111529	0.070403405520678
space_ranger	ENSG00000100372	2605.0	18626.0	0.05118267938679857	0.06249449646732849
space_ranger	ENSG00000013306	8682.0	67492.0	-0.023317645131567404	-0.014675051435422162
space_ranger	ENSG00000151729	11135.0	39271.0	0.09175210550374677	0.09506149712864093
space_ranger	ENSG00000075303	3788.0	9778.0	0.06888204952422393	0.07942006433441438
space_ranger	ENSG00000155850	11756.0	61749.0	0.43034990703685816	0.4681337149516994
space_ranger	ENSG00000091138	53247.0	167.0	0.033353705812656606	0.020192537807429606
space_ranger	ENSG00000112759	12798.0	187741.0	0.07264345072934596	0.08060944054829647
space_ranger	ENSG00000198246	2448.0	32855.0	0.04654192844088484	0.05014798541802453
space_ranger	ENSG00000117394	38140.0	308150.0	0.2420224799522832	0.2553548068136722
space_ranger	ENSG00000059804	2787.0	7287.0	0.16151294266253544	0.08632197425680209
space_ranger	ENSG00000125520	60146.0	365879.0	0.14160126864454084	0.10334277020981246
space_ranger	ENSG00000109667	1063.0	11642.0	-0.01994936458319685	-0.011502294773914326
space_ranger	ENSG00000162695	5512.0	18504.0	0.07214760380965929	0.05472012741168783
space_ranger	ENSG00000127526	11432.0	110567.0	0.03994596647893655	0.05088914749597495
space_ranger	ENSG00000168917	189.0	2441.0	0.04427624702823284	0.05251688880689434
space_ranger	ENSG00000137700	4410.0	23756.0	0.03402984339277898	0.03080044162036146
space_ranger	ENSG00000103042	1184.0	22769.0	0.0769863726946253	0.07149621989131763
space_ranger	ENSG00000133195	2754.0	24966.0	0.04587255879093631	0.058059221542834216
space_ranger	ENSG00000138821	16594.0	63149.0	0.407184097575314	0.4149387341468516
space_ranger	ENSG00000029364	8471.0	74133.0	0.05093172222179575	0.01640216650280423
space_ranger	ENSG00000168003	15085.0	111906.0	0.034915371262824624	0.08048291532854324
space_ranger	ENSG00000138449	8615.0	64842.0	0.32631021004286975	0.3442773938020619
space_ranger	ENSG00000167703	7649.0	47937.0	0.03982060100341052	0.020685898735825284
space_ranger	ENSG00000163798	4109.0	38464.0	0.028057422350439804	0.03476213148504144
space_ranger	ENSG00000100170	1279.0	17590.0	0.2842938923711771	0.2838374932362011
space_ranger	ENSG00000140675	462.0	769.0	0.03060480702219084	0.0477371291942064
space_ranger	ENSG00000198743	14446.0	228871.0	0.19301154035267978	0.1851218946000223
space_ranger	ENSG00000105641	154.0	1841.0	0.08522896828460619	0.05158886919581329
space_ranger	ENSG00000111181	745.0	3849.0	0.07419823489354632	0.08161789880904702
space_ranger	ENSG00000196517	1532.0	37359.0	0.03411427345846141	0.045164132044843264
space_ranger	ENSG00000151012	3501.0	4944.0	0.0860720350909368	0.1017320059538772
space_ranger	ENSG00000103257	3928.0	14785.0	0.10117653476899738	0.10698703592827286
space_ranger	ENSG00000155465	1138.0	11232.0	0.0761557219717054	0.06682036583032501
space_ranger	ENSG00000090020	2084.0	45503.0	0.047838834528763904	0.057455734076563396
space_ranger	ENSG00000109062	25430.0	83213.0	0.2969874193253668	0.3921421825660304
space_ranger	ENSG00000065054	3561.0	66763.0	0.08890661987617987	0.0815903755859661
space_ranger	ENSG00000137491	1190.0	26953.0	0.16460709963741954	0.09101337528733489
space_ranger	ENSG00000172716	3658.0	15074.0	0.10196961562226109	0.11686785730816025
space_ranger	ENSG00000166750	10182.0	64217.0	0.16921650057115967	0.13076361157299124
space_ranger	ENSG00000145147	5487.0	42094.0	0.12995647471319463	0.1455850695016293
space_ranger	ENSG00000184347	9376.0	53312.0	0.13262300713447517	0.12355046316719728
space_ranger	ENSG00000163681	6287.0	49545.0	0.010842671356316457	0.03135088169463842
space_ranger	ENSG00000170365	6845.0	17899.0	0.024005914670280994	0.03076302600106835
space_ranger	ENSG00000175387	13151.0	114153.0	0.09164633730045094	0.1254661513279556
space_ranger	ENSG00000166949	3386.0	64923.0	0.054504284733180634	0.06285839058289565
space_ranger	ENSG00000141646	10581.0	63233.0	0.11390713085158946	0.07623621088021927
space_ranger	ENSG00000101665	5909.0	31002.0	0.13132041287415952	0.10714402657881103
space_ranger	ENSG00000084070	1848.0	30327.0	0.02681287075977925	0.035696883625076455
space_ranger	ENSG00000102038	8752.0	99864.0	0.05066156853835954	0.06158940384127476
space_ranger	ENSG00000080503	3050.0	31354.0	0.19706879455419463	0.19227031060743086
space_ranger	ENSG00000127616	49547.0	1352845.0	0.09389091971492182	0.14947534989687192
space_ranger	ENSG00000153147	20227.0	99127.0	0.06652286589017972	0.08458810800828057
space_ranger	ENSG00000163104	6336.0	32016.0	0.02582342374062495	0.014506804145895844
space_ranger	ENSG00000138375	2959.0	41133.0	-0.03632242984271363	-0.026297270371464353
space_ranger	ENSG00000099956	15761.0	152774.0	0.1769372990916502	0.20957202829307953
space_ranger	ENSG00000173473	20891.0	266014.0	0.07705975309447954	0.03648882928373259
space_ranger	ENSG00000073584	10887.0	37992.0	0.08718968921365063	0.02719589418832799
space_ranger	ENSG00000072501	10814.0	226289.0	0.0829383320968923	0.07732379334625401
space_ranger	ENSG00000108055	17367.0	107150.0	0.15290528896316385	0.11861433345852503
space_ranger	ENSG00000113810	34246.0	113185.0	0.24224392245463916	0.21863787034242638
space_ranger	ENSG00000101596	13329.0	26852.0	0.029893795263613313	0.0074081097304948065
space_ranger	ENSG00000172062	162.0	28038.0	-0.020886670435117008	-0.015603052092636654
space_ranger	ENSG00000205571	118.0	94342.0	0.023516473014110875	0.03692256934545428
space_ranger	ENSG00000128602	8629.0	150764.0	0.09378598129244176	0.1109248780611289
space_ranger	ENSG00000112562	3489.0	12044.0	0.3862842612559757	0.2673891373409429
space_ranger	ENSG00000088826	769.0	13748.0	0.050609980219042304	0.03421587318317933
space_ranger	ENSG00000166311	2403.0	30253.0	0.07080070294901235	0.04411832480568958
space_ranger	ENSG00000103056	166.0	1619.0	0.11327056775810265	0.05475515293578774
space_ranger	ENSG00000130768	2700.0	25542.0	0.12173557604697327	0.12194724971257302
space_ranger	ENSG00000183963	3585.0	50018.0	0.061335075541267006	0.03177766342917193
space_ranger	ENSG00000198742	5097.0	76326.0	-0.017521480873421615	-0.0048216183897190614
space_ranger	ENSG00000108854	4589.0	58666.0	0.03543352759743896	0.03989999791282697
space_ranger	ENSG00000185420	3829.0	41365.0	0.02683566769328354	0.03143763731427185
space_ranger	ENSG00000124216	339.0	2924.0	0.05386611925711531	0.02328947029313978
space_ranger	ENSG00000019549	779.0	17569.0	0.31684374334022775	0.2187298077900844
space_ranger	ENSG00000092531	7861.0	30858.0	0.13601541647337098	0.11997053173203677
space_ranger	ENSG00000132639	1530.0	14133.0	0.1496726176451113	0.11767224645836166
space_ranger	ENSG00000143740	3232.0	24357.0	0.08033047667634384	0.045895225226019715
space_ranger	ENSG00000145335	1321.0	623.0	0.029372765469261035	0.0330471337090072
space_ranger	ENSG00000197157	25005.0	701613.0	0.1399838921259041	0.18074040883979642
space_ranger	ENSG00000255717	5288.0	66414.0	0.026499832732768902	0.010826833099849874
space_ranger	ENSG00000174365	5284.0	2346.0	-0.021415463804879457	-0.0181668168452032
space_ranger	ENSG00000232956	5118.0	45939.0	-0.06601466512538194	0.00751902300552884
space_ranger	ENSG00000196756	15955.0	16089.0	0.09575443622366865	0.0925034515440252
space_ranger	ENSG00000269893	15673.0	4653.0	0.045044254115202895	0.07564025227533373
space_ranger	ENSG00000144028	41529.0	333413.0	0.14060043688163684	0.07788991512277658
space_ranger	ENSG00000125835	56823.0	273690.0	0.1878682476486685	0.24611576026030835
space_ranger	ENSG00000167088	34736.0	15248.0	0.10044203113139998	0.10824075585333177
space_ranger	ENSG00000100028	27645.0	26792.0	0.1855847506008207	0.1459233677738899
space_ranger	ENSG00000168807	5616.0	63802.0	0.07653825994442012	0.023801713265023155
space_ranger	ENSG00000273173	610.0	69417.0	0.033298260463956446	-0.0206977311437902
space_ranger	ENSG00000028528	11749.0	115829.0	0.09297747704967295	0.005013742859513917
space_ranger	ENSG00000086300	802.0	1835.0	0.11076630649397595	0.07303692049664817
space_ranger	ENSG00000002919	1808.0	18125.0	0.01824278020662736	0.03189765038980633
space_ranger	ENSG00000110025	3112.0	21459.0	0.053409072352366777	0.06383859677232863
space_ranger	ENSG00000104497	1767.0	11273.0	0.06753615267414975	0.07701011175300394
space_ranger	ENSG00000115234	15024.0	167747.0	0.07227744585362253	0.055026200503305214
space_ranger	ENSG00000120451	4001.0	19733.0	0.028719514474117875	0.01761258470527867
space_ranger	ENSG00000143376	5328.0	66293.0	0.012956385833819365	0.011148779125389795
space_ranger	ENSG00000048471	5236.0	132041.0	0.057822759933991066	0.07174993875377295
space_ranger	ENSG00000148158	1890.0	21362.0	0.0010961611616765697	0.008039557695333535
space_ranger	ENSG00000173548	1901.0	51670.0	0.0263930033637845	-0.031739074651429625
space_ranger	ENSG00000114520	10929.0	21035.0	0.07037121006038986	0.05972609457973168
space_ranger	ENSG00000106266	3479.0	23287.0	-0.010335853439703089	0.002092733031016926
space_ranger	ENSG00000057252	5221.0	20660.0	0.05173866968149517	0.06416760566751041
space_ranger	ENSG00000185338	2594.0	15008.0	0.11885244731453262	0.10100616584378726
space_ranger	ENSG00000120833	458.0	6549.0	0.05063379094482947	0.06927082923534524
space_ranger	ENSG00000184557	3307.0	59872.0	0.41111257763454856	0.27793199291648796
space_ranger	ENSG00000142168	45231.0	242787.0	0.18015633328201722	0.08243778461258348
space_ranger	ENSG00000109610	1721.0	5966.0	0.18753475194553576	0.1694047700468476
space_ranger	ENSG00000184985	831.0	3065.0	0.41180188285989466	0.1576099983566411
space_ranger	ENSG00000140263	1811.0	72130.0	0.10984193719126736	0.12485371756896844
space_ranger	ENSG00000137642	54388.0	324615.0	0.33225618207078833	0.42555886984406394
space_ranger	ENSG00000134243	20017.0	72082.0	0.26159843781793607	0.26484874781861517
space_ranger	ENSG00000115904	8825.0	45669.0	0.06017180990033823	0.06268172166125088
space_ranger	ENSG00000171243	1461.0	5159.0	0.10139883850680084	0.12410430189148694
space_ranger	ENSG00000164736	34339.0	339048.0	0.2884155954026542	0.3448116022492113
space_ranger	ENSG00000203883	2098.0	10257.0	0.11550795054649826	0.10938148047568137
space_ranger	ENSG00000242808	158.0	5074.0	-0.0013911079637222695	0.010945684204447676
space_ranger	ENSG00000039600	179.0	1358.0	0.047033799470042374	0.05831970721231454
space_ranger	ENSG00000134532	3141.0	26086.0	0.17099488673765229	0.1754495806791454
space_ranger	ENSG00000110693	7985.0	22291.0	0.046743872154092696	0.04176715254347258
space_ranger	ENSG00000125398	7865.0	45849.0	0.16681522674571983	0.15970089698849732
space_ranger	ENSG00000185591	6695.0	229067.0	0.09218059024707714	0.10949579528173765
space_ranger	ENSG00000135899	1630.0	30887.0	0.14201096396058507	0.1372999067296828
space_ranger	ENSG00000079263	102.0	3916.0	0.0016634486960445845	-0.012356787164775085
space_ranger	ENSG00000172845	28267.0	195217.0	0.015822943530320762	0.033323131597713204
space_ranger	ENSG00000064199	2110.0	1663.0	-0.0005381112508353585	0.023344904526171228
space_ranger	ENSG00000235387	416.0	6418.0	0.0929504704336975	0.0899689557808311
space_ranger	ENSG00000104450	4397.0	17877.0	0.11267163316653947	0.11642496859347358
space_ranger	ENSG00000155761	1197.0	18121.0	0.035034956331728144	0.04597692898217439
space_ranger	ENSG00000076382	4087.0	32567.0	0.06427939674791316	0.06499130224010058
space_ranger	ENSG00000077327	1629.0	20397.0	0.10755685066386994	0.14097478062484003
space_ranger	ENSG00000137098	500.0	5728.0	0.005977534099015122	0.016125878032030343
space_ranger	ENSG00000133104	10521.0	106149.0	0.05703618649490033	0.05396500318682082
space_ranger	ENSG00000163071	1688.0	9703.0	0.1985259933552499	0.2230797900982457
space_ranger	ENSG00000145375	1666.0	32520.0	0.0034883496930821975	0.053690782794694095
space_ranger	ENSG00000171763	2638.0	17163.0	0.04326264485688755	0.043128599240529086
space_ranger	ENSG00000042317	1297.0	13220.0	0.024747573936853617	0.04160252847286915
space_ranger	ENSG00000123352	8487.0	109261.0	0.03422055357132525	0.0596378362879556
space_ranger	ENSG00000196141	4003.0	39312.0	0.1295955677981823	0.14032906841700984
space_ranger	ENSG00000163806	223.0	458.0	0.042006124667529766	0.03410441602173144
space_ranger	ENSG00000128487	2257.0	44503.0	0.031052548508699998	0.024517425473818917
space_ranger	ENSG00000100014	4634.0	94899.0	0.05056197261040188	0.06818483096199182
space_ranger	ENSG00000176170	1386.0	12602.0	0.1772065800283197	0.16940173833200978
space_ranger	ENSG00000066336	480.0	5210.0	0.08171146147889666	0.09257029519551425
space_ranger	ENSG00000163611	10976.0	104250.0	0.10339817703716339	0.05043319324027057
space_ranger	ENSG00000106723	22514.0	131038.0	0.13675084218906144	0.0850298416834082
space_ranger	ENSG00000204271	1300.0	7640.0	-0.0060520576316546604	0.027666908663031516
space_ranger	ENSG00000197471	220.0	2548.0	0.0761226202536038	0.043740092518760786
space_ranger	ENSG00000152377	725.0	1160.0	0.11652729044089603	0.1010263757995066
space_ranger	ENSG00000262655	174815.0	918237.0	0.5262098312438234	0.4962547041937885
space_ranger	ENSG00000159674	1530.0	14523.0	0.27686716503755254	0.15982057850775494
space_ranger	ENSG00000138600	6372.0	20178.0	-0.012890683439593988	0.005099824734207531
space_ranger	ENSG00000136158	8501.0	5817.0	0.12425778796084413	0.1478919477041345
space_ranger	ENSG00000123178	1238.0	751.0	0.02760947559185834	0.046955049869146545
space_ranger	ENSG00000115306	12011.0	104918.0	0.2230571966914469	0.1652450910646022
space_ranger	ENSG00000104549	12858.0	90790.0	0.2537584522289712	0.251863403802363
space_ranger	ENSG00000161011	24084.0	42266.0	0.12365634129543507	0.11313796819368335
space_ranger	ENSG00000213523	7029.0	58479.0	0.0459859190734128	0.0307674011020848
space_ranger	ENSG00000197122	2437.0	25919.0	-0.024268261053030225	-0.042995267512239345
space_ranger	ENSG00000080603	9723.0	121270.0	0.004446764831095188	-0.06518324863647547
space_ranger	ENSG00000277363	189.0	6983.0	-0.005896526457671436	0.01827880450628404
space_ranger	ENSG00000145545	2219.0	8296.0	0.01749844254474786	0.0406275590100901
space_ranger	ENSG00000128039	4036.0	16884.0	0.03967617990775491	0.05321506621516645
space_ranger	ENSG00000072310	15118.0	112630.0	0.1756391640879614	0.16184307377791826
space_ranger	ENSG00000198911	10655.0	177457.0	0.18459262784066346	0.18315510306900387
space_ranger	ENSG00000112658	6432.0	63906.0	0.020280399216032065	0.023033296610833334
space_ranger	ENSG00000151304	2051.0	17885.0	0.030694820232754556	-0.0011007238425691263
space_ranger	ENSG00000075142	28180.0	139154.0	0.13598129201847273	0.13875048246307764
space_ranger	ENSG00000096063	14406.0	75449.0	0.1676410018171133	0.13885609625922102
space_ranger	ENSG00000101955	1272.0	11255.0	0.14497395403966504	0.08840869880741785
space_ranger	ENSG00000136450	20098.0	128947.0	0.07461588773455989	0.04073107490838963
space_ranger	ENSG00000161547	49550.0	47058.0	0.08881301657060657	0.08699833916338368
space_ranger	ENSG00000141380	12987.0	111073.0	0.12246543108287136	0.13262698990334826
space_ranger	ENSG00000138385	36964.0	124477.0	0.16760853895333314	0.1345783617822937
space_ranger	ENSG00000157216	29647.0	262517.0	-0.028645063796624386	0.03701568112281177
space_ranger	ENSG00000149136	13920.0	122958.0	0.029204738012038805	0.05394102947079264
space_ranger	ENSG00000278195	629.0	3808.0	-0.0031880465841571237	0.03935174493706488
space_ranger	ENSG00000117155	10352.0	90381.0	0.16402033584851866	0.1194140181473912
space_ranger	ENSG00000149418	59955.0	589276.0	0.31616275694516366	0.3304558845089144
space_ranger	ENSG00000073849	7677.0	23432.0	0.14750796488395038	0.1399895009655622
space_ranger	ENSG00000010327	1909.0	40367.0	0.19269948310075014	0.13675096627900502
space_ranger	ENSG00000185482	234.0	5580.0	0.004187325411979598	0.02437575350568706
space_ranger	ENSG00000147465	1947.0	13157.0	0.3524568537874693	0.2586067720854364
space_ranger	ENSG00000115415	38034.0	590588.0	0.3216739309859059	0.34806833339523585
space_ranger	ENSG00000170581	28229.0	313408.0	0.32877526196143525	0.4227078087730313
space_ranger	ENSG00000168610	6409.0	136375.0	0.12315306802033459	0.13163573862158381
space_ranger	ENSG00000126561	1197.0	13371.0	0.1671298570293456	0.12675960882794662
space_ranger	ENSG00000173757	1322.0	11073.0	0.07561796945432955	0.0567384150264541
space_ranger	ENSG00000166888	7491.0	224964.0	0.18036838485471773	0.19920669573057392
space_ranger	ENSG00000124214	23627.0	456468.0	0.10859368968071059	0.026661475120443538
space_ranger	ENSG00000040341	9101.0	50772.0	0.09900538708578736	0.10386347488988265
space_ranger	ENSG00000113739	2975.0	61077.0	0.11538856638180886	0.11055638463883428
space_ranger	ENSG00000164647	1666.0	12490.0	0.23513804480205885	0.24672001921746547
space_ranger	ENSG00000123473	7287.0	33134.0	0.13339910638939273	0.10086409948256095
space_ranger	ENSG00000167323	2325.0	31886.0	0.10929174205950146	0.1170177005298767
space_ranger	ENSG00000109689	1925.0	28291.0	0.07101897301568728	0.04508977698845826
space_ranger	ENSG00000118046	9801.0	75186.0	0.020718715975991835	0.04818562449091491
space_ranger	ENSG00000115661	2441.0	34422.0	0.024461378602021557	0.009421304127701978
space_ranger	ENSG00000104375	7860.0	26621.0	0.04408488997044492	0.05188415965051673
space_ranger	ENSG00000196335	2903.0	31986.0	0.12667391834025346	0.13580548243024063
space_ranger	ENSG00000169302	545.0	2644.0	0.03594520996299614	0.048658105942796744
space_ranger	ENSG00000165752	1394.0	11111.0	-0.002273589899476104	0.0060500901880564855
space_ranger	ENSG00000130413	1485.0	8932.0	0.013556623249918773	0.01821230821997399
space_ranger	ENSG00000125834	6223.0	57999.0	0.023226744675464813	0.03711065095303641
space_ranger	ENSG00000198648	3775.0	19956.0	0.02543994215089387	0.035214073555338565
space_ranger	ENSG00000101109	3206.0	36720.0	0.010696506517508114	-0.011046510014005745
space_ranger	ENSG00000196182	12958.0	178722.0	0.1781664061787791	0.1386974786603981
space_ranger	ENSG00000117632	66687.0	213211.0	0.20505670775734805	0.25648730942448356
space_ranger	ENSG00000197457	910.0	14478.0	0.1355212907315368	0.10874358643253947
space_ranger	ENSG00000067221	1385.0	5276.0	0.0286936086357356	0.02755261180494677
space_ranger	ENSG00000143093	3070.0	73362.0	0.02909173398091603	0.01393007700436547
space_ranger	ENSG00000128578	312.0	10041.0	0.0058497981205979585	0.013687926217663583
space_ranger	ENSG00000196792	8321.0	39591.0	0.07178341359820387	0.03102084374922725
space_ranger	ENSG00000090372	1954.0	45427.0	0.0914657073715528	0.10508371817021253
space_ranger	ENSG00000101846	1313.0	4773.0	0.032399389682468395	0.026449565446214733
space_ranger	ENSG00000103266	8698.0	85116.0	0.14275414989219365	0.10595397573963418
space_ranger	ENSG00000135604	117.0	381.0	0.02059390495701506	0.05441937680185594
space_ranger	ENSG00000106089	1115.0	23958.0	0.03506140738325138	0.01658511303623208
space_ranger	ENSG00000079950	9796.0	75109.0	0.05879536952198232	0.08190070176989092
space_ranger	ENSG00000166263	1438.0	16656.0	0.047932894637571916	0.060923181506125704
space_ranger	ENSG00000164506	3360.0	16436.0	0.03711834050768776	0.06174287065889435
space_ranger	ENSG00000060140	533.0	4543.0	-0.014419257799220766	0.020473863171568414
space_ranger	ENSG00000175600	1127.0	18642.0	0.04220161222550992	0.05977450260594422
space_ranger	ENSG00000064607	20738.0	247805.0	-0.010919698528328657	0.030215363357001486
space_ranger	ENSG00000137573	1866.0	22842.0	0.1757009210173675	0.1487800381125583
space_ranger	ENSG00000196562	6785.0	73319.0	0.3134893411608928	0.23103174280569508
space_ranger	ENSG00000196502	2337.0	12858.0	0.009511704563136138	0.02085448148009048
space_ranger	ENSG00000116030	28701.0	69340.0	0.08123683081780281	0.02516150364101998
space_ranger	ENSG00000156502	8062.0	36160.0	0.09836377045864078	0.04047256447961413
space_ranger	ENSG00000148296	7122.0	48956.0	0.012385142363319855	0.008711338815947824
space_ranger	ENSG00000101945	2273.0	56751.0	0.15922476336039898	0.1708506026892547
space_ranger	ENSG00000122012	3169.0	34007.0	0.244504096654477	0.2411108594452673
space_ranger	ENSG00000165124	562.0	1661.0	0.06054574887410143	0.0825065171207963
space_ranger	ENSG00000197321	7358.0	67921.0	0.1091697277801956	0.1412771697853335
space_ranger	ENSG00000116668	1603.0	18440.0	0.07415402578860578	0.06871975810103569
space_ranger	ENSG00000165025	8397.0	44191.0	0.1157532390350145	0.10996403954230226
space_ranger	ENSG00000135316	46248.0	335119.0	0.11783287409471319	0.123148795542241
space_ranger	ENSG00000182253	410.0	3663.0	0.05928750132302497	0.0501799904720679
space_ranger	ENSG00000172403	888.0	12563.0	0.32159270700932674	0.154300194045922
space_ranger	ENSG00000275066	6214.0	18106.0	0.009765297770032367	0.03232084088798129
space_ranger	ENSG00000102003	213.0	7241.0	0.09706190145115708	0.1056368774420753
space_ranger	ENSG00000137501	736.0	8634.0	0.1006259039754426	0.09024546890963099
space_ranger	ENSG00000162298	6310.0	42141.0	0.10287674416902651	0.09129300463563265
space_ranger	ENSG00000100324	1653.0	28475.0	0.08832796515231925	0.07269032828592074
space_ranger	ENSG00000055208	16092.0	95942.0	0.18584628953821572	0.11389895757409711
space_ranger	ENSG00000138162	4721.0	96312.0	0.0004076248825284519	0.029900514642977757
space_ranger	ENSG00000075073	555.0	2596.0	0.046366801467577066	0.042923069996092245
space_ranger	ENSG00000276234	2392.0	43170.0	0.06554178117594318	0.06092868598193983
space_ranger	ENSG00000147133	7644.0	90687.0	0.0016125701786956874	0.0413664059698014
space_ranger	ENSG00000219438	637.0	4711.0	0.17937151071766402	0.13598351767134756
space_ranger	ENSG00000183597	939.0	17109.0	0.033630383469229044	0.05388536416271049
space_ranger	ENSG00000168394	7554.0	72423.0	0.3242984041318419	0.29851864049775184
space_ranger	ENSG00000204267	2979.0	74696.0	0.20836844853956027	0.15207236429867346
space_ranger	ENSG00000120948	23657.0	311637.0	0.06681767085112018	-0.027611922204474858
space_ranger	ENSG00000163946	10028.0	71228.0	0.07698900006563283	0.010975755597997263
space_ranger	ENSG00000108021	8097.0	18106.0	0.024209262373755043	0.0478459922405849
space_ranger	ENSG00000065491	5597.0	107142.0	0.12252986268005871	0.06893249635598478
space_ranger	ENSG00000111490	406.0	4142.0	0.041166876184706935	0.07016614116952817
space_ranger	ENSG00000133138	850.0	9648.0	0.045135065463109456	0.03401195242629136
space_ranger	ENSG00000145348	4263.0	104008.0	0.0585590811672431	0.044314741808151835
space_ranger	ENSG00000183735	3372.0	19554.0	-0.03305309692432949	-0.002224554454322928
space_ranger	ENSG00000106638	5436.0	73483.0	0.07542779461631809	0.07849511331048444
space_ranger	ENSG00000112592	2936.0	30902.0	0.06834739908656284	0.05883046250993209
space_ranger	ENSG00000136270	15063.0	117965.0	0.06620013608172322	0.06893465157545743
space_ranger	ENSG00000143178	248.0	5586.0	0.0019367668944512799	-0.013971359769232451
space_ranger	ENSG00000121068	1879.0	10078.0	0.11100601582447209	0.10623373390533278
space_ranger	ENSG00000135111	1667.0	5876.0	0.09438134614101239	0.13536451011892914
space_ranger	ENSG00000006638	200.0	1394.0	0.02981658975775475	0.04363817454751918
space_ranger	ENSG00000059377	751.0	3094.0	-0.03208390170303577	-0.01730952147990356
space_ranger	ENSG00000165929	8562.0	48198.0	0.15704653054439455	0.13760041970923279
space_ranger	ENSG00000204219	2788.0	44448.0	0.07409014711090486	0.08381965897849172
space_ranger	ENSG00000176896	419.0	2728.0	-0.027411525523867636	-0.011030125561041234
space_ranger	ENSG00000116205	2825.0	6745.0	0.026051757256348607	0.04186860631254061
space_ranger	ENSG00000100207	4003.0	112277.0	-0.005405998336298852	-0.003747496836782953
space_ranger	ENSG00000118526	1660.0	29423.0	0.4845041471990932	0.34247868380778096
space_ranger	ENSG00000071564	5548.0	21063.0	-0.006483857788310128	0.027074982785976125
space_ranger	ENSG00000196628	5753.0	58486.0	0.134292693535138	0.1362202283076475
space_ranger	ENSG00000081059	1720.0	10565.0	0.06614836011647873	0.05910153437717365
space_ranger	ENSG00000148737	8720.0	67162.0	0.03296454861419717	0.024117548708678358
space_ranger	ENSG00000101190	7164.0	12773.0	0.022382224340299253	0.025456419311381435
space_ranger	ENSG00000176907	2340.0	15671.0	0.11264095857202243	0.0831248425312695
space_ranger	ENSG00000070814	3640.0	36796.0	-0.012994088856624815	-0.01207189239302375
space_ranger	ENSG00000120438	23120.0	103740.0	0.11102492225474173	0.07786613302619133
space_ranger	ENSG00000241186	383.0	7158.0	0.07164645263375229	0.07010137477712367
space_ranger	ENSG00000151790	216.0	2043.0	0.05173184679570534	0.025861695268975766
space_ranger	ENSG00000083544	2926.0	50472.0	0.014327468556370876	0.015012491649847462
space_ranger	ENSG00000196116	1901.0	15585.0	0.06024428382119747	0.06208270597534649
space_ranger	ENSG00000135605	4241.0	91029.0	0.21476237520419292	0.22569558667994324
space_ranger	ENSG00000205356	1684.0	30357.0	0.01392746660948297	0.007923645509803586
space_ranger	ENSG00000185347	2926.0	44823.0	0.05556186175073381	0.03449602399388779
space_ranger	ENSG00000172171	1767.0	38063.0	0.0021824349436030616	-0.008738222181253641
space_ranger	ENSG00000120156	726.0	8893.0	0.041769216106150364	0.04372491601805831
space_ranger	ENSG00000167858	859.0	12105.0	0.1529446111505344	0.18612719138939862
space_ranger	ENSG00000125409	120.0	518.0	0.0476519449192029	0.048222643616987054
space_ranger	ENSG00000163060	155.0	2539.0	0.07316740028797893	0.06521661795534786
space_ranger	ENSG00000100726	5041.0	52018.0	-0.011701253129286517	0.01392799106440091
space_ranger	ENSG00000158246	462.0	5099.0	0.03222517362367176	0.03202882896076783
space_ranger	ENSG00000183508	1882.0	11701.0	0.008961040116275246	0.050139084758586715
space_ranger	ENSG00000147601	3269.0	33511.0	0.04532484734502366	0.04381471761923176
space_ranger	ENSG00000132604	3793.0	50425.0	0.011364594344195192	0.008133682569303174
space_ranger	ENSG00000135269	9208.0	100095.0	0.13992536176339193	0.14639908620928818
space_ranger	ENSG00000070759	1807.0	5279.0	0.008143399317407549	0.02352432227323409
space_ranger	ENSG00000138336	2461.0	27784.0	0.0318153338024495	0.022216113359959523
space_ranger	ENSG00000168769	2955.0	24951.0	0.03621962851115501	0.04278618581059638
space_ranger	ENSG00000120498	675.0	3383.0	-0.008032174363346155	0.028298552353871697
space_ranger	ENSG00000121101	178.0	1083.0	-0.013381935688215415	-0.029077997049988286
space_ranger	ENSG00000151287	1595.0	1245.0	0.0022706373096510676	0.039943190457504385
space_ranger	ENSG00000108064	17477.0	79621.0	0.13857980109333887	0.08380783144682608
space_ranger	ENSG00000137203	673.0	8014.0	0.08165579027377412	0.0901739369418005
space_ranger	ENSG00000068323	8796.0	252969.0	0.47393162211804335	0.5123882797347507
space_ranger	ENSG00000112561	4344.0	38904.0	0.10227193611696411	0.10848963716691205
space_ranger	ENSG00000003436	1107.0	8619.0	0.15702156642690163	0.1330284403568909
space_ranger	ENSG00000105825	2932.0	10479.0	0.14295757744409	0.16654994764783118
space_ranger	ENSG00000106327	112.0	715.0	0.043585178808326665	0.023947663697656413
space_ranger	ENSG00000072274	18276.0	91447.0	0.16633046748480784	0.14685846839855649
space_ranger	ENSG00000163235	5975.0	19335.0	0.15432640676519788	0.16723681895745351
space_ranger	ENSG00000105329	1095.0	5305.0	0.03808254649898098	-0.003230509234086257
space_ranger	ENSG00000140682	1615.0	11528.0	0.12789138558312552	0.058553058502864616
space_ranger	ENSG00000092969	1176.0	62130.0	0.11409599209416153	0.10511180136260667
space_ranger	ENSG00000119699	690.0	9926.0	0.056336169352120706	0.07048953773692375
space_ranger	ENSG00000106799	14506.0	52775.0	0.12760938449902026	0.07861845974131272
space_ranger	ENSG00000163513	11710.0	105202.0	0.17064680795437823	0.17248499481106408
space_ranger	ENSG00000069702	5756.0	63160.0	0.19176696254656472	0.20393913303073502
space_ranger	ENSG00000092295	938.0	12423.0	0.14629062168799656	0.1436520814583216
space_ranger	ENSG00000198959	16535.0	42039.0	0.22192592946056552	0.2898665671114961
space_ranger	ENSG00000168286	5174.0	65020.0	0.11372682695242069	0.07518210669373579
space_ranger	ENSG00000173451	2243.0	2643.0	0.013059690507609707	0.03814640912505812
space_ranger	ENSG00000041988	2866.0	14709.0	0.02285148638076499	0.020792696315828915
space_ranger	ENSG00000178726	680.0	1361.0	0.12353047522110297	0.0998476852472156
space_ranger	ENSG00000137801	2646.0	67243.0	0.34238320215997636	0.2285776598828383
space_ranger	ENSG00000186340	1276.0	8492.0	0.3703835594079133	0.19661322482906624
space_ranger	ENSG00000130193	2908.0	5261.0	-0.0022506224334940123	0.018349053344616707
space_ranger	ENSG00000130775	4268.0	51192.0	0.0390710336083312	0.06393214288468936
space_ranger	ENSG00000126351	5516.0	52698.0	0.018900360260654177	0.018438007589205073
space_ranger	ENSG00000151090	6946.0	24550.0	0.09306870760227476	0.13735628765787666
space_ranger	ENSG00000134077	5677.0	73732.0	0.10327242713807586	0.054811249169843736
space_ranger	ENSG00000154096	22214.0	225349.0	0.3740633955862588	0.468969745129307
space_ranger	ENSG00000151500	3773.0	19031.0	0.02342856169635495	0.037448535386542074
space_ranger	ENSG00000156299	4159.0	9353.0	0.08285119894049299	0.10978616317808025
space_ranger	ENSG00000146426	4200.0	13042.0	0.03782941113426381	0.026136514297042616
space_ranger	ENSG00000127666	559.0	5045.0	0.032175522470992646	0.008992356321611598
space_ranger	ENSG00000243414	691.0	4028.0	-0.03335721410376885	-0.008402432818790287
space_ranger	ENSG00000140534	2214.0	26667.0	0.06073420195427099	0.0853437361020065
space_ranger	ENSG00000066056	1047.0	37407.0	0.060305032188849785	0.0506579984131007
space_ranger	ENSG00000179886	9435.0	15709.0	0.07323142040256506	0.07799017176407845
space_ranger	ENSG00000181847	445.0	4132.0	0.0551497901131898	0.06643507747603017
space_ranger	ENSG00000142444	13072.0	178516.0	0.03171820380902286	-0.0014197113029303765
space_ranger	ENSG00000105197	8838.0	25740.0	0.20050283937880786	0.21659112158705274
space_ranger	ENSG00000035862	14435.0	56785.0	0.2513207004085833	0.2123538995945944
space_ranger	ENSG00000157150	308.0	2346.0	0.03095492327320629	0.05545735200583572
space_ranger	ENSG00000142910	5615.0	67368.0	0.2799541115397517	0.2876431799870629
space_ranger	ENSG00000163659	4497.0	34720.0	0.10186891134872617	0.10457924332439314
space_ranger	ENSG00000150455	543.0	6596.0	-0.015018790174130051	-0.007608822937912099
space_ranger	ENSG00000104067	12248.0	83489.0	0.02227855750116694	0.005856181874698132
space_ranger	ENSG00000119139	13164.0	206143.0	0.1618887466122061	0.17685683811922703
space_ranger	ENSG00000167900	4599.0	34739.0	0.11967313630012497	0.13036368676477478
space_ranger	ENSG00000163931	10195.0	119039.0	0.1378708463479023	0.14852232176614485
space_ranger	ENSG00000007350	444.0	6298.0	0.06878060442900337	0.07601268580078385
space_ranger	ENSG00000198586	18508.0	92080.0	0.12727931224597938	0.06265160638906615
space_ranger	ENSG00000146872	4442.0	49099.0	0.004817235240347618	0.0020004078505549503
space_ranger	ENSG00000174125	318.0	1412.0	0.0017290228499638877	0.027776047933579292
space_ranger	ENSG00000137462	574.0	5958.0	0.008620829824713377	0.032194722747598534
space_ranger	ENSG00000164342	1286.0	7440.0	0.0668322353719113	0.03553807823158262
space_ranger	ENSG00000136869	279.0	4200.0	0.05989255351793117	0.04422148209696914
space_ranger	ENSG00000187554	339.0	3550.0	0.0063579882534356615	0.025786645504414136
space_ranger	ENSG00000174130	136.0	1660.0	-0.013725600605829147	0.001470852775107292
space_ranger	ENSG00000239732	238.0	14181.0	0.03861016071594811	0.020704410814093428
space_ranger	ENSG00000101337	17469.0	325989.0	0.06116689005078607	-0.018895720865253037
space_ranger	ENSG00000198498	5346.0	21507.0	-0.004126158039512724	0.02631165782170277
space_ranger	ENSG00000155957	6891.0	31832.0	0.06626250758220231	0.028586128885588896
space_ranger	ENSG00000166292	12018.0	63667.0	0.35313296716553166	0.31766002504281005
space_ranger	ENSG00000106460	16748.0	37976.0	0.11099989886527324	0.05285201221633481
space_ranger	ENSG00000110108	5796.0	13275.0	-0.002379309373820096	0.008822366224362633
space_ranger	ENSG00000183160	1008.0	16109.0	0.16362319075226905	0.15985726243086112
space_ranger	ENSG00000188735	2520.0	25762.0	0.044180788157406795	0.03831396713416062
space_ranger	ENSG00000152558	24169.0	15383.0	0.03499100512227263	0.049930828644433
space_ranger	ENSG00000171202	1836.0	7557.0	0.029662784959112218	0.03580770553301738
space_ranger	ENSG00000166448	257.0	5125.0	0.09965323611938835	0.08928646716110583
space_ranger	ENSG00000111843	50196.0	320827.0	0.28102629806840895	0.24311869862554852
space_ranger	ENSG00000157600	7834.0	136867.0	0.0334947502194943	0.012687405316729296
space_ranger	ENSG00000184584	2081.0	78591.0	0.247900877068023	0.203552923064093
space_ranger	ENSG00000269556	2621.0	39060.0	0.0773727115291376	0.09247494199309655
space_ranger	ENSG00000170088	3532.0	31184.0	0.04961297416621027	0.04231822633282567
space_ranger	ENSG00000188807	2300.0	10861.0	0.007789818633272444	-0.0021318765220389156
space_ranger	ENSG00000146842	9881.0	65024.0	0.1542363373407586	0.10356968773200878
space_ranger	ENSG00000155755	6062.0	43384.0	0.13492395095643453	0.1227182612455929
space_ranger	ENSG00000109133	9570.0	16385.0	-0.02496928389183886	-0.015906682644831343
space_ranger	ENSG00000176142	11678.0	115830.0	0.08490296068428746	0.05536176646927785
space_ranger	ENSG00000170876	5700.0	5045.0	0.0023632517807592223	0.03332943312560609
space_ranger	ENSG00000181458	3763.0	22530.0	0.14686915351134466	0.12653757008755298
space_ranger	ENSG00000151715	602.0	3125.0	0.02169576377714688	0.05983209478439703
space_ranger	ENSG00000109084	4085.0	39406.0	0.16988610442159802	0.15361793940874488
space_ranger	ENSG00000006042	3296.0	27192.0	0.26710571094204355	0.23838026512511631
space_ranger	ENSG00000175348	4866.0	25972.0	0.05179827153742747	0.07523722486508971
space_ranger	ENSG00000120802	33921.0	148194.0	0.2732915352423456	0.2926759582614733
space_ranger	ENSG00000137747	976.0	10023.0	0.08048711270845185	0.08159249678446394
space_ranger	ENSG00000184012	1345.0	10408.0	0.07468951966409346	0.1060043068105254
space_ranger	ENSG00000187045	129.0	1657.0	0.043556555943097985	0.06403591726601932
space_ranger	ENSG00000139324	3601.0	22980.0	0.12078893623049117	0.12008298737895073
space_ranger	ENSG00000125247	5429.0	43742.0	0.09130928939104486	0.06478640459802773
space_ranger	ENSG00000168591	3302.0	18077.0	0.005382650086216811	-0.008498903395272145
space_ranger	ENSG00000139921	5680.0	24881.0	0.007967032419913481	0.029634569911857134
space_ranger	ENSG00000213593	5721.0	44921.0	0.03896428804411839	0.05363326876793584
space_ranger	ENSG00000041982	153.0	1953.0	0.11352271577532211	0.0665145051354681
space_ranger	ENSG00000232810	137.0	1289.0	-0.005399962991470584	0.027508223838148136
space_ranger	ENSG00000145779	1275.0	2187.0	0.03835789498421876	0.0977359579797778
space_ranger	ENSG00000104689	237.0	9929.0	0.010293703134749647	-0.0164938294631177
space_ranger	ENSG00000120889	2541.0	69505.0	0.07640822092121503	0.05940000829961179
space_ranger	ENSG00000173530	160.0	4381.0	0.007125017837984835	0.049634413177937514
space_ranger	ENSG00000141655	172.0	2453.0	0.004520504431610447	0.022295444729592714
space_ranger	ENSG00000164761	126.0	685.0	0.042078772220937935	0.053264166519364366
space_ranger	ENSG00000006327	20278.0	63635.0	0.29091707683600176	0.3194888769602841
space_ranger	ENSG00000159958	1667.0	45654.0	0.08450782926610341	0.06514705664149383
space_ranger	ENSG00000157873	2999.0	27788.0	0.16961855802468184	0.17174490726459912
space_ranger	ENSG00000186891	2109.0	13527.0	0.2946641165956556	0.29895151304323087
space_ranger	ENSG00000067182	59107.0	169878.0	0.08633840538887813	0.22447419949800027
space_ranger	ENSG00000028137	1050.0	9083.0	0.15561489919018362	0.1728020840943298
space_ranger	ENSG00000146072	3023.0	101135.0	0.060401814729543785	0.08521929338333133
space_ranger	ENSG00000243509	1112.0	2120.0	0.005422969898158593	0.014802518694636394
space_ranger	ENSG00000120949	211.0	674.0	-0.005492486446982608	0.03801820784791338
space_ranger	ENSG00000121858	3904.0	23493.0	0.21251745436700564	0.15438495105702896
space_ranger	ENSG00000239697	932.0	8427.0	0.0913476798190702	0.06191904230978838
space_ranger	ENSG00000161955	2483.0	13844.0	0.09266153954230089	0.09882988368618924
space_ranger	ENSG00000102524	446.0	2485.0	0.12610264669819277	0.07432011747230319
space_ranger	ENSG00000181634	756.0	3543.0	0.10337749461561772	0.12205275025411942
space_ranger	ENSG00000145901	8214.0	78300.0	0.010559505247896074	0.06687848950165377
space_ranger	ENSG00000061938	5207.0	149105.0	0.037961937575065816	0.032487774887585565
space_ranger	ENSG00000173273	4666.0	19969.0	0.01634797582646155	0.031004192762781727
space_ranger	ENSG00000129991	2839.0	15453.0	0.06583572428958546	0.0887571276625225
space_ranger	ENSG00000118194	399.0	20026.0	0.017460798845789084	0.00352733972451371
space_ranger	ENSG00000064419	6532.0	153623.0	0.029422422684676493	0.014908484215490495
space_ranger	ENSG00000111077	2046.0	40838.0	0.0740310180120213	0.04996337984501349
space_ranger	ENSG00000168477	746.0	9471.0	0.2564035248561457	0.11924698157440927
space_ranger	ENSG00000078902	7051.0	12228.0	0.058248691110956846	0.0378820809469654
space_ranger	ENSG00000175662	2070.0	38478.0	0.007772804748269396	0.003801138599194315
space_ranger	ENSG00000025772	10523.0	110592.0	0.05283767011809905	0.06479168517269708
space_ranger	ENSG00000130204	4983.0	4664.0	0.08084954777832062	0.0984621276389189
space_ranger	ENSG00000160949	1903.0	147622.0	0.06571498527165065	0.05532660288009167
space_ranger	ENSG00000198900	27291.0	160994.0	0.06771257921275797	0.10291629178891155
space_ranger	ENSG00000184428	5735.0	82592.0	0.09308293459865599	0.07244590446580515
space_ranger	ENSG00000131747	18375.0	44788.0	0.23049488844660726	0.2084833164532981
space_ranger	ENSG00000077097	22862.0	186387.0	0.10019587398047619	0.13150857715101438
space_ranger	ENSG00000100038	3882.0	116134.0	0.0763672157304105	0.05650305701720539
space_ranger	ENSG00000163781	8727.0	67913.0	0.11292668063653341	0.10853423073382071
space_ranger	ENSG00000136827	6713.0	28336.0	-0.006896278936051938	-0.02457656013681603
space_ranger	ENSG00000186283	6358.0	8667.0	0.04918673472319376	0.04410496060233808
space_ranger	ENSG00000198846	2917.0	12825.0	0.12749439600981205	0.13609935522335553
space_ranger	ENSG00000124191	704.0	10129.0	0.08075907378951168	0.07356194079019708
space_ranger	ENSG00000092203	4951.0	71066.0	0.04181123401901099	0.07939208087989819
space_ranger	ENSG00000141510	22798.0	204568.0	-0.00547584351301586	-0.07545774379135221
space_ranger	ENSG00000067369	8649.0	104562.0	0.015669747258886417	0.018788197377192534
space_ranger	ENSG00000143514	5798.0	62063.0	0.05778716006667484	0.08460457904647269
space_ranger	ENSG00000073282	333.0	2787.0	0.0010707197056260484	0.013896968939667189
space_ranger	ENSG00000078900	1148.0	2013.0	0.07353117187723293	0.07890236065837493
space_ranger	ENSG00000146242	658.0	4278.0	0.18478040618045166	0.15137739592976035
space_ranger	ENSG00000186815	6389.0	164807.0	0.08468139519660958	0.11257938883113987
space_ranger	ENSG00000137364	12523.0	25738.0	0.13430834683568832	0.16208610349639124
space_ranger	ENSG00000171368	318.0	4540.0	0.044781590981878075	0.06663100180804324
space_ranger	ENSG00000159713	2281.0	12290.0	0.06468789668102617	0.05774246408542668
space_ranger	ENSG00000088325	26752.0	174378.0	0.25833941080351874	0.2628113607143312
space_ranger	ENSG00000056558	249.0	3250.0	0.024348498267490276	-0.0028365805149622916
space_ranger	ENSG00000127191	3208.0	58953.0	-0.02299449991715917	-0.023824636732732517
space_ranger	ENSG00000131323	4320.0	11425.0	-0.02701051828945699	0.004654033758170258
space_ranger	ENSG00000056972	2424.0	29847.0	0.03154463211767585	0.06406742354325384
space_ranger	ENSG00000076604	18695.0	123071.0	0.11481555279525711	0.10764333856069998
space_ranger	ENSG00000082512	2427.0	40055.0	0.07857231065420667	0.05046171067413468
space_ranger	ENSG00000175104	1173.0	36368.0	0.03533301120061968	0.015200728041590483
space_ranger	ENSG00000135148	6603.0	47241.0	0.017601631851158928	0.02846049882149103
space_ranger	ENSG00000126602	12065.0	114609.0	0.08971532482096015	0.13517295549275676
space_ranger	ENSG00000211829	741.0	14400.0	0.1960777307934472	0.16334675335795557
space_ranger	ENSG00000124731	287.0	3389.0	0.0005196369205218154	0.04510706905487584
space_ranger	ENSG00000095970	566.0	7120.0	0.044560890703997325	0.11208713057394358
space_ranger	ENSG00000173334	6066.0	9218.0	0.10466940008584533	0.11672621000039049
space_ranger	ENSG00000071575	9683.0	185707.0	0.1759095237425045	0.2247155158309747
space_ranger	ENSG00000101255	1060.0	4608.0	0.05663567929037212	0.051558620149693146
space_ranger	ENSG00000132109	831.0	19336.0	0.059076714717252905	0.057228660398044084
space_ranger	ENSG00000113595	2246.0	16380.0	-0.016138444472388245	-0.026912747874053303
space_ranger	ENSG00000121060	8731.0	132633.0	0.1335530361161582	0.155108259491949
space_ranger	ENSG00000204713	14113.0	90868.0	-0.05993830567462931	-0.008364829337683025
space_ranger	ENSG00000130726	18991.0	208861.0	0.21229717625117467	0.24333354436253352
space_ranger	ENSG00000132481	4917.0	77364.0	0.18428617621551452	0.19901119334710185
space_ranger	ENSG00000132256	3379.0	73321.0	0.1376415851861364	0.10802481019543442
space_ranger	ENSG00000147573	732.0	5363.0	0.014509375797765265	0.006079487104127948
space_ranger	ENSG00000141569	1055.0	16945.0	-0.008450303883755216	0.016506594926953208
space_ranger	ENSG00000166436	1227.0	22597.0	-0.059509713898490565	-0.0509550284506464
space_ranger	ENSG00000071539	3245.0	24010.0	0.12181814197810856	0.13612020950378234
space_ranger	ENSG00000121486	6044.0	49235.0	0.016191515671655013	0.02963217348955884
space_ranger	ENSG00000099899	4992.0	67828.0	0.11094308901678673	0.08229913407232882
space_ranger	ENSG00000067445	5680.0	94867.0	0.13237765405233173	0.14770813928581764
space_ranger	ENSG00000144935	2233.0	7161.0	-0.04116543847978488	-0.02401000877151302
space_ranger	ENSG00000133107	347.0	2668.0	0.10071481863929135	0.08965988254113696
space_ranger	ENSG00000137672	884.0	8606.0	0.03809919596037465	0.06185968558417141
space_ranger	ENSG00000142185	1256.0	7718.0	0.03590205319045875	0.038916292190430794
space_ranger	ENSG00000130529	1767.0	58838.0	0.13092818562188105	0.10563341261291737
space_ranger	ENSG00000092439	3293.0	48554.0	0.054421939300553564	0.045000930101595005
space_ranger	ENSG00000104447	8226.0	93766.0	0.13963288836976853	0.14508564812215627
space_ranger	ENSG00000196689	569.0	32480.0	-0.0009580501542024696	0.02555156771269998
space_ranger	ENSG00000111199	1151.0	8226.0	0.02845494756645105	0.03408178083614164
space_ranger	ENSG00000165125	1009.0	16058.0	0.012673839290154138	-0.001398152558872747
space_ranger	ENSG00000196367	10976.0	227815.0	0.010433442815186204	0.03671282931260747
space_ranger	ENSG00000165832	13166.0	36920.0	0.09578000331449284	0.08541683000952562
space_ranger	ENSG00000165699	4855.0	75603.0	0.041193285647281155	0.03929203052644208
space_ranger	ENSG00000103197	7685.0	241498.0	0.0623396848852738	0.03841620560186934
space_ranger	ENSG00000074319	13493.0	31928.0	0.0007092511247724503	-0.0043349601300530696
space_ranger	ENSG00000179981	4562.0	9809.0	0.056379495909460536	0.073067722631586
space_ranger	ENSG00000102904	729.0	12084.0	0.011834531060865211	0.012340370533824972
space_ranger	ENSG00000182612	394.0	1279.0	-0.00022193215264873674	0.0030084008971913655
space_ranger	ENSG00000106025	15007.0	52622.0	0.22976980533956656	0.20419295302396362
space_ranger	ENSG00000106537	11165.0	47190.0	0.2421163058624073	0.19744967801023447
space_ranger	ENSG00000108219	6879.0	138061.0	0.0753162831457278	0.031314580349073654
space_ranger	ENSG00000157570	1097.0	17398.0	0.08542378545545316	0.0431047722127981
space_ranger	ENSG00000140391	44020.0	377487.0	-0.03596062228405263	-0.08720513999049136
space_ranger	ENSG00000135452	4890.0	7330.0	0.06948674686076567	0.07439530652696019
space_ranger	ENSG00000214063	3464.0	14780.0	0.13253304695931437	0.1226534698808028
space_ranger	ENSG00000156298	11573.0	106859.0	0.3298323704555318	0.32084352728551935
space_ranger	ENSG00000127324	997.0	2111.0	0.1966541457036569	0.1704262974784311
space_ranger	ENSG00000011105	7196.0	78542.0	0.053093904876349	0.09520872693129735
space_ranger	ENSG00000100300	32588.0	2222.0	0.07386665331381727	0.10866099335916045
space_ranger	ENSG00000005379	3640.0	86368.0	0.08567964837222547	0.061484156903733975
space_ranger	ENSG00000180543	4216.0	51687.0	0.058082311983580805	0.0497785773821205
space_ranger	ENSG00000184281	6526.0	31617.0	0.058176153896254426	0.06991728481666364
space_ranger	ENSG00000162526	198.0	1761.0	-0.016499558101339733	0.001394407204423854
space_ranger	ENSG00000149292	1988.0	44824.0	0.0351192140524907	0.06196146303601473
space_ranger	ENSG00000103852	1768.0	12961.0	-0.006055728198096012	0.009681490993106723
space_ranger	ENSG00000205838	324.0	1590.0	0.0018829068491622815	-0.004991633308269497
space_ranger	ENSG00000243725	5086.0	66106.0	0.09359838132577655	0.023280647567622433
space_ranger	ENSG00000162222	3198.0	67865.0	0.023109793006965224	0.0012600640448366498
space_ranger	ENSG00000101407	1766.0	52249.0	0.05198211301361905	0.06236433774820842
space_ranger	ENSG00000112742	5331.0	56498.0	0.17628363649537399	0.1525834068482042
space_ranger	ENSG00000127824	1506.0	6066.0	0.08332233207017277	0.10253458569900496
space_ranger	ENSG00000196230	246053.0	2044860.0	0.23669988106121556	0.2087575037172098
space_ranger	ENSG00000137267	2259.0	8109.0	0.08999793570481719	0.09293860476518762
space_ranger	ENSG00000137285	5247.0	39189.0	0.267121362977222	0.2560011124229196
space_ranger	ENSG00000258947	14395.0	17331.0	0.3058575403571673	0.3541778115310089
space_ranger	ENSG00000104833	112.0	2070.0	0.020258145251010332	0.022077343245077614
space_ranger	ENSG00000176014	2346.0	12641.0	0.15833509020243544	0.13923252089535018
space_ranger	ENSG00000108423	1281.0	6817.0	0.033283733986791596	0.056500046708351306
space_ranger	ENSG00000131462	2730.0	33008.0	0.04523685141791282	0.04478624286194674
space_ranger	ENSG00000178952	24076.0	185687.0	0.1710851047138568	0.18574049089608113
space_ranger	ENSG00000114383	10971.0	61303.0	0.18092455880175456	0.097619477693234
space_ranger	ENSG00000122691	163.0	1979.0	0.13005498985956207	0.13834161391059352
space_ranger	ENSG00000233608	358.0	7274.0	0.22351997487360561	0.14981472257100695
space_ranger	ENSG00000128791	21423.0	50315.0	0.10790954831715477	0.09662240225775225
space_ranger	ENSG00000074966	1226.0	15890.0	0.10678535825595181	0.12779398594775146
space_ranger	ENSG00000087301	1658.0	9883.0	0.058556746563370454	0.08136465828545247
space_ranger	ENSG00000115514	6862.0	69728.0	0.14033701163610457	0.07190742457724487
space_ranger	ENSG00000198431	23658.0	92073.0	0.07830980395428806	0.03191188784380243
space_ranger	ENSG00000105397	9120.0	198922.0	-0.019323329764970407	0.049122765766616734
space_ranger	ENSG00000025708	4154.0	15141.0	0.21204609836377245	0.19084453642768828
space_ranger	ENSG00000176890	15842.0	104896.0	0.23907961871237168	0.2515503902673751
space_ranger	ENSG00000092445	1543.0	17396.0	0.06394760699718013	0.06052572514558444
space_ranger	ENSG00000160201	27610.0	3480.0	-0.033764148575812156	0.016099155500944137
space_ranger	ENSG00000063244	9055.0	243216.0	0.09129572463578219	0.08187182265501856
space_ranger	ENSG00000130985	19213.0	220434.0	0.0431122929830646	0.015798106103393057
space_ranger	ENSG00000137073	2573.0	55362.0	0.0516057160004101	0.0307267514100232
space_ranger	ENSG00000143569	14022.0	524968.0	0.0004910558211541956	0.027601326018410425
space_ranger	ENSG00000154127	1044.0	7305.0	0.0447321203453452	0.07628132549885075
space_ranger	ENSG00000175063	29011.0	57867.0	0.1478183761685394	0.15476886336032925
space_ranger	ENSG00000072401	9061.0	7250.0	0.0756198699026133	0.05419292179810071
space_ranger	ENSG00000131508	25178.0	51746.0	0.13833320656940615	0.06104522138265657
space_ranger	ENSG00000109332	38944.0	133673.0	0.22241722331466615	0.13247639470962877
space_ranger	ENSG00000103275	16100.0	88477.0	0.08841642726173264	0.07570374126481835
space_ranger	ENSG00000185651	18163.0	24243.0	0.1012617020963071	0.052199679375873304
space_ranger	ENSG00000077152	13214.0	46215.0	0.219123489830067	0.22911145601863414
space_ranger	ENSG00000114062	16252.0	89207.0	0.1594276057250894	0.07642240745449264
space_ranger	ENSG00000130939	5560.0	98036.0	0.04714227716101122	0.06339135255598739
space_ranger	ENSG00000144357	7993.0	39836.0	0.04994023204750704	0.01351361349249535
space_ranger	ENSG00000104517	16190.0	105247.0	0.14585601020299038	0.07045355376105562
space_ranger	ENSG00000108312	17070.0	127713.0	0.014647801827738694	0.044729315654665196
space_ranger	ENSG00000214049	129.0	1503.0	0.08573527975594845	0.09633281068458296
space_ranger	ENSG00000154277	14995.0	137651.0	0.19985113405202154	0.2779811372743568
space_ranger	ENSG00000163794	1089.0	544.0	-0.04057621195291262	-0.0032825096921927296
space_ranger	ENSG00000175567	9172.0	104418.0	0.16201678827979873	0.12194577884188151
space_ranger	ENSG00000151116	2662.0	20821.0	0.08936780086861221	0.08464430231170288
space_ranger	ENSG00000143222	10070.0	18808.0	-0.006571352796236484	-0.034426264631720084
space_ranger	ENSG00000109814	8621.0	48378.0	0.1349572368238427	0.1694519615433283
space_ranger	ENSG00000171234	15629.0	7276.0	0.18453738666555625	0.20268439422849138
space_ranger	ENSG00000276043	4059.0	41467.0	0.09982000071495487	0.08554066127449217
space_ranger	ENSG00000177169	16314.0	242636.0	0.005363392419307427	0.0523370674199453
space_ranger	ENSG00000083290	3820.0	34062.0	0.06632821775798806	0.06083376376083524
space_ranger	ENSG00000114491	7519.0	109570.0	0.0614195599784111	0.06294430880065574
space_ranger	ENSG00000109103	16938.0	107729.0	0.058895844843742697	0.07124831745825573
space_ranger	ENSG00000130477	139.0	685.0	0.03415266301003833	0.04287834506493184
space_ranger	ENSG00000140553	6450.0	70065.0	0.11288622885735632	0.06540816543513492
space_ranger	ENSG00000113763	136.0	1000.0	0.01999159299791245	0.04594076062883006
space_ranger	ENSG00000076248	13155.0	89930.0	0.09122869925271254	0.09736212303304718
space_ranger	ENSG00000005007	17394.0	297243.0	0.12462184716700504	0.09120712004320738
space_ranger	ENSG00000105668	370.0	5245.0	0.17911535852751684	0.13623609111128518
space_ranger	ENSG00000110375	611.0	741.0	0.077978714178791	0.08545196974463043
space_ranger	ENSG00000243566	2295.0	2784.0	0.07644305921254782	0.07984989887364768
space_ranger	ENSG00000101019	12601.0	170467.0	0.11547163378715697	0.11219629907871528
space_ranger	ENSG00000204922	9816.0	48613.0	0.11074556082453803	0.1299457190335462
space_ranger	ENSG00000142207	3065.0	59996.0	0.05744771935308008	0.045217644024570375
space_ranger	ENSG00000106608	5341.0	186815.0	0.09922115924591962	0.07941061115437349
space_ranger	ENSG00000158773	1967.0	41050.0	-0.024767279143288433	-0.026965773294079218
space_ranger	ENSG00000103194	7577.0	102704.0	0.07196156375773208	0.06100599163681055
space_ranger	ENSG00000102226	1967.0	96203.0	0.033910214747305795	0.006837331222759265
space_ranger	ENSG00000273820	1582.0	11213.0	0.3192851069245815	0.3116129602172048
space_ranger	ENSG00000170832	3559.0	87238.0	0.11947581090619848	0.08365291914291706
space_ranger	ENSG00000055483	3492.0	98065.0	0.02690586166642423	0.0013951614585626458
space_ranger	ENSG00000170185	4727.0	41688.0	-0.0023207997746915654	-0.0015613239299993957
space_ranger	ENSG00000111667	34793.0	450412.0	0.09964964731970202	0.07525698715303511
space_ranger	ENSG00000145390	4855.0	21132.0	0.3097093235590521	0.3037796837687909
space_ranger	ENSG00000187555	8157.0	108209.0	0.027071767956616585	0.009333575148535684
space_ranger	ENSG00000147679	2989.0	30947.0	0.04712013024927851	0.04098642469110202
space_ranger	ENSG00000152818	12073.0	67912.0	0.04822995987859882	0.07342208277546473
space_ranger	ENSG00000049245	3682.0	25800.0	0.02940462614441209	0.040533562405478424
space_ranger	ENSG00000168899	1683.0	9513.0	0.13870306978301009	0.07233636683203334
space_ranger	ENSG00000124164	4442.0	58420.0	0.06701552708153828	0.03898626687036797
space_ranger	ENSG00000125753	7267.0	35704.0	0.19693940105569943	0.22603275327554773
space_ranger	ENSG00000141968	165.0	3992.0	0.022026332815034338	-0.01566950038805001
space_ranger	ENSG00000134215	1038.0	2678.0	0.07615574161468726	0.10544581787517149
space_ranger	ENSG00000162692	1667.0	9582.0	0.3174397450205865	0.2880303097239745
space_ranger	ENSG00000035403	36531.0	121437.0	0.12793793457354657	0.12173715238342302
space_ranger	ENSG00000213585	29238.0	241034.0	0.21554291883028454	0.13671586215003254
space_ranger	ENSG00000165637	27808.0	261102.0	0.07705817802628025	0.1115173633089079
space_ranger	ENSG00000111424	902.0	14873.0	0.09304117123443456	0.08586329132246677
space_ranger	ENSG00000112715	21292.0	88442.0	0.25426703464931083	0.24622903289573803
space_ranger	ENSG00000173511	5109.0	75119.0	0.07243521395163321	0.08091839923712728
space_ranger	ENSG00000150630	421.0	8894.0	0.18345500657681207	0.09127841785907775
space_ranger	ENSG00000206538	408.0	6371.0	0.25875093421012113	0.16749781962743177
space_ranger	ENSG00000134086	9616.0	51325.0	-0.021245552991136084	-0.013306773808797369
space_ranger	ENSG00000106018	279.0	1436.0	0.05727720824735546	0.03903791528772151
space_ranger	ENSG00000147852	2962.0	19282.0	0.17068743070747391	0.13748583624478142
space_ranger	ENSG00000197969	4198.0	18992.0	0.015480461419922743	0.008276996356353669
space_ranger	ENSG00000132549	5206.0	46661.0	0.06644961246920492	0.05862214204628971
space_ranger	ENSG00000069329	19100.0	154112.0	0.1371077031091707	0.06300265471529155
space_ranger	ENSG00000139722	2402.0	23712.0	0.01505073782382443	0.029324440198029503
space_ranger	ENSG00000132612	7921.0	70479.0	-0.003818122623866757	0.018317713194563642
space_ranger	ENSG00000004766	3593.0	16735.0	0.003346377967463298	-0.0018328411990778733
space_ranger	ENSG00000155659	268.0	4291.0	0.06641929782278506	0.0604354881901809
space_ranger	ENSG00000107738	893.0	1048.0	0.07021066440416797	0.06868449562912579
space_ranger	ENSG00000132821	365.0	6700.0	0.19441985052621838	0.17458739500136977
space_ranger	ENSG00000134258	5384.0	69419.0	0.28986468758435613	0.29197083184630773
space_ranger	ENSG00000102763	2105.0	27092.0	0.01968023050892059	0.04029897952815309
space_ranger	ENSG00000062650	15863.0	96195.0	0.12649677939813428	0.03796473109482031
space_ranger	ENSG00000140105	11432.0	84953.0	0.18028919939842983	0.1917006307653391
space_ranger	ENSG00000015285	235.0	9925.0	0.0914123755057325	0.06895157683634173
space_ranger	ENSG00000099290	3860.0	56510.0	-0.03561027288083553	-0.017274362059853002
space_ranger	ENSG00000120860	4210.0	21544.0	-0.02159810088656023	-0.015463579607940786
space_ranger	ENSG00000136051	11613.0	82332.0	0.1212441559367127	0.11388418708319673
space_ranger	ENSG00000106299	35890.0	188816.0	0.16164484374319868	0.10991723031714483
space_ranger	ENSG00000132471	5479.0	71943.0	0.10503244163346406	0.11786907005894082
space_ranger	ENSG00000163625	8216.0	52623.0	0.09592665550222207	0.07599397458406787
space_ranger	ENSG00000128815	858.0	1496.0	-0.004675811655088206	-0.019828483773863908
space_ranger	ENSG00000198554	1569.0	26468.0	0.08014301050989989	0.07262729442333156
space_ranger	ENSG00000138442	5336.0	20054.0	-0.0016893916385658254	-0.007768935736498535
space_ranger	ENSG00000162923	14193.0	148093.0	0.06603979128484067	0.027360194911352866
space_ranger	ENSG00000047056	4996.0	53695.0	0.07359752579513582	0.05738092693023303
space_ranger	ENSG00000196363	11063.0	54194.0	0.001203695356356475	-0.004479075642292891
space_ranger	ENSG00000120314	2997.0	25266.0	-0.020902206843096762	-4.423329960855132e-05
space_ranger	ENSG00000166415	14460.0	58055.0	0.18957009462609592	0.1525866669178454
space_ranger	ENSG00000133316	5045.0	72059.0	0.057305970471638226	0.04953574009200309
space_ranger	ENSG00000116455	4205.0	56674.0	0.10811674719786153	0.09038149302653939
space_ranger	ENSG00000167716	1311.0	16492.0	-0.047886294975053034	-0.03373763785502644
space_ranger	ENSG00000161996	3561.0	28663.0	0.02866585490856351	0.04546658258691174
space_ranger	ENSG00000166483	9736.0	61566.0	0.14071044276976968	0.0998372584772372
space_ranger	ENSG00000103175	1550.0	22284.0	0.3550380784620537	0.2351274431031798
space_ranger	ENSG00000109501	3775.0	18172.0	0.13685215818754148	0.1085808579721145
space_ranger	ENSG00000108379	670.0	18209.0	0.02265520186180509	0.014308913487229558
space_ranger	ENSG00000162552	294.0	1677.0	0.024444643300423258	0.03986406988348896
space_ranger	ENSG00000114251	3131.0	20169.0	0.2348277304720941	0.19306341870687166
space_ranger	ENSG00000116213	4370.0	28781.0	0.046873949347800495	0.04184532227788553
space_ranger	ENSG00000165392	1870.0	12906.0	0.02524799356957548	0.03598526908242525
space_ranger	ENSG00000184937	18103.0	51756.0	0.2560504178109339	0.27483934204103777
space_ranger	ENSG00000113645	6066.0	66909.0	0.08066755235618264	0.07990029653287758
space_ranger	ENSG00000186153	2471.0	479.0	0.05218450458724993	0.0394820661311287
space_ranger	ENSG00000123124	2957.0	33021.0	0.035213306146612514	0.0470350686862759
space_ranger	ENSG00000198373	2823.0	50856.0	0.009467420292513804	0.011846968327430877
space_ranger	ENSG00000018408	18443.0	55263.0	-0.021315943211159608	0.023492096932990803
space_ranger	ENSG00000100219	29263.0	225703.0	0.31246057412756667	0.3417385942924161
space_ranger	ENSG00000173578	120.0	1067.0	0.02623115487321863	0.0429526368105757
space_ranger	ENSG00000158125	547.0	39018.0	0.0344655134483783	0.031900876873510266
space_ranger	ENSG00000101966	20901.0	96330.0	0.09210148780821012	0.13177071398007048
space_ranger	ENSG00000136936	1780.0	34596.0	-0.021805922679747035	-0.010283710694421794
space_ranger	ENSG00000154767	3328.0	52511.0	0.07946599141386271	0.06242938440457484
space_ranger	ENSG00000108039	6022.0	110236.0	0.08343412868184422	0.0401896689677549
space_ranger	ENSG00000196236	5530.0	41022.0	0.09965615950633368	0.08331820118028739
space_ranger	ENSG00000082898	42773.0	305301.0	0.15318138353341204	0.09755899761096232
space_ranger	ENSG00000124571	7427.0	96546.0	0.09705917964347661	0.06131325913985329
space_ranger	ENSG00000169180	11308.0	95083.0	0.0629211714767094	0.047026985690708685
space_ranger	ENSG00000130227	5932.0	87134.0	0.06882946523535304	0.00894653201308105
space_ranger	ENSG00000143324	41873.0	389552.0	0.2953775743547886	0.22465155075775278
space_ranger	ENSG00000073050	5435.0	117229.0	0.014362861938723236	0.017384711880467398
space_ranger	ENSG00000196584	1619.0	7762.0	0.024830531619493335	0.022798439974439425
space_ranger	ENSG00000126215	1377.0	17388.0	-0.03278706841769579	-0.025369818390444342
space_ranger	ENSG00000152422	2473.0	8692.0	-0.012644673732484221	0.01758878057511095
space_ranger	ENSG00000079246	29225.0	264147.0	0.08395090891933778	0.12232660986327168
space_ranger	ENSG00000196419	34166.0	445069.0	0.18795492196480143	0.1345904669029217
space_ranger	ENSG00000137693	39310.0	145391.0	0.05418117527784311	0.07096150342952837
space_ranger	ENSG00000176105	20729.0	129255.0	0.19163410703856812	0.12484205213802393
space_ranger	ENSG00000167645	4348.0	16495.0	0.14493768711435961	0.12025694212451714
space_ranger	ENSG00000058799	3790.0	36080.0	0.024375530458974864	0.037813341002449825
space_ranger	ENSG00000145817	7338.0	23891.0	-0.007507742475041122	-0.007066837865602483
space_ranger	ENSG00000250067	1320.0	102856.0	0.005160474617865604	-0.009562746300356657
space_ranger	ENSG00000119596	9789.0	267451.0	0.05240946407528187	0.040960963279811774
space_ranger	ENSG00000047188	2385.0	22324.0	0.04942566080513747	0.06490785167080652
space_ranger	ENSG00000149658	7591.0	140142.0	-0.013471581505606279	-0.00490230723079822
space_ranger	ENSG00000185728	16832.0	73048.0	0.1806034382712632	0.14294796679267563
space_ranger	ENSG00000134308	92264.0	647134.0	0.32610083740296464	0.2072578158337706
space_ranger	ENSG00000164924	79439.0	769356.0	0.16657680802903613	0.22054224076455903
space_ranger	ENSG00000100811	46176.0	89789.0	0.17196129490485096	0.17323061007395005
space_ranger	ENSG00000163374	7315.0	84289.0	0.003713174927927029	-0.034629965253034835
space_ranger	ENSG00000115085	131.0	3154.0	0.0418294402333774	0.008892823208155558
space_ranger	ENSG00000232040	1839.0	5149.0	0.06495252517477906	0.07013535339870133
space_ranger	ENSG00000126804	16119.0	141667.0	0.07390470095871526	0.06368448679597496
space_ranger	ENSG00000205189	6237.0	27157.0	0.03236178340589462	0.05573743732855373
space_ranger	ENSG00000173276	2559.0	13527.0	0.06500313655851099	0.07627101600133832
space_ranger	ENSG00000089775	2954.0	28394.0	0.0035267579474598226	0.027758902427618286
space_ranger	ENSG00000185670	1411.0	25604.0	0.07157152222793971	0.06710791268560352
space_ranger	ENSG00000177485	11929.0	23469.0	0.039891471616596785	0.015204398333061492
space_ranger	ENSG00000174282	3947.0	72577.0	0.03714011166448228	0.031602033396348476
space_ranger	ENSG00000184677	1431.0	31346.0	0.01275722517502352	0.009283928437511111
space_ranger	ENSG00000204859	2275.0	12939.0	0.02401039085073005	-0.0016197353553576766
space_ranger	ENSG00000168826	937.0	16644.0	0.04250162145624816	0.04557631242093387
space_ranger	ENSG00000104427	714.0	5312.0	0.010710754003774222	0.03208711582887349
space_ranger	ENSG00000163874	1063.0	29806.0	0.06981115154983321	0.08864168869206758
space_ranger	ENSG00000178199	205.0	1216.0	0.012843738194217073	0.030168484061720492
space_ranger	ENSG00000158545	3138.0	63191.0	0.07091677417410487	0.020494406993441898
space_ranger	ENSG00000122299	6079.0	15016.0	0.04784324832939667	0.04606898017300045
space_ranger	ENSG00000146858	205.0	132017.0	0.03327285454809117	0.028854693060610292
space_ranger	ENSG00000126970	632.0	8981.0	0.052570461738304396	0.016005910721368616
space_ranger	ENSG00000155329	2863.0	12360.0	0.027971225600143694	0.03213043795965799
space_ranger	ENSG00000121766	4103.0	46184.0	0.030212111548654615	0.016841963133828138
space_ranger	ENSG00000141664	2471.0	26282.0	0.02123545777810946	0.030325545225338313
space_ranger	ENSG00000247315	12802.0	14892.0	0.05955384076093412	0.06733218925627261
space_ranger	ENSG00000033030	6306.0	57295.0	0.0022663734226724026	0.04377309880442338
space_ranger	ENSG00000186908	5251.0	28025.0	-0.01881251921603125	-0.02227159927044185
space_ranger	ENSG00000148516	1058.0	5411.0	0.14890514606378447	0.13421104641125742
space_ranger	ENSG00000169554	1175.0	7716.0	0.18178859543402448	0.11150935727487221
space_ranger	ENSG00000160445	5410.0	29856.0	0.009230455090800348	0.002171938800361725
space_ranger	ENSG00000107372	26634.0	158534.0	-0.012108402808524606	0.04555761747162296
space_ranger	ENSG00000066827	1476.0	32215.0	0.048504633117139394	0.052795942705518385
space_ranger	ENSG00000140836	7495.0	24723.0	-0.005571570336922908	0.05701664975172722
space_ranger	ENSG00000162300	3930.0	54959.0	0.02545386634384742	0.007626562553894138
space_ranger	ENSG00000005889	8812.0	45447.0	0.02282049837450941	-0.003479091504286276
space_ranger	ENSG00000165861	2260.0	44437.0	0.05694935668204004	0.07809001562424732
space_ranger	ENSG00000100711	7545.0	60868.0	0.013104994277085391	0.031956915783796794
space_ranger	ENSG00000072121	2670.0	49892.0	0.020565113583276486	0.01633412565258352
space_ranger	ENSG00000138658	1312.0	14217.0	0.007002038649123913	0.011828332828619155
space_ranger	ENSG00000174306	2026.0	5862.0	0.01040745166682177	0.004840637024325737
space_ranger	ENSG00000043355	5903.0	15018.0	0.09176829057121577	0.10322617752484388
space_ranger	ENSG00000174963	3554.0	13464.0	0.15983412584679105	0.1682874107096276
space_ranger	ENSG00000108175	20677.0	92750.0	0.1098094160490326	0.15004883953977158
space_ranger	ENSG00000122515	6742.0	243274.0	0.08397481495388533	0.07668916343534526
space_ranger	ENSG00000084073	12126.0	78673.0	0.14706350254829603	0.09485269226631718
space_ranger	ENSG00000197056	6766.0	64314.0	0.15119225996886515	0.07159221536792144
space_ranger	ENSG00000147130	8940.0	123927.0	-0.00526433956712953	-0.02345809542037612
space_ranger	ENSG00000004838	2003.0	20034.0	0.2106269761501689	0.2248082494215454
space_ranger	ENSG00000165724	5957.0	57831.0	0.08097581627090399	0.05773583658725784
space_ranger	ENSG00000103994	3942.0	82472.0	0.06707022586911159	0.05401792986839101
space_ranger	ENSG00000115568	1258.0	32476.0	-0.04758004559615482	-0.03788591060783078
space_ranger	ENSG00000197279	1879.0	20497.0	0.01991175498531672	0.03298166126781027
space_ranger	ENSG00000188629	2683.0	27872.0	0.07036479558544999	0.05465229327519196
space_ranger	ENSG00000167840	1913.0	26434.0	0.015812020189449348	0.006940512743509745
space_ranger	ENSG00000056277	1327.0	8797.0	-0.0528313861537443	-0.025700761158961895
space_ranger	ENSG00000162702	5236.0	35420.0	-0.007599311284827492	0.00011361769702218744
space_ranger	ENSG00000162664	9673.0	77223.0	0.11372701976130957	0.0288149610902013
space_ranger	ENSG00000131061	1851.0	32965.0	-0.0247809798055878	-0.025526475763909855
space_ranger	ENSG00000113761	1192.0	29651.0	0.021191865239553243	0.02608469419954925
space_ranger	ENSG00000186918	3142.0	10903.0	0.04453915958024992	0.04807083453117503
space_ranger	ENSG00000175213	1623.0	17410.0	0.0014770792160418295	-0.008515971373107726
space_ranger	ENSG00000119725	8001.0	126265.0	0.09621404881978357	0.0795368890461228
space_ranger	ENSG00000173275	1087.0	15006.0	0.1687925831045226	0.17629259849851708
space_ranger	ENSG00000112200	12176.0	146346.0	0.10632859484804792	0.04212117174989158
space_ranger	ENSG00000225614	667.0	14014.0	0.10133979006312753	0.06708411551571555
space_ranger	ENSG00000243943	4377.0	121199.0	-0.013348707257037205	-0.025274072904590498
space_ranger	ENSG00000166716	4363.0	117420.0	-0.01338020634669455	-0.0031517705695699133
space_ranger	ENSG00000168916	3221.0	53207.0	0.07341974553260991	0.06628521871652449
space_ranger	ENSG00000121864	9281.0	52822.0	0.11443456005501527	0.10220866005001758
space_ranger	ENSG00000143373	2764.0	119662.0	-0.0008469079020255923	-0.0006679628270002479
space_ranger	ENSG00000065029	13121.0	128268.0	0.07509900778372354	0.03683016130864398
space_ranger	ENSG00000169957	6468.0	127983.0	-0.01301738143235058	-0.01190775675745953
space_ranger	ENSG00000278129	624.0	4874.0	0.060973018621393815	0.0523770757971117
space_ranger	ENSG00000170396	115.0	195.0	0.006352458081082541	0.03436938178356386
space_ranger	ENSG00000151612	4379.0	73958.0	0.0008056432599644007	0.04479657537711118
space_ranger	ENSG00000185869	1088.0	9521.0	0.021694903965700042	0.06077649086412986
space_ranger	ENSG00000109917	5613.0	61564.0	0.08794623656917695	0.08350925975319626
space_ranger	ENSG00000152467	410.0	287.0	0.006083938487534039	0.03295107711773153
space_ranger	ENSG00000158691	2888.0	42127.0	0.05340071324817627	0.047623260675390945
space_ranger	ENSG00000196812	1675.0	27450.0	0.022565224516432284	0.009665922118138437
space_ranger	ENSG00000121903	1087.0	37780.0	0.028730319859838607	0.04805643242513467
space_ranger	ENSG00000197062	1723.0	35976.0	-0.026010033471283975	-0.0031218389928872386
space_ranger	ENSG00000130449	4095.0	9994.0	-0.006137277600779683	-0.026786686016736883
space_ranger	ENSG00000153975	4145.0	43301.0	0.0734189572264357	0.044174226883064736
space_ranger	ENSG00000162378	15966.0	43629.0	0.10866680481180205	0.08930181793858223
space_ranger	ENSG00000159840	14272.0	198514.0	0.1015139682089762	0.12698092956290916
strict	ENSG00000166535	145.0	2099.0	0.0657088060980468	0.024925640101976097
strict	ENSG00000127837	16750.0	147310.0	0.04308837167879515	-0.02189447656654665
strict	ENSG00000131043	3430.0	23494.0	0.059737918166924524	0.026797833218452513
strict	ENSG00000266967	1359.0	16104.0	0.04720885879697148	0.06401458543967387
strict	ENSG00000183044	1125.0	18772.0	0.06901245540721325	0.050101351941624885
strict	ENSG00000165029	4287.0	106283.0	0.13141417675861777	0.1618420365008124
strict	ENSG00000167972	825.0	13169.0	0.013702057804382203	-0.004813729222754927
strict	ENSG00000198691	816.0	5018.0	0.016978271378161394	0.04420055242822079
strict	ENSG00000064687	796.0	15793.0	0.08131602867255514	0.07777275675967958
strict	ENSG00000085563	3680.0	2941.0	0.02712122317997233	0.003679958501201105
strict	ENSG00000115657	1141.0	19366.0	0.04719986238976384	0.0745709703547776
strict	ENSG00000103222	5309.0	248231.0	0.07038667779185424	0.0819397499728548
strict	ENSG00000023839	246.0	3474.0	0.041019951387592686	0.06635193706610694
strict	ENSG00000108846	2271.0	15622.0	0.239871352190689	0.207741680555234
strict	ENSG00000125257	6571.0	43695.0	0.3043142989876937	0.3125036939914383
strict	ENSG00000091262	574.0	9638.0	0.005219511203345123	0.017689513112647492
strict	ENSG00000069431	214.0	1216.0	0.0363186554494557	0.04832383047731427
strict	ENSG00000101986	1010.0	28097.0	0.009829911095330025	0.026283359863524928
strict	ENSG00000117528	12195.0	85435.0	0.13849085508231912	0.0746162249867088
strict	ENSG00000119688	11228.0	51009.0	0.03718873766903237	0.00938578658962275
strict	ENSG00000161204	5528.0	64183.0	0.04369734999509413	0.0407903082064883
strict	ENSG00000160179	1252.0	8019.0	0.0053375920664152365	0.009552404790277942
strict	ENSG00000118777	758.0	9372.0	0.1129298738762072	0.12508315322490407
strict	ENSG00000106077	9585.0	117284.0	0.12440401625646062	0.11240655491019566
strict	ENSG00000163686	464.0	7045.0	-0.0030462893203811172	0.018996953220903872
strict	ENSG00000108798	183.0	7491.0	0.08534234788824113	0.043569189442297526
strict	ENSG00000154175	1196.0	10034.0	0.1273328207733493	0.12744771223005508
strict	ENSG00000097007	9373.0	114569.0	-0.08124104740825672	-0.025714897797822298
strict	ENSG00000143322	2806.0	44834.0	0.02082243069421104	0.014819209248468976
strict	ENSG00000175164	3153.0	37170.0	0.02044498567003095	0.03461024591723719
strict	ENSG00000114626	2861.0	2305.0	0.03049835952314925	0.04675182125848059
strict	ENSG00000166016	2275.0	28639.0	0.03335182625158095	0.03260997474134464
strict	ENSG00000167315	6771.0	27318.0	0.10532203342684476	0.11567708835563946
strict	ENSG00000278540	5418.0	59179.0	0.10411804040282385	0.03573698716932251
strict	ENSG00000076555	1352.0	49412.0	0.06523475444003918	0.048007053081853934
strict	ENSG00000072818	343.0	1494.0	0.052927428294156295	0.003735361014753497
strict	ENSG00000114331	9412.0	55177.0	0.07411534651823484	0.005629244276212416
strict	ENSG00000075239	5947.0	15693.0	0.10462327368520236	0.10417168193424281
strict	ENSG00000159640	724.0	20490.0	0.02821682752681543	0.02173391294033771
strict	ENSG00000130234	203.0	1741.0	0.06707208047524581	0.0757488773579004
strict	ENSG00000087085	392.0	5804.0	0.07041308678796673	0.045603469905969626
strict	ENSG00000144476	10522.0	72673.0	0.2565160193108764	0.27163574328215173
strict	ENSG00000131473	3309.0	104160.0	0.15443637679239705	0.16210119048273058
strict	ENSG00000102575	11946.0	36987.0	0.24527812412675573	0.27150825613641777
strict	ENSG00000014257	1284.0	10547.0	0.10272887102559444	0.10675954170363451
strict	ENSG00000111644	1085.0	6447.0	0.04795826226644412	0.050974988748400354
strict	ENSG00000068366	8322.0	52814.0	0.14730127862351328	0.13253657055978868
strict	ENSG00000136518	8992.0	72508.0	0.01597404752957018	0.060790311261212863
strict	ENSG00000072110	30811.0	211819.0	0.23774408236630573	0.18409768831325646
strict	ENSG00000130402	50460.0	735587.0	0.46852511346289594	0.531845248413957
strict	ENSG00000115170	7706.0	44517.0	0.034812890089952045	0.03580968391960552
strict	ENSG00000135503	6010.0	99889.0	-0.007147661565255401	0.0006251926185432172
strict	ENSG00000121989	1545.0	15941.0	0.04244765322988299	0.05267720923576517
strict	ENSG00000139567	294.0	5602.0	0.0896158523387152	0.05062670963093067
strict	ENSG00000170634	4315.0	28780.0	-0.003299000398964356	0.003861182745683555
strict	ENSG00000196839	522.0	14861.0	0.05187365607883891	0.04225099501115001
strict	ENSG00000137845	16767.0	116348.0	0.11127113094101734	0.0366215339710982
strict	ENSG00000148848	890.0	21233.0	0.3400581131119898	0.2617858740546508
strict	ENSG00000151694	10992.0	131029.0	0.10979977144871017	0.06411293620185572
strict	ENSG00000042980	191.0	1497.0	-0.010835405758944233	0.022808640242768855
strict	ENSG00000149451	275.0	2527.0	0.006434978898826632	0.021930239407586774
strict	ENSG00000151651	1099.0	26886.0	0.04544513294294218	0.030678974416316132
strict	ENSG00000168615	2745.0	45346.0	0.026947934979130953	0.024481392020282215
strict	ENSG00000154734	18967.0	493820.0	0.3548835868347675	0.3481616130256672
strict	ENSG00000151388	1167.0	32800.0	0.10021286954620395	0.10445891073731232
strict	ENSG00000087116	1955.0	30288.0	0.1480876805304543	0.15015522406506307
strict	ENSG00000158859	270.0	3818.0	0.05610329411705022	0.00817462304479606
strict	ENSG00000154736	429.0	5173.0	0.12151898733181613	0.12494810960874206
strict	ENSG00000156218	263.0	4674.0	0.006966949562458679	0.03246984890459274
strict	ENSG00000160710	37936.0	495602.0	0.12262639898823596	0.14372677775931492
strict	ENSG00000078549	573.0	11959.0	0.23578810325867336	0.24930942516573987
strict	ENSG00000087274	13392.0	181979.0	0.10211897269443468	0.10105760342956681
strict	ENSG00000020181	1434.0	28966.0	0.16318355122234707	0.11433254988140333
strict	ENSG00000152990	9662.0	41749.0	0.09971665717042134	0.0927877648527765
strict	ENSG00000181790	276.0	2303.0	0.02107584850781539	0.04338711381805126
strict	ENSG00000121753	714.0	17262.0	0.03639711694045985	0.03905824624410657
strict	ENSG00000111452	2499.0	2902.0	0.010712807212057958	0.028570958867893646
strict	ENSG00000123146	6851.0	150897.0	0.04954634188273971	0.041078633896818
strict	ENSG00000159618	179.0	1083.0	-0.027627783536841637	-0.02350673305855609
strict	ENSG00000112414	222.0	1208.0	0.05229165496872926	0.07265093456969546
strict	ENSG00000072071	7781.0	82269.0	0.07866437993903691	0.09716683819160399
strict	ENSG00000162618	936.0	3569.0	0.1352727286060626	0.11903569964224006
strict	ENSG00000159346	6219.0	115390.0	0.061278450029410306	0.049859679739894726
strict	ENSG00000006831	2996.0	5976.0	-0.059870438663885625	-0.03595867731672892
strict	ENSG00000148926	1041.0	9169.0	0.16346636996367722	0.1095323820430993
strict	ENSG00000101126	31202.0	208931.0	0.049329964189373396	0.11882077152908885
strict	ENSG00000163485	1676.0	27491.0	0.10053733959630512	0.11609511522194371
strict	ENSG00000128271	517.0	1727.0	0.04831150310398538	0.06268257644537205
strict	ENSG00000282608	223.0	1620.0	-0.02843882825731204	-0.0018469927742076416
strict	ENSG00000170214	837.0	19254.0	0.12396612638789878	0.11969966854587816
strict	ENSG00000150594	348.0	5159.0	0.28265561238945097	0.2256856855015667
strict	ENSG00000274286	632.0	11512.0	0.01785084348545895	0.021576596928064316
strict	ENSG00000184160	1194.0	5643.0	0.09359667952808615	0.08949796218720088
strict	ENSG00000111863	284.0	5310.0	0.01067262202142065	0.008958515124256931
strict	ENSG00000106624	5821.0	41405.0	0.26147494519374526	0.1726563664217152
strict	ENSG00000169129	6623.0	189845.0	0.15532701932457815	0.1981691972168974
strict	ENSG00000172493	7455.0	109572.0	0.17269351887409118	0.22974401458999752
strict	ENSG00000155966	687.0	9455.0	0.016954311046379664	0.03835767820533641
strict	ENSG00000135537	1158.0	12933.0	0.02266742541313623	0.020004606992529518
strict	ENSG00000157985	4307.0	75524.0	0.016732599921501064	0.04187433662354159
strict	ENSG00000133612	9261.0	73687.0	0.09076124855309288	0.09057520422107838
strict	ENSG00000204305	1507.0	29924.0	-0.042580491922532174	-0.04012017817907093
strict	ENSG00000116771	1066.0	9320.0	0.08483790675236497	0.1144107259492289
strict	ENSG00000092847	7834.0	108284.0	0.0927238824667379	0.029889625798292754
strict	ENSG00000173467	4180.0	8420.0	0.14067653600494084	0.13804241125676323
strict	ENSG00000101444	37099.0	320074.0	0.18348877426088592	0.19242195901105547
strict	ENSG00000106546	4799.0	23903.0	0.12591778426989514	0.11325569880569901
strict	ENSG00000063438	264.0	3079.0	0.003955290806050861	0.04893018226304277
strict	ENSG00000126878	11651.0	38086.0	0.050037610766850704	0.06598972360592552
strict	ENSG00000156709	13308.0	120967.0	0.16428247888997108	0.13193954222473184
strict	ENSG00000106305	7158.0	99986.0	0.11708031081367937	0.12000532300885455
strict	ENSG00000110711	7132.0	58729.0	-0.03852886536580876	-0.036004835775229053
strict	ENSG00000023516	3447.0	29229.0	0.07994299541072278	0.05909018238812558
strict	ENSG00000105127	6781.0	93410.0	0.002139157019702992	-0.01398333765310262
strict	ENSG00000085662	5967.0	42873.0	0.20561301207341673	0.2138368679130602
strict	ENSG00000196139	5200.0	36123.0	0.1331655552142414	0.13933948600572965
strict	ENSG00000142208	21552.0	262790.0	0.09911251335692053	0.1237583403861617
strict	ENSG00000105221	7045.0	177469.0	-0.036229093157062145	-0.007360363094395168
strict	ENSG00000117020	563.0	4987.0	0.11921495761264232	0.1171384519546756
strict	ENSG00000166971	3121.0	57685.0	0.07574183725023284	0.04912374286152866
strict	ENSG00000148218	1940.0	15977.0	-0.017863349863690595	-0.0157120749384379
strict	ENSG00000170017	2277.0	11763.0	0.22528802807415446	0.24353304041191742
strict	ENSG00000137124	802.0	23056.0	0.07965656581231022	0.0858383359400445
strict	ENSG00000111275	6458.0	41754.0	0.11127730841423482	0.10321751399985064
strict	ENSG00000072210	8678.0	57628.0	0.1494156922352171	0.12078111661960252
strict	ENSG00000164904	9491.0	119328.0	0.1007673606215937	0.060294503116577615
strict	ENSG00000149925	695.0	162333.0	-0.0196054546753676	-0.04518622513802817
strict	ENSG00000253710	509.0	31990.0	-0.028577101112115876	-0.038970698353513925
strict	ENSG00000101901	6360.0	36812.0	0.0543290300744243	0.0463494327503715
strict	ENSG00000119523	5083.0	71339.0	0.05720628309833814	0.062184690552325984
strict	ENSG00000088035	4539.0	34026.0	0.16696284124985197	0.12207479603203107
strict	ENSG00000086848	1376.0	14212.0	0.010190828290452762	0.034899230053335804
strict	ENSG00000171094	2234.0	12079.0	0.0590706484064872	0.08286978998487306
strict	ENSG00000091542	12260.0	85747.0	0.22736783217077158	0.09988685413185917
strict	ENSG00000012779	1333.0	19244.0	0.09817718469788446	0.052884904936040145
strict	ENSG00000073331	1295.0	11600.0	0.01520990055454425	0.016013554528802085
strict	ENSG00000136383	1789.0	75560.0	0.205432528462643	0.17592744469595092
strict	ENSG00000162551	5965.0	70315.0	0.20288562581033262	0.223082112087079
strict	ENSG00000183684	4579.0	178028.0	0.11350992892875111	0.09695105365387105
strict	ENSG00000242110	2390.0	16292.0	0.10106982925993903	0.11872826712165825
strict	ENSG00000184675	926.0	51724.0	0.03333024144089626	0.027308166328191746
strict	ENSG00000159461	6902.0	50005.0	0.0331265988781386	0.01677896964310127
strict	ENSG00000181754	232.0	6362.0	0.054236047977686636	0.06852301357149396
strict	ENSG00000126016	9871.0	221597.0	0.20221884829467962	0.24321052278447503
strict	ENSG00000153107	8075.0	190453.0	0.13132717485762718	0.09396119380851001
strict	ENSG00000154188	122.0	845.0	0.06005000308104168	0.044893006754664504
strict	ENSG00000091879	780.0	5181.0	0.12892449089908825	0.08394231972008397
strict	ENSG00000136859	1584.0	10800.0	0.029776966861849805	0.037261104544153
strict	ENSG00000167772	4603.0	33982.0	0.25971416872601644	0.2354528572540675
strict	ENSG00000130812	321.0	23542.0	-0.03134383536850539	-0.04398866388301226
strict	ENSG00000029534	142.0	393.0	-0.014321252433366984	-0.03246866959376994
strict	ENSG00000131503	7624.0	79721.0	0.0274711352378411	-0.010656894655477098
strict	ENSG00000076513	6241.0	176047.0	0.19671506298686897	0.24143492896465088
strict	ENSG00000172932	4196.0	26048.0	0.050560275989634994	0.042348325219410114
strict	ENSG00000132466	13635.0	130113.0	0.013888913651232187	0.02194449836048047
strict	ENSG00000154945	11778.0	114070.0	0.0838695241174344	0.0016418741504021716
strict	ENSG00000065413	1546.0	11728.0	0.04006397428932963	0.05181984456305396
strict	ENSG00000135299	4974.0	42371.0	0.04330151449696677	0.055348508151183105
strict	ENSG00000064999	9244.0	102909.0	0.0495314556364729	0.002977270603973186
strict	ENSG00000165138	2482.0	48315.0	0.04854103135403924	0.04658460524642567
strict	ENSG00000163516	3675.0	54846.0	0.038306234645498996	0.019860858303791626
strict	ENSG00000131620	4680.0	79250.0	0.3748260751545816	0.3671740922632595
strict	ENSG00000134343	231.0	566.0	-0.03745921083647991	-0.020267445735826194
strict	ENSG00000143401	10574.0	46022.0	0.11880012425817742	0.09906009069322672
strict	ENSG00000166825	6721.0	166306.0	0.42314642732281904	0.35297797452336205
strict	ENSG00000182718	55543.0	815520.0	0.08137349397051477	0.1451133600171935
strict	ENSG00000138772	4871.0	33791.0	0.12229298436890938	0.12213550912561075
strict	ENSG00000164111	15761.0	93855.0	0.14471010280510077	0.18369619697146422
strict	ENSG00000136250	223.0	2080.0	-0.0008897148831894918	0.010462416219789343
strict	ENSG00000131471	127.0	2570.0	0.10658553046051891	0.10353148273660794
strict	ENSG00000100280	6457.0	98926.0	0.06780209049668628	0.0775771623810467
strict	ENSG00000072958	5676.0	32949.0	0.01870987316980951	0.03447216916100054
strict	ENSG00000152056	988.0	3726.0	0.05838678169146118	0.04843678598995392
strict	ENSG00000196961	2941.0	70373.0	0.12148623066266773	0.09309682443540922
strict	ENSG00000183020	4832.0	60953.0	0.06305350954129785	0.06693912946481193
strict	ENSG00000161203	18041.0	340899.0	0.16180826726123818	0.12180233648918294
strict	ENSG00000103723	574.0	10303.0	0.029993873207084788	0.05439833025542015
strict	ENSG00000065000	7302.0	80593.0	-0.044358308534765994	-0.038394210522000566
strict	ENSG00000070718	1394.0	10125.0	0.03381625452790826	0.03134672017489007
strict	ENSG00000254470	644.0	30727.0	0.0373273467207572	0.014551132147095212
strict	ENSG00000120868	2463.0	11879.0	-0.001836393706563695	0.013094574513844106
strict	ENSG00000134982	2286.0	17053.0	0.014725247234572476	0.050916463253844704
strict	ENSG00000154856	3095.0	29156.0	0.08755660483147959	0.08925361585727164
strict	ENSG00000100823	61894.0	306522.0	0.25566086934821414	0.22328360470814765
strict	ENSG00000169188	4312.0	49018.0	0.0710797623722347	0.07009371956881713
strict	ENSG00000138613	3512.0	33819.0	0.09758026870925343	0.09996508515859744
strict	ENSG00000166181	15176.0	124415.0	0.12902909722880723	0.12855637281363616
strict	ENSG00000169621	1562.0	15737.0	0.0023990032077136963	0.020116664065035615
strict	ENSG00000171388	514.0	5055.0	0.16392800619858724	0.12294039178935175
strict	ENSG00000134817	807.0	7184.0	0.2271690186896834	0.2209965217550951
strict	ENSG00000101474	12063.0	90541.0	0.0024889892435056397	0.0360804478320912
strict	ENSG00000244509	1309.0	33726.0	0.07353091950526289	0.07401731334125812
strict	ENSG00000243811	522.0	4460.0	0.07413010060056534	0.09615666237467954
strict	ENSG00000128394	1300.0	6904.0	-0.005250490966006855	0.02019497705821158
strict	ENSG00000239713	1701.0	9013.0	0.06885197074125682	0.0584443261601238
strict	ENSG00000100342	2032.0	27331.0	0.246258845480013	0.19977474218789737
strict	ENSG00000128335	1044.0	17580.0	0.15817804209225705	0.14682525453067802
strict	ENSG00000128284	250.0	4516.0	0.17859616412234736	0.10478380598807752
strict	ENSG00000221963	3588.0	42817.0	0.17641143953396	0.1789794452943849
strict	ENSG00000204444	1010.0	8413.0	0.03417931074416665	0.04492340774247754
strict	ENSG00000142192	23143.0	679543.0	0.1791633302027613	0.17551737577328463
strict	ENSG00000062725	6697.0	52435.0	0.060571934602706046	0.006968045754830224
strict	ENSG00000137074	3842.0	43854.0	0.031361789639391714	0.0210203453508967
strict	ENSG00000161798	18950.0	24966.0	0.3733313256408284	0.38080030743402116
strict	ENSG00000103569	146.0	1187.0	0.04100561694010903	0.1009954665826658
strict	ENSG00000169083	3144.0	51915.0	0.2365477886066771	0.26769571795504893
strict	ENSG00000198576	146.0	2044.0	0.07177609655930595	0.11338545030911212
strict	ENSG00000143761	32386.0	184278.0	-0.009005224300325803	0.05812014016356179
strict	ENSG00000165527	30410.0	263957.0	0.20725230103697703	0.1706899785682772
strict	ENSG00000164144	5702.0	33112.0	0.04405724703838057	0.045774050903117335
strict	ENSG00000081181	875.0	1361.0	0.01212607415228822	0.03169172584941655
strict	ENSG00000160007	4329.0	64386.0	0.07997946622569893	0.09639313441579897
strict	ENSG00000116584	7985.0	217116.0	0.038742874057604224	0.05765770263689513
strict	ENSG00000102606	3745.0	21989.0	-0.05615852685061764	-0.015296342275386994
strict	ENSG00000117713	13644.0	148297.0	0.09984137234007656	0.03918261563147668
strict	ENSG00000179361	568.0	16259.0	0.0133701727472939	0.020951186686276952
strict	ENSG00000175906	4253.0	14626.0	0.1100272933036765	0.12008815671617427
strict	ENSG00000134108	4891.0	35634.0	0.0756691476862136	0.10218073803160374
strict	ENSG00000140691	2951.0	14397.0	0.05863140036444661	0.04600409396111933
strict	ENSG00000125449	1748.0	6428.0	0.016700034154620604	0.028057430588526784
strict	ENSG00000120029	3319.0	35823.0	0.034628066092692526	0.01722566833700957
strict	ENSG00000143437	4738.0	48190.0	0.01780995487941142	0.011337447676430077
strict	ENSG00000133794	929.0	5681.0	0.08535896333944681	0.06949831975363296
strict	ENSG00000137486	694.0	9188.0	0.06444034910268713	0.036658886904710454
strict	ENSG00000141480	4807.0	59927.0	0.030682461030564004	0.06556229957219364
strict	ENSG00000113369	26632.0	139306.0	0.12985409340990853	0.1261795370854629
strict	ENSG00000004848	394.0	1782.0	0.2829823312632742	0.18744813811624764
strict	ENSG00000100325	3253.0	54422.0	0.006248409431330601	0.0034015184362514678
strict	ENSG00000112249	5478.0	50359.0	0.05628768592732981	0.04294938940613347
strict	ENSG00000139352	717.0	7379.0	0.04233489812703019	0.058992049144797706
strict	ENSG00000183734	363.0	1687.0	-0.019082980341213803	0.011921509856024217
strict	ENSG00000105011	14720.0	62582.0	0.15770027451067642	0.14945897222809976
strict	ENSG00000129691	2942.0	23952.0	0.040426682411449394	0.04012605727862171
strict	ENSG00000066279	6248.0	26345.0	0.17634423509783026	0.15289672196531406
strict	ENSG00000148219	2176.0	3458.0	0.01157139228077156	0.016856945564095987
strict	ENSG00000171456	9709.0	124807.0	0.04556799776965252	0.03094555451231635
strict	ENSG00000197785	4042.0	30267.0	-0.08650799593581403	-0.08716346493887303
strict	ENSG00000123268	12882.0	54437.0	0.04839506363355444	0.03848688185308921
strict	ENSG00000115966	12824.0	47313.0	0.037564280436605146	0.03586661940599975
strict	ENSG00000162772	3369.0	4807.0	0.21721220893260781	0.1590685059403221
strict	ENSG00000128272	21123.0	282207.0	0.06394833314743363	0.11321312437477003
strict	ENSG00000118217	6346.0	87273.0	0.03660787593223556	0.04324800843440538
strict	ENSG00000152348	2359.0	8697.0	0.0355790455066513	0.05222025034663343
strict	ENSG00000085978	4041.0	21752.0	-0.0010175458677162581	-0.017288152507246517
strict	ENSG00000110046	4458.0	33309.0	-0.030477351904280588	-0.004068162275361409
strict	ENSG00000057663	8970.0	29903.0	0.03056631952207959	0.04833275460309239
strict	ENSG00000197548	2030.0	15589.0	-0.0014782652066953408	0.010808061116259815
strict	ENSG00000138363	9290.0	111905.0	0.13636579782308125	0.14348834432461685
strict	ENSG00000198513	721.0	5157.0	-0.012284573405349393	-0.006720771227661594
strict	ENSG00000119787	10177.0	121759.0	0.12948637119635104	0.07000944709610646
strict	ENSG00000184743	10152.0	67824.0	0.0919419055657664	0.0580605349805096
strict	ENSG00000149311	4384.0	51926.0	0.058164932680335346	0.02819751064819291
strict	ENSG00000168874	239.0	1576.0	0.04329271604896112	0.05612757852452948
strict	ENSG00000145246	972.0	11569.0	0.13844422236453818	0.10961761471744846
strict	ENSG00000159363	1778.0	31730.0	-0.04057540352937183	-0.021584510596706807
strict	ENSG00000163399	59924.0	659700.0	0.17168443466647437	0.09163258182116377
strict	ENSG00000174437	14209.0	148535.0	0.052134218223349085	-0.0028490382140148283
strict	ENSG00000070961	13394.0	62974.0	0.21523108852819062	0.1322482413141501
strict	ENSG00000152234	39546.0	501458.0	0.27789308694488496	0.27878942882428603
strict	ENSG00000165629	44792.0	245503.0	0.27765913641038986	0.22117191843375442
strict	ENSG00000116039	770.0	41277.0	0.12150654150129056	0.12240742018728365
strict	ENSG00000047249	10591.0	76536.0	0.1680755667253368	0.14407620890138553
strict	ENSG00000165240	1485.0	13446.0	0.17450690461684484	0.1783340893909876
strict	ENSG00000123191	6022.0	129585.0	0.24362933844266293	0.24096766384196916
strict	ENSG00000123472	18551.0	71964.0	0.16877536369551463	0.09630870807688907
strict	ENSG00000150756	2058.0	30325.0	0.0809528880414219	0.09066370304536518
strict	ENSG00000175054	3924.0	54396.0	-0.01916439335255074	-0.012609180451910828
strict	ENSG00000085224	16113.0	146074.0	0.28566297946988867	0.3332595766826395
strict	ENSG00000124788	10938.0	73681.0	0.12499038520707993	0.10466918886945245
strict	ENSG00000224470	2772.0	18287.0	0.024144674301504413	0.020312856936004636
strict	ENSG00000204842	8195.0	161905.0	0.04234771220649608	0.011267249185471498
strict	ENSG00000168488	7073.0	261536.0	0.03059028214229389	0.03291722002318478
strict	ENSG00000066427	4114.0	75782.0	0.08930992951227999	0.08119004943416282
strict	ENSG00000162650	1585.0	23131.0	0.0187770038027842	0.01859836244886554
strict	ENSG00000127423	759.0	15712.0	0.0553786457371417	0.06979960007179738
strict	ENSG00000087586	4703.0	25835.0	0.1229911741337993	0.11503814130511322
strict	ENSG00000178999	4635.0	69094.0	0.09692592216040306	0.10907234144793575
strict	ENSG00000166148	237.0	1479.0	0.027887894520241176	0.02204591160440232
strict	ENSG00000126895	113.0	1083.0	0.08478037232969797	0.023909899856886834
strict	ENSG00000103126	3419.0	70735.0	-0.019096254428963705	-0.023790787167819683
strict	ENSG00000168646	1943.0	19799.0	0.07088843425692254	0.09169060577851791
strict	ENSG00000167601	697.0	15159.0	0.05512116126249801	0.053686641881320295
strict	ENSG00000174684	1391.0	18673.0	0.07661888940183591	0.07587372179462594
strict	ENSG00000164929	3680.0	26435.0	0.23984427337479985	0.25319556459336595
strict	ENSG00000186318	5808.0	53114.0	0.1698109114158571	0.14227523708736378
strict	ENSG00000182240	3648.0	31306.0	0.11910759520620191	0.11538948152692781
strict	ENSG00000112182	720.0	5354.0	0.0013823686354620581	0.010512900590596667
strict	ENSG00000002330	3795.0	20853.0	-0.003935448894536255	0.006914616679894314
strict	ENSG00000112208	3254.0	20600.0	0.07478831477924586	0.07624526962327755
strict	ENSG00000151929	4087.0	81006.0	0.056589232135146605	0.0961799912722496
strict	ENSG00000204463	26788.0	498884.0	0.08175437588589174	0.021370617679387516
strict	ENSG00000175866	2898.0	34382.0	-0.0033074462486168566	-0.009724026185394702
strict	ENSG00000030110	6650.0	55263.0	-0.003947861407089977	0.05430368979596814
strict	ENSG00000153064	742.0	2412.0	0.036572480704138335	0.04303914539117462
strict	ENSG00000163930	10332.0	134879.0	0.014633805374158058	-0.008025441742850224
strict	ENSG00000138376	2421.0	13377.0	0.09370674415824662	0.08668012247654089
strict	ENSG00000156127	566.0	6591.0	0.0805158497172572	0.11368963296140795
strict	ENSG00000123685	175.0	2104.0	0.04039299580728095	0.034452317446569736
strict	ENSG00000087088	3416.0	8930.0	0.0770921174769255	0.05930017889113425
strict	ENSG00000123636	20942.0	81307.0	0.10184122364760154	0.12294457999551665
strict	ENSG00000105327	1627.0	7872.0	0.025345549928704816	0.06112085584511608
strict	ENSG00000187244	7127.0	485687.0	0.11684178997471979	0.1277283084904745
strict	ENSG00000132692	155.0	2226.0	0.03148175064833466	0.05177111662186814
strict	ENSG00000050820	6870.0	13597.0	0.015545025102985648	-0.004495085869863415
strict	ENSG00000137936	6078.0	36981.0	0.10345236556779734	0.10982189298571943
strict	ENSG00000141376	2523.0	35867.0	0.042578921706546535	0.01575444686332458
strict	ENSG00000107949	9496.0	119941.0	0.16715641414586896	0.13333201546470316
strict	ENSG00000103507	6167.0	93682.0	0.06618844057159037	0.06227581444816037
strict	ENSG00000142867	6358.0	43757.0	0.10160550912809985	0.06257768484302782
strict	ENSG00000119866	5240.0	67888.0	0.13981077741608902	0.12122073856305965
strict	ENSG00000127152	400.0	1518.0	0.04649949687402656	0.007324464801314031
strict	ENSG00000171791	1232.0	4001.0	0.03901964138590664	0.03515618694659759
strict	ENSG00000140379	201.0	1003.0	0.04153650984382525	-0.002601292832308926
strict	ENSG00000171552	21620.0	380832.0	0.16956040357903737	0.1973885938228999
strict	ENSG00000153094	12701.0	50863.0	0.2462936918201259	0.18779089430353013
strict	ENSG00000126453	2125.0	9536.0	0.03863227498472674	0.03946274614289578
strict	ENSG00000099968	4850.0	30061.0	0.04364122838548175	0.0340629457047731
strict	ENSG00000129473	1829.0	84626.0	0.040223118069773314	0.05418021459449107
strict	ENSG00000069399	3224.0	24112.0	0.20702987593604505	0.17533372724948834
strict	ENSG00000113916	4795.0	29661.0	0.026346330581369613	0.051099735655595696
strict	ENSG00000161940	304.0	2182.0	0.039873801852991386	0.031901353653962704
strict	ENSG00000106635	4408.0	40581.0	-0.022715938075729657	-0.004086482461292021
strict	ENSG00000099385	19256.0	15070.0	-0.016628260774998578	-0.008722983852052368
strict	ENSG00000183337	4314.0	52867.0	0.014522956207292385	0.010778425011722768
strict	ENSG00000085185	1977.0	40302.0	-0.0009093987991319538	-0.013145243798674973
strict	ENSG00000186716	9391.0	174282.0	0.18482658808585678	0.16786063463884254
strict	ENSG00000168398	173.0	1318.0	0.1460887104916929	0.09463330364614136
strict	ENSG00000176697	193.0	1554.0	0.062241273986530815	0.05990455998697777
strict	ENSG00000126581	4300.0	35854.0	-0.027904454462095545	-0.026044267660284542
strict	ENSG00000133134	1820.0	10154.0	0.05989657155244169	0.0953557314755206
strict	ENSG00000125864	126.0	1884.0	0.0032685451794752293	0.04153132544773286
strict	ENSG00000170819	104.0	288.0	0.07031795424446168	0.01245472796823984
strict	ENSG00000112624	4486.0	53530.0	0.09097644159014068	0.08153057135194729
strict	ENSG00000015475	9497.0	11089.0	0.07552152716847463	0.08240351755210737
strict	ENSG00000100290	3041.0	16876.0	0.11412315933262515	0.1256695918933491
strict	ENSG00000110330	7013.0	71012.0	0.02225478561653052	0.027799622235806003
strict	ENSG00000089685	5866.0	45300.0	0.05933893581955686	0.09750980697168662
strict	ENSG00000197299	1804.0	9898.0	0.08138112736535583	0.10039405619515253
strict	ENSG00000095585	882.0	4214.0	0.06921721191745733	0.08696232032494403
strict	ENSG00000196072	2872.0	14846.0	0.05542538621856477	0.06146486044922962
strict	ENSG00000106605	7224.0	63012.0	0.04873604577159853	0.02340373521357318
strict	ENSG00000168283	23080.0	125731.0	0.16883452654198153	0.13627619151187484
strict	ENSG00000138756	3931.0	27737.0	0.0509025837346417	0.04068485426303659
strict	ENSG00000125378	397.0	4084.0	0.03025976296094099	-0.010575221132205485
strict	ENSG00000153162	706.0	7610.0	0.23206896925396756	0.11632703525153906
strict	ENSG00000101144	13917.0	167803.0	0.25782097854139197	0.32115544713418304
strict	ENSG00000183682	684.0	7648.0	0.21922953204513168	0.15399038001851847
strict	ENSG00000116985	1201.0	11740.0	0.26032795719120416	0.23693727737407375
strict	ENSG00000164619	127.0	1579.0	0.009828749457981012	0.03318375157756591
strict	ENSG00000107779	11927.0	89997.0	0.12101077180940462	0.05755429501061524
strict	ENSG00000138696	6278.0	26706.0	0.11495772716890762	0.0998357762604675
strict	ENSG00000204217	12009.0	91552.0	0.092726409828215	0.05875127054216643
strict	ENSG00000173068	4957.0	24270.0	0.0791505581870909	0.09521577572658459
strict	ENSG00000176171	6486.0	16272.0	0.23012907902128177	0.11691071792825763
strict	ENSG00000157764	6211.0	102406.0	0.05447275959701024	0.03263849672561483
strict	ENSG00000012048	771.0	6948.0	0.020769717249104987	0.040205333065807806
strict	ENSG00000139618	1662.0	21191.0	0.01426715109953456	0.03730884521611439
strict	ENSG00000169925	10324.0	104822.0	0.010988699920894426	0.03067755065960328
strict	ENSG00000141867	21184.0	467541.0	0.022008218683855715	0.035005389690577426
strict	ENSG00000184992	7509.0	33351.0	0.16700142237882984	0.15876945957786953
strict	ENSG00000136492	1250.0	17158.0	0.05713323026925358	0.06754041579099679
strict	ENSG00000113460	9027.0	34598.0	0.05501548040454976	0.027827263885033995
strict	ENSG00000160058	4594.0	40844.0	0.02176268099625206	0.008552493810586113
strict	ENSG00000109743	253.0	2429.0	0.039026712398667784	0.025596366250513883
strict	ENSG00000095564	4089.0	114138.0	0.08570501939912877	0.04420583051361924
strict	ENSG00000183826	1984.0	34857.0	-0.01580352272170102	-0.0033281396148501933
strict	ENSG00000010671	114.0	2392.0	-0.009805516347430389	0.011448804711754917
strict	ENSG00000186265	136.0	374.0	-0.0019650447262455403	0.042764940865193106
strict	ENSG00000026950	1454.0	24758.0	0.11169669206331444	0.08975681568567945
strict	ENSG00000166167	3599.0	47510.0	-0.011269895050215136	0.01440453176245192
strict	ENSG00000169679	8964.0	67120.0	0.18309336790158898	0.16000995118550537
strict	ENSG00000156970	4129.0	31412.0	0.09108147104072047	0.10085410526503649
strict	ENSG00000108561	22461.0	179301.0	0.2571594445270123	0.2741324364793926
strict	ENSG00000173918	2120.0	18124.0	0.26648767275451846	0.24227667302461295
strict	ENSG00000133466	1358.0	50579.0	0.060903653426060175	0.06690823981000336
strict	ENSG00000139178	9884.0	293628.0	0.21757916915635417	0.22336260522682544
strict	ENSG00000171860	316.0	2849.0	0.04528547539592022	0.05175792263633599
strict	ENSG00000106804	316.0	4388.0	-0.025906664287497827	-0.004006088733205936
strict	ENSG00000197405	379.0	8414.0	0.04324806996988011	0.055218574193154416
strict	ENSG00000176919	507.0	833.0	0.05783183216119572	-0.0046319396301464566
strict	ENSG00000074410	2615.0	55267.0	0.24075865901057633	0.21399891361459755
strict	ENSG00000118298	1304.0	8631.0	0.10149442644704754	0.10944943600930675
strict	ENSG00000183346	529.0	2420.0	0.08703902661941797	0.10817019809525599
strict	ENSG00000175544	173.0	5435.0	-0.02549657806492553	-0.023416217209997394
strict	ENSG00000154040	1559.0	34777.0	0.022993352575350606	0.05314721577969328
strict	ENSG00000148408	558.0	4042.0	0.10496284463409591	0.10972414735114196
strict	ENSG00000151067	430.0	6564.0	0.019208730615786793	0.02349648296076547
strict	ENSG00000157388	328.0	3742.0	0.020282912196851098	0.04130009908320314
strict	ENSG00000196557	287.0	15135.0	0.13971354270576564	0.06783094062765163
strict	ENSG00000153956	4897.0	30670.0	0.15689683497054224	0.1284724039833939
strict	ENSG00000075461	893.0	37347.0	0.15047490391375196	0.15929534232589013
strict	ENSG00000075429	213.0	7154.0	0.049916851581958854	0.07467308773738184
strict	ENSG00000151893	10184.0	61429.0	0.1726343015280696	0.12438299838538873
strict	ENSG00000116161	16438.0	54877.0	0.06504428676696074	0.08762079401110688
strict	ENSG00000084774	7858.0	120927.0	0.08550156112090423	0.09164894108344812
strict	ENSG00000105767	4500.0	85826.0	0.025524955900246733	0.022087783824360486
strict	ENSG00000172137	234.0	3795.0	0.2235483722006728	0.1190288723629647
strict	ENSG00000064989	1163.0	6749.0	0.1402064945281592	0.11944779132121798
strict	ENSG00000160014	9640.0	64506.0	0.12371010255273103	0.1509358866479366
strict	ENSG00000134072	3073.0	31909.0	0.07666642698845001	0.05007056303986175
strict	ENSG00000058404	288.0	892.0	0.007695596609052762	0.03948904124613969
strict	ENSG00000145349	2841.0	17997.0	0.014472424784824767	0.041540515964687455
strict	ENSG00000148660	5998.0	65424.0	0.13169649046749482	0.12059441182872561
strict	ENSG00000118200	8468.0	54540.0	0.02800415272143637	0.03402812693400297
strict	ENSG00000111530	18817.0	155100.0	0.15428037311586218	0.10249174488083136
strict	ENSG00000127022	43802.0	258211.0	0.013759654021470169	-0.0038011575850880547
strict	ENSG00000014216	10575.0	85833.0	0.07830885392750982	0.08493976939339051
strict	ENSG00000092529	251.0	10725.0	0.0026289111134752945	0.01631763139054883
strict	ENSG00000100065	2418.0	61937.0	0.11447880069993689	0.12102603282440645
strict	ENSG00000141527	474.0	12624.0	0.07270155684768026	0.080352319008203
strict	ENSG00000105483	1451.0	16679.0	0.03503954088635791	0.04231569609248277
strict	ENSG00000187796	651.0	3487.0	0.041346988545246946	0.028305902947722183
strict	ENSG00000138380	1501.0	22698.0	-0.012863133518368588	-0.024811581328075448
strict	ENSG00000142453	14674.0	197419.0	0.1586148848171055	0.11037387230587788
strict	ENSG00000246228	485.0	791.0	0.0015547524246673893	0.03841489806375395
strict	ENSG00000147044	5417.0	27758.0	0.03534341264358659	0.03977127229637738
strict	ENSG00000137752	411.0	4438.0	0.14426800071344267	0.08308371251612934
strict	ENSG00000003400	1166.0	18160.0	0.04971000904028248	0.04353449247326348
strict	ENSG00000106144	5610.0	68806.0	0.0720646923766391	0.03709579379345317
strict	ENSG00000164305	15044.0	47428.0	0.10668455808857391	0.04832620133621548
strict	ENSG00000138794	5763.0	30059.0	0.02142043422100484	0.033770564513341046
strict	ENSG00000165806	4679.0	9420.0	0.09130012758463385	0.0913246619391234
strict	ENSG00000064012	3942.0	20052.0	0.051858280897463555	0.08226567917873415
strict	ENSG00000118412	6199.0	45903.0	0.08739655356198635	0.0581099425038272
strict	ENSG00000132906	2149.0	23912.0	-0.0002788465308919911	0.011172219584045922
strict	ENSG00000087589	181.0	5321.0	-0.0029933814105258423	0.006040142246805349
strict	ENSG00000130940	2410.0	39645.0	0.047231411867362676	0.04114297295369344
strict	ENSG00000121691	11320.0	58790.0	0.09767676663449985	0.1086977212567317
strict	ENSG00000166762	590.0	2891.0	-0.01755979706165544	0.002289437535766322
strict	ENSG00000105971	1254.0	4327.0	0.1624852429708985	0.08143224571747176
strict	ENSG00000168497	481.0	2679.0	0.24264107167783855	0.1489203410611837
strict	ENSG00000170955	2108.0	12834.0	-0.019176553030186422	0.0024133366180981207
strict	ENSG00000099625	154.0	916.0	-0.0225959886030326	-0.030399496843706464
strict	ENSG00000067955	12435.0	70145.0	0.17222341362279026	0.0875055406492653
strict	ENSG00000110395	3904.0	20489.0	-0.01853764617792171	-0.018662429169997094
strict	ENSG00000114423	11207.0	131940.0	0.18798242924652797	0.2012592670163859
strict	ENSG00000139899	622.0	26409.0	0.055490342729316855	0.04548602009529776
strict	ENSG00000159228	7215.0	24363.0	0.09299157891803966	0.07385792606127911
strict	ENSG00000160200	2706.0	8885.0	0.04500299827536597	0.060292342468170654
strict	ENSG00000136682	2273.0	92468.0	-0.09032831810095802	-0.11188581726437226
strict	ENSG00000108468	18611.0	88632.0	0.08235883346238501	0.07010937499351697
strict	ENSG00000122565	79911.0	130187.0	0.1426739370637449	0.1896777725653127
strict	ENSG00000094916	20660.0	137118.0	0.12712362349272716	0.07478667261872951
strict	ENSG00000100307	1015.0	15444.0	0.06302065182487937	0.02711118596470253
strict	ENSG00000132024	8750.0	83899.0	0.006653389804129993	0.04856153799800156
strict	ENSG00000158941	3918.0	104376.0	0.04562049506758266	0.021387238829812506
strict	ENSG00000183287	254.0	2053.0	0.10722656498070182	0.1353496229654517
strict	ENSG00000150636	259.0	1381.0	-0.01502672243963858	-0.00448947027867474
strict	ENSG00000103021	880.0	12257.0	0.05570544831085286	0.0819284570567646
strict	ENSG00000007080	8498.0	90930.0	0.02496088907389442	0.028713405463742604
strict	ENSG00000185298	3630.0	52652.0	-0.028442531268626857	-0.029729172928234186
strict	ENSG00000175455	7265.0	81455.0	0.07814485613730134	0.06610335563590385
strict	ENSG00000120262	2713.0	13785.0	0.15396315928501342	0.15167783310695704
strict	ENSG00000140481	954.0	17472.0	0.025622710772349615	0.030389886627104956
strict	ENSG00000180329	1372.0	12789.0	0.016421462226289627	-0.0012605646898604637
strict	ENSG00000152492	11913.0	184620.0	0.04804252331430871	0.07290264489129605
strict	ENSG00000164051	2502.0	9803.0	0.025855052358424904	0.025257565108899153
strict	ENSG00000176155	2379.0	35212.0	0.049663922776902424	0.018358183890943378
strict	ENSG00000108091	23740.0	208588.0	0.15012931788255968	0.1620819040213207
strict	ENSG00000104983	444.0	5650.0	0.05334474638857016	0.03408674145458495
strict	ENSG00000130783	137.0	1586.0	-0.021844183901000198	0.007040657041708705
strict	ENSG00000216937	946.0	13006.0	0.03028324190236835	0.023275350215377123
strict	ENSG00000120647	1248.0	19292.0	0.016551456081122812	0.021696917140537505
strict	ENSG00000091986	2142.0	13865.0	0.12106247761304548	0.14653356677480794
strict	ENSG00000110104	1229.0	17593.0	0.05350175655844244	0.05629003138248904
strict	ENSG00000105321	353.0	53112.0	0.05158918265073263	-0.013181626759793693
strict	ENSG00000123106	3136.0	23883.0	0.014481114858685681	0.006791003959859044
strict	ENSG00000110148	187.0	2830.0	0.017351131338781738	0.025450115185872122
strict	ENSG00000275385	547.0	1228.0	0.045135010321896804	0.10857703491023478
strict	ENSG00000151882	1967.0	27636.0	0.0427687398886971	0.04699893718245677
strict	ENSG00000108688	227.0	2432.0	0.1477181680575774	0.10615609460963188
strict	ENSG00000108700	245.0	3625.0	0.0929488906676924	0.07670257883787888
strict	ENSG00000142871	18317.0	176525.0	0.530712119206134	0.4561852554157826
strict	ENSG00000118523	55057.0	169478.0	0.4860072355621957	0.424498273670811
strict	ENSG00000136999	4175.0	27405.0	0.147347832325606	0.16094564106920048
strict	ENSG00000104415	628.0	6799.0	0.17793043534476505	0.10529368082614379
strict	ENSG00000064205	518.0	4413.0	0.1276685368184463	0.1192579669258232
strict	ENSG00000133101	7451.0	31528.0	0.45057477608837515	0.47114153971708533
strict	ENSG00000145386	7018.0	20663.0	0.15375634557735599	0.14872739186950318
strict	ENSG00000134057	15235.0	164686.0	0.20034326419838022	0.171524900963047
strict	ENSG00000157456	6876.0	23243.0	0.08875187682610285	0.1044205290189218
strict	ENSG00000147082	204.0	1560.0	-0.011760597081056303	0.014965000832958195
strict	ENSG00000110092	7666.0	22546.0	0.14121286069932268	0.14282013807556634
strict	ENSG00000118971	43189.0	124635.0	0.5216051755885047	0.5777294967822351
strict	ENSG00000112576	8721.0	13466.0	9.226277987837289e-05	0.01611172559243799
strict	ENSG00000166946	5648.0	29867.0	-0.0009110561045785164	-0.009598464560996797
strict	ENSG00000105173	27331.0	152829.0	0.20917618694287796	0.3013293222493571
strict	ENSG00000152669	6852.0	44283.0	0.24561423772463278	0.25632784803460446
strict	ENSG00000129315	4647.0	59293.0	0.03409377757438654	0.03297690342050689
strict	ENSG00000108100	21364.0	89966.0	0.022363722897663595	0.06384890449366899
strict	ENSG00000163823	258.0	4460.0	0.03955568071571306	0.06864386132405664
strict	ENSG00000166226	18440.0	198400.0	0.18408620513201918	0.14148774900126457
strict	ENSG00000163468	44720.0	552993.0	0.30729691029961337	0.36838649038040433
strict	ENSG00000150753	35040.0	332980.0	0.19011533095258817	0.19712053762210674
strict	ENSG00000146731	35516.0	365877.0	0.22184933553929112	0.19401011906354196
strict	ENSG00000135624	27286.0	332992.0	0.10695953227687624	0.201650930711891
strict	ENSG00000156261	18089.0	188304.0	0.0655345338101668	0.061306624082064845
strict	ENSG00000156535	3393.0	30854.0	0.13523823875506852	0.12335194405492891
strict	ENSG00000170458	1477.0	30741.0	0.12178315145295271	0.10206748482999081
strict	ENSG00000177697	25043.0	122401.0	0.01908407984072044	0.011406801935614426
strict	ENSG00000177575	703.0	9717.0	0.09407868877517134	0.062293002091208895
strict	ENSG00000158473	151.0	3079.0	-0.013485889578293025	0.027146235143981883
strict	ENSG00000091972	7458.0	181134.0	0.5391544690657644	0.5478918548513528
strict	ENSG00000012124	1888.0	131547.0	0.09272327138226855	0.0967804804650943
strict	ENSG00000198821	139.0	1879.0	0.08215770132689947	0.03580963246775981
strict	ENSG00000174807	670.0	4764.0	0.17754752728983922	0.10965259885499616
strict	ENSG00000139193	274.0	1757.0	0.01957405107077562	0.05579222432602724
strict	ENSG00000120217	109.0	1843.0	0.1313169808548911	0.09360552326234739
strict	ENSG00000103855	8413.0	68734.0	0.10947558442491376	0.08520065614821387
strict	ENSG00000198087	14520.0	132127.0	0.08998145678198471	0.08038963586590721
strict	ENSG00000169217	10701.0	49136.0	-0.08984787503754052	-0.023292070088615682
strict	ENSG00000167851	175.0	4895.0	0.06434593700071597	0.050580486661288504
strict	ENSG00000241399	2035.0	5746.0	0.11183987779635104	0.09189738919043189
strict	ENSG00000167775	23661.0	15195.0	0.1795035801008062	0.20951995279527832
strict	ENSG00000174059	1565.0	29272.0	0.13142918198263456	0.10490843382312719
strict	ENSG00000135218	420.0	1882.0	0.07900248604193513	0.06944037623435004
strict	ENSG00000004468	175.0	2732.0	0.1692391402356928	0.05076150987527907
strict	ENSG00000117877	663.0	11961.0	0.01472652702946381	0.019966845636115175
strict	ENSG00000160654	215.0	948.0	0.07222730633971657	0.03084552850568295
strict	ENSG00000010610	425.0	22102.0	0.08422022119411071	0.0840888338071969
strict	ENSG00000101017	351.0	5711.0	0.04973319155229882	0.03925890307665317
strict	ENSG00000026508	1482.0	24116.0	0.13266016845538775	0.14865500734449474
strict	ENSG00000117335	21579.0	226809.0	0.1265583664874631	0.04011103989712915
strict	ENSG00000196776	39607.0	284709.0	0.22039759408205947	0.21174773485443923
strict	ENSG00000196352	9797.0	65121.0	0.1321035597677714	0.1304443766856459
strict	ENSG00000116815	3043.0	25691.0	0.06316860063540894	0.06150728684789515
strict	ENSG00000085063	26038.0	39536.0	0.01695098349393713	0.12494256010478275
strict	ENSG00000013725	141.0	940.0	0.06839613424838253	0.06503324362908193
strict	ENSG00000129226	1453.0	15508.0	0.15628980412114762	0.13387269517866646
strict	ENSG00000173762	273.0	3142.0	0.12712671388758862	0.15036071983848376
strict	ENSG00000137101	451.0	2178.0	0.02360878581973818	0.01829178141996492
strict	ENSG00000007312	283.0	2501.0	0.07972531121441535	0.10242806865276752
strict	ENSG00000085117	4451.0	94032.0	0.15834149311530055	0.1684222496555088
strict	ENSG00000112149	2210.0	19895.0	0.01999767210157429	0.05024571268152644
strict	ENSG00000066294	141.0	2803.0	0.03073222798371951	0.03692559494594103
strict	ENSG00000114013	263.0	2811.0	0.04592916881638068	0.035819737109902015
strict	ENSG00000153563	336.0	2283.0	0.03430128235949534	0.027989593356527454
strict	ENSG00000172116	179.0	1024.0	0.17439854338860328	0.12272737588032467
strict	ENSG00000125810	1734.0	3488.0	0.18307769205118535	0.12123271787166176
strict	ENSG00000153283	519.0	1960.0	0.020081739422922025	0.04131597186147122
strict	ENSG00000002586	13335.0	90010.0	0.05143577921176787	0.1002458394493285
strict	ENSG00000158825	260.0	3344.0	0.05320064998621341	0.05794520597056413
strict	ENSG00000140326	2262.0	50375.0	0.06106966815600634	0.04056118795968377
strict	ENSG00000151465	10483.0	81233.0	0.013208743768245289	-0.010574987565482067
strict	ENSG00000079335	1828.0	20281.0	0.03869920973582135	0.04803383294855009
strict	ENSG00000117399	27879.0	161231.0	0.2631827375256222	0.2837355039370041
strict	ENSG00000164045	1998.0	17310.0	0.09180007793047214	0.10265370515580002
strict	ENSG00000158402	1063.0	14654.0	0.04278246424787463	0.06064167465555005
strict	ENSG00000004897	8481.0	51252.0	0.041038264643767544	0.03785101196362244
strict	ENSG00000099804	6374.0	64768.0	-0.05232332211507009	-0.051423487396326684
strict	ENSG00000105401	47996.0	595265.0	0.024784070534635643	0.000621997184318865
strict	ENSG00000070831	46428.0	116687.0	0.007062342435896351	0.020184545673553912
strict	ENSG00000171219	1943.0	97890.0	0.0724740888788801	0.054350433584585786
strict	ENSG00000094804	1491.0	17625.0	0.07993074342546169	0.08982966560597318
strict	ENSG00000134371	9782.0	124483.0	0.06209798540545259	0.06500303394446241
strict	ENSG00000184661	502.0	16778.0	0.05619321446688086	0.06916456084200126
strict	ENSG00000111665	13111.0	105401.0	0.12944888497381818	0.11367255749946052
strict	ENSG00000164649	5048.0	94496.0	0.1523798552868202	0.13024567499053416
strict	ENSG00000163814	1260.0	16691.0	0.12970896946551766	0.12638829079333788
strict	ENSG00000039068	27573.0	437518.0	0.19881526722040221	0.05307829317627078
strict	ENSG00000140937	1855.0	37199.0	0.410783864190051	0.33613967680659734
strict	ENSG00000140945	451.0	1037.0	0.022309144723105998	-0.06350372831894378
strict	ENSG00000166589	135.0	2693.0	0.02579583781752825	0.023011969375215373
strict	ENSG00000170558	5010.0	43687.0	0.21014284319612864	0.2245711285809377
strict	ENSG00000149654	147.0	1726.0	0.01222900734459519	0.017215948859644087
strict	ENSG00000107736	2329.0	108441.0	0.16031462829275528	0.16090105994761794
strict	ENSG00000062038	9037.0	183265.0	0.08229556629863151	0.14298907004625327
strict	ENSG00000179776	1685.0	12368.0	0.18378689138179288	0.12721710513693302
strict	ENSG00000113361	28623.0	268065.0	0.3732638706993058	0.3639776387739323
strict	ENSG00000148600	327.0	10781.0	0.0596450646004633	0.040180055582479196
strict	ENSG00000074276	1390.0	2897.0	0.033308714651105006	0.015273571603729098
strict	ENSG00000170312	19119.0	33247.0	0.24269372497717845	0.22696749419276113
strict	ENSG00000185324	6351.0	134038.0	-0.02071345772831755	0.014439561760921333
strict	ENSG00000058091	4298.0	27677.0	0.06481287646291689	0.07191827894383196
strict	ENSG00000102225	11456.0	197144.0	0.11367710308132166	0.08066381203334147
strict	ENSG00000059758	6176.0	66080.0	0.07481175926696504	0.07062739316621046
strict	ENSG00000117266	1966.0	99874.0	0.08832321707269854	0.06654772526361878
strict	ENSG00000123374	9476.0	133201.0	0.170530855256204	0.12669128102664026
strict	ENSG00000250506	1557.0	23195.0	-0.04544670903110459	-0.039941995639216174
strict	ENSG00000135446	28604.0	171770.0	0.2170524392227851	0.24810909936345757
strict	ENSG00000164885	3580.0	32159.0	0.052560856185175545	0.042222755656149545
strict	ENSG00000101391	4329.0	51710.0	-0.07106782789261537	-0.07297562378897739
strict	ENSG00000105810	2859.0	18642.0	0.15870257884356442	0.1603044418259485
strict	ENSG00000134058	7210.0	50934.0	0.013735322406013542	0.01914981775723769
strict	ENSG00000132964	2068.0	19664.0	-0.003013466614457081	0.02511956838411736
strict	ENSG00000136807	5941.0	57229.0	-0.00595846612141265	0.00934634898765491
strict	ENSG00000145996	6589.0	93334.0	0.01813840500035286	0.013884417113324266
strict	ENSG00000100490	477.0	2529.0	0.06292900634962455	0.023202464131662572
strict	ENSG00000006837	1089.0	3390.0	-0.02422993595523745	-0.030942646548227693
strict	ENSG00000124762	13961.0	246213.0	0.24724090781155889	0.2530518336175425
strict	ENSG00000111276	30369.0	95369.0	0.032830537321756004	0.07258950185230174
strict	ENSG00000129757	8380.0	16038.0	0.07096294257954311	0.05476954450874523
strict	ENSG00000147889	28108.0	40305.0	-0.1137064076566544	-0.13251493038624695
strict	ENSG00000168564	5397.0	22086.0	0.03407039820873006	0.01638453794557825
strict	ENSG00000147883	492.0	4583.0	0.06446034923624117	0.08987017153949466
strict	ENSG00000100526	1478.0	8912.0	0.07209764166062343	0.09461685063175145
strict	ENSG00000109089	3329.0	96877.0	0.11719947992940066	0.09861677668523929
strict	ENSG00000204539	138.0	1574.0	0.04448785807612261	0.007870594198940966
strict	ENSG00000091527	22501.0	81504.0	0.018446516170346986	0.02430171464940428
strict	ENSG00000079385	185.0	2531.0	0.034536359298264756	0.003754514329700383
strict	ENSG00000245848	2362.0	9369.0	0.09741885048316452	0.14721240475003589
strict	ENSG00000075275	7574.0	181208.0	0.1840853316103373	0.18138592520806973
strict	ENSG00000143126	11302.0	363793.0	0.11467351886493724	0.0699262722848506
strict	ENSG00000008300	423.0	5680.0	0.00702836865734918	-0.013803412605687852
strict	ENSG00000135048	1739.0	16746.0	-0.0011413559606039169	0.00827492615794955
strict	ENSG00000115163	5345.0	21728.0	0.0813853827580254	0.08309910533241817
strict	ENSG00000125817	7200.0	63595.0	0.006244340929315419	0.05045233674058924
strict	ENSG00000117724	8617.0	71173.0	0.1848723679675722	0.14595359289959722
strict	ENSG00000166582	771.0	5220.0	0.05923617206014817	0.08860892235517771
strict	ENSG00000154240	3488.0	76062.0	0.05498161382317493	0.05058685874918875
strict	ENSG00000100629	1184.0	20052.0	0.02341778879108196	0.057387585749835004
strict	ENSG00000143702	4871.0	32835.0	0.011886504935942416	0.02779740953979009
strict	ENSG00000174007	710.0	6451.0	0.0353743011462628	0.034794622865377066
strict	ENSG00000164118	3342.0	23962.0	0.021906766592145095	0.0024698836064364084
strict	ENSG00000138180	5886.0	62811.0	0.21477613087387357	0.18416489877606182
strict	ENSG00000130695	2198.0	68195.0	-0.040223649968160996	-0.02281191372608591
strict	ENSG00000070761	5212.0	33070.0	0.09466313631293419	0.07658400415484014
strict	ENSG00000197748	3223.0	81942.0	0.11679573320794084	0.09905090034525833
strict	ENSG00000171811	845.0	19886.0	0.12031434120243718	0.15081776335190877
strict	ENSG00000165164	796.0	28995.0	0.0665668040477349	0.09260537984707097
strict	ENSG00000243649	14639.0	159352.0	0.39445026845751685	0.4296877604673595
strict	ENSG00000153774	5467.0	46054.0	0.008619901085815226	0.015318072839877935
strict	ENSG00000000971	2449.0	11530.0	0.34018920355328364	0.28012384768458504
strict	ENSG00000165410	3069.0	11664.0	-0.02650305997834011	-0.009346571660899956
strict	ENSG00000003402	5291.0	111602.0	0.0071545879602321096	0.022037730677814206
strict	ENSG00000126759	165.0	6907.0	0.10605199170775881	0.078660316008108
strict	ENSG00000001626	390.0	5484.0	0.07416727088149142	0.09155162355190448
strict	ENSG00000164430	7190.0	51890.0	0.16233049870226443	0.1194089189931101
strict	ENSG00000128849	1864.0	26413.0	0.05703950182490049	0.047580747078142124
strict	ENSG00000100532	1432.0	4745.0	-0.029447297988394714	-0.012907540003108911
strict	ENSG00000167670	1131.0	33743.0	0.04184866672305563	0.0665194930867358
strict	ENSG00000198824	4554.0	22309.0	0.03196659720750424	0.0276557890820316
strict	ENSG00000170004	11275.0	324266.0	0.042067268536868964	0.112941821779355
strict	ENSG00000171316	5546.0	158781.0	0.16950733129670967	0.14932510435842167
strict	ENSG00000149554	2540.0	45918.0	0.10234843184866665	0.10967769414254637
strict	ENSG00000183765	4507.0	63905.0	0.19008599605735188	0.17294272790156026
strict	ENSG00000072609	4391.0	71677.0	-0.013435784018206842	0.03755020638443007
strict	ENSG00000133063	210.0	403.0	-0.0022040217140008684	-0.027519989137139943
strict	ENSG00000110721	5654.0	63207.0	0.05724599903181351	0.03598499801406148
strict	ENSG00000154645	298.0	1998.0	0.09825373398132613	0.11437266824208571
strict	ENSG00000104472	5074.0	50838.0	0.03125625461309766	0.03852936981639862
strict	ENSG00000133019	1011.0	5445.0	-0.014864797871040848	0.001082162540329281
strict	ENSG00000180720	204.0	2090.0	0.036093192594684034	0.05372422557144604
strict	ENSG00000169684	762.0	5273.0	0.032910254558004545	0.05917704377593563
strict	ENSG00000170175	839.0	6774.0	0.04699541920786174	0.05336784049985333
strict	ENSG00000117971	169.0	3139.0	-0.01985298143790625	-0.03917236374914063
strict	ENSG00000213341	2234.0	17653.0	0.029433102715848987	0.044007337575281934
strict	ENSG00000179583	955.0	34865.0	0.14000055662703464	0.15698187576658312
strict	ENSG00000160161	2372.0	15939.0	0.15656857695234372	0.14972866134080337
strict	ENSG00000100865	3206.0	19725.0	0.04643351027460894	0.056162871779236616
strict	ENSG00000163507	3000.0	48882.0	0.1304031394211749	0.11619244480673238
strict	ENSG00000145354	6175.0	21588.0	0.023342643027095072	0.014642208330793058
strict	ENSG00000136108	9802.0	51367.0	0.07937017508247263	0.08587455702862767
strict	ENSG00000136026	19632.0	207741.0	0.11969490321773686	0.07077822608092463
strict	ENSG00000175216	7529.0	146994.0	-0.02321484195185628	0.007676788639477984
strict	ENSG00000123975	38339.0	63433.0	0.24748455100620917	0.2843442320332101
strict	ENSG00000109572	9628.0	66749.0	0.11994389048690948	0.10092274047656863
strict	ENSG00000073464	557.0	8702.0	0.009834084538145452	0.023489280598984995
strict	ENSG00000171365	3732.0	43139.0	0.4592284952238259	0.4236765673309862
strict	ENSG00000163347	13513.0	98674.0	0.2860912561948641	0.2956184923936594
strict	ENSG00000184113	568.0	7129.0	0.3560721600201976	0.10148976246618358
strict	ENSG00000181885	18422.0	36523.0	0.09469758411441426	0.10710631317698513
strict	ENSG00000172322	192.0	1199.0	0.03866796675386533	0.06315403198593562
strict	ENSG00000176435	1018.0	9524.0	0.1902234051624073	0.11538786012395556
strict	ENSG00000038532	2541.0	61652.0	0.029570706979801586	0.03338364503740037
strict	ENSG00000111729	152.0	3570.0	0.03532864476612539	0.04378216748435388
strict	ENSG00000198178	250.0	29516.0	0.012421494298985241	0.03358404805697738
strict	ENSG00000258227	114.0	1564.0	0.007283954200359084	0.03767047055601254
strict	ENSG00000205846	137.0	1014.0	0.013660235969547206	0.019510224371936433
strict	ENSG00000172243	441.0	1622.0	0.03354297901895947	0.06383001861626637
strict	ENSG00000153132	1386.0	14339.0	0.12372280112362441	0.14151419651381109
strict	ENSG00000169583	4691.0	28455.0	0.15884719200734443	0.16644618677759154
strict	ENSG00000169504	13757.0	95397.0	0.1452371438776693	0.1353152186380635
strict	ENSG00000159212	3668.0	15262.0	0.1685592302076035	0.18690701877349153
strict	ENSG00000176444	9302.0	185044.0	-0.04079353936594276	0.017174590976260895
strict	ENSG00000179335	4685.0	59060.0	-0.03251588352845907	-0.023229590874932968
strict	ENSG00000113240	4037.0	27042.0	0.02556550635015257	0.018352350020027504
strict	ENSG00000188603	5053.0	18957.0	0.09390021491592493	0.08192879067198112
strict	ENSG00000102805	3795.0	21057.0	0.09569592919174044	0.09734658402983204
strict	ENSG00000134852	7612.0	56390.0	0.040036196384137614	0.03922457298317004
strict	ENSG00000049656	12854.0	195689.0	0.15067726189560338	0.03122087218973424
strict	ENSG00000166855	9896.0	84862.0	0.12024872889591942	0.07825548291284205
strict	ENSG00000171603	11798.0	99260.0	0.08284788474046881	0.07429021978059756
strict	ENSG00000139182	20312.0	78779.0	0.1703817090355599	0.25941417210376083
strict	ENSG00000141367	38133.0	184183.0	0.14187726806987633	0.13816233109776935
strict	ENSG00000174600	168.0	3428.0	0.10768973178486035	0.07517176275588242
strict	ENSG00000184220	7899.0	34952.0	0.09528572011897932	0.10021039020767893
strict	ENSG00000170293	4098.0	22858.0	0.08418689992957515	0.08940247409279671
strict	ENSG00000164309	301.0	1158.0	0.05012284482934405	0.020384048127500276
strict	ENSG00000070729	323.0	2305.0	0.004895382431676722	0.017444687343320074
strict	ENSG00000170289	243.0	1519.0	0.033193735158257326	0.02774198868323008
strict	ENSG00000143771	8090.0	22709.0	0.10591479615394556	0.06908319008224136
strict	ENSG00000153721	2165.0	14207.0	0.023085894591511308	0.028027911315743278
strict	ENSG00000168763	3297.0	54394.0	0.02858000049770108	0.027708773562906592
strict	ENSG00000125107	13852.0	174656.0	-0.015066501949523874	0.02370954338585641
strict	ENSG00000173786	6766.0	87077.0	0.05721838985237056	0.06692605848629503
strict	ENSG00000119865	372.0	3365.0	0.13533990913880042	0.1286522753480737
strict	ENSG00000162852	3425.0	18863.0	0.0715249764606623	0.05740504775320419
strict	ENSG00000044459	1970.0	15686.0	0.0008437350233789255	0.013586244453440418
strict	ENSG00000108797	106.0	4926.0	0.11554498698570936	0.053920506323955224
strict	ENSG00000170037	1572.0	35511.0	-0.0590761181287757	-0.051339948572481184
strict	ENSG00000068120	2564.0	40478.0	0.047328451204657604	0.05538245798413569
strict	ENSG00000082438	1548.0	15245.0	0.10038362807645716	0.08513721619077173
strict	ENSG00000100473	706.0	4832.0	0.06952690755415622	0.07896046550342012
strict	ENSG00000121058	3242.0	50887.0	0.14805767379846735	0.13409078744555544
strict	ENSG00000060718	574.0	2562.0	0.1126642725275455	0.14549096998632305
strict	ENSG00000065618	387.0	1818.0	0.07728322127433312	0.12529515441699346
strict	ENSG00000182871	53148.0	613015.0	0.2117185378142204	0.2676994251574262
strict	ENSG00000050767	543.0	7408.0	0.10043290188873238	0.07445054410035948
strict	ENSG00000188517	329.0	841.0	0.022282712022302247	0.04645050374154934
strict	ENSG00000139219	1478.0	46892.0	0.14911001047034123	0.16000963165446738
strict	ENSG00000187498	16794.0	283197.0	0.26015681403709323	0.25199536117816296
strict	ENSG00000134871	17299.0	173248.0	0.2645458695560911	0.25090865664589707
strict	ENSG00000081052	136.0	1964.0	0.036546181032446876	0.02947944253896937
strict	ENSG00000188153	7005.0	65302.0	0.08943774175022823	0.12649146045745657
strict	ENSG00000130635	5439.0	157473.0	0.2614615409171462	0.2231279482407811
strict	ENSG00000204262	3234.0	34554.0	0.1953623623521466	0.16071065207247529
strict	ENSG00000114270	1875.0	16590.0	0.13298849851393152	0.11517683559686966
strict	ENSG00000158270	658.0	8170.0	0.09324478609225136	0.12870404034182195
strict	ENSG00000206561	320.0	7167.0	-0.0008202321136442543	0.010775407801621674
strict	ENSG00000105664	142.0	2170.0	0.07159183206582785	0.031598302065236464
strict	ENSG00000093010	11438.0	155844.0	0.15313019847982115	0.17099948681928628
strict	ENSG00000121022	8469.0	70903.0	0.11964634453012031	0.09108624925398287
strict	ENSG00000163050	2654.0	20278.0	0.11284266044333471	0.12896876925624148
strict	ENSG00000172725	9685.0	75055.0	0.06540456450722232	0.035917181532680156
strict	ENSG00000110880	5289.0	76639.0	0.01895488688686648	0.036753176890776014
strict	ENSG00000241563	619.0	4413.0	-0.01637207485626546	0.007605884218747028
strict	ENSG00000047457	58528.0	287306.0	0.40894285392106866	0.43456567326884543
strict	ENSG00000128510	114.0	1267.0	0.06240603948832233	0.036046313718800516
strict	ENSG00000214575	139.0	1624.0	0.0380757397350923	0.053883148867910645
strict	ENSG00000137449	469.0	6137.0	0.07965473768923459	0.08491679004135116
strict	ENSG00000107864	2106.0	24002.0	0.07306668721162957	0.1000084450470446
strict	ENSG00000111605	17784.0	421621.0	0.1032027700569691	0.0690113537416532
strict	ENSG00000110090	4274.0	89101.0	0.09517958306891162	0.09465564146122682
strict	ENSG00000106066	10079.0	29394.0	0.2808582961950713	0.34821466447783944
strict	ENSG00000121898	237.0	1834.0	0.2494804650149788	0.10391692561181994
strict	ENSG00000117322	283.0	1841.0	0.03275120435098315	0.046806084868061405
strict	ENSG00000148204	1090.0	4967.0	0.07003006611945059	0.10277871095313566
strict	ENSG00000118260	6959.0	97594.0	0.006420812416849736	0.03056786012450727
strict	ENSG00000107175	5400.0	69234.0	0.06512272211712734	0.05121108380135033
strict	ENSG00000146592	2731.0	3451.0	0.055914466197755266	0.12499089028019941
strict	ENSG00000005339	16227.0	254358.0	0.030580712739049207	0.04517059252922868
strict	ENSG00000143162	16858.0	170431.0	0.13101581191064746	0.10301715607432212
strict	ENSG00000119878	8384.0	28732.0	0.06016428908143035	0.03905316703712503
strict	ENSG00000167193	10784.0	48631.0	0.02834646061050309	-0.0044366621284460585
strict	ENSG00000099942	5401.0	75354.0	0.14765020081728517	0.0996408820951779
strict	ENSG00000245694	10734.0	12801.0	0.13125632322218345	0.12404977996452635
strict	ENSG00000095713	14814.0	81166.0	0.2798573332936628	0.26227242140976353
strict	ENSG00000121671	1423.0	21323.0	0.017941436440612402	0.0356862936288935
strict	ENSG00000112297	685.0	10166.0	0.05158268652363781	0.07267705102132388
strict	ENSG00000080200	1923.0	37794.0	0.05724607271075066	0.06881485379555762
strict	ENSG00000213139	277.0	2832.0	-0.0038945026753725203	0.02187410338704716
strict	ENSG00000116791	4794.0	21907.0	4.75849938143336e-05	-0.005691636551916483
strict	ENSG00000205758	1544.0	29914.0	0.010024727433390165	-0.005891551204306264
strict	ENSG00000124207	22321.0	147438.0	0.1685223045431561	0.1817115319215553
strict	ENSG00000184371	1144.0	15411.0	0.048788913171876835	0.04511993261041149
strict	ENSG00000182578	503.0	10265.0	0.09306125337291393	0.09429499146741581
strict	ENSG00000103653	5666.0	111806.0	0.045712571649654296	0.028291838678035756
strict	ENSG00000113712	24064.0	48281.0	0.05363327351222785	0.03777101821373696
strict	ENSG00000213923	14738.0	146236.0	0.008079638939810757	0.05435843707421394
strict	ENSG00000169118	4120.0	47742.0	0.04690207932129454	0.030559197094051
strict	ENSG00000101266	14225.0	217763.0	0.02241483364210492	0.028578530755201254
strict	ENSG00000070770	6803.0	93718.0	0.03681837852969029	0.021174688883577975
strict	ENSG00000204435	23057.0	407637.0	-0.024369469816799896	-0.050620727755743944
strict	ENSG00000173546	1344.0	17480.0	0.08730836359737183	0.024350809665404417
strict	ENSG00000104218	2638.0	31114.0	0.09866575787795752	0.09677663033483241
strict	ENSG00000159176	8593.0	65448.0	0.12908043842619843	0.13322580795284275
strict	ENSG00000170367	265.0	1303.0	0.0024286944999580805	0.009796411440935949
strict	ENSG00000159692	14423.0	316666.0	-0.01959622402065283	-0.04246510098072833
strict	ENSG00000175029	23405.0	103055.0	0.12095718969937232	0.09532538410072093
strict	ENSG00000102974	5719.0	89059.0	0.03884963161604806	0.01647602909627104
strict	ENSG00000124092	658.0	8665.0	0.0683148623217543	0.06832772488088466
strict	ENSG00000144677	4750.0	29925.0	0.03109972031486799	0.027135083304820663
strict	ENSG00000116761	390.0	2800.0	0.07233648571676912	0.08149082849344112
strict	ENSG00000164932	6079.0	36441.0	0.21980578284772623	0.21701611398076948
strict	ENSG00000044115	34916.0	268561.0	-0.013203914033227168	0.029428876412838433
strict	ENSG00000119326	16053.0	111083.0	0.200055171313807	0.23287785442561285
strict	ENSG00000168036	55369.0	346556.0	0.13513897895912658	0.065064991727166
strict	ENSG00000198561	13658.0	232403.0	0.05635798449645187	0.10345049777773756
strict	ENSG00000141086	119.0	1781.0	0.014498363128426117	0.029408821800783202
strict	ENSG00000064601	8728.0	165302.0	0.1762852173361043	0.2181378942300209
strict	ENSG00000109861	4516.0	17611.0	0.13154584652506277	0.17537515393944395
strict	ENSG00000103811	5822.0	28492.0	0.1521188602016585	0.17627072141426578
strict	ENSG00000143387	740.0	7119.0	0.17925956292114167	0.14037553395178018
strict	ENSG00000135047	12814.0	142387.0	0.09889491216362101	0.15553747431515508
strict	ENSG00000085733	20273.0	309186.0	0.1596535385687424	0.07953056303237425
strict	ENSG00000143079	3266.0	73401.0	-0.027199727360104346	-0.03372748101598304
strict	ENSG00000107611	136.0	1606.0	-0.00606733787943916	0.04121195819313325
strict	ENSG00000107874	6900.0	116497.0	0.08964950316927553	0.1006185124963152
strict	ENSG00000055130	16900.0	114224.0	0.05375495866718534	0.03821950076523783
strict	ENSG00000108094	3414.0	40344.0	-0.009315011962653351	-0.01877860100246992
strict	ENSG00000036257	9547.0	55088.0	0.05787466085508505	-0.007848050616638309
strict	ENSG00000139842	13706.0	139381.0	0.15371590185708175	0.04947579803759767
strict	ENSG00000158290	22867.0	120204.0	0.11952447942849384	0.0623422453966199
strict	ENSG00000166266	7999.0	61667.0	0.119947064577196	0.05570480483182118
strict	ENSG00000112514	27867.0	262349.0	0.13746276764267723	0.1757622418961779
strict	ENSG00000111249	1155.0	12446.0	0.09975129819463097	0.12313430381259118
strict	ENSG00000006210	5211.0	23116.0	0.06281898137547662	0.0748856241880287
strict	ENSG00000168329	175.0	1116.0	0.00194027822966275	0.046256995460485235
strict	ENSG00000154639	8723.0	70016.0	0.1763223155043678	0.13611429553379711
strict	ENSG00000169245	1912.0	8357.0	0.29065055680968266	0.16834238467191898
strict	ENSG00000169248	708.0	1449.0	0.22983069856405475	0.11920239250279835
strict	ENSG00000107562	2875.0	21627.0	0.3043099439968757	0.25904548660723936
strict	ENSG00000161921	4742.0	22969.0	0.08587064902054374	0.09414395542410783
strict	ENSG00000138755	154.0	1489.0	0.12864466883673797	0.06971963245656174
strict	ENSG00000121966	29310.0	338021.0	0.3249855944259725	0.3802804970015992
strict	ENSG00000051523	73855.0	461530.0	0.2564769421760926	0.23304328041402683
strict	ENSG00000165168	484.0	7130.0	0.09867987356499833	0.10468487700531061
strict	ENSG00000178927	4492.0	55529.0	0.025151024273818785	0.006383574177260906
strict	ENSG00000172115	22445.0	30816.0	0.1557821284032592	0.13226094999340074
strict	ENSG00000055163	3803.0	39711.0	0.09320710250977604	0.08983507682370469
strict	ENSG00000187954	4021.0	75102.0	0.09555688338258893	0.05358293307263921
strict	ENSG00000083799	2651.0	26186.0	0.0507424588759303	0.04897267237198489
strict	ENSG00000140459	619.0	4417.0	0.2175461756135749	0.17075131431603838
strict	ENSG00000148795	787.0	24153.0	0.1928481645571028	0.10004857876581305
strict	ENSG00000137869	148.0	1701.0	0.13873531351853347	0.09197688793590464
strict	ENSG00000138061	2482.0	12487.0	0.0757083218719408	0.05147663251051287
strict	ENSG00000119004	2539.0	23088.0	-0.008241178741522196	0.004538900347063323
strict	ENSG00000135929	852.0	10614.0	-0.028713816807834934	0.010456096184500252
strict	ENSG00000111012	134.0	2411.0	-0.011909117057106712	-0.007335742272856045
strict	ENSG00000100197	130.0	11605.0	0.07387574443758756	0.04705415667893963
strict	ENSG00000134716	317.0	3719.0	0.0900781410407424	0.07722461627994619
strict	ENSG00000036530	162.0	2825.0	0.01710896452031853	0.04128307283366979
strict	ENSG00000122783	17047.0	147651.0	0.04161102319121637	0.05497722776127962
strict	ENSG00000105443	2889.0	31783.0	0.0478694082527336	0.052010772955214564
strict	ENSG00000222041	1514.0	19052.0	0.0839756737381921	0.044689538204741384
strict	ENSG00000173406	890.0	278.0	0.07862389743864696	0.06610506069459043
strict	ENSG00000153071	1687.0	8090.0	0.21573078014579214	0.15967526730371298
strict	ENSG00000276644	14854.0	42088.0	0.26975525483227114	0.24061435859376648
strict	ENSG00000164488	2421.0	14227.0	0.09162788862858304	0.12302427076729175
strict	ENSG00000173402	17904.0	151662.0	0.0916289199390472	0.06775993631286029
strict	ENSG00000112977	16250.0	73960.0	0.10995789148432443	0.12261013903192389
strict	ENSG00000132676	12399.0	145843.0	0.03400485400710136	0.05245018719011649
strict	ENSG00000196730	8113.0	44101.0	0.010138015021448447	0.0305861648764116
strict	ENSG00000204209	7034.0	46425.0	-0.07665710277032604	-0.030858933083634424
strict	ENSG00000071626	7575.0	86918.0	0.07273248517355238	0.07375972416348457
strict	ENSG00000183283	49831.0	62826.0	0.15849474415237347	0.15679838454325784
strict	ENSG00000113758	10258.0	92411.0	0.020843596075728225	0.05226125680901093
strict	ENSG00000138231	4809.0	37868.0	0.03473391656410104	0.03670844241732879
strict	ENSG00000145041	3733.0	42978.0	0.03902826438082854	0.015577600938187096
strict	ENSG00000170959	779.0	2223.0	0.002026500792250519	0.04189912598127797
strict	ENSG00000204843	6631.0	211000.0	0.04415004222606217	0.03557128832777874
strict	ENSG00000167986	22941.0	225511.0	0.20747706191587809	0.16008802538294187
strict	ENSG00000134574	3750.0	53213.0	0.05869028260674598	0.05868323069895334
strict	ENSG00000132437	106.0	705.0	0.04944583860466291	0.028387268911496722
strict	ENSG00000197312	4349.0	54371.0	0.05652580736265529	0.04314272892630516
strict	ENSG00000175197	10601.0	29776.0	0.04502344935462031	0.0721928821280425
strict	ENSG00000145358	179.0	886.0	0.0022979100566009403	0.026096267798461557
strict	ENSG00000204580	36375.0	538488.0	0.1328592670163795	0.06907518975842622
strict	ENSG00000162733	1571.0	14916.0	0.1603090389660782	0.12866858595719602
strict	ENSG00000079785	13034.0	115238.0	0.11673036660602824	0.07361360846695787
strict	ENSG00000178105	2614.0	54467.0	0.02216730908783167	0.009685243385655328
strict	ENSG00000168872	4789.0	17108.0	0.01968780358264465	0.008439357454388967
strict	ENSG00000064703	2707.0	11068.0	0.022669220390251626	0.021668603672108717
strict	ENSG00000165732	15204.0	49157.0	0.013404032606892005	0.07289378811027464
strict	ENSG00000109832	196.0	3640.0	0.01821283946200908	0.037961677294646466
strict	ENSG00000124228	5293.0	164859.0	0.05885892813536734	0.0365386518747623
strict	ENSG00000182810	3419.0	23619.0	0.020401299233877217	0.008044632755068297
strict	ENSG00000125485	3212.0	44719.0	0.06992320222971883	0.045915396378014256
strict	ENSG00000198563	32721.0	954068.0	-0.023765987197591085	0.056024310602530256
strict	ENSG00000215301	30810.0	238713.0	0.13701270463267234	0.00824934303969566
strict	ENSG00000107625	9741.0	81569.0	0.03505215347809515	0.07502357764458273
strict	ENSG00000185163	1889.0	30579.0	0.025702209292323606	0.04438494019854066
strict	ENSG00000111364	2913.0	75659.0	-0.005691304786035047	-0.025814916770839174
strict	ENSG00000107201	5212.0	92128.0	0.1822670591934316	0.15449599089160482
strict	ENSG00000110367	16643.0	228902.0	0.10346626921240984	0.07058370724103526
strict	ENSG00000124795	33764.0	114910.0	0.14758187414500865	0.128207315975958
strict	ENSG00000121690	136.0	735.0	0.06353711170554475	0.01584612165692148
strict	ENSG00000155792	23773.0	313105.0	0.4835363730658216	0.537660660723235
strict	ENSG00000099958	234.0	6902.0	0.0025308558737865347	0.03116652811852981
strict	ENSG00000185000	7527.0	108890.0	0.06490174617239947	0.06100176495582255
strict	ENSG00000116133	91179.0	1629605.0	0.4245023563894976	0.4296967220174954
strict	ENSG00000172893	4927.0	17645.0	0.0992810689266231	0.0703704224236264
strict	ENSG00000117682	1456.0	28348.0	0.004509047821625055	0.01435443193534925
strict	ENSG00000228716	71534.0	45291.0	-0.025809753731098853	-0.023737612458155498
strict	ENSG00000102967	1176.0	11991.0	0.047541333493365964	0.07807258715750989
strict	ENSG00000157379	1351.0	25740.0	0.0668559768684196	0.0641925046841687
strict	ENSG00000100867	420.0	2229.0	0.3710255064518503	0.21120422919532678
strict	ENSG00000067248	3607.0	38210.0	0.06800484937235401	0.06880298346811899
strict	ENSG00000132153	16674.0	137421.0	0.041169727432081034	0.05372613569461281
strict	ENSG00000134815	1290.0	30669.0	0.06122338752479295	0.051176151409610016
strict	ENSG00000163214	2604.0	33105.0	0.055447190091742926	0.04770771429876716
strict	ENSG00000135829	25779.0	231119.0	0.07648376404467001	0.0992195357030527
strict	ENSG00000100697	11620.0	97722.0	0.07246080575338565	0.025333852514104905
strict	ENSG00000160305	3849.0	132191.0	0.05351178732612774	0.029224770885384374
strict	ENSG00000066084	16323.0	109060.0	0.17583536039923936	0.09711651416214125
strict	ENSG00000162595	632.0	6758.0	0.034542236948408155	-0.006513622848466411
strict	ENSG00000083520	2189.0	29927.0	0.08466429716859206	0.06633012462617226
strict	ENSG00000144535	2616.0	111460.0	0.03294792416230843	0.0042502778814682025
strict	ENSG00000162946	976.0	12398.0	0.036110302042868914	0.01399301164643007
strict	ENSG00000154309	1221.0	7254.0	0.032276647002187894	0.04264361552164224
strict	ENSG00000130826	5277.0	99065.0	0.13563372054747683	0.12026450939519713
strict	ENSG00000050165	2307.0	8686.0	0.2243442231551185	0.1914306079394038
strict	ENSG00000091140	15885.0	132634.0	0.1256215024111615	0.05125801937890182
strict	ENSG00000008226	416.0	8816.0	0.04692691332009007	0.05045006188827701
strict	ENSG00000176124	3081.0	59103.0	0.013815470921718125	0.03438898117680288
strict	ENSG00000231607	4196.0	49304.0	0.05894807868984843	0.06040371400648791
strict	ENSG00000075711	11321.0	97176.0	0.11631596998950033	0.05199077913386807
strict	ENSG00000132535	404.0	19978.0	0.03456463872563185	-0.026383597183468645
strict	ENSG00000185559	2939.0	39902.0	0.3331499820748306	0.20184882958890196
strict	ENSG00000171462	101.0	381.0	-0.001371133000512512	0.024043013516463357
strict	ENSG00000198719	1346.0	6653.0	0.051959177461150516	0.05935455184218679
strict	ENSG00000090932	147.0	640.0	0.0038634726666173756	0.04458171161978033
strict	ENSG00000128917	354.0	10298.0	0.10661060496199277	0.037906741801506015
strict	ENSG00000108813	431.0	6210.0	-0.009012085314685173	-0.014068253640167687
strict	ENSG00000197587	482.0	9837.0	0.08147677559549674	0.09720421784048759
strict	ENSG00000198947	4405.0	25543.0	0.09082249690274252	0.06029317119215274
strict	ENSG00000161249	42799.0	94195.0	0.45532387485347103	0.5432714653692111
strict	ENSG00000104936	322.0	28512.0	0.04669628890973376	0.05597928091802844
strict	ENSG00000185800	735.0	35255.0	0.10842714857370085	0.05601449012509941
strict	ENSG00000172869	2983.0	39040.0	0.032020728089637095	0.019084580059226846
strict	ENSG00000104093	5086.0	64592.0	0.06808529015067596	0.050826502492496504
strict	ENSG00000114841	1745.0	113799.0	0.023972119599842516	0.00782070437948536
strict	ENSG00000197653	430.0	5983.0	0.05391254186517791	0.07163863917717044
strict	ENSG00000105877	689.0	13224.0	0.08243699432870158	0.07966392733734355
strict	ENSG00000174844	549.0	983.0	0.07556333760468578	0.0835881519518395
strict	ENSG00000185842	3173.0	26666.0	-0.008786686596170178	-0.024804571065028525
strict	ENSG00000183914	429.0	4902.0	-0.005702687700742242	0.012672962279838648
strict	ENSG00000039139	627.0	1108.0	0.023156983545643398	0.06412625107031047
strict	ENSG00000118997	1826.0	24310.0	0.11166174352444831	0.11532249428128406
strict	ENSG00000007174	409.0	859.0	0.023860022733249546	0.016582769500839867
strict	ENSG00000122735	632.0	25967.0	0.06531556465521714	0.08453818811410817
strict	ENSG00000086061	31377.0	133622.0	-0.09678223074405629	-0.06574250211166906
strict	ENSG00000103423	5981.0	30294.0	-0.013722381987905624	-0.010977205092763617
strict	ENSG00000148719	7437.0	80161.0	0.1263073696975554	0.0681411324512777
strict	ENSG00000135924	3181.0	41516.0	0.027751673102014936	0.03609782529846885
strict	ENSG00000162616	3742.0	18416.0	0.03180760817741568	0.05110976351347822
strict	ENSG00000137094	1897.0	19960.0	0.10655541663095869	0.1215430986999435
strict	ENSG00000077232	21923.0	321825.0	0.13537044487558084	0.11549592414813308
strict	ENSG00000104129	1729.0	13321.0	0.012688389780103108	0.025168831584992106
strict	ENSG00000213551	11298.0	119320.0	0.018797306300201322	0.02600013380216974
strict	ENSG00000106976	1179.0	96900.0	0.07703807775256223	0.09508122608065052
strict	ENSG00000079805	33202.0	764513.0	0.11215524984606444	0.10109617435713869
strict	ENSG00000130816	27678.0	388495.0	0.12353616074851494	0.15912675537414006
strict	ENSG00000119772	10834.0	266739.0	0.077551776557821	0.06810194997978691
strict	ENSG00000088305	4215.0	61097.0	0.10962102190232331	0.11563793309015419
strict	ENSG00000123992	5485.0	33021.0	-0.08473029324989828	-0.06831460757589035
strict	ENSG00000149927	1119.0	14754.0	0.043184285759935964	0.05581924549437097
strict	ENSG00000088387	5267.0	18142.0	0.01957106063509483	0.036648668599098225
strict	ENSG00000101134	1868.0	10941.0	0.12686641473946147	0.15086023069904714
strict	ENSG00000175920	3425.0	40058.0	0.09712052367163168	0.07601387161808591
strict	ENSG00000104885	1128.0	43785.0	0.02344577116836996	0.0012536459279090324
strict	ENSG00000172269	2047.0	21041.0	0.00015879634916158777	0.009390003610856946
strict	ENSG00000133884	3964.0	40068.0	0.0675541801372812	0.06473385053227199
strict	ENSG00000205683	310.0	10742.0	0.0513122810932672	0.048870486795010784
strict	ENSG00000000419	12422.0	44602.0	0.006269361345118098	0.018626834464594177
strict	ENSG00000197635	536.0	6662.0	0.09575418696422955	0.13835566464180954
strict	ENSG00000074603	5048.0	36753.0	0.01945186349443842	0.023256174458488297
strict	ENSG00000177990	224.0	3458.0	0.05295795689528562	0.0732843105048248
strict	ENSG00000188641	401.0	4462.0	0.0581303274482083	0.05571998970113578
strict	ENSG00000092964	1675.0	7387.0	0.07003807232277932	0.06081992731534564
strict	ENSG00000136048	1315.0	5880.0	0.06692716435698048	0.082955672033004
strict	ENSG00000157856	878.0	19039.0	0.0927473181230008	0.09314565746461866
strict	ENSG00000171962	268.0	13826.0	0.03570660124768196	0.04188776984249091
strict	ENSG00000149295	143.0	10436.0	0.05591041776572543	0.05613842635365831
strict	ENSG00000185721	8004.0	107681.0	0.09632016813861029	0.10723794435882707
strict	ENSG00000046604	11938.0	78246.0	0.14879101682056958	0.10590709885055584
strict	ENSG00000151914	4059.0	61202.0	0.12680452933004915	0.11969583894333784
strict	ENSG00000134769	1200.0	8377.0	0.07534740589093115	0.0431963552994626
strict	ENSG00000047579	4652.0	26776.0	0.006726342369507449	0.029569965221654924
strict	ENSG00000135144	632.0	14889.0	0.03377214068801404	0.016438109212736578
strict	ENSG00000140279	152.0	1378.0	0.06067023848549489	0.06057043877592216
strict	ENSG00000140254	106.0	2629.0	-0.009125885371338762	0.008985411694548884
strict	ENSG00000158716	9515.0	57280.0	0.03421720350610182	0.017677650586752518
strict	ENSG00000188542	1017.0	5026.0	-0.023687336476034222	-0.005099727348717783
strict	ENSG00000138166	880.0	8188.0	0.15848675591170722	0.12092124731066436
strict	ENSG00000139318	20836.0	81560.0	0.10020851742374721	0.182385122148002
strict	ENSG00000107404	7924.0	191594.0	0.05842314975253097	0.03418714952172972
strict	ENSG00000004975	4562.0	49313.0	-0.10265214971430794	-0.050219080753160686
strict	ENSG00000161202	8385.0	130306.0	0.02121496694767345	0.06146557580674186
strict	ENSG00000170788	185.0	14770.0	0.04713319788640705	0.04478417465176098
strict	ENSG00000197102	17988.0	216215.0	0.1402387161694087	0.02706313942998168
strict	ENSG00000157540	6558.0	51365.0	0.04366828101743001	0.039205671736920036
strict	ENSG00000105204	5436.0	100280.0	0.0010180362165580362	0.015630748623798277
strict	ENSG00000158163	482.0	10484.0	0.023067455474566952	0.009246842790332969
strict	ENSG00000101412	10054.0	83402.0	0.17090525507695983	0.1617671881023387
strict	ENSG00000112242	10763.0	93213.0	-0.008334167636232804	0.012302760668403813
strict	ENSG00000205250	6218.0	24964.0	0.014714250195388044	0.026013672561105733
strict	ENSG00000167967	4794.0	44132.0	0.0503856531833553	0.03259641367756725
strict	ENSG00000164330	388.0	1720.0	0.08782510813234687	0.022543921254527432
strict	ENSG00000147155	5040.0	102226.0	0.19051431731530122	0.17615000336039777
strict	ENSG00000122882	3949.0	82668.0	0.015720958604630943	3.425022917361379e-06
strict	ENSG00000117298	14009.0	206231.0	0.27603116957690765	0.2890863030596851
strict	ENSG00000171551	3740.0	42686.0	0.2312051957122133	0.22580549600349045
strict	ENSG00000093144	14514.0	86208.0	0.16309351745542394	0.15069288417842486
strict	ENSG00000127884	23639.0	115325.0	0.1663019277380961	0.13259201530346756
strict	ENSG00000136813	4382.0	193464.0	0.03138742696548011	0.028413378046797073
strict	ENSG00000119147	11487.0	107347.0	0.2257698317407676	0.2763470826154033
strict	ENSG00000130159	6369.0	38949.0	0.019037803771007975	0.006433898356392953
strict	ENSG00000158813	1443.0	5802.0	0.011594142599624706	0.0544262586727318
strict	ENSG00000164176	1392.0	4751.0	0.2250572551974243	0.26796721393281764
strict	ENSG00000078401	530.0	3198.0	0.12047252233369468	0.042882093169540864
strict	ENSG00000151617	343.0	3672.0	0.11700325592188239	0.07823107354732625
strict	ENSG00000136160	120.0	690.0	0.07840180247458825	0.0443566608229784
strict	ENSG00000107938	3639.0	50754.0	0.059102502564721084	0.03290061114764002
strict	ENSG00000074266	5235.0	31549.0	0.034174097770123826	0.03718008193114469
strict	ENSG00000010165	5057.0	75964.0	0.050507776343431454	0.05094215527265538
strict	ENSG00000254772	149784.0	2763519.0	0.3116082748854643	0.4175371427428954
strict	ENSG00000096093	4284.0	66560.0	0.14679196451697873	0.11475605472607489
strict	ENSG00000183690	1453.0	15862.0	0.08522990706579055	0.1136839127701643
strict	ENSG00000125266	1194.0	7832.0	0.1872942176832803	0.08435101637931908
strict	ENSG00000132294	11553.0	40661.0	0.06556416376203844	0.04507761761785823
strict	ENSG00000084710	758.0	8371.0	-0.008618093234923728	-0.004866041770123873
strict	ENSG00000100842	4163.0	80087.0	0.13765816722795812	0.15246826575396605
strict	ENSG00000108883	6694.0	32318.0	-0.006075909221144704	0.023655272939762075
strict	ENSG00000138798	161.0	1799.0	0.053915627092733696	0.050380602788724006
strict	ENSG00000198759	6688.0	45658.0	0.38255914596468354	0.40217230320761854
strict	ENSG00000172889	6966.0	16546.0	0.07863217262807354	0.10310788905122693
strict	ENSG00000241404	1995.0	52464.0	0.058093509779165026	0.02242927611664089
strict	ENSG00000146648	5155.0	63265.0	0.13404324862149575	0.15528854246499255
strict	ENSG00000135766	5004.0	20600.0	0.0025718434941802946	0.027896197862478083
strict	ENSG00000129521	514.0	4368.0	0.1175649922587884	0.05915291326785791
strict	ENSG00000122877	177.0	2679.0	0.07399901237535664	0.08833632596194449
strict	ENSG00000179388	534.0	17345.0	0.12719878382199945	0.14511676374605426
strict	ENSG00000115504	2428.0	15684.0	0.08732865120312319	0.04861920092948147
strict	ENSG00000135373	5788.0	47504.0	0.3072222713224702	0.333226213693009
strict	ENSG00000181090	12092.0	67667.0	-0.053709889152235304	-0.016331383708074666
strict	ENSG00000204371	9115.0	158287.0	0.04975388260181021	0.02522077132356454
strict	ENSG00000255302	15708.0	10121.0	0.061266329553228034	0.09949003302826556
strict	ENSG00000175376	2912.0	39325.0	0.02905828421300173	0.03397636777367309
strict	ENSG00000114784	10510.0	51474.0	0.09300271812877003	0.06400885094571986
strict	ENSG00000055332	16337.0	163108.0	0.1453336712022769	0.1017026915399138
strict	ENSG00000172071	5608.0	46230.0	0.05548413029744846	0.026644080993865314
strict	ENSG00000128829	5911.0	66906.0	0.09270119629810569	0.05948599702873585
strict	ENSG00000134001	9807.0	47578.0	0.10887673460808917	0.08998267999437932
strict	ENSG00000107581	36783.0	410099.0	0.027348597900042883	0.026928355391025196
strict	ENSG00000161960	105993.0	513434.0	0.2058505126238961	0.2640355296022475
strict	ENSG00000141543	18828.0	104366.0	0.20135910136811194	0.09650042660688092
strict	ENSG00000151247	14791.0	43933.0	0.12266976380142067	0.08290086742043788
strict	ENSG00000187840	3942.0	36848.0	0.0773449961080483	0.11079971034910217
strict	ENSG00000148730	25760.0	148003.0	0.09932855042327861	0.08132587213755195
strict	ENSG00000243056	4003.0	13623.0	-0.03225005672626487	0.003280439951760233
strict	ENSG00000184708	5846.0	35747.0	0.10965623129784877	0.06954026363505554
strict	ENSG00000114867	42294.0	878085.0	0.16867622497824855	0.10312315697738807
strict	ENSG00000132507	13103.0	168786.0	0.14027757866186524	0.1399720518112498
strict	ENSG00000253626	1191.0	471.0	0.02242534758717858	0.058513505053713985
strict	ENSG00000032389	6465.0	50607.0	0.05335116009922087	0.03966591264612219
strict	ENSG00000141642	2011.0	12421.0	0.05973637665195637	0.052819263752367895
strict	ENSG00000006744	4675.0	76701.0	-0.02534954763841389	-0.02023329895791746
strict	ENSG00000066044	16492.0	116131.0	0.07098932836442438	0.041965200394378684
strict	ENSG00000102034	1705.0	81164.0	0.10371065221046691	0.10140225537160667
strict	ENSG00000225968	138.0	1077.0	-0.009160578146452823	-0.014618620295240284
strict	ENSG00000126767	8321.0	42789.0	0.28527047277053424	0.21269497991274383
strict	ENSG00000111145	4177.0	10425.0	0.06022283851595875	0.07582096496721517
strict	ENSG00000158711	3658.0	30131.0	0.04010894014591543	0.03255446839816949
strict	ENSG00000179387	4230.0	32705.0	0.10963656569709418	0.08613059384112498
strict	ENSG00000049540	982.0	2118.0	0.1330046762351129	0.05222281825206643
strict	ENSG00000103363	89645.0	4183.0	0.015567772922382596	0.018271153713697665
strict	ENSG00000154582	13414.0	23082.0	0.08686520753298504	0.05916118030279633
strict	ENSG00000127463	8974.0	99383.0	0.05952767389468117	0.014605979195585777
strict	ENSG00000128463	14339.0	36384.0	0.15494959729477215	0.09145284916036671
strict	ENSG00000102119	7666.0	106044.0	0.04418985795448109	0.04113671803044624
strict	ENSG00000134531	33086.0	169053.0	0.20344178200252314	0.32379615310166293
strict	ENSG00000213853	16470.0	31126.0	0.10579873298603291	0.094605945507718
strict	ENSG00000158636	2680.0	42534.0	0.00145708701344212	-0.02022160729062174
strict	ENSG00000170370	9539.0	74642.0	0.1383471046508467	0.10104651819778275
strict	ENSG00000106991	4846.0	93418.0	0.23543061210906235	0.20195410859630075
strict	ENSG00000151023	1158.0	4553.0	0.11198415202397377	0.13454919295415999
strict	ENSG00000111674	952.0	13923.0	0.062357311459585216	0.04338771157557421
strict	ENSG00000132199	4694.0	70581.0	0.04523962606252183	0.04076652697289539
strict	ENSG00000120658	522.0	1006.0	0.12368269902201526	0.09198515161945527
strict	ENSG00000165675	1192.0	7002.0	0.03429960839756863	0.03713607751008158
strict	ENSG00000138792	1362.0	21443.0	0.022042767594330326	0.025189772669967306
strict	ENSG00000197594	669.0	6177.0	0.010796237391650015	0.021709295076223826
strict	ENSG00000136960	1112.0	23025.0	0.2595424035511976	0.12213107150308317
strict	ENSG00000154269	886.0	2549.0	0.10863670453060834	0.14028059271750834
strict	ENSG00000138185	1043.0	24587.0	0.10486068930282962	0.0768536842004029
strict	ENSG00000054179	1271.0	23157.0	0.09750169243628765	0.08839343930265635
strict	ENSG00000100393	7322.0	193254.0	0.05321554308638113	0.04116082427704744
strict	ENSG00000116016	3395.0	55246.0	0.16730449271980957	0.11497386816348516
strict	ENSG00000082397	253.0	2417.0	0.04920056890670404	0.023840320673982417
strict	ENSG00000119888	106793.0	1180481.0	0.2802175943490378	0.24816591362866117
strict	ENSG00000086289	3981.0	39630.0	0.280748291708196	0.30305702179405847
strict	ENSG00000152223	3146.0	48439.0	0.05427040605412761	0.023717020273039457
strict	ENSG00000146904	8772.0	157058.0	0.24142867306714447	0.2414602766144804
strict	ENSG00000183317	727.0	14315.0	0.10027148438487843	0.1078953211884202
strict	ENSG00000142627	2447.0	28091.0	0.012785228609601986	0.03202556012576623
strict	ENSG00000044524	104.0	614.0	0.028028650062172984	0.017044538332302014
strict	ENSG00000116106	1760.0	14746.0	0.07763941654205929	0.09565260707118564
strict	ENSG00000135333	155.0	3383.0	0.049426471947713255	0.08663481698507312
strict	ENSG00000154928	112.0	664.0	-0.0076513712132190905	-0.021823159406230273
strict	ENSG00000133216	3614.0	58608.0	0.11299083689730682	0.12155033354459785
strict	ENSG00000196411	8934.0	21436.0	0.06799927768619182	0.037748011803776065
strict	ENSG00000106123	4714.0	81750.0	0.13110917013455964	0.10197600435816431
strict	ENSG00000143819	3804.0	92316.0	0.1900493276653192	0.15001089037537757
strict	ENSG00000120915	454.0	8950.0	-0.008700622009380096	-0.018902448851072364
strict	ENSG00000178567	5777.0	24780.0	0.04873911368670675	0.03567949482461379
strict	ENSG00000187266	15559.0	665233.0	0.21402134148252983	0.32416654663852684
strict	ENSG00000136628	7827.0	116698.0	0.1615026153726193	0.07175035934069937
strict	ENSG00000164307	3987.0	65993.0	0.03149988943234109	0.05281667177477776
strict	ENSG00000187682	511.0	1405.0	0.09100161009106053	0.09328871936112686
strict	ENSG00000141736	589948.0	1879702.0	0.3015570614493863	0.24378947720860702
strict	ENSG00000065361	64875.0	485300.0	0.30562125776229	0.34425461301782634
strict	ENSG00000082805	4609.0	46455.0	0.02798390659937335	0.0431281343916046
strict	ENSG00000012061	2436.0	13194.0	-0.03478897544380176	-0.03057796423048373
strict	ENSG00000104884	1210.0	25280.0	0.06695441872167117	0.06220014942613656
strict	ENSG00000163161	5132.0	110226.0	0.14978867665550483	0.10613113751415848
strict	ENSG00000175595	1744.0	12441.0	0.04760543539329733	0.03498687225864607
strict	ENSG00000134899	1969.0	20244.0	-0.032880005497150415	-0.04173370125042033
strict	ENSG00000225830	4944.0	50429.0	0.033389293054423536	0.04490257125433933
strict	ENSG00000178752	2342.0	12117.0	0.12430658901335034	0.12890897385251293
strict	ENSG00000157554	2324.0	22767.0	0.16494411871892964	0.15819140228205328
strict	ENSG00000133935	6571.0	24494.0	0.06900650251860382	0.0678124815648491
strict	ENSG00000087502	5927.0	19112.0	0.01279893524138431	0.009190673572754528
strict	ENSG00000147475	3809.0	35480.0	0.03629671194041092	0.04836296308290006
strict	ENSG00000164010	5876.0	65978.0	0.08138402733772115	0.0641797278846635
strict	ENSG00000178607	1130.0	12381.0	0.01212278139140271	0.0276581459771128
strict	ENSG00000139055	4814.0	55142.0	0.23351596666020108	0.21466548612120798
strict	ENSG00000116285	5252.0	64167.0	0.07169482090636506	0.08543414532517513
strict	ENSG00000089048	3930.0	47100.0	0.02921906528604344	0.034289149313590304
strict	ENSG00000164283	1471.0	13777.0	0.11719404706450379	0.08981869385065597
strict	ENSG00000091831	9036.0	161184.0	0.2065907194362737	0.19435407743400818
strict	ENSG00000140009	691.0	17647.0	0.22353852884892333	0.19623607659784473
strict	ENSG00000173153	4462.0	29113.0	-0.015897616664332186	0.01829898100438269
strict	ENSG00000196482	2133.0	9332.0	0.07887822650451855	0.10670088002231434
strict	ENSG00000134954	2357.0	4572.0	0.09860299299034431	0.11323907584809118
strict	ENSG00000006468	632.0	4521.0	0.06533862916098762	0.11478675782338908
strict	ENSG00000117036	2016.0	28442.0	0.012699409513907953	-0.009914704096133332
strict	ENSG00000244405	4588.0	63111.0	0.244932251102967	0.26105782884173306
strict	ENSG00000139083	7024.0	59092.0	0.09046898207415094	0.1187990885392248
strict	ENSG00000185862	130.0	1570.0	0.0648861100891011	0.027643628968410716
strict	ENSG00000067208	6377.0	98056.0	0.08147818884734913	0.08553142937350987
strict	ENSG00000182944	16038.0	367255.0	0.012427657773904543	0.05543148426371911
strict	ENSG00000174371	1106.0	12276.0	0.040891469979230405	0.04525983467828794
strict	ENSG00000171824	4392.0	64290.0	0.025785240797716685	0.03717812945648163
strict	ENSG00000112319	3347.0	7995.0	0.11626673449852365	0.13572508995859595
strict	ENSG00000108799	769.0	19583.0	-0.015810998811611132	0.009207323903061183
strict	ENSG00000106462	7616.0	116509.0	0.12343244121962521	0.11185329484908832
strict	ENSG00000158769	17620.0	189501.0	0.09042570661799391	0.07196883237753907
strict	ENSG00000131187	162.0	418.0	-0.023524124365634103	-0.014985213031353231
strict	ENSG00000124491	442.0	5393.0	0.19356106774028214	0.1665455119776202
strict	ENSG00000181104	1883.0	9267.0	0.10995101627073639	0.13206935294766917
strict	ENSG00000164251	1627.0	11882.0	0.018859141334977552	0.031551877894721185
strict	ENSG00000127533	425.0	9746.0	0.036358980193036856	0.05516114212839666
strict	ENSG00000185010	2013.0	1852.0	0.01253472711824195	0.009570568723963531
strict	ENSG00000117480	4109.0	50460.0	0.03276564684147217	0.042006919883390496
strict	ENSG00000121769	519.0	6751.0	0.13893382298195897	0.1136133244737125
strict	ENSG00000168040	3607.0	29596.0	0.017117778731315356	0.024416236949523797
strict	ENSG00000149485	2367.0	9831.0	0.05007142993063987	0.07619809590906794
strict	ENSG00000134824	5845.0	114818.0	0.1279362526119353	0.11734374450474354
strict	ENSG00000185104	6772.0	73282.0	-0.0017105198389094425	0.003566176787222996
strict	ENSG00000113194	6340.0	76141.0	0.025397295401389568	0.01177792388815769
strict	ENSG00000158234	3937.0	29419.0	0.13139033669480688	0.10880362013935223
strict	ENSG00000135472	111.0	2831.0	0.05520376816926478	0.07903999376147121
strict	ENSG00000168309	1655.0	16031.0	0.11466171326053548	0.14374311461797573
strict	ENSG00000125898	1701.0	14494.0	0.059129124217406195	0.07927943644572816
strict	ENSG00000138439	7349.0	100488.0	0.10220453578982797	0.06022386035174741
strict	ENSG00000155744	3061.0	25427.0	0.010408992240109567	0.012033811028874467
strict	ENSG00000185519	307.0	5019.0	0.024503435916981592	0.016284738574836748
strict	ENSG00000170264	1401.0	9609.0	-0.009766055350002	-0.004742376415280915
strict	ENSG00000054965	6396.0	73465.0	0.09266050146717116	0.04937726743186876
strict	ENSG00000125386	2910.0	137642.0	0.03484060532998086	0.0356313271132652
strict	ENSG00000071889	3936.0	41885.0	0.0013367411419686198	-0.011343946561966235
strict	ENSG00000120709	5713.0	68995.0	-0.005453663845126078	0.0015495311085498816
strict	ENSG00000077458	3438.0	19761.0	-0.053603281775394904	-0.04487227857311271
strict	ENSG00000119812	4992.0	55699.0	0.15448445645502323	0.13918885775128226
strict	ENSG00000187741	2874.0	18210.0	0.08455689320114249	0.09335397483162165
strict	ENSG00000158169	4176.0	16767.0	0.07645671696865469	0.07615833285804813
strict	ENSG00000144554	2170.0	24542.0	0.08720160839376984	0.10284581053137173
strict	ENSG00000140525	5647.0	61270.0	0.09232001079435852	0.1121750364555215
strict	ENSG00000197601	8081.0	57083.0	0.036289882288659626	0.041395184487944395
strict	ENSG00000026103	1207.0	15284.0	0.1569710228151038	0.15509736168881788
strict	ENSG00000169710	9567.0	76451.0	0.04034931272758163	0.08465648925007734
strict	ENSG00000083857	463.0	9238.0	0.2408291399602419	0.17817173163820435
strict	ENSG00000086570	7458.0	125457.0	0.21184898741892905	0.2133414452033662
strict	ENSG00000196159	466.0	5706.0	0.14146130790953154	0.10008678758266719
strict	ENSG00000105202	22420.0	297649.0	0.17213695621995556	0.24322671672718485
strict	ENSG00000163520	12130.0	32044.0	0.12068885694562405	0.10838485267418776
strict	ENSG00000140092	1902.0	15258.0	0.27278169489383247	0.08921765980098206
strict	ENSG00000165140	605.0	8294.0	0.020504759376662268	0.017737457738940046
strict	ENSG00000214050	694.0	12087.0	0.03831452794526805	0.05288282109851497
strict	ENSG00000147364	2681.0	16225.0	0.012622280709206894	0.020259164744312604
strict	ENSG00000165355	3692.0	13908.0	0.024468140099688965	0.031174233293709882
strict	ENSG00000037637	2835.0	35377.0	0.07599224807371582	0.05257352578137074
strict	ENSG00000156509	529.0	2853.0	0.08842206458690456	0.07740662709135082
strict	ENSG00000174013	3889.0	14708.0	0.07647989944351044	0.047091304880406
strict	ENSG00000072803	7154.0	37280.0	0.0915940400690786	0.03808174731051658
strict	ENSG00000109670	3320.0	3900.0	0.007125746690208261	0.017755612363306705
strict	ENSG00000275395	1030.0	22386.0	0.014421642877443604	0.03874933731789123
strict	ENSG00000072694	122.0	1451.0	0.06076579570517762	0.06348227312899499
strict	ENSG00000203747	711.0	4525.0	0.1100008206415469	0.1159963428311198
strict	ENSG00000079459	6856.0	65391.0	0.04534580612447438	0.06854115083986738
strict	ENSG00000160752	22919.0	123212.0	0.19584797526232983	0.2358232777338167
strict	ENSG00000137714	7383.0	18407.0	0.15824418483200986	0.1431643438907704
strict	ENSG00000066926	1952.0	18754.0	-0.0021256880101690866	-0.002267998679441488
strict	ENSG00000168496	4650.0	51294.0	0.07697992484510957	0.05900675519164558
strict	ENSG00000151422	2041.0	8300.0	0.0532444871821839	0.054977681838665506
strict	ENSG00000149781	775.0	6846.0	0.07675994981117275	0.048843751813316585
strict	ENSG00000182511	1872.0	17980.0	0.00240469185965044	-0.02432522214665285
strict	ENSG00000149557	626.0	2534.0	0.06307271502485182	0.02571789434230579
strict	ENSG00000126266	423.0	11508.0	0.07997860010358496	0.052004961596418445
strict	ENSG00000129682	1485.0	4536.0	0.2769432645328075	0.2695085788675277
strict	ENSG00000162344	142.0	1076.0	0.08980799385186795	0.04532296677926719
strict	ENSG00000138685	284.0	1278.0	0.036121096782341384	0.06339583326530111
strict	ENSG00000102678	453.0	3037.0	0.03589166784168482	0.02786541546947142
strict	ENSG00000077782	3627.0	51986.0	0.09170220815089093	0.12063626520144623
strict	ENSG00000066468	4275.0	66655.0	0.18209657142770166	0.17945938029225808
strict	ENSG00000068078	5184.0	86051.0	0.1242962450956185	0.12320126753771081
strict	ENSG00000160867	689.0	16773.0	0.1405535545820176	0.09691317555804772
strict	ENSG00000000938	197.0	960.0	0.01046325888339764	0.014520687457964693
strict	ENSG00000091483	3770.0	55667.0	0.07702720367232413	0.07472766930501844
strict	ENSG00000142621	363.0	8890.0	-0.0006148833580544855	0.02935335145581184
strict	ENSG00000022267	1251.0	5908.0	0.20783457502136543	0.12139596334518904
strict	ENSG00000115641	3549.0	14578.0	0.145882646646437	0.09946505703826367
strict	ENSG00000183386	2344.0	31558.0	0.032111674755581805	0.03074042855818404
strict	ENSG00000135723	3459.0	55268.0	0.08290367143690844	0.07301360329332586
strict	ENSG00000130720	219.0	1387.0	0.011214987542396422	0.03108404206402338
strict	ENSG00000172500	3837.0	85413.0	0.08305619422488178	0.07620777186786612
strict	ENSG00000168386	1538.0	15796.0	0.17777372528692215	0.130893215319007
strict	ENSG00000145216	16435.0	310614.0	0.2022160780348948	0.077616462850231
strict	ENSG00000134285	2715.0	48854.0	0.0745857980910467	0.09400461649453044
strict	ENSG00000119321	1779.0	37257.0	0.046376849371415896	0.049118602662117664
strict	ENSG00000106692	1640.0	7459.0	-0.013772582264131727	0.010687159622443388
strict	ENSG00000154803	4328.0	74448.0	0.05314042768068091	0.06890817603989624
strict	ENSG00000151702	506.0	3804.0	0.091097604356383	0.08523950169137134
strict	ENSG00000177731	12253.0	434947.0	0.13698774117150364	0.156655263181675
strict	ENSG00000136068	8395.0	140642.0	0.0493996108991574	0.01606493322339773
strict	ENSG00000128591	1343.0	11825.0	0.17285471569356198	0.10709270200206361
strict	ENSG00000132589	7049.0	92797.0	0.012624567392016669	0.029362501872877405
strict	ENSG00000125848	580.0	5764.0	0.06897227549415125	0.08692586110251624
strict	ENSG00000090554	125.0	4387.0	0.03734934438992849	0.039690446966237164
strict	ENSG00000037280	636.0	18285.0	0.041669683802055185	0.04578022069155604
strict	ENSG00000059122	997.0	5813.0	-0.0065754587035542975	0.009983471403713438
strict	ENSG00000164898	19270.0	111679.0	0.22931093896928548	0.14704651380326425
strict	ENSG00000248905	1392.0	37233.0	0.11675994236786637	0.11522725030493058
strict	ENSG00000155816	252.0	261.0	0.06388024567361776	0.02733872174629729
strict	ENSG00000131781	654.0	989.0	0.043350656762950975	0.0023809939630519807
strict	ENSG00000122176	3546.0	29684.0	0.18709240288142917	0.1963530405130716
strict	ENSG00000141560	2253.0	15687.0	0.024620360201422414	0.014321573609771477
strict	ENSG00000102531	7718.0	46256.0	0.02803146787375213	0.059304930638981984
strict	ENSG00000075420	14237.0	201697.0	0.17643995137876683	0.16290361278253102
strict	ENSG00000160097	289.0	3979.0	0.06063054121529435	0.06571399895925067
strict	ENSG00000168522	3701.0	26825.0	0.036448365158213494	0.015434039050598147
strict	ENSG00000086205	2197.0	12723.0	0.12832937214789145	0.14667411540896172
strict	ENSG00000110195	26894.0	201011.0	0.2991475971500205	0.3588720303046214
strict	ENSG00000165457	402.0	4279.0	0.16681508652164453	0.13301661899555406
strict	ENSG00000125798	640.0	3132.0	0.11080066083623447	0.11131068672814856
strict	ENSG00000054598	3336.0	9543.0	0.2236961047367698	0.25012617235088364
strict	ENSG00000129654	12660.0	132639.0	0.1584581661322124	0.17791112009064375
strict	ENSG00000065970	14636.0	90761.0	0.07545607307082712	0.04300806409935395
strict	ENSG00000183770	1628.0	31619.0	0.34144671690351985	0.28166358591873003
strict	ENSG00000111206	3387.0	51602.0	0.11719902882959063	0.09384719022223964
strict	ENSG00000109101	187.0	3333.0	0.01237849166223514	0.026674219820828435
strict	ENSG00000150907	2119.0	16824.0	0.10243185172511372	0.08351729126955225
strict	ENSG00000118689	7248.0	52108.0	0.10610416985274937	0.050294236804901346
strict	ENSG00000184481	999.0	14191.0	0.02266902628391207	0.02340050572864162
strict	ENSG00000114861	3666.0	14417.0	0.1432951059474405	0.12123829891720408
strict	ENSG00000137166	8702.0	181524.0	0.0508793441566203	0.06605348097739967
strict	ENSG00000110074	2436.0	56963.0	0.008817737096299738	0.011052560559006273
strict	ENSG00000148690	4305.0	28529.0	0.083333098466458	0.05597507008577553
strict	ENSG00000138759	3052.0	23983.0	0.08989416501560722	0.07889485322708846
strict	ENSG00000164946	1013.0	9118.0	0.037565515350400154	0.06685763512468051
strict	ENSG00000150893	954.0	11265.0	0.09799510125318342	0.10984211398211047
strict	ENSG00000139926	1614.0	5143.0	0.05753828298519942	0.11951812232427067
strict	ENSG00000162998	2486.0	11627.0	0.15099616994844514	0.1429213447259434
strict	ENSG00000075618	17049.0	153514.0	0.25922043605195577	0.3044878057092066
strict	ENSG00000170820	487.0	232.0	-0.02383723419451477	-0.001011807752593928
strict	ENSG00000150667	133.0	2291.0	-0.007135289252898237	0.01131849947674873
strict	ENSG00000134363	293.0	2813.0	0.10567406090054886	0.09178904922545614
strict	ENSG00000163430	23976.0	82489.0	0.2736435092027518	0.22329518125217074
strict	ENSG00000070404	938.0	2800.0	-0.0073060641295529544	-0.018450763551934743
strict	ENSG00000140718	2614.0	39237.0	0.06027598141213071	0.03703247781091737
strict	ENSG00000107164	20154.0	51041.0	-0.04230550143328039	-0.05829771652669801
strict	ENSG00000179163	2878.0	25169.0	0.043305500261850885	0.06909418627638494
strict	ENSG00000140564	11903.0	118102.0	0.11080879883641606	0.1232948331912454
strict	ENSG00000089280	56119.0	220362.0	0.17860219410569833	0.06375514252880182
strict	ENSG00000176920	703.0	6033.0	0.12708786016814078	0.10144966287360975
strict	ENSG00000171124	102.0	13652.0	0.04743526553306579	0.059181635212994646
strict	ENSG00000196371	705.0	2433.0	0.0033771194528389595	0.003485984536671603
strict	ENSG00000033170	10420.0	80131.0	0.17688523335019357	0.19285503386056935
strict	ENSG00000129245	6395.0	37490.0	-0.05590314730673439	-0.055410462861248955
strict	ENSG00000010810	7259.0	122201.0	0.11766701989084419	0.1265175113161489
strict	ENSG00000157240	2485.0	5618.0	0.004317140987805949	0.012104460485738223
strict	ENSG00000111432	5106.0	46073.0	0.28769332043904183	0.279506452234947
strict	ENSG00000104290	5154.0	50537.0	0.18907335538477024	0.19050080666498745
strict	ENSG00000174804	2450.0	56143.0	0.1192486328157941	0.11867157435857444
strict	ENSG00000164930	6992.0	23924.0	0.07421954527663427	0.04051938308704409
strict	ENSG00000188763	229.0	335.0	0.0026619923230479592	0.024752182149062003
strict	ENSG00000105325	4080.0	10058.0	-0.059326942871661945	-0.04884441924641342
strict	ENSG00000160211	1062.0	33099.0	-0.003082254225758068	-0.009602805580216324
strict	ENSG00000171298	8107.0	186891.0	0.24812599150773068	0.2234735434944494
strict	ENSG00000109458	2167.0	20155.0	0.03952918283418395	0.02135745289478152
strict	ENSG00000033327	1082.0	13267.0	-0.000501741007375725	-0.020456688738900945
strict	ENSG00000204681	2857.0	137702.0	-0.022385828741752087	-0.024039166674514997
strict	ENSG00000136928	234.0	576.0	-0.011935476046747386	-0.03285574897749415
strict	ENSG00000094755	103.0	1008.0	0.00698763740342694	0.04890922790900043
strict	ENSG00000128683	1890.0	34538.0	0.1185345138534187	0.13436532667094744
strict	ENSG00000116717	8411.0	30231.0	0.05853265521112714	0.044416422449141214
strict	ENSG00000130222	2931.0	12356.0	0.06496231011699445	0.059143453010043194
strict	ENSG00000069482	1196.0	12290.0	0.3450226161486369	0.3476880971488512
strict	ENSG00000117308	7733.0	72270.0	0.163284294723906	0.1655911564438024
strict	ENSG00000108479	1146.0	13797.0	0.06677296439338926	0.07100944026559212
strict	ENSG00000141012	3167.0	18674.0	0.027105282673566697	0.028096829574511102
strict	ENSG00000089597	16582.0	500040.0	0.12606308136057617	0.08989052565170746
strict	ENSG00000214013	1080.0	16860.0	0.006813431780221757	0.01353471957178998
strict	ENSG00000159131	6640.0	85438.0	0.12690497201194934	0.12468771740527672
strict	ENSG00000185340	2132.0	25707.0	0.01025020285268306	0.016100198655874247
strict	ENSG00000183087	14086.0	169824.0	0.21606365164468272	0.23761030328729424
strict	ENSG00000179348	340.0	4848.0	0.07874950799295424	0.058674035216001376
strict	ENSG00000136574	760.0	23302.0	0.24195974904893022	0.2106189577068534
strict	ENSG00000141448	828.0	18525.0	0.18415847324103368	0.17662260221548834
strict	ENSG00000177628	121.0	67396.0	0.016661394975476165	-0.0006437611428663786
strict	ENSG00000114480	3565.0	36059.0	0.04663880915319038	0.04348784391620054
strict	ENSG00000107862	3305.0	57924.0	0.004769392126760306	0.008386483841458542
strict	ENSG00000117228	9989.0	72345.0	0.2545547156234744	0.17839893115827105
strict	ENSG00000154451	739.0	10190.0	0.13332686725637516	0.09220723809100324
strict	ENSG00000131979	1051.0	4205.0	0.07692447352407632	0.049416456237365104
strict	ENSG00000023909	7619.0	25314.0	0.08193097324601166	0.06469872281375706
strict	ENSG00000089154	15531.0	240997.0	0.19254783246101426	0.1599808238727624
strict	ENSG00000111846	2132.0	17230.0	0.1794202602591785	0.2193556020749047
strict	ENSG00000176928	109.0	674.0	0.014176776413322325	-0.004763235840394735
strict	ENSG00000135414	6315.0	53222.0	0.12395042956197184	0.11526893329963755
strict	ENSG00000130513	28272.0	56770.0	0.274786414733066	0.28287297660106187
strict	ENSG00000184344	125.0	309.0	0.058464683122045946	0.0948254622186166
strict	ENSG00000125965	360.0	2335.0	0.0240377564295872	0.04234912653319424
strict	ENSG00000164404	265.0	683.0	-0.008128268255855975	-0.006648904544900043
strict	ENSG00000168621	101.0	2259.0	0.045099465696101244	0.05773357292228934
strict	ENSG00000198380	14144.0	121560.0	0.1282184327558532	0.09505196330516548
strict	ENSG00000165678	29971.0	164658.0	0.18061999609542792	0.1289431286110268
strict	ENSG00000112964	215.0	703.0	0.10480455983143525	0.04132915682653299
strict	ENSG00000146830	2219.0	89229.0	0.021478722518551763	0.011213466412108122
strict	ENSG00000133574	487.0	5078.0	0.12228405600618876	0.07397208551827852
strict	ENSG00000196329	221.0	6651.0	0.1338409132911318	0.05519186837942437
strict	ENSG00000171115	177.0	4732.0	0.13604218985698854	0.06419554101060632
strict	ENSG00000123159	44419.0	148776.0	0.1964513439955507	0.2134614478299978
strict	ENSG00000137960	918.0	4091.0	0.14433184415248757	0.08516579375753208
strict	ENSG00000152661	3638.0	38335.0	0.17186776902185683	0.1607066171389422
strict	ENSG00000265107	300.0	2360.0	0.265197095013872	0.07338199575759002
strict	ENSG00000169562	5302.0	8110.0	0.23729607337569658	0.22986912679112245
strict	ENSG00000121742	122.0	191.0	0.023524477234645205	0.03413268364276674
strict	ENSG00000182963	1441.0	4168.0	0.11229911243375679	0.10807263931302995
strict	ENSG00000102393	5579.0	40380.0	0.15955503275720492	0.1296323508454567
strict	ENSG00000170266	13565.0	132422.0	-0.015680508286354727	0.06298269342306077
strict	ENSG00000106415	7965.0	56031.0	0.11739496365888441	0.1281083932632903
strict	ENSG00000186417	280.0	8658.0	0.007346402217494897	0.02175224643706447
strict	ENSG00000111087	186.0	3947.0	0.16743872484753178	0.10636706405004176
strict	ENSG00000074047	1008.0	11480.0	0.19809800251182605	0.12128402019404573
strict	ENSG00000106571	2319.0	32533.0	0.19706214858721643	0.21454597103177395
strict	ENSG00000122694	3987.0	16424.0	0.012939680946218328	0.05007237762216262
strict	ENSG00000167699	11145.0	95975.0	0.08965626267492896	0.00853090710031141
strict	ENSG00000109738	705.0	5420.0	0.013455254290466028	0.05232380670216495
strict	ENSG00000115419	12863.0	45572.0	0.04704406408816013	0.08786359319778288
strict	ENSG00000135423	537.0	6419.0	0.055770654627511476	0.0845461080078928
strict	ENSG00000120820	646.0	3625.0	0.13371267152532257	0.08233820648112898
strict	ENSG00000148672	5246.0	19300.0	0.012218371442973615	0.025107473129128366
strict	ENSG00000140632	13050.0	47594.0	-0.007876090349718156	-0.016995433757330154
strict	ENSG00000112699	4138.0	20520.0	0.06034252039892314	0.06792062221054858
strict	ENSG00000162419	1907.0	22825.0	-0.004411264095163226	-0.007421994784665624
strict	ENSG00000101216	5452.0	85520.0	-0.03047566463450923	-0.012051632838096264
strict	ENSG00000197045	5825.0	35796.0	0.11343654834363323	0.10353573393479913
strict	ENSG00000163655	14726.0	165150.0	0.1441002330496504	0.1431824770319384
strict	ENSG00000088256	4836.0	12812.0	0.02244396924359912	0.02320523585396949
strict	ENSG00000127955	4311.0	15680.0	0.0788767340458328	0.07664023609100382
strict	ENSG00000114353	12375.0	76951.0	0.09990357522687068	0.09649679204127908
strict	ENSG00000087258	107.0	1410.0	-0.015006882198054733	0.018449566559821134
strict	ENSG00000156052	6863.0	23785.0	0.006568038753543567	-0.0013669288034446295
strict	ENSG00000185838	2080.0	8142.0	0.008513635053801562	0.018482166657914734
strict	ENSG00000134697	9678.0	129062.0	0.08390435739029754	0.08268839654603267
strict	ENSG00000116906	3689.0	7689.0	-0.021139802385286333	-0.028621993258979208
strict	ENSG00000135677	6109.0	143841.0	0.06907661291629608	0.04203395663900806
strict	ENSG00000167110	5325.0	101232.0	0.03285246860190232	0.0689705735770036
strict	ENSG00000113384	23733.0	147063.0	0.07605608149804927	0.0798538836100101
strict	ENSG00000120370	2675.0	24043.0	-0.017344787225733318	-0.01678679050893132
strict	ENSG00000120053	4409.0	72062.0	0.18366138624067918	0.17165610520626295
strict	ENSG00000152133	849.0	3279.0	0.0012900549272495225	0.03314233842052269
strict	ENSG00000062194	16016.0	84742.0	0.025726037705850077	0.0038916929640908982
strict	ENSG00000159592	23121.0	350108.0	0.0939819502184531	0.07209337661431603
strict	ENSG00000164850	440.0	916.0	-0.0036524842239295564	-0.005696382927393871
strict	ENSG00000171723	1034.0	7738.0	0.13408465760170735	0.15200017599623677
strict	ENSG00000198522	6152.0	65406.0	0.06402209125092628	0.036782655762570046
strict	ENSG00000142751	2521.0	10523.0	-0.02948209129551201	-0.014040543620278428
strict	ENSG00000181619	788.0	13167.0	0.06391613879077278	0.05325064918609745
strict	ENSG00000173264	3502.0	94455.0	0.006353379994165596	0.016249680543293562
strict	ENSG00000151025	1004.0	4813.0	0.03742816809032487	0.04352963614562787
strict	ENSG00000250510	788.0	17433.0	-0.01842353303506209	0.005366362309129588
strict	ENSG00000171659	151.0	2338.0	0.023360971772704478	0.046296719676811364
strict	ENSG00000170775	128.0	230.0	0.060227166214846105	0.025587820420347972
strict	ENSG00000170075	281.0	1871.0	0.004106115801730497	0.01853558188796326
strict	ENSG00000183840	1637.0	26980.0	0.11899980340070776	0.1338386001585538
strict	ENSG00000177464	132.0	2092.0	-0.022971040483101935	-0.00643390850398532
strict	ENSG00000112218	1212.0	21053.0	0.18551535831937038	0.20903489709332884
strict	ENSG00000123901	564.0	4723.0	0.03395148700185702	0.05548599862021016
strict	ENSG00000198932	750.0	41858.0	0.0630518561259332	0.03867644112299345
strict	ENSG00000158301	1310.0	11886.0	0.06873225514245956	0.08855361535851076
strict	ENSG00000167191	9129.0	128414.0	0.1951454442166737	0.17551052797442815
strict	ENSG00000170412	11402.0	143380.0	0.1598005770147316	0.12122924084771236
strict	ENSG00000204175	1719.0	26615.0	0.015849576642331508	0.044656041923248804
strict	ENSG00000167701	515.0	14919.0	0.006809727736431538	-0.008760897900192044
strict	ENSG00000089351	8688.0	207146.0	-0.028431081202831908	0.031642423507285355
strict	ENSG00000155324	4263.0	16512.0	0.010436129038359804	0.012594194825853005
strict	ENSG00000177885	9337.0	47007.0	0.017052502357744463	0.039151207606548465
strict	ENSG00000141449	293.0	1663.0	-0.018242627359864264	0.001256754358914495
strict	ENSG00000166923	146.0	443.0	0.09268887680206676	0.061815235898730246
strict	ENSG00000083307	5631.0	134252.0	0.012442251747068776	0.04672479383061464
strict	ENSG00000163873	4651.0	132453.0	0.33384184609113254	0.3426291792342094
strict	ENSG00000149403	288.0	7709.0	0.029953023398993278	0.0344664653924816
strict	ENSG00000105737	829.0	6211.0	0.13869330053761847	0.14191568582615602
strict	ENSG00000105464	196.0	2195.0	0.09818419378511647	0.09568409794163071
strict	ENSG00000173020	6611.0	96975.0	0.04803869013050247	0.03427433871799552
strict	ENSG00000198873	317.0	5096.0	0.06465959904815402	0.032258585463953604
strict	ENSG00000152822	107.0	644.0	0.044151238040837565	0.03965405166661005
strict	ENSG00000164082	209.0	1451.0	0.02005142417078354	0.017217786249554057
strict	ENSG00000124493	1692.0	41814.0	0.4216234935622979	0.37422844906188674
strict	ENSG00000196277	672.0	2255.0	0.12884594389894816	0.11575680276122838
strict	ENSG00000030582	25363.0	285818.0	0.18933022810536468	0.2877935057538177
strict	ENSG00000134443	105.0	1036.0	0.08212943926289334	0.10668545469869532
strict	ENSG00000105447	1630.0	15474.0	-0.014035047490485602	0.005509182242919264
strict	ENSG00000073605	7898.0	561701.0	0.07943248380854452	0.14659839305415118
strict	ENSG00000147697	190.0	13048.0	0.06822045344999818	0.05743159517633375
strict	ENSG00000131149	11009.0	121684.0	0.06157595217122588	0.04404966294156654
strict	ENSG00000105723	3704.0	102850.0	0.038766472408110236	0.04012078756588468
strict	ENSG00000082701	18646.0	170187.0	0.20123224089678649	0.11295503046735218
strict	ENSG00000104687	11662.0	91568.0	0.21254847920591213	0.17066924780696274
strict	ENSG00000100983	17278.0	167394.0	0.21767156863598486	0.139099826931894
strict	ENSG00000134202	2885.0	21312.0	0.029213462151036013	0.025370763393149667
strict	ENSG00000148834	15602.0	106825.0	0.11332451030254292	0.10475274399906315
strict	ENSG00000100577	5792.0	64358.0	0.10375809605740584	0.07704624455114101
strict	ENSG00000242441	153.0	528.0	0.0020419602970646634	0.0031548943621723512
strict	ENSG00000263001	3538.0	854798.0	0.053357270866745576	0.012463416028589254
strict	ENSG00000077235	11664.0	110246.0	0.022577167603271275	0.06583716289710052
strict	ENSG00000100226	3293.0	98798.0	0.024952071931957594	0.005910404413324105
strict	ENSG00000105793	1691.0	12006.0	0.043849414812633644	0.013548812532260937
strict	ENSG00000107937	14193.0	185765.0	-0.023040521233330176	-0.012699874124951934
strict	ENSG00000152402	531.0	4415.0	0.13655522913861937	0.09322712119755608
strict	ENSG00000169919	7868.0	341072.0	0.025108848089309806	0.009564419849941339
strict	ENSG00000172986	2394.0	35360.0	0.16042251375701938	0.18160421647451988
strict	ENSG00000056998	719.0	15660.0	0.016485734403816028	0.03790663821162586
strict	ENSG00000104812	1310.0	56063.0	0.06782929504656134	0.0234005665005068
strict	ENSG00000130600	18285.0	316571.0	0.38248852478673356	0.35987443029768573
strict	ENSG00000188486	12723.0	138548.0	0.0698593397414915	0.011019174900827074
strict	ENSG00000132475	84111.0	215065.0	0.2959656463051031	0.31557437805327637
strict	ENSG00000084754	9038.0	112175.0	-0.03469860010130459	0.012651769990832909
strict	ENSG00000138029	9954.0	162946.0	0.106949185269538	0.05783835237466062
strict	ENSG00000135077	571.0	1508.0	0.04730658713957919	0.0702189298513471
strict	ENSG00000143575	11917.0	62992.0	0.06982150707690418	0.0025645028608254467
strict	ENSG00000113070	1392.0	17098.0	0.03748170976780088	0.03936609305919278
strict	ENSG00000112339	8962.0	39792.0	0.09287652944322926	0.05984716518941236
strict	ENSG00000172534	7230.0	129769.0	-0.02223754262274965	0.005671654894440493
strict	ENSG00000101336	792.0	8939.0	0.09640601530835484	0.089995253093902
strict	ENSG00000143630	290.0	3348.0	0.004687872766967464	-0.0018558126961204398
strict	ENSG00000116478	21615.0	345343.0	0.12403335582148478	0.09288414336532645
strict	ENSG00000100429	380.0	14674.0	0.010558541864281797	0.019585312272139326
strict	ENSG00000196591	48941.0	253767.0	0.2478119132911481	0.18679693214059626
strict	ENSG00000171720	8419.0	87844.0	0.021567715611519826	0.011972623498881736
strict	ENSG00000068024	2234.0	17716.0	0.011584785633700809	0.0070340959686144905
strict	ENSG00000108840	2599.0	7993.0	-0.0024199073146143613	-0.004759885290675758
strict	ENSG00000094631	5001.0	253007.0	0.3726230725737424	0.39565430333661855
strict	ENSG00000147099	4081.0	53467.0	0.00014916683576834608	0.0010748659339878857
strict	ENSG00000048052	7167.0	65668.0	0.22003738479452534	0.20626145518237454
strict	ENSG00000155393	3703.0	26820.0	-0.0032235742445827446	0.016296890753101798
strict	ENSG00000129493	3574.0	12576.0	0.04909031897800335	0.049010389894254665
strict	ENSG00000008869	2472.0	41145.0	0.04133399436358032	0.05028642605320225
strict	ENSG00000068097	2499.0	44068.0	0.0707510378725548	0.04278396327734447
strict	ENSG00000112406	5866.0	47444.0	0.02790162969708263	0.03693850753246403
strict	ENSG00000173064	7064.0	221638.0	0.08027901477681444	0.03861511297157701
strict	ENSG00000119969	5127.0	29368.0	0.11255817721391148	0.10574171283548581
strict	ENSG00000128731	4806.0	97120.0	0.02892970817833354	0.024299208615115784
strict	ENSG00000138642	3300.0	41655.0	0.14985331071792313	0.14865204739903856
strict	ENSG00000114315	10106.0	42964.0	0.19204219775104425	0.1973326009544458
strict	ENSG00000188290	3376.0	6337.0	0.07874055334272612	0.10612338580617399
strict	ENSG00000144485	8353.0	17537.0	0.1632508000117201	0.1446874254084388
strict	ENSG00000163666	311.0	4125.0	0.04220271311162421	0.04858395039702864
strict	ENSG00000213614	6203.0	78682.0	0.05993464394171646	0.02708373619886335
strict	ENSG00000049860	6077.0	54345.0	0.044395853557547535	0.0579714950552018
strict	ENSG00000186834	8437.0	62355.0	0.029397511386428717	0.05771410116881401
strict	ENSG00000164683	238.0	2750.0	0.06225671298309829	0.06705852144201271
strict	ENSG00000010704	636.0	5974.0	0.06484937436483917	0.09089980416798961
strict	ENSG00000019991	148.0	1846.0	0.04499076576519484	0.04843824412623803
strict	ENSG00000235173	1864.0	54477.0	0.05197115614556644	0.0600354841006012
strict	ENSG00000185359	6013.0	55735.0	0.021585423086390547	0.02471703898817006
strict	ENSG00000152804	958.0	1499.0	-0.038102122565530507	0.006589389727496413
strict	ENSG00000100644	37349.0	281812.0	0.05763421115451035	0.139368963512096
strict	ENSG00000064393	7444.0	279411.0	0.04446695099663296	0.0817486408814022
strict	ENSG00000110422	9677.0	39678.0	0.041474793869308066	-0.003514765709299092
strict	ENSG00000010818	6239.0	68658.0	0.07496688115541561	0.06279036549944673
strict	ENSG00000156515	4278.0	122038.0	0.07231020674441568	0.09219538810049252
strict	ENSG00000159399	2116.0	27055.0	0.09125121409000367	0.07120346807902062
strict	ENSG00000136630	348.0	7543.0	0.04463046934376497	0.07406856150799795
strict	ENSG00000143341	678.0	2731.0	0.13647444198322914	0.0685816284604415
strict	ENSG00000137309	67532.0	348290.0	0.2518164954444231	0.298295138232177
strict	ENSG00000149948	5218.0	49046.0	0.09039008684828659	0.06820685610299132
strict	ENSG00000164104	60724.0	9495.0	0.10218364897506438	0.11253201655825543
strict	ENSG00000029993	13404.0	70559.0	0.28004409091375815	0.28886505752502317
strict	ENSG00000113161	10146.0	111007.0	0.21345018535203508	0.1809913553142006
strict	ENSG00000118418	46211.0	50317.0	0.22026358329568027	0.15025926953280994
strict	ENSG00000198157	453.0	2573.0	0.02001294946537156	0.03783528047371685
strict	ENSG00000072571	1996.0	22551.0	0.09591749346328354	0.11929178708552872
strict	ENSG00000100292	1297.0	2938.0	0.0485291115095325	0.06847203813300912
strict	ENSG00000275410	461.0	15573.0	0.18208304440001963	0.15973112530496741
strict	ENSG00000150540	1370.0	6110.0	0.12258794900243514	0.1214275976465292
strict	ENSG00000139675	240.0	742615.0	-0.00756377195752027	-0.02381193852370264
strict	ENSG00000138668	66459.0	1224032.0	0.11121804922733675	0.09401435947893562
strict	ENSG00000169813	37986.0	360287.0	0.12111456018123928	0.11556153475166385
strict	ENSG00000169045	30957.0	827468.0	0.09726632019575183	0.10964156850476198
strict	ENSG00000143889	13856.0	149827.0	0.10221857469028389	0.10748292416601689
strict	ENSG00000099783	48740.0	403820.0	0.005413596769801148	-0.0018865254937405543
strict	ENSG00000105323	16629.0	253503.0	0.1866738031059242	0.13672947863291224
strict	ENSG00000168172	3024.0	13873.0	0.06426668756431196	0.037984032892103434
strict	ENSG00000171476	2322.0	1301.0	0.14169885192574228	0.15510126507824126
strict	ENSG00000253293	989.0	2177.0	0.07925741758614487	0.0927726336373888
strict	ENSG00000106004	138.0	2405.0	0.04306909560850206	0.0724899502328445
strict	ENSG00000078399	2755.0	11881.0	0.1704082143011657	0.18247801774504813
strict	ENSG00000182742	2634.0	69337.0	0.07981524038573823	0.08187806571561801
strict	ENSG00000120075	313.0	11525.0	0.03821720675812207	0.04774238668718624
strict	ENSG00000108511	304.0	31622.0	0.02233903302137627	0.03296395846797811
strict	ENSG00000260027	6584.0	57659.0	-0.08260349699447644	-0.01485786488767046
strict	ENSG00000170689	833.0	23848.0	0.08561040605055004	0.09729179141746967
strict	ENSG00000128710	231.0	7878.0	0.03881627938477454	0.0802579267375477
strict	ENSG00000128709	1606.0	29548.0	0.18479890380148034	0.17243189872659612
strict	ENSG00000115756	3374.0	44108.0	0.008859566826615223	0.041269534185927645
strict	ENSG00000165704	6975.0	20417.0	0.16484489739664043	0.14284397226003182
strict	ENSG00000110756	1031.0	20635.0	0.03758816211408968	0.01881672283639766
strict	ENSG00000173083	180.0	1918.0	0.043463398424254035	0.029985731110847607
strict	ENSG00000174775	3319.0	37177.0	-0.06049559475991592	-0.04220814209935654
strict	ENSG00000196639	610.0	6262.0	0.04347593863658325	0.0579902671209708
strict	ENSG00000113749	143.0	1033.0	0.02288490671107654	0.02945552721160101
strict	ENSG00000249853	707.0	1081.0	0.026379076619602197	0.06728691056064554
strict	ENSG00000171004	2426.0	6624.0	0.18923698364651076	0.19222042681898463
strict	ENSG00000117594	271.0	1392.0	0.04053739285480745	0.1063957234679141
strict	ENSG00000176387	5777.0	32467.0	0.20641168136281815	0.19910219993605444
strict	ENSG00000108786	352.0	3163.0	0.1027881571681403	0.04576882956502642
strict	ENSG00000072506	17225.0	103866.0	0.07213971816624047	0.058840343715479325
strict	ENSG00000025423	764.0	1276.0	0.022670952168799264	0.028903562036090534
strict	ENSG00000103160	4797.0	39774.0	-0.0034324688786082774	-0.02911921704376256
strict	ENSG00000185122	20912.0	295636.0	-0.005480832543140954	0.0655457363328234
strict	ENSG00000102878	894.0	32670.0	0.10330101949158252	0.0936570979035501
strict	ENSG00000204390	353.0	7902.0	-0.027735127726763675	-0.021243774228413333
strict	ENSG00000126803	3138.0	27791.0	0.029677270293016172	0.03620926549105657
strict	ENSG00000170606	11417.0	148590.0	0.13760275024559715	0.10116303832820174
strict	ENSG00000109971	66927.0	889093.0	0.20519353021879205	0.23167695958866175
strict	ENSG00000113013	33312.0	188572.0	0.041793105955016	0.010419490620897327
strict	ENSG00000081870	17584.0	65233.0	0.16599280479598594	0.12049121275002123
strict	ENSG00000152137	905.0	7523.0	0.1054684579451175	0.0909034801441122
strict	ENSG00000133265	2716.0	9077.0	0.06082725916030926	0.07087488029524451
strict	ENSG00000144381	48441.0	199971.0	0.09921003572726803	0.1493437713755286
strict	ENSG00000142798	15795.0	259490.0	0.10877825009057157	0.10736204880438606
strict	ENSG00000109854	1128.0	7567.0	-0.021847634371655177	-0.018044691395296096
strict	ENSG00000147246	4362.0	27259.0	0.14480597145223884	0.13358306304025255
strict	ENSG00000166736	884.0	10784.0	0.19985050649528713	0.18646308837045283
strict	ENSG00000166033	4486.0	15857.0	0.31273782306703723	0.20574951640622946
strict	ENSG00000115317	3157.0	7633.0	-0.05263403681017194	-0.03221804165967379
strict	ENSG00000197386	5975.0	71184.0	-0.05243146959289506	-0.03779628145573714
strict	ENSG00000086758	14491.0	299112.0	0.07398143910511304	0.03869581746904227
strict	ENSG00000149428	3767.0	183848.0	-0.028897557593455782	-0.011308411049200748
strict	ENSG00000067704	8264.0	132913.0	0.12305445811158403	0.07796979573660849
strict	ENSG00000003147	3817.0	32618.0	0.072312349398968	0.08384427477266547
strict	ENSG00000090339	2398.0	50429.0	0.29505562421913556	0.2730875477931646
strict	ENSG00000108622	974.0	7595.0	0.14470098657102007	0.09945217606071459
strict	ENSG00000076662	2949.0	12994.0	0.008945353658733956	0.03242627212766155
strict	ENSG00000160223	1307.0	70858.0	-0.08610983478735504	-0.07165278412765752
strict	ENSG00000172201	11235.0	8011.0	-0.05056228763252794	0.02102005712123263
strict	ENSG00000119912	3997.0	9303.0	0.07131978717188078	0.06390329908159213
strict	ENSG00000138413	24918.0	84265.0	0.36616732452541323	0.40345050811542293
strict	ENSG00000182054	22299.0	185073.0	0.2545086435253511	0.19249296369422203
strict	ENSG00000127415	2237.0	86674.0	0.04773438177658794	0.050294610147186405
strict	ENSG00000163565	7533.0	32355.0	0.40929405895081417	0.43021299804285246
strict	ENSG00000068079	2581.0	32035.0	0.1584458577079871	0.12843693545606313
strict	ENSG00000137959	15008.0	106390.0	0.321188933891579	0.3832161607552907
strict	ENSG00000115267	5332.0	31782.0	0.18322045351889674	0.1762627041358805
strict	ENSG00000185745	11707.0	120348.0	0.3430828596397947	0.3363038673489934
strict	ENSG00000119922	2575.0	30246.0	0.2515894184393507	0.16043476966771644
strict	ENSG00000119917	3572.0	52857.0	0.2287496932039007	0.19464314789184387
strict	ENSG00000185885	51446.0	106327.0	0.36396480185795516	0.4441939155001029
strict	ENSG00000142166	3719.0	51798.0	0.03661157324708163	0.05317996720390246
strict	ENSG00000159110	3438.0	26118.0	0.05020438671327307	0.0665858720891461
strict	ENSG00000027697	11394.0	64140.0	0.024029955956796377	0.06696086880771633
strict	ENSG00000159128	12153.0	36656.0	0.01941530893959756	0.060652447988073
strict	ENSG00000006652	24540.0	173396.0	0.15797957356873474	0.12819837867398326
strict	ENSG00000114446	21403.0	88392.0	0.16219137145074397	0.08046057709225231
strict	ENSG00000089289	12538.0	142744.0	0.171248556946629	0.10096947220265795
strict	ENSG00000017427	762.0	4700.0	0.2150067314012743	0.146813344120729
strict	ENSG00000140443	9444.0	126750.0	0.05719817955812717	0.04828413411936503
strict	ENSG00000167244	221.0	1705.0	0.010368542440930155	0.0389792943944021
strict	ENSG00000159217	1144.0	17232.0	0.037115899451384396	0.02448634994024665
strict	ENSG00000073792	4744.0	187849.0	0.14381471463843337	0.1283676404606306
strict	ENSG00000136231	15941.0	132799.0	0.17220420247627138	0.08894960678878573
strict	ENSG00000197081	12744.0	184956.0	0.10488825411642876	0.18288724052224561
strict	ENSG00000115457	233334.0	1215688.0	0.49828230618266667	0.5225929566265253
strict	ENSG00000147255	912.0	1647.0	-0.01310948426754674	0.009474845742471887
strict	ENSG00000143061	5165.0	45760.0	0.09172441370530163	0.0964602423240044
strict	ENSG00000162729	11594.0	115788.0	0.16348402625623928	0.17029710775939258
strict	ENSG00000104365	1558.0	36248.0	-0.003995647656289877	-0.023500162800534786
strict	ENSG00000263528	749.0	16996.0	0.023781384583226303	0.006350640990619568
strict	ENSG00000269335	2582.0	56959.0	-0.0320726723121557	-0.03418897254804767
strict	ENSG00000030419	2493.0	27615.0	0.10326069564722964	0.10680428314919349
strict	ENSG00000161405	2802.0	31607.0	0.12210689766741278	0.12892046228685922
strict	ENSG00000123411	3021.0	33952.0	-0.014657037955574034	-0.0029006653107974782
strict	ENSG00000110324	321.0	3512.0	0.06767955627659367	0.04462521305042637
strict	ENSG00000243646	7756.0	47353.0	0.090453434749268	0.07647118810060854
strict	ENSG00000095752	165.0	1926.0	0.006842021485228224	0.025211150173380267
strict	ENSG00000137070	923.0	35113.0	0.10283296429771152	0.08764896845852223
strict	ENSG00000168811	324.0	2673.0	-0.01466630345121114	0.005959021867579525
strict	ENSG00000081985	181.0	3224.0	0.010213220794830072	0.02860832663552022
strict	ENSG00000131724	20644.0	253360.0	0.1901734807598743	0.13935423636179142
strict	ENSG00000123496	448.0	2718.0	0.11454571374467229	0.09571304715875853
strict	ENSG00000164136	935.0	5917.0	0.07616482212008677	0.09444704462580791
strict	ENSG00000134470	496.0	3950.0	0.09409578279998407	0.0958478865462116
strict	ENSG00000172349	174.0	4051.0	0.05969602877312122	0.015496145186183346
strict	ENSG00000172458	195.0	666.0	0.0033600611546956705	0.024905327846099824
strict	ENSG00000177663	1945.0	35014.0	0.03426798561322906	0.020818739765715143
strict	ENSG00000056736	521.0	7937.0	0.031139666232280868	0.06413490619281058
strict	ENSG00000150782	520.0	2633.0	0.05484366148944023	0.08631401971294728
strict	ENSG00000137496	175.0	9548.0	-0.004465030459939089	-0.025972488021971045
strict	ENSG00000115604	297.0	1765.0	0.04574470716529386	0.05779668268058864
strict	ENSG00000125538	111.0	1182.0	0.026989800515723476	0.025127157457256133
strict	ENSG00000115594	10334.0	26105.0	0.14449150986139464	0.12070779462226001
strict	ENSG00000196083	7152.0	33411.0	0.14265650805360133	0.1350311172660304
strict	ENSG00000115598	260.0	5061.0	-0.0052918103916527025	0.02194023246216282
strict	ENSG00000136689	765.0	2692.0	0.14995641835577006	0.12559609127489224
strict	ENSG00000110944	371.0	603.0	0.01677064669819096	0.010516175487382462
strict	ENSG00000134460	450.0	1191.0	0.04607508038036845	0.03446158687027827
strict	ENSG00000137033	161.0	538.0	0.13051414716524481	0.012240993011962801
strict	ENSG00000157368	1543.0	10565.0	0.16219360531853547	0.15275685892061838
strict	ENSG00000185291	234.0	2795.0	0.058782602044673025	0.0330996804078009
strict	ENSG00000077238	906.0	12952.0	0.11610290928866639	0.09140153861207286
strict	ENSG00000091181	269.0	1704.0	0.03174544262436126	0.05341861540898315
strict	ENSG00000160712	3797.0	42203.0	0.18401018029018698	0.18933053119074378
strict	ENSG00000134352	12173.0	41182.0	0.25014397709185343	0.2552225737321008
strict	ENSG00000143195	132.0	1560.0	0.13731322090722037	0.060120010560669956
strict	ENSG00000129351	80692.0	1294967.0	0.22850018157558255	0.25133020672105233
strict	ENSG00000166333	3769.0	53858.0	0.10803619900043959	0.05768460829087344
strict	ENSG00000132305	11677.0	63706.0	0.07605209017090395	0.018207308687991707
strict	ENSG00000106348	3774.0	94948.0	0.09775740692025527	0.08897171175822405
strict	ENSG00000178035	20006.0	258830.0	0.27488956683342297	0.3421750293243374
strict	ENSG00000148798	1731.0	5795.0	0.056550402454245315	0.08531221023933681
strict	ENSG00000196388	217.0	4414.0	0.029601665244403188	0.013774967130809829
strict	ENSG00000153487	4407.0	41349.0	0.019817013849191163	0.008838886152995511
strict	ENSG00000123999	628.0	6681.0	0.1073245475783473	0.11093311936070914
strict	ENSG00000122641	139.0	1704.0	0.028028100240693084	0.02808567524978872
strict	ENSG00000163083	14061.0	138967.0	0.27682181211063794	0.30989074159014784
strict	ENSG00000197852	485.0	6433.0	0.04056466602332834	0.034827206704502886
strict	ENSG00000241644	150.0	716.0	0.10689640613633579	0.02569648995115653
strict	ENSG00000114933	4898.0	97368.0	0.020233177528176972	0.047977100100197685
strict	ENSG00000109452	873.0	2807.0	0.08078204029728409	0.08057755343947164
strict	ENSG00000168918	509.0	5156.0	0.10538992698879575	0.0663709437071871
strict	ENSG00000165458	16098.0	750121.0	0.09219587601247463	0.10167473210273226
strict	ENSG00000248099	105.0	1804.0	0.1450038177763818	0.059914884820786544
strict	ENSG00000171105	3900.0	51461.0	0.15930484390179855	0.10676152587780414
strict	ENSG00000119509	1602.0	35758.0	0.00423909930121295	0.030702140339352656
strict	ENSG00000086200	4375.0	40097.0	0.06348411115005119	0.0767362932327832
strict	ENSG00000065150	18153.0	81650.0	0.18196619828587046	0.17009612386735562
strict	ENSG00000205339	16670.0	185129.0	0.10285011604449722	0.058187605430552305
strict	ENSG00000198700	6931.0	134210.0	0.011358048893289596	0.014397076047628883
strict	ENSG00000197429	3393.0	83620.0	0.060626986573457706	0.04363854845447271
strict	ENSG00000140575	17269.0	155844.0	0.06342756429210657	0.09871684194474999
strict	ENSG00000145703	4676.0	35364.0	0.09238245513198463	0.10163538037055522
strict	ENSG00000144711	2896.0	38899.0	0.04228145163792181	0.03171532744493405
strict	ENSG00000184216	4359.0	78217.0	0.05920909273600504	0.06966687187426064
strict	ENSG00000134070	317.0	4690.0	0.010044896246081302	0.03845132715578536
strict	ENSG00000198001	3955.0	50041.0	0.09659598514347788	0.10217511394382911
strict	ENSG00000125347	3933.0	65924.0	0.149109237971694	0.12830680317501533
strict	ENSG00000170604	602.0	39632.0	0.012687858324783263	0.004211547099933871
strict	ENSG00000119669	23501.0	156229.0	0.14910134551883647	0.15572459497427127
strict	ENSG00000126456	2470.0	36115.0	0.049326610622035486	0.05449763182248236
strict	ENSG00000128604	2375.0	10152.0	0.06137737098884835	0.06471261997551069
strict	ENSG00000185507	3037.0	33534.0	0.16982668126346534	0.15144155288900538
strict	ENSG00000140968	529.0	2533.0	0.13217929098196604	0.09904861556392705
strict	ENSG00000167378	4541.0	91875.0	0.0748217017204994	0.03505334489263644
strict	ENSG00000169047	2659.0	73123.0	0.23048433868884582	0.18412484519514877
strict	ENSG00000185950	2414.0	32661.0	0.06728839435627258	0.07420715608026464
strict	ENSG00000063241	6404.0	30882.0	0.02941682663316547	0.051964601665315496
strict	ENSG00000078747	13258.0	204801.0	0.1285595201538972	0.07012049327642905
strict	ENSG00000213949	2288.0	6958.0	0.19641213193463103	0.15211979482890434
strict	ENSG00000164171	901.0	5901.0	-0.023642265141790506	-0.016519767519533244
strict	ENSG00000005961	617.0	12427.0	0.013810301717240465	0.03548586451874567
strict	ENSG00000005884	6951.0	194116.0	0.24595172148190445	0.281818661010149
strict	ENSG00000115232	549.0	7449.0	0.0647135468635401	0.06472827048906493
strict	ENSG00000161638	1038.0	18452.0	0.10067956907793406	0.0815205520061239
strict	ENSG00000091409	14343.0	80557.0	0.1478251149816336	0.12446306623164803
strict	ENSG00000083457	3440.0	748.0	-0.019006160345028555	0.0178194510057039
strict	ENSG00000169896	341.0	4532.0	-0.0015575574941536895	0.02751777360064065
strict	ENSG00000138448	13349.0	34177.0	0.07234236564127207	0.05228487253295484
strict	ENSG00000140678	498.0	10492.0	0.06485042719263293	0.11031297268096156
strict	ENSG00000160255	1239.0	20152.0	0.11065475175616998	0.11592847255178457
strict	ENSG00000259207	572.0	32487.0	0.13723487092943232	0.14281101340295532
strict	ENSG00000132470	2941.0	83081.0	0.08670060551645573	0.06233324038879426
strict	ENSG00000082781	14985.0	63741.0	0.13522835476246858	0.14722993566435172
strict	ENSG00000115221	2019.0	16374.0	0.16637651170135698	0.17437489804667103
strict	ENSG00000139626	294.0	3614.0	0.02042795035857453	0.050379404739494614
strict	ENSG00000123243	7267.0	74403.0	0.30802660614693483	0.27732192920617743
strict	ENSG00000078596	464.0	4391.0	0.09148239837283077	0.10320926719172564
strict	ENSG00000137825	1614.0	8632.0	-0.017664970089100025	-0.007577285598405927
strict	ENSG00000150995	1941.0	12321.0	0.12150356230875362	0.09549273043220882
strict	ENSG00000096433	20051.0	529571.0	0.17871397993570595	0.20664486584039443
strict	ENSG00000138434	12875.0	78285.0	0.07303650978935294	0.0860303765959272
strict	ENSG00000116679	16457.0	84469.0	0.0789747951733421	0.05596796602023923
strict	ENSG00000101384	8366.0	61778.0	0.014851018144430706	0.051307862589804215
strict	ENSG00000162434	6617.0	118946.0	0.026573411507029864	0.11445390469597329
strict	ENSG00000096968	1238.0	9541.0	0.05987758962915655	0.014991992500429235
strict	ENSG00000105639	1456.0	27547.0	0.15761079265968508	0.10596370773472533
strict	ENSG00000154721	276.0	2109.0	0.11846648080502012	0.07080420424223621
strict	ENSG00000166086	677.0	9431.0	0.1930810022661532	0.16454666318566025
strict	ENSG00000153814	3944.0	4913.0	0.015101710355631938	0.048706753418764424
strict	ENSG00000140044	3424.0	76747.0	0.05603180127124127	0.057717760493664574
strict	ENSG00000081692	3885.0	30517.0	0.009793190215983811	0.017397861559669953
strict	ENSG00000104369	470.0	6075.0	0.03771854778331157	0.04454144782575691
strict	ENSG00000149596	224.0	1892.0	0.0702911816048776	0.08207493364667874
strict	ENSG00000206053	17038.0	139542.0	0.166795511779901	0.17662478169013915
strict	ENSG00000234616	816.0	29912.0	-0.04526120375821699	-0.049079093018782875
strict	ENSG00000173801	20441.0	29272.0	0.022858699451167624	0.014535579873417215
strict	ENSG00000197256	20787.0	174170.0	0.11872153810152611	0.1814157784189255
strict	ENSG00000108773	5094.0	87059.0	0.10954478051741581	0.11356233081868064
strict	ENSG00000114166	2172.0	27452.0	0.053889725496262184	0.057307997927730364
strict	ENSG00000172977	5079.0	38813.0	-0.07134058965478399	-0.08052362953320276
strict	ENSG00000186625	4753.0	18288.0	0.06504867636107682	0.0615002359380892
strict	ENSG00000177272	111.0	1910.0	0.05936060275324964	0.01159526479712948
strict	ENSG00000170049	106.0	4432.0	-0.011737189893772596	-0.01701652588413926
strict	ENSG00000158445	713.0	3104.0	-0.007165964982101536	0.00022372621146866232
strict	ENSG00000131398	258.0	89406.0	0.03295001528974448	0.04633971481978239
strict	ENSG00000116396	451.0	12035.0	0.03352835614381308	0.026210985589724973
strict	ENSG00000162975	1034.0	10473.0	0.19548713941744272	0.23390677150119843
strict	ENSG00000055118	2966.0	2943.0	0.04038966079421613	0.07834403547389061
strict	ENSG00000135519	1665.0	18960.0	0.08228840328718398	0.09015279970797171
strict	ENSG00000187486	232.0	1516.0	-0.004158982003404748	0.006567415857267071
strict	ENSG00000184185	1706.0	22066.0	0.0816094871869988	0.08078438092768135
strict	ENSG00000157551	878.0	8334.0	0.0944908269899572	0.10838750060992983
strict	ENSG00000123700	305.0	3419.0	0.08371374231269094	0.041283746017336635
strict	ENSG00000121361	146.0	2104.0	0.030272049938811316	0.052443082224532866
strict	ENSG00000135750	2102.0	7273.0	0.04545849659270346	0.06710746429505969
strict	ENSG00000184261	200.0	670.0	0.03798377541784529	0.018513115502610044
strict	ENSG00000152315	560.0	5672.0	0.08965058915537563	0.08932466443361121
strict	ENSG00000124249	5672.0	40033.0	0.19321508594019254	0.21031853617600793
strict	ENSG00000124780	144.0	1784.0	0.0849344700842566	0.050018590591802504
strict	ENSG00000171303	479.0	5303.0	0.061653933534142905	0.07079672106959398
strict	ENSG00000099337	692.0	6300.0	0.09614842005119492	0.11588649291446164
strict	ENSG00000169427	186.0	1199.0	0.04793169370829428	0.05724279751149838
strict	ENSG00000156113	5269.0	87746.0	0.23459297012546093	0.26517762979960396
strict	ENSG00000143603	525.0	8103.0	-0.023595998683314995	0.022288472827358335
strict	ENSG00000104783	1559.0	30800.0	0.21304285788529603	0.18273794970178034
strict	ENSG00000053918	2127.0	35821.0	0.04083416398581616	0.02947195974502047
strict	ENSG00000117013	223.0	16932.0	-0.020779488026050598	-0.017565518243513246
strict	ENSG00000107147	547.0	6315.0	0.0909725912437163	0.079430746779439
strict	ENSG00000162687	917.0	3263.0	0.03579263000813799	0.060092359042582276
strict	ENSG00000110906	4173.0	39783.0	0.004478600398533532	-0.004774045400020246
strict	ENSG00000213859	784.0	5921.0	0.024791588895674052	0.05287028927350345
strict	ENSG00000112078	5796.0	54522.0	0.0922300458603221	0.05866853615790441
strict	ENSG00000167977	3231.0	26059.0	0.0153899981090154	0.03139831767253711
strict	ENSG00000104756	710.0	6401.0	0.047819939680577135	0.04971148793621144
strict	ENSG00000004487	15524.0	208512.0	0.04499260601082863	0.012915655286758029
strict	ENSG00000115548	6393.0	117069.0	0.06755034155362356	0.0707231361805575
strict	ENSG00000066135	13061.0	388012.0	0.11076987868925521	0.06010958790375756
strict	ENSG00000117139	12358.0	157066.0	0.09586622510704171	0.014151954359471915
strict	ENSG00000147050	4549.0	27176.0	0.0792122298154656	0.024676802673520237
strict	ENSG00000132510	1959.0	102541.0	0.01188701707071657	-0.033403918265282655
strict	ENSG00000155666	587.0	13578.0	0.036454884698864064	0.020380958503972126
strict	ENSG00000128052	1073.0	14431.0	0.10934681742363857	0.0786536842950356
strict	ENSG00000079999	61309.0	192739.0	0.09796358573928565	0.10226666002567898
strict	ENSG00000197993	139.0	20918.0	0.034909257435016126	0.030456831425124307
strict	ENSG00000121774	33195.0	238008.0	0.14378409333040848	0.0775988257651913
strict	ENSG00000138030	566.0	4702.0	0.018319737525623353	0.043945455068203035
strict	ENSG00000088247	5812.0	83889.0	0.07765954585630697	0.032310174863206136
strict	ENSG00000122203	15058.0	97380.0	0.09160462775793772	0.03989011176052584
strict	ENSG00000116685	9897.0	95349.0	0.08945594966260162	0.002473834561161489
strict	ENSG00000138160	5220.0	31670.0	0.13222538941370257	0.12691453405251515
strict	ENSG00000130294	2605.0	125416.0	0.03549801550241029	0.027625731534590064
strict	ENSG00000112984	4645.0	50765.0	0.1519084488371589	0.15308565900725837
strict	ENSG00000068796	7126.0	63416.0	0.10926861306584387	0.08088412614022356
strict	ENSG00000142945	6668.0	63853.0	0.16799367395810033	0.15832394928379165
strict	ENSG00000170759	25545.0	142234.0	0.0962571639095232	0.03988235787754348
strict	ENSG00000049130	1024.0	4528.0	0.029778299905817554	0.10105879241702201
strict	ENSG00000118922	4040.0	36191.0	0.025201456649538705	0.03225010282146128
strict	ENSG00000129911	1569.0	29834.0	0.002099136517705542	0.011432277142460723
strict	ENSG00000136826	5792.0	27778.0	0.10766885035737067	0.13547850032070885
strict	ENSG00000102554	16690.0	33507.0	0.12652527717213374	0.16142410708160407
strict	ENSG00000165516	15583.0	74314.0	0.09139096080046338	0.05460754718876943
strict	ENSG00000003096	1898.0	5352.0	0.28465990182227674	0.2278695875564633
strict	ENSG00000197705	10940.0	142488.0	0.1268906416336214	0.1469558342180979
strict	ENSG00000114796	17442.0	134142.0	0.139916350937703	0.13449985027631164
strict	ENSG00000167487	1511.0	18748.0	0.05737328419244788	0.06416442869290997
strict	ENSG00000102271	167.0	1565.0	0.10435487555066952	0.11439975059326933
strict	ENSG00000145332	2368.0	18357.0	0.0788484859317028	0.07865230021813804
strict	ENSG00000129451	5713.0	19377.0	0.1782874804875597	0.20755517082529032
strict	ENSG00000167749	252.0	739.0	0.07075121274487839	0.04010275062451949
strict	ENSG00000167755	13557.0	143844.0	0.25867707462872347	0.2553166176530033
strict	ENSG00000134539	485.0	707.0	0.021132952898613395	0.018120642942343834
strict	ENSG00000150045	3947.0	23721.0	0.15214934799685043	0.15451112367055014
strict	ENSG00000139187	189.0	2955.0	-0.025852029805678314	0.0038680396586852663
strict	ENSG00000117009	125.0	1645.0	0.025237856793433905	0.01562707288582199
strict	ENSG00000118058	5547.0	95783.0	0.005752632767320305	0.008820401489666521
strict	ENSG00000167548	4686.0	166675.0	0.012242036824191713	0.010438430572468148
strict	ENSG00000128944	5053.0	56447.0	0.11243217593438648	0.10018540099096962
strict	ENSG00000114030	9540.0	72336.0	0.004604579138898394	0.01681638907442665
strict	ENSG00000182481	24469.0	260495.0	0.2409864321289401	0.19160357788529153
strict	ENSG00000102753	8030.0	57555.0	0.13064107719571266	0.08727759280851492
strict	ENSG00000025800	3877.0	134799.0	0.046907945366314624	0.03474580921388601
strict	ENSG00000108424	25631.0	260301.0	0.08934371399184422	0.07643936143032237
strict	ENSG00000133703	9207.0	18482.0	0.0471891401379858	0.03802547733556993
strict	ENSG00000163463	15744.0	152535.0	0.06315237976399579	0.010962862203383657
strict	ENSG00000105700	15185.0	65996.0	0.026105981890638463	0.07109800048352878
strict	ENSG00000198910	1254.0	52219.0	0.16303645975345893	0.15130081245795318
strict	ENSG00000179630	505.0	5447.0	0.030982100285954814	0.06526070201598452
strict	ENSG00000159166	5161.0	145693.0	0.08146017245004405	0.07980961964319402
strict	ENSG00000089692	734.0	26618.0	0.0769371092494712	0.03025574306769371
strict	ENSG00000167613	192.0	2815.0	0.01063273294300098	0.07735185266462348
strict	ENSG00000053747	3590.0	49686.0	0.32201321835274443	0.3234526145208372
strict	ENSG00000196878	4455.0	106931.0	0.15080386856536926	0.13191471890283568
strict	ENSG00000135862	26425.0	266296.0	0.20849942497219226	0.16025714355227813
strict	ENSG00000058085	4247.0	25070.0	0.12849993348834157	0.12677013634407477
strict	ENSG00000185896	12235.0	267459.0	0.14265878683268118	0.13749482150666295
strict	ENSG00000005893	66671.0	327978.0	0.23207122173119543	0.30412639631578464
strict	ENSG00000078081	2177.0	14682.0	0.26430911271728474	0.19648137939675583
strict	ENSG00000115365	2477.0	25774.0	0.04342040900820792	0.060239342722189976
strict	ENSG00000132434	8547.0	71564.0	0.10720392925446372	0.04522974695064071
strict	ENSG00000104341	34038.0	146440.0	0.27395014457027556	0.16993883837294677
strict	ENSG00000161813	9213.0	103496.0	0.0483473057528599	0.016162910899858354
strict	ENSG00000107929	18369.0	188219.0	0.14394052354571807	0.1172558830298731
strict	ENSG00000002834	12902.0	46708.0	0.053218211013708834	0.06996761852444175
strict	ENSG00000213658	477.0	5593.0	-0.0030301364025238503	-0.05180269371144806
strict	ENSG00000131023	6693.0	97850.0	-0.007371740268259409	-0.009752566161169074
strict	ENSG00000150457	2315.0	19642.0	0.07190726772351799	0.06556829663814638
strict	ENSG00000213626	5061.0	62359.0	0.07359250831627731	0.08490767360023665
strict	ENSG00000213398	544.0	4865.0	0.05315210360712663	0.04022552395060194
strict	ENSG00000182866	183.0	1265.0	0.0066835166308183945	0.0018887918265432684
strict	ENSG00000122367	237.0	1769.0	0.003943141578693033	0.03261313910162003
strict	ENSG00000134333	31196.0	365052.0	0.2927596002967873	0.29058465586989957
strict	ENSG00000130164	16143.0	163916.0	0.29444362944390046	0.34334018912012343
strict	ENSG00000168675	1156.0	6632.0	-0.0009280284737443476	0.006804250539253613
strict	ENSG00000138795	1798.0	11178.0	0.10494504434715671	0.12954794234022307
strict	ENSG00000167615	981.0	100996.0	0.13547280731034497	0.08101659277684972
strict	ENSG00000116678	3352.0	20619.0	0.10203644899340884	0.08633617853030826
strict	ENSG00000104660	2340.0	7021.0	0.06161009257468119	0.0672807816864931
strict	ENSG00000116977	1673.0	22682.0	0.03052988609952732	0.037796525326247235
strict	ENSG00000168961	2009.0	26215.0	0.18067702846105574	0.1524027014637975
strict	ENSG00000119862	2136.0	9770.0	0.013984595395926218	0.026595707161624387
strict	ENSG00000100600	21365.0	142925.0	0.1920437213171196	0.2855696897939334
strict	ENSG00000205213	27862.0	211766.0	0.27673986963509234	0.28616852270458515
strict	ENSG00000139292	2451.0	18910.0	0.2015106048910217	0.2144495929024643
strict	ENSG00000133067	1018.0	15639.0	0.09053639202976965	0.09693335378070257
strict	ENSG00000138039	123.0	1667.0	0.1166009327981457	0.11565452439082481
strict	ENSG00000128342	477.0	9326.0	0.06001481642005422	0.05555276999292724
strict	ENSG00000113594	2482.0	4546.0	0.1432305158516951	0.12024652870260097
strict	ENSG00000005156	3232.0	80537.0	0.0657207883282565	0.06225965111258939
strict	ENSG00000174405	1822.0	19507.0	0.06859089986577954	0.03522692795754377
strict	ENSG00000104972	169.0	2322.0	0.05289710520126428	0.03738577061403919
strict	ENSG00000186818	193.0	672.0	0.0307730998793173	0.027828761763952218
strict	ENSG00000105609	217.0	3674.0	0.09124374788837748	0.08452244875437304
strict	ENSG00000106683	3759.0	46771.0	0.053777232950311435	0.06717686349726514
strict	ENSG00000140471	1302.0	21787.0	0.012018314732696125	0.019487815163388066
strict	ENSG00000107798	2363.0	7067.0	0.057027473669440734	0.10904585520504508
strict	ENSG00000166035	213.0	1729.0	0.05374550037584093	0.030607968992319618
strict	ENSG00000079435	174.0	893.0	0.0025586358713248093	0.04089465061808111
strict	ENSG00000101670	131.0	2065.0	0.02470307408501036	0.04395745336963011
strict	ENSG00000139636	2108.0	34691.0	0.020767314146162036	0.017018682534573705
strict	ENSG00000113368	7030.0	116096.0	0.07616694416798722	0.10346454076897672
strict	ENSG00000166407	282.0	1759.0	0.07895138744448431	0.037506590989601574
strict	ENSG00000135363	1140.0	5598.0	0.11467477110487953	0.10580501275293988
strict	ENSG00000136944	177.0	2766.0	0.00855014736855	0.020719870884279665
strict	ENSG00000196365	4692.0	112361.0	0.03402787258869225	0.022889007276097068
strict	ENSG00000175556	173.0	15501.0	0.02953226546963407	0.026480176936781608
strict	ENSG00000113083	171.0	2180.0	0.11894185342605791	0.060895256445971074
strict	ENSG00000129038	5933.0	75838.0	0.12261055199987439	0.09727076960771311
strict	ENSG00000134013	1199.0	17641.0	0.16005374245194368	0.11321510347463998
strict	ENSG00000198121	702.0	2199.0	0.05212300366531606	0.06258181184241407
strict	ENSG00000171517	7660.0	68749.0	0.3743114098274551	0.3977219941232544
strict	ENSG00000184574	1719.0	38981.0	0.14191617363741832	0.1554279328358383
strict	ENSG00000139679	708.0	968.0	0.060763203929862154	0.0748093226966721
strict	ENSG00000153395	4893.0	52596.0	0.054821138713884256	0.08247865046250374
strict	ENSG00000134324	4019.0	53843.0	-0.011592531814865175	0.015581111875591287
strict	ENSG00000175445	925.0	8998.0	0.03952201757312719	0.07069464722018622
strict	ENSG00000110031	729.0	19264.0	0.031198040926197268	0.00692933751756304
strict	ENSG00000168672	17807.0	225693.0	0.21929593879472545	0.29460035725774686
strict	ENSG00000198589	14114.0	158973.0	0.1124585224177194	0.10395570724499162
strict	ENSG00000136141	1651.0	17646.0	-0.01545749759191478	-0.01820681758560908
strict	ENSG00000171236	1041.0	15185.0	0.24489197729970896	0.23719268649547462
strict	ENSG00000121931	2904.0	12089.0	0.009448267075173534	0.02627594098427904
strict	ENSG00000123384	11315.0	77078.0	0.15339844419978976	0.16987452741758421
strict	ENSG00000081479	218.0	2676.0	0.055571598629771415	0.0600590729084308
strict	ENSG00000162337	2751.0	20669.0	0.006084718113743986	-0.0014389466712264427
strict	ENSG00000070018	23222.0	443197.0	0.14440386286457363	0.06673354402777405
strict	ENSG00000138095	22092.0	95115.0	0.1283244616337625	0.06663861981619264
strict	ENSG00000172731	1816.0	13595.0	0.003753755080816952	-0.029015345269772695
strict	ENSG00000160233	124.0	3818.0	0.014939329377732742	0.025391761477784484
strict	ENSG00000137507	1078.0	8724.0	0.16792484426263898	0.12774147792645008
strict	ENSG00000179796	225.0	847.0	0.016043696549815068	0.0496038255014512
strict	ENSG00000169683	1613.0	25707.0	0.02956948682858926	0.05348381374443146
strict	ENSG00000130764	10759.0	130060.0	0.09702549055209539	0.08744430564709417
strict	ENSG00000108829	8908.0	169614.0	0.09008929475519667	0.0820284944615566
strict	ENSG00000041802	2996.0	77285.0	0.11400324248256931	0.10624533811314539
strict	ENSG00000161654	2667.0	31190.0	0.01671493387555678	0.025756788338155465
strict	ENSG00000111144	21281.0	157669.0	0.24573994947578554	0.23843343096464156
strict	ENSG00000213903	596.0	15680.0	0.033699244883740265	0.02085195967609462
strict	ENSG00000213906	104.0	12294.0	-0.019870835934460457	-0.033087376953268924
strict	ENSG00000049323	5110.0	53128.0	0.09145234004821667	0.07916545182642563
strict	ENSG00000119681	6415.0	67339.0	0.13482345557422484	0.15492156183675806
strict	ENSG00000111321	22474.0	273302.0	0.09317042579648899	0.16638936531626733
strict	ENSG00000062524	356.0	3649.0	-0.011361777204960146	0.009713557841366545
strict	ENSG00000007392	3074.0	64026.0	0.04949900209718258	0.049947488372156304
strict	ENSG00000171357	808.0	27897.0	0.16406079019560826	0.1299436706402407
strict	ENSG00000054219	2245.0	14436.0	0.11850858149996686	0.10191302112347911
strict	ENSG00000154589	203.0	1794.0	0.08917085439677161	0.039353245522937716
strict	ENSG00000145220	3634.0	19361.0	0.039444906795605104	0.0509149744226569
strict	ENSG00000254087	2387.0	12183.0	0.08157182750920301	0.09305429541447159
strict	ENSG00000162441	5092.0	30739.0	0.14410124650871214	0.11225263724446191
strict	ENSG00000061337	237.0	2043.0	0.08118260895335039	0.08885543013449781
strict	ENSG00000183742	7496.0	42988.0	0.13596129665413653	0.1527345642958141
strict	ENSG00000002822	2486.0	107694.0	-0.06677487713974394	-0.07291094145716251
strict	ENSG00000164109	11673.0	35606.0	0.2245407764276676	0.2061315230717742
strict	ENSG00000090316	10636.0	114199.0	-0.014485863790173779	0.0068919611955339175
strict	ENSG00000178573	1071.0	5054.0	0.2395497227244597	0.15679581912565294
strict	ENSG00000204103	2785.0	13046.0	0.07311914137804464	0.06004338799591565
strict	ENSG00000185022	1031.0	5265.0	0.12571321654832643	0.10957230915467693
strict	ENSG00000124260	348.0	2154.0	0.22180708804908583	0.14470889094364892
strict	ENSG00000185247	7363.0	31639.0	0.2035589232235489	0.20752808876834725
strict	ENSG00000147381	1624.0	3238.0	0.0038750571648321856	0.03343107334811897
strict	ENSG00000151276	4425.0	15171.0	0.01376264880846201	0.02189062046172152
strict	ENSG00000081026	2396.0	14598.0	0.06113078985676898	0.07215879013163953
strict	ENSG00000111837	924.0	10584.0	0.09033713967994723	0.10065809861319751
strict	ENSG00000172005	11517.0	57142.0	0.39762894498632123	0.4212604160133513
strict	ENSG00000147676	35917.0	64181.0	0.17171610482179478	0.15120562820134661
strict	ENSG00000144063	2443.0	23440.0	0.24212039150476886	0.2599725971227844
strict	ENSG00000172175	4271.0	35929.0	-0.0050299772307657465	0.0140814169888757
strict	ENSG00000184384	4924.0	22750.0	0.028484266197442	0.032059028042797394
strict	ENSG00000111885	514.0	8319.0	0.1292702546512598	0.1340865950222634
strict	ENSG00000177239	16534.0	201207.0	0.06913534318801172	0.04742660383009253
strict	ENSG00000104774	4028.0	125263.0	0.06393822290569644	0.07554591434624026
strict	ENSG00000172469	4246.0	17511.0	0.0697424032258688	0.07090656223893912
strict	ENSG00000189221	964.0	10419.0	0.09779795994141363	0.11236628844371566
strict	ENSG00000069535	1496.0	22519.0	0.19911798497539823	0.16263154045565759
strict	ENSG00000166963	204.0	5682.0	0.02065616937395946	0.025970894391867307
strict	ENSG00000131711	2761.0	30309.0	0.037710448499676176	0.03624581135112925
strict	ENSG00000101460	4453.0	34222.0	0.06036269096866557	0.06235040211220415
strict	ENSG00000140941	11831.0	14319.0	0.02581977511131982	0.04972694454679934
strict	ENSG00000130479	6157.0	145559.0	0.041068528807279805	0.038437430321969945
strict	ENSG00000078018	1968.0	4608.0	0.16066623893140924	0.1411286545173578
strict	ENSG00000169032	3835.0	9960.0	-0.03684650063198019	0.009352995119421496
strict	ENSG00000065559	6460.0	30003.0	-0.011541135887521356	0.01635138212780975
strict	ENSG00000137764	2792.0	25361.0	0.028207919182138604	0.013309216093606878
strict	ENSG00000095015	6801.0	54311.0	0.06938040667143003	0.05481910550668403
strict	ENSG00000006062	510.0	5500.0	0.058483291547820816	0.015511003615785755
strict	ENSG00000180815	436.0	2176.0	0.04779064252677333	0.029074311892414193
strict	ENSG00000091436	19059.0	53620.0	0.29565300865356237	0.32969549499409495
strict	ENSG00000197442	1554.0	6801.0	0.10549928744181652	0.07240829272160057
strict	ENSG00000135341	14705.0	135045.0	0.1277984758412661	0.09128321661239355
strict	ENSG00000156265	255.0	1625.0	0.030029299903286195	-0.019597345674654494
strict	ENSG00000047849	10429.0	195192.0	0.07555722362892378	0.07777530764464656
strict	ENSG00000168067	1469.0	34041.0	-0.00422293407213041	-0.005993795593774068
strict	ENSG00000011566	12788.0	52506.0	0.08909527343821998	0.07101327141549107
strict	ENSG00000071054	7200.0	46830.0	0.07461274871536022	0.03630006080802735
strict	ENSG00000012983	3821.0	24237.0	0.06571019235772298	0.06594464749211469
strict	ENSG00000135525	10583.0	220906.0	0.13949954618560143	0.08341942291064264
strict	ENSG00000116871	11192.0	168025.0	0.015891286843545543	0.0890614511080093
strict	ENSG00000100030	11425.0	72823.0	0.11909413179068915	0.12912730864428773
strict	ENSG00000109339	1323.0	9331.0	0.10866325294443674	0.10284947459825734
strict	ENSG00000185386	199.0	4141.0	0.016996663614733787	0.005574849974306249
strict	ENSG00000188130	424.0	4932.0	0.06645494050246842	0.05409094793492077
strict	ENSG00000112062	9184.0	88322.0	0.11061333143928687	0.06472761328547671
strict	ENSG00000181085	1554.0	61890.0	0.0039236592480417255	0.02321825004368656
strict	ENSG00000102882	3471.0	160276.0	0.05713036435495205	0.07356236607993871
strict	ENSG00000166484	1396.0	35039.0	0.054525984327402896	-0.012644305927378008
strict	ENSG00000107643	7468.0	37471.0	0.03302508665372205	0.019481274814529145
strict	ENSG00000121653	6469.0	61864.0	0.14864319604784215	0.17497962868694455
strict	ENSG00000008735	227.0	6520.0	0.04576204418218531	0.06312956326405497
strict	ENSG00000138834	2770.0	111674.0	0.006478036472231675	0.007453098941985436
strict	ENSG00000050748	2613.0	37943.0	0.000385938085057695	0.00612558964893469
strict	ENSG00000162889	12092.0	161800.0	0.0431394261535694	0.07246509092688036
strict	ENSG00000166974	638.0	5457.0	0.07231750673787321	0.09422118063403535
strict	ENSG00000186868	119.0	2190.0	0.02390529410913468	0.053717741078385124
strict	ENSG00000072518	3906.0	107919.0	0.0763698311224188	0.06931651925503422
strict	ENSG00000151224	1922.0	13136.0	0.1284663170697004	0.13091247877145598
strict	ENSG00000088888	6133.0	189546.0	-0.010598698254301864	0.008947145423282383
strict	ENSG00000125952	7402.0	56951.0	-0.02092143568128694	0.005219885832675059
strict	ENSG00000152601	18729.0	61816.0	0.007621171027947692	-0.007356655646920987
strict	ENSG00000258839	826.0	9142.0	0.011924605846080448	0.027305601837843224
strict	ENSG00000076706	2586.0	69116.0	0.15387577738969943	0.12329166034126263
strict	ENSG00000078070	5100.0	76318.0	-0.004247256199681741	-0.024624613015026237
strict	ENSG00000152034	113.0	774.0	-0.012393077839309768	0.0009907862133099036
strict	ENSG00000073111	7123.0	111683.0	0.18535306613315203	0.17548091960430753
strict	ENSG00000112118	13693.0	244292.0	0.20570039839268456	0.223446685674896
strict	ENSG00000160294	6231.0	131804.0	-0.001286761925532032	-0.017000199380234737
strict	ENSG00000104738	5709.0	96207.0	0.10782233989615254	0.09232892818365183
strict	ENSG00000100297	2849.0	98421.0	0.02196031681670841	0.03547483968278512
strict	ENSG00000076003	10442.0	62259.0	0.1876973609768873	0.1600345739262417
strict	ENSG00000166508	19069.0	245187.0	0.18705920065783133	0.2430248418984911
strict	ENSG00000111877	5395.0	110690.0	0.1012412485049144	0.07014544790659008
strict	ENSG00000147316	880.0	10745.0	-0.004024035517655118	0.010479408138442921
strict	ENSG00000140563	331.0	6911.0	0.08791013392210216	0.06394292859720989
strict	ENSG00000232119	20470.0	115093.0	0.150563897315889	0.13535685444951315
strict	ENSG00000137337	3386.0	27182.0	0.03251593472625483	0.018729113594010742
strict	ENSG00000135272	529.0	6391.0	0.13724119606521532	0.14134952017577032
strict	ENSG00000111554	2058.0	11589.0	0.04440505466121558	0.05445309830097973
strict	ENSG00000135679	9080.0	61459.0	0.09437336696918926	0.10580110553517903
strict	ENSG00000198625	11978.0	76260.0	0.0016854496501915867	0.012985297757033993
strict	ENSG00000065833	1066.0	11207.0	0.0639750526622084	0.06804758545176981
strict	ENSG00000085276	16735.0	82381.0	0.13729718478298053	0.10239025030014727
strict	ENSG00000125686	3057.0	45880.0	0.09972843445630045	0.05978498822531621
strict	ENSG00000184634	5473.0	193665.0	0.004571861540560409	0.009367920688641623
strict	ENSG00000144893	559.0	2775.0	0.015482721284185378	0.0349093471756272
strict	ENSG00000068305	10438.0	60207.0	0.02439716904272875	0.07520095090494403
strict	ENSG00000081189	1254.0	2278.0	0.18758785643674536	0.1577427152497435
strict	ENSG00000214548	3364.0	64785.0	0.29512171304537976	0.2665010107272662
strict	ENSG00000105429	1907.0	48889.0	0.022366086775548407	0.020064171053490912
strict	ENSG00000143995	9890.0	136692.0	0.16841941270395996	0.16389877882916976
strict	ENSG00000134138	2232.0	16097.0	0.16276265663011186	0.15498880090666
strict	ENSG00000105419	148.0	17238.0	0.0005860098410341158	0.020736903812604762
strict	ENSG00000165304	4593.0	30508.0	0.12790502845861113	0.11705688958350637
strict	ENSG00000163975	2872.0	24154.0	0.10429289222480889	0.10025827938369726
strict	ENSG00000133895	5179.0	83051.0	0.06667473622656689	0.052811841456754556
strict	ENSG00000146834	8969.0	108939.0	-0.023239026811409092	-0.019024990038120717
strict	ENSG00000153208	2541.0	16365.0	0.02399608325400715	0.03648092329867246
strict	ENSG00000106484	46270.0	70483.0	0.22645840156801078	0.24859359361606997
strict	ENSG00000105976	2909.0	18494.0	0.053835379995812664	0.07027276625607766
strict	ENSG00000176845	12366.0	39571.0	0.0025795284485426364	0.02708663749551918
strict	ENSG00000127804	1955.0	25630.0	0.0043118590679716885	0.019232089347792237
strict	ENSG00000171806	1033.0	6606.0	-0.019327415370860187	-0.01518864859914642
strict	ENSG00000087995	1513.0	62060.0	0.028816914185244548	0.06878793481693529
strict	ENSG00000165819	4165.0	85699.0	0.05199247288691748	0.05414819626768825
strict	ENSG00000197614	1610.0	10590.0	0.31851778580707835	0.33344855468367185
strict	ENSG00000168958	6044.0	39484.0	0.06790482154431302	0.041402538710337874
strict	ENSG00000140545	23905.0	200671.0	0.2096877321550007	0.24457106575332463
strict	ENSG00000116688	6704.0	40967.0	0.008625276318300588	0.02002930837635251
strict	ENSG00000182544	5867.0	17911.0	0.052637511863664985	0.04391130965427404
strict	ENSG00000170430	14641.0	268743.0	0.21674427136134838	0.22123194208545988
strict	ENSG00000204520	3010.0	24796.0	0.11281340075846404	0.09553980897923166
strict	ENSG00000133816	1559.0	81082.0	-0.0020053783989957726	0.024337078849272276
strict	ENSG00000204516	838.0	12317.0	0.06959154212259636	0.08549865013872072
strict	ENSG00000080561	3193.0	77300.0	0.10377630903256187	0.08342625878560297
strict	ENSG00000141741	217139.0	290258.0	0.16529153081467568	0.09115115746146184
strict	ENSG00000116691	2860.0	47038.0	-0.017777785375393186	-0.015133361041080776
strict	ENSG00000143409	298.0	6778.0	0.012247895873285213	0.0012137235533564235
strict	ENSG00000128923	3846.0	30427.0	0.008863321469336745	-0.016833991910217932
strict	ENSG00000107789	9440.0	33583.0	0.0494065955102498	0.02669567661800254
strict	ENSG00000151338	598.0	7989.0	0.043275285285621995	0.03015254414327005
strict	ENSG00000158411	4817.0	39404.0	0.011885710777787996	0.027744690274256977
strict	ENSG00000187098	1069.0	8338.0	0.11616433784996938	0.13001556305962936
strict	ENSG00000148773	4090.0	60685.0	0.058911372663083106	0.06502902124903322
strict	ENSG00000079277	5248.0	43456.0	-0.039778655170793556	0.011702978249423408
strict	ENSG00000075975	1934.0	30115.0	-0.008953951029031723	-0.02692704763910721
strict	ENSG00000179455	3263.0	7437.0	0.04596877440711149	0.05266273179630889
strict	ENSG00000150051	4673.0	22786.0	0.1850246862368946	0.2038506492602799
strict	ENSG00000178053	17853.0	85284.0	0.26014626129586976	0.2788492769371278
strict	ENSG00000076242	3535.0	42150.0	0.0374127485606288	0.035947709300193496
strict	ENSG00000115648	5897.0	120512.0	0.135978111978954	0.13561919928250551
strict	ENSG00000175727	7997.0	46468.0	0.046764944973240526	0.05239603593664835
strict	ENSG00000009950	6787.0	221933.0	0.06617509263595964	0.08648416256377904
strict	ENSG00000132763	2779.0	16756.0	0.047084496289172835	0.04095520906259174
strict	ENSG00000168288	14499.0	104273.0	0.14864983401842363	0.06539409896404161
strict	ENSG00000196549	238.0	2614.0	0.08439068015016393	0.09423231928873615
strict	ENSG00000142606	463.0	2124.0	0.010435391477906602	0.020903269728409394
strict	ENSG00000099953	3546.0	16045.0	0.27900609176939534	0.2150103986935279
strict	ENSG00000157227	3499.0	238197.0	0.09585208487402344	0.08911496610645665
strict	ENSG00000100985	624.0	4571.0	0.06631184940280495	0.05697874683215034
strict	ENSG00000173269	1605.0	26316.0	0.11770181547529439	0.08733309471264673
strict	ENSG00000138587	2054.0	12528.0	0.11559302706177733	0.11350477277073365
strict	ENSG00000182208	2089.0	14567.0	-0.057952665743002826	-0.045506105819596875
strict	ENSG00000115540	8553.0	14892.0	0.0029428969111096204	0.005621134508161215
strict	ENSG00000061987	6284.0	39187.0	0.06512386713005947	0.06916651276343223
strict	ENSG00000155363	4622.0	133097.0	0.026289414615767618	0.046584730388297385
strict	ENSG00000129255	8875.0	99769.0	0.0979128049197436	0.07352622543463162
strict	ENSG00000107186	2751.0	46534.0	0.0364679621143481	0.023656142285314395
strict	ENSG00000051825	2970.0	50399.0	0.016953927630796565	-0.0034074789150977396
strict	ENSG00000178802	2829.0	16459.0	0.025161008442495816	0.03161378556196695
strict	ENSG00000168303	10846.0	10715.0	0.05450135773975282	0.02580873724779999
strict	ENSG00000150054	7264.0	41066.0	0.13937136297188701	0.13199694447863958
strict	ENSG00000186732	112.0	1008.0	-0.027591993274857705	-0.037004664901519185
strict	ENSG00000066382	3375.0	17884.0	0.15158071362037912	0.15829289745733635
strict	ENSG00000158887	158.0	21483.0	0.024563720633224834	0.029392398359479988
strict	ENSG00000197965	14386.0	82180.0	0.11672152039715059	0.05798299818767121
strict	ENSG00000153029	558.0	6709.0	0.06366020524563198	0.0824509452913249
strict	ENSG00000135324	1083.0	8943.0	0.08907222932727016	0.11034596370309648
strict	ENSG00000260314	494.0	5897.0	0.08484187522183986	0.08250339561291588
strict	ENSG00000011028	5220.0	82235.0	0.2372873702373971	0.19942145834257985
strict	ENSG00000020922	3116.0	29782.0	-0.03429746697543806	-0.01675343189031543
strict	ENSG00000178988	12595.0	61311.0	-0.02963256125990383	-0.05029210070666626
strict	ENSG00000171861	1467.0	12826.0	0.03611344550031818	0.027140172209344546
strict	ENSG00000278845	3645.0	101095.0	0.12232054147311439	0.09002438254575017
strict	ENSG00000196588	1824.0	20352.0	-0.027474044855223374	-0.011294017516395664
strict	ENSG00000186260	6106.0	45401.0	-0.012051577668929808	-0.0032822492510787196
strict	ENSG00000095002	7793.0	103367.0	0.18190076708475938	0.14280375413835364
strict	ENSG00000113318	1705.0	70561.0	0.019176642435338367	0.04233473391191176
strict	ENSG00000116062	21797.0	157683.0	0.1957005782795829	0.12957680966279847
strict	ENSG00000135097	3147.0	85584.0	0.027697604239828477	0.03323720289810816
strict	ENSG00000153944	9366.0	63123.0	0.04839903569012349	0.007785285155654296
strict	ENSG00000102854	17219.0	50965.0	0.18567725986153122	0.15312748110173022
strict	ENSG00000147065	16349.0	166860.0	0.14037018832397358	0.2121780130439589
strict	ENSG00000038945	1680.0	16840.0	0.05642998040152519	0.07081154010187461
strict	ENSG00000173531	2431.0	72741.0	0.06937888664997184	0.0688530811131908
strict	ENSG00000164078	455.0	6865.0	0.05667449528061221	0.05705398557924808
strict	ENSG00000182979	8635.0	293515.0	0.016939286446208467	-0.0013351838296986865
strict	ENSG00000149480	2339.0	37257.0	0.0038245633769716774	0.008097694017263098
strict	ENSG00000099810	5132.0	32628.0	0.01904924385947368	0.019771999744641118
strict	ENSG00000109919	10228.0	120237.0	0.18256389760783268	0.09010033792885404
strict	ENSG00000168502	213.0	8161.0	0.013971341128969807	0.009062138422227044
strict	ENSG00000120832	1512.0	25508.0	0.06095306230593986	0.0789691021711779
strict	ENSG00000117640	3864.0	36331.0	0.07427138532317507	0.0406215323463578
strict	ENSG00000100714	5991.0	78424.0	0.14768573041719305	0.111426536782937
strict	ENSG00000177000	2038.0	44399.0	0.0342818506315783	0.052874826863053434
strict	ENSG00000198793	4814.0	42069.0	-0.0009275302867344515	0.0010012947697284704
strict	ENSG00000107951	7438.0	59391.0	0.08501373150628885	0.032502807155180904
strict	ENSG00000116984	4711.0	103592.0	0.04213487376843722	0.026931386798216068
strict	ENSG00000130349	3506.0	24572.0	-0.020615744867055738	-0.013489450598450787
strict	ENSG00000039123	4909.0	44702.0	-0.022407887669055833	-0.0371735119932362
strict	ENSG00000120662	577.0	26955.0	-0.01898465208817039	-0.0033852351502795426
strict	ENSG00000185499	25777.0	67204.0	0.2659671367304847	0.2965397579274711
strict	ENSG00000181143	93367.0	862099.0	0.3998535692917617	0.4258398653064711
strict	ENSG00000145113	1423.0	11437.0	0.22203783027732413	0.20529123579883526
strict	ENSG00000215182	262.0	1045.0	0.02340768962651723	0.0354224825592489
strict	ENSG00000117983	12040.0	140107.0	0.42043100142717627	0.418207028634599
strict	ENSG00000132781	4511.0	57987.0	0.03138153447616564	0.03264007044836615
strict	ENSG00000167508	2258.0	5718.0	0.02845276405308124	0.0321545868839115
strict	ENSG00000013364	8069.0	153547.0	0.19888076473876232	0.2570059846827088
strict	ENSG00000157601	10539.0	212822.0	0.3049996488858824	0.3168493656188946
strict	ENSG00000059728	2647.0	27088.0	0.04334757181744564	0.05808772404181208
strict	ENSG00000182534	17785.0	183704.0	0.09548710255854548	0.0642570283413295
strict	ENSG00000118513	3017.0	64295.0	0.22551334950004975	0.23732000592735158
strict	ENSG00000132382	6195.0	130671.0	0.025289015007252648	0.042186363265676305
strict	ENSG00000101057	8004.0	202878.0	0.1677371628629823	0.17912145569821708
strict	ENSG00000136997	4330.0	50347.0	0.2367604942485143	0.2575745468429566
strict	ENSG00000214114	29268.0	204543.0	0.5658897217578224	0.5993748813361783
strict	ENSG00000116990	26189.0	269735.0	0.5367109937105585	0.6003561225174555
strict	ENSG00000134323	1874.0	7154.0	0.016712169412412943	0.01640129220000362
strict	ENSG00000172936	3137.0	34302.0	0.09025606968743763	0.0949303654409586
strict	ENSG00000104177	8713.0	102310.0	0.16512424226734748	0.168230208797065
strict	ENSG00000133026	11916.0	135557.0	0.09820342216304961	0.05314027670149748
strict	ENSG00000100345	48337.0	704335.0	0.05190924019655256	0.06655902770131025
strict	ENSG00000007944	8882.0	28011.0	0.12488989023912375	0.08605524396989375
strict	ENSG00000065534	4504.0	68304.0	0.25098079162914266	0.14674024771429503
strict	ENSG00000101306	526.0	6091.0	0.06166422997919055	0.07371076188283102
strict	ENSG00000140795	100.0	1341.0	0.02118298738960824	0.034367295819562015
strict	ENSG00000085274	4802.0	21400.0	0.07961398718627768	0.05073111535829346
strict	ENSG00000091536	206.0	5324.0	-0.006324122837177759	-0.013624604285850482
strict	ENSG00000128641	8305.0	59968.0	0.08216873842056856	0.1014130608962954
strict	ENSG00000197879	4950.0	66379.0	0.14848970581773308	0.15980866976866848
strict	ENSG00000176658	3801.0	26083.0	0.014978598320367992	0.027068932366836326
strict	ENSG00000157483	1282.0	41351.0	0.04698874427991807	0.029386855200522
strict	ENSG00000142347	338.0	4843.0	0.039332269971420704	0.021993001676543403
strict	ENSG00000197535	689.0	7944.0	0.018123932781310026	0.031674061036885845
strict	ENSG00000167306	4375.0	49025.0	0.10646652426169916	0.09069674981316744
strict	ENSG00000196586	23011.0	272821.0	0.1964053855984529	0.2212944953295962
strict	ENSG00000138119	15439.0	299149.0	0.1411985446576894	0.14861978103797102
strict	ENSG00000170476	392.0	4826.0	0.2975732761510187	0.14450782628764874
strict	ENSG00000099326	797.0	19499.0	0.061706104191990845	0.041705651201780304
strict	ENSG00000078177	3082.0	26630.0	0.08344991528826387	0.08137363989047222
strict	ENSG00000164134	6423.0	71859.0	0.07445145155683147	0.030483934774064712
strict	ENSG00000172766	2288.0	47370.0	0.04492086642815924	0.04003574895255158
strict	ENSG00000110583	1523.0	135510.0	0.06316686088758033	0.022202361467741665
strict	ENSG00000138744	693.0	14804.0	0.020100763782693237	0.03267241126477871
strict	ENSG00000148411	3059.0	10829.0	0.05882176780287754	0.04052365086241013
strict	ENSG00000171169	999.0	10701.0	0.05165631203279586	0.03487744670287879
strict	ENSG00000249437	2136.0	73932.0	0.04692071419916852	0.022243662952653846
strict	ENSG00000186310	146.0	2593.0	0.10131915970055394	0.07965029080631764
strict	ENSG00000205531	17797.0	235172.0	0.0815975025697366	0.06478025671657268
strict	ENSG00000177432	673.0	3655.0	0.004466268935751792	0.0042276890731887
strict	ENSG00000171428	466.0	1806.0	-0.021951116789661357	0.001728651451262208
strict	ENSG00000135372	2486.0	12984.0	-0.008080734756763415	0.0016832868758428058
strict	ENSG00000134369	809.0	7771.0	0.04876658632089677	0.03933963942781981
strict	ENSG00000166833	2668.0	36384.0	0.04902363851677677	0.04462146464011679
strict	ENSG00000158747	3192.0	37999.0	0.2454659618262676	0.16926833536590247
strict	ENSG00000104320	5490.0	35621.0	0.052770844662525705	0.07412008817009198
strict	ENSG00000142794	320.0	3319.0	0.008037963113634566	0.025250633021736437
strict	ENSG00000149294	7325.0	147748.0	0.14225822000952473	0.10297723572617787
strict	ENSG00000136937	4346.0	57008.0	0.05324226272900209	0.05395105405111698
strict	ENSG00000074356	5288.0	76310.0	0.003976099263905513	-0.03333591969536574
strict	ENSG00000144959	2535.0	10283.0	0.09233607097173553	0.09564469553483285
strict	ENSG00000116701	343.0	3736.0	0.022318267026983057	0.04024264162562504
strict	ENSG00000100365	141.0	2702.0	-0.004024561281390983	0.004720964222037985
strict	ENSG00000158092	6659.0	44425.0	0.03472547047577352	0.05566345536764153
strict	ENSG00000125912	3550.0	68129.0	0.01458640441304593	0.019473000369835555
strict	ENSG00000084676	9282.0	51604.0	0.03094276309661384	0.03617372753772766
strict	ENSG00000140396	6652.0	56878.0	0.10374675408804232	0.07410609789509336
strict	ENSG00000124151	7954.0	86910.0	0.0797944762796152	0.07642799852233106
strict	ENSG00000266412	11001.0	160418.0	0.10803257782580492	0.026113758990891578
strict	ENSG00000141027	9033.0	99157.0	-0.08924443934398683	-0.020119510007914558
strict	ENSG00000196498	15367.0	656135.0	0.12320862027201894	0.12031403662385476
strict	ENSG00000107130	4367.0	67538.0	0.0790297844387696	0.07493465120789661
strict	ENSG00000162736	15448.0	136622.0	0.07457536280834687	-0.016509724892054604
strict	ENSG00000173376	245.0	8640.0	0.15972465529246113	0.16863259157737245
strict	ENSG00000124479	1252.0	8586.0	0.28473100817643515	0.2908418128753764
strict	ENSG00000104419	158.0	167785.0	0.018491677953923674	0.039046793723958285
strict	ENSG00000165795	2225.0	14664.0	0.09397432401668848	0.085930106726998
strict	ENSG00000103034	1344.0	42475.0	0.11400366249212622	0.1068708193700833
strict	ENSG00000170906	7787.0	17726.0	-0.003646812290581487	0.05088298147442271
strict	ENSG00000004779	18455.0	27003.0	0.12777574214618556	0.09153424963268736
strict	ENSG00000078114	2761.0	1829.0	0.0022997707832022353	0.04522628783362444
strict	ENSG00000110400	3167.0	16495.0	0.07554420588281383	0.0708053649155469
strict	ENSG00000130202	13963.0	141441.0	0.12917759821974723	0.15502434358917744
strict	ENSG00000177707	5984.0	14901.0	0.20223008304601364	0.20015613120165449
strict	ENSG00000069869	668.0	4538.0	0.018074436515526454	0.04525629994544318
strict	ENSG00000049759	3199.0	14213.0	0.041695050103592445	0.03872641832556077
strict	ENSG00000111859	23940.0	81371.0	0.30580245629720043	0.390628077639731
strict	ENSG00000100285	1551.0	6648.0	0.13240556995081693	0.11815111961336897
strict	ENSG00000109674	795.0	10881.0	-0.003928618493024942	0.02984837036597355
strict	ENSG00000137601	2578.0	32503.0	0.05140630320751326	0.06425022597898104
strict	ENSG00000114670	3299.0	48423.0	0.013713844565055863	0.010265764206036941
strict	ENSG00000117650	3725.0	23205.0	0.1346777190591145	0.13447754657399405
strict	ENSG00000136098	824.0	15838.0	-0.014531120099672125	-0.008049131122322802
strict	ENSG00000114904	4045.0	20112.0	-0.03386539036120247	-0.04322554090250838
strict	ENSG00000197168	1462.0	18599.0	0.05261395204214893	0.07269043268498931
strict	ENSG00000119408	4279.0	52624.0	0.052271825657434545	0.03728066575076867
strict	ENSG00000160602	712.0	21612.0	-0.011912584915952151	0.0018879289693977744
strict	ENSG00000166881	5445.0	62955.0	0.08404717101052325	0.07438318620032458
strict	ENSG00000163608	10940.0	148873.0	0.16582426894010938	0.13283960176028364
strict	ENSG00000132688	935.0	24979.0	0.07531566578224799	0.0733629342227353
strict	ENSG00000215041	1993.0	41533.0	-0.02735017730885114	-0.03030390441363083
strict	ENSG00000162614	517.0	3640.0	0.07799786184961947	0.025530792248627306
strict	ENSG00000196712	10764.0	49565.0	0.08643594993185753	0.029745590026621156
strict	ENSG00000186575	4351.0	56524.0	0.013144568185401592	0.029731049785286876
strict	ENSG00000102908	2378.0	81829.0	0.02880909099548822	0.02028343771322488
strict	ENSG00000131196	2445.0	45973.0	0.33161868706425734	0.3034976559207068
strict	ENSG00000101096	1483.0	13276.0	-0.035437737993448314	-0.021580807532642795
strict	ENSG00000072736	3349.0	29558.0	0.012262138686697788	0.024369400446959014
strict	ENSG00000100968	3273.0	37625.0	0.03161474428417952	0.029366980641318055
strict	ENSG00000082641	13102.0	180958.0	0.09622686935302698	0.14134752017507224
strict	ENSG00000116044	24491.0	219338.0	0.07001609551086095	0.04727539116692439
strict	ENSG00000050344	1706.0	22568.0	0.10470097605488435	0.09355928463759869
strict	ENSG00000109320	5019.0	10883.0	0.013043256572781619	0.027302158531519384
strict	ENSG00000077150	4159.0	82196.0	0.10879661165545987	0.10553881646327475
strict	ENSG00000086102	2356.0	95538.0	0.014382302439053191	0.00900121290030784
strict	ENSG00000165553	163.0	501.0	0.09111500878329587	0.06190719449313041
strict	ENSG00000129460	4681.0	45586.0	0.04422231243715409	0.03740930046926187
strict	ENSG00000134259	178.0	457.0	-0.011142598954576607	0.002879146719834999
strict	ENSG00000064300	670.0	4875.0	0.017911840901268836	0.029664125161506252
strict	ENSG00000135842	570.0	4671.0	0.021592734219905096	0.01443136124821097
strict	ENSG00000155438	11115.0	52005.0	0.09980157774120643	0.08008872093083985
strict	ENSG00000100503	2567.0	27266.0	-0.019115737524687024	0.01712973830963566
strict	ENSG00000131669	5515.0	33593.0	0.015527467513691322	0.049389525300139896
strict	ENSG00000184117	9914.0	201602.0	0.11820671314417287	0.0880184012090349
strict	ENSG00000136783	2162.0	10774.0	-0.007963707245643983	-0.0034446694422327925
strict	ENSG00000150776	3949.0	29956.0	0.02289884835107459	0.04507577031829281
strict	ENSG00000186416	5124.0	54642.0	0.09583442623525201	0.074443300008216
strict	ENSG00000136327	152.0	448.0	0.02175101544159943	0.0224357267966664
strict	ENSG00000073536	1534.0	6232.0	0.029469799900764516	0.05670503187265616
strict	ENSG00000196338	425.0	5295.0	-0.009281282790077429	0.004468636917752276
strict	ENSG00000140853	1914.0	37078.0	0.1372542020910272	0.13412021392066256
strict	ENSG00000091592	103.0	4740.0	0.12496418489132126	0.052244299022994385
strict	ENSG00000022556	2985.0	68621.0	0.07117696052020137	0.04910796311899411
strict	ENSG00000197696	2366.0	13460.0	0.06171125672488578	0.05070404235439259
strict	ENSG00000239672	49588.0	312331.0	0.24064311334938238	0.30258435392040095
strict	ENSG00000173614	915.0	16102.0	0.0266354400376662	0.03391511495139708
strict	ENSG00000109255	3155.0	25927.0	0.15240076069439323	0.1572365085471887
strict	ENSG00000084092	7561.0	136856.0	0.16165125753605092	0.13842059761055234
strict	ENSG00000173145	3855.0	53907.0	0.08638191128868902	0.08539984221212617
strict	ENSG00000106100	820.0	13339.0	-0.0005682678252680873	-0.011684937084939465
strict	ENSG00000167207	155.0	1260.0	0.039201525487309936	0.012240895580676134
strict	ENSG00000197183	8778.0	185739.0	0.008481786896394457	0.07695754852322063
strict	ENSG00000166197	11776.0	176082.0	0.1711438210897119	0.15443418016354032
strict	ENSG00000146909	4628.0	125340.0	0.005877552984171603	0.016312591063380337
strict	ENSG00000147140	77698.0	768197.0	0.18645122266884276	0.19306294933598894
strict	ENSG00000111641	6180.0	145051.0	0.03795356514211316	0.032076876187890735
strict	ENSG00000260032	78281.0	383709.0	0.26245889799329286	0.1834907038699336
strict	ENSG00000198929	608.0	15856.0	-0.005326573880443774	-0.003479599738257555
strict	ENSG00000164867	263.0	14533.0	0.03739427069118741	0.03433953983209073
strict	ENSG00000163072	362.0	7486.0	0.11542169395690449	0.0874708643604955
strict	ENSG00000148400	6545.0	51195.0	0.09671172593173424	0.10931835480458736
strict	ENSG00000134250	29736.0	356920.0	0.20778344965899634	0.16001248738081963
strict	ENSG00000074181	39951.0	370887.0	0.05546840968378518	0.03605883598401656
strict	ENSG00000204301	792.0	18145.0	0.051129454608579795	0.018515548723862116
strict	ENSG00000086991	243.0	928.0	0.02024145650302249	0.06594005054820448
strict	ENSG00000149308	2155.0	38078.0	0.039436024767822514	0.07099917533984283
strict	ENSG00000141458	2048.0	43901.0	0.10501195658641344	0.10448256382028519
strict	ENSG00000015520	171.0	402.0	0.0049463585492156795	0.03284711778166577
strict	ENSG00000107833	5988.0	52241.0	0.08742359168457768	0.08720292168884196
strict	ENSG00000168743	926.0	12515.0	0.09311864653927501	0.08425282667803093
strict	ENSG00000163273	116.0	1257.0	0.035897026114027675	0.06867920036497419
strict	ENSG00000169418	4030.0	64143.0	0.15547121467846467	0.1421509949502714
strict	ENSG00000113389	1597.0	6627.0	0.23118936250172512	0.16393810440673143
strict	ENSG00000156642	14643.0	152353.0	0.08675277051216053	0.14720354969050028
strict	ENSG00000106236	2602.0	12255.0	0.20737451070200866	0.17674439435684033
strict	ENSG00000185149	304.0	1517.0	0.04753196258543006	0.0646036734533108
strict	ENSG00000181019	27545.0	132932.0	0.22928727666968002	0.2546203485033064
strict	ENSG00000124588	4667.0	26797.0	-0.026038051628646367	-0.02427861098904951
strict	ENSG00000169297	429.0	4328.0	0.035407922754366765	0.05543787475000666
strict	ENSG00000131408	3292.0	72758.0	0.09863913515844569	0.08637853227591338
strict	ENSG00000025434	1241.0	27557.0	-0.05139479204308354	-0.058161384186047924
strict	ENSG00000012504	112.0	1064.0	0.11969730259708734	0.02242474879412712
strict	ENSG00000144852	136.0	2484.0	0.001987589644697663	0.027823692905122835
strict	ENSG00000177463	5370.0	56800.0	0.0365332606756153	0.03367853619013145
strict	ENSG00000113580	3333.0	21314.0	0.1197846618209426	0.1378268800057295
strict	ENSG00000151623	572.0	3858.0	-0.017693962130488263	0.017174887048128185
strict	ENSG00000123358	2988.0	133642.0	0.5028001122601787	0.3337916754646974
strict	ENSG00000136931	1989.0	37573.0	0.05808917038701396	0.041705236814860436
strict	ENSG00000116833	256.0	5424.0	0.03347665154454475	0.03385150144387755
strict	ENSG00000148200	1204.0	11239.0	0.00017426300855568483	0.0044691635529435165
strict	ENSG00000213281	10457.0	27580.0	0.08094741123447322	0.0304061105947341
strict	ENSG00000119720	2387.0	46410.0	0.022965677596986707	0.028641613246676967
strict	ENSG00000134986	17798.0	130826.0	0.06200474650384709	0.10064569760538157
strict	ENSG00000106459	6237.0	36371.0	0.020760104397390157	0.016237335288397183
strict	ENSG00000180530	33024.0	111911.0	0.3298643271657619	0.38349292356171416
strict	ENSG00000123572	302.0	4267.0	0.11831076261414171	0.11877134037139184
strict	ENSG00000099250	4005.0	46804.0	0.21096132230795878	0.17203184054254964
strict	ENSG00000118257	1168.0	8385.0	0.14139085471062304	0.08958923808850176
strict	ENSG00000125841	1904.0	19021.0	0.012232313166033165	0.017699496265579314
strict	ENSG00000110076	1108.0	9798.0	0.16682200675526443	0.17470806774973374
strict	ENSG00000109685	8110.0	76225.0	0.05306486312402529	0.042502953567221155
strict	ENSG00000037474	4192.0	58810.0	0.03867458635779025	0.03316825643857894
strict	ENSG00000130305	4574.0	97990.0	0.030279016458129897	0.05209114523904467
strict	ENSG00000076685	13491.0	220567.0	0.1493471187845024	0.12568493598630587
strict	ENSG00000168268	4473.0	73275.0	0.0005573651678720138	0.017204521148494113
strict	ENSG00000111696	2165.0	19678.0	0.00942410575723807	0.011768823506672748
strict	ENSG00000135318	218.0	1903.0	0.06238300755888155	0.04964072179949516
strict	ENSG00000185652	2210.0	31550.0	0.1289465379040215	0.15099954172173358
strict	ENSG00000148335	3024.0	52320.0	0.0018899104111823016	0.006177173734161944
strict	ENSG00000065320	2275.0	18252.0	0.13139633972642856	0.15743660818311317
strict	ENSG00000074527	3556.0	32590.0	0.11188545475496084	0.12230664952609555
strict	ENSG00000196358	193.0	1471.0	0.004245615698992698	0.03502845882032417
strict	ENSG00000135778	3669.0	41597.0	0.014725559369068072	0.009244031545331035
strict	ENSG00000148053	130.0	722.0	0.00786434546846975	-0.017314736729946354
strict	ENSG00000163545	3631.0	173713.0	0.1521229786532596	0.1382700157936331
strict	ENSG00000070081	9260.0	40301.0	0.11679638207046703	0.07468565833268513
strict	ENSG00000120526	5814.0	31352.0	0.08144426116735591	0.1015393066404016
strict	ENSG00000170584	8508.0	33761.0	0.039336146324768034	0.030663160141353882
strict	ENSG00000106268	3680.0	39167.0	0.11421153474763679	0.1339621706510517
strict	ENSG00000168101	7002.0	33154.0	0.029613167423883743	0.010069919259973026
strict	ENSG00000167005	17415.0	24493.0	0.0651664188485064	0.04217591486043401
strict	ENSG00000137497	28338.0	521538.0	0.11620393251530178	0.087793161518473
strict	ENSG00000133961	8320.0	60141.0	0.1416781164647695	0.10531113087599993
strict	ENSG00000111581	4528.0	33433.0	0.0428924786934685	0.03295630789755851
strict	ENSG00000124789	14708.0	88305.0	0.08705822458530076	0.08549828590952586
strict	ENSG00000126883	4100.0	19654.0	0.04641761895696484	0.03513684941587281
strict	ENSG00000213024	4481.0	27839.0	0.10804006340648259	0.1084359817628532
strict	ENSG00000102900	8334.0	77969.0	0.019746866314136503	0.014181622918170963
strict	ENSG00000110713	7298.0	90883.0	-0.013033674845124903	0.01585361093826365
strict	ENSG00000137804	7875.0	33353.0	0.06938620194952973	0.08318964680780337
strict	ENSG00000102898	8529.0	123557.0	0.10366973570004875	0.09423677956594029
strict	ENSG00000143748	2829.0	42026.0	0.030420111877266596	0.011316707666064981
strict	ENSG00000162231	3879.0	192884.0	0.032725701159372726	0.027820718681966963
strict	ENSG00000167693	6512.0	90164.0	0.02152145013396881	-0.004012441785472722
strict	ENSG00000182379	505.0	23476.0	0.27625303598518547	0.13872890755670814
strict	ENSG00000101888	10523.0	32425.0	0.1272004157469579	0.1265352403586029
strict	ENSG00000089127	8411.0	91895.0	0.2686535489874038	0.28324960317103753
strict	ENSG00000111331	3494.0	112497.0	0.18468743549764524	0.17206747222494267
strict	ENSG00000122136	8534.0	83684.0	0.09592416728374936	0.12166655367219176
strict	ENSG00000197822	7904.0	75158.0	0.07992670381666697	0.04120305588085048
strict	ENSG00000122126	3661.0	19048.0	0.003861955475332881	0.0009269457051840075
strict	ENSG00000122417	10470.0	94015.0	0.1582234387808096	0.09076421885586446
strict	ENSG00000157181	3530.0	35365.0	0.07734307451210846	0.05680216010584801
strict	ENSG00000105953	11990.0	153155.0	0.08516997417179374	0.11012685409853658
strict	ENSG00000060491	6057.0	113170.0	0.02036159645171067	0.0496032805718502
strict	ENSG00000114026	2502.0	4786.0	0.05938444752177077	0.03947172796480251
strict	ENSG00000147162	23388.0	328404.0	0.07631953170950048	0.08948058124379278
strict	ENSG00000138315	123.0	3657.0	0.05449283856269887	0.06203177042653169
strict	ENSG00000105088	281.0	3711.0	0.10365760819890087	0.06463576889442098
strict	ENSG00000116774	2527.0	47878.0	0.217558061545675	0.20697106362992462
strict	ENSG00000173391	319.0	1529.0	0.057411712842691795	0.0995227364982654
strict	ENSG00000082556	136.0	1050.0	0.014007329959779862	0.05727081088594424
strict	ENSG00000125510	669.0	5309.0	0.03923304226932043	0.043260040419236555
strict	ENSG00000123240	15889.0	74306.0	0.11334416452537105	0.15948782414030782
strict	ENSG00000160991	5575.0	114636.0	0.06272189418472626	0.05469698849103335
strict	ENSG00000175938	8155.0	91540.0	0.12064810636772975	0.15828107613463274
strict	ENSG00000091651	3631.0	49463.0	0.13862114881533716	0.16006302179824747
strict	ENSG00000184792	1030.0	42196.0	0.05260801310808802	0.0195330268652375
strict	ENSG00000116885	5493.0	49359.0	0.1606549204851649	0.11283469343699969
strict	ENSG00000140961	359.0	6959.0	0.03474825216723457	0.03757956410151195
strict	ENSG00000164823	4218.0	27636.0	0.04392256241796841	0.06403803937461208
strict	ENSG00000164920	1436.0	9189.0	0.05822563738725339	0.08238641655007883
strict	ENSG00000167770	5228.0	38296.0	0.03781929016407471	0.062030748297240125
strict	ENSG00000125850	3117.0	18043.0	0.05443860352784187	0.0597195817201944
strict	ENSG00000162881	300.0	1189.0	0.03646672189909472	0.026196813239162287
strict	ENSG00000151093	1597.0	8329.0	0.002618983799654943	0.00037958486524746496
strict	ENSG00000172939	9282.0	57661.0	0.03456401617340126	-0.024445340351727508
strict	ENSG00000180914	2055.0	7370.0	0.16105221417922647	0.20246958374964868
strict	ENSG00000135124	4421.0	20622.0	0.04254104709580375	0.03073420877511051
strict	ENSG00000089041	222.0	4290.0	0.006181017321032061	0.047873874801333344
strict	ENSG00000169860	164.0	1269.0	0.05692069523606395	0.05035362314248666
strict	ENSG00000175591	451.0	22304.0	0.060672733177190186	0.08240347437893733
strict	ENSG00000171631	503.0	6227.0	0.09279652909652912	0.07807424008089016
strict	ENSG00000122884	19065.0	149218.0	0.25914548590880526	0.25040564034209184
strict	ENSG00000149380	133.0	1190.0	0.08244147420743583	0.0621457029894292
strict	ENSG00000185624	48686.0	367174.0	0.1677005631980607	0.2648724751681003
strict	ENSG00000178467	3433.0	94942.0	0.05081662994369198	0.07986122876134727
strict	ENSG00000101104	5051.0	317096.0	0.12853360319266727	0.11999424456831416
strict	ENSG00000090621	250228.0	1589302.0	0.7521810622502825	0.7372221803349692
strict	ENSG00000065600	2015.0	17178.0	0.0206393587700932	0.05180072051239802
strict	ENSG00000117115	1729.0	44123.0	0.22494822992938757	0.21032677503978037
strict	ENSG00000122133	664.0	4677.0	0.13802414660607185	0.14793005943796883
strict	ENSG00000120727	9285.0	75237.0	0.09972902270284636	0.09028694263533019
strict	ENSG00000149269	4843.0	75442.0	0.030561005430714185	0.026710504678295315
strict	ENSG00000111845	3534.0	63683.0	0.13280297484505837	0.12266237696940267
strict	ENSG00000180370	11966.0	124909.0	0.07934934316115501	0.06887360622673105
strict	ENSG00000130669	4668.0	158973.0	0.19755529127689664	0.23378457617036166
strict	ENSG00000083093	1757.0	5379.0	0.052020167730521524	0.08054845547254387
strict	ENSG00000129116	12603.0	153117.0	0.19490258218620932	0.23583274870798185
strict	ENSG00000099260	1208.0	9026.0	0.1201759069896979	0.0893868603923198
strict	ENSG00000145730	22179.0	94505.0	0.18163865297862597	0.2127473570827584
strict	ENSG00000125779	8522.0	45449.0	0.10752101845173917	0.04515163030286744
strict	ENSG00000110218	1270.0	8677.0	-0.007951706009777368	0.007947032882304689
strict	ENSG00000073150	368.0	5294.0	0.023834704455761344	0.015367409802109861
strict	ENSG00000116183	326.0	9437.0	-0.04395360135844169	-0.0396202065158074
strict	ENSG00000138801	6676.0	38862.0	0.09726414612627787	0.10052269856672622
strict	ENSG00000148498	13749.0	109722.0	0.09137712170305062	0.02240783218126164
strict	ENSG00000116288	27852.0	258620.0	0.22854770070701078	0.24928385005235015
strict	ENSG00000169116	129.0	2229.0	0.09030632936382046	0.08776393688766808
strict	ENSG00000143799	15653.0	141456.0	0.11870521379471075	0.11707193619086662
strict	ENSG00000111224	5266.0	23466.0	-0.02782990503489982	-0.00463229976664605
strict	ENSG00000041880	919.0	20536.0	-0.01038110343046926	0.0004900403796488483
strict	ENSG00000152931	1250.0	5189.0	0.14104383421584937	0.15704594414415707
strict	ENSG00000177425	12952.0	110539.0	0.00643972389428721	0.024025149078669768
strict	ENSG00000125618	55206.0	814967.0	0.14332153505955103	0.16217252341456642
strict	ENSG00000102390	5456.0	44856.0	0.02276099157044447	-0.0009335870991069869
strict	ENSG00000168078	3139.0	10685.0	0.1507635078238358	0.16475889944896566
strict	ENSG00000108187	1215.0	23395.0	0.031238735787728716	0.032750470366193815
strict	ENSG00000185630	18434.0	79764.0	0.11951748647753484	0.08896027360532538
strict	ENSG00000167081	2517.0	21004.0	0.04018942855960648	0.04540827989489359
strict	ENSG00000163346	6447.0	52424.0	0.14253704915312193	0.1599774987611696
strict	ENSG00000173599	757.0	7933.0	0.005528258413400829	0.002458861405931628
strict	ENSG00000225937	1461.0	145.0	-0.016120148798838326	-0.0466516445955298
strict	ENSG00000253438	2774.0	45997.0	0.020023202964609174	0.04928664328829432
strict	ENSG00000166228	20973.0	229913.0	0.18108037831586946	0.05433316900933195
strict	ENSG00000132570	4048.0	37242.0	0.11197217652000468	0.08065181151176133
strict	ENSG00000114054	10744.0	83335.0	0.1466648936796976	0.098155622720309
strict	ENSG00000118946	537.0	10976.0	0.06577588272621379	0.03096235229981496
strict	ENSG00000189184	795.0	8996.0	0.192749427881576	0.1743836342348752
strict	ENSG00000204970	250.0	5065.0	0.0479121208314895	0.03963463773873192
strict	ENSG00000120327	1532.0	26470.0	0.10170470419814714	0.10097849641679324
strict	ENSG00000126226	6270.0	46312.0	0.0638696507361683	0.024259344550401196
strict	ENSG00000124253	5000.0	16615.0	0.27463529652681185	0.3140375802311286
strict	ENSG00000132646	27573.0	218902.0	0.19102962668172327	0.23011848536621118
strict	ENSG00000197136	3159.0	206836.0	-0.01719674958939227	-0.03891053695126219
strict	ENSG00000169174	499.0	2412.0	0.1009237506211468	0.09316745787619317
strict	ENSG00000114209	11418.0	13348.0	0.04440719590324045	-0.005764339532083214
strict	ENSG00000150593	16579.0	142858.0	0.18678910638581253	0.19099379020125282
strict	ENSG00000249915	27957.0	172481.0	0.033219920621961344	0.031226599336921693
strict	ENSG00000170248	13023.0	44190.0	0.11649165682271409	0.058546049430782836
strict	ENSG00000112541	297.0	1623.0	0.17884319225943895	0.10013336782152557
strict	ENSG00000186642	296.0	5848.0	0.07256585130932222	0.0765280073612511
strict	ENSG00000172572	1263.0	2360.0	0.015883699629141133	0.03811346914415244
strict	ENSG00000065989	5402.0	40196.0	0.08204891241001477	0.09334739339615665
strict	ENSG00000184588	268.0	1941.0	0.06349042655476102	0.06738215893195584
strict	ENSG00000178104	6013.0	76128.0	0.12341978358272741	0.12233463274608392
strict	ENSG00000138735	455.0	8359.0	0.286744774523931	0.14262476143142735
strict	ENSG00000197461	959.0	21497.0	0.06495847007951097	0.038234658786102466
strict	ENSG00000100311	1609.0	8244.0	0.07211541308685508	0.014789377790585739
strict	ENSG00000145431	7383.0	57581.0	0.2523695709973888	0.23816769662430964
strict	ENSG00000170962	300.0	1499.0	0.05786653453560056	0.04492537411839395
strict	ENSG00000134853	1465.0	23368.0	0.23024359841955397	0.1942558819782969
strict	ENSG00000113721	2346.0	28989.0	0.23262262335422232	0.15713917030603078
strict	ENSG00000104213	1645.0	10547.0	0.08170477264337817	0.10310625180245385
strict	ENSG00000131828	4317.0	86152.0	0.03852518033454248	0.023972415532522877
strict	ENSG00000168291	7872.0	60657.0	0.06726598279342128	0.054059381269244526
strict	ENSG00000167004	45175.0	538732.0	0.038516086283246105	-0.07792833881681832
strict	ENSG00000155660	58777.0	565426.0	0.2163029465097861	0.20099834728798596
strict	ENSG00000152256	3115.0	34409.0	0.14547963114528253	0.1080935333616399
strict	ENSG00000120913	1468.0	6839.0	0.02058253095283631	-0.008516196296743373
strict	ENSG00000131435	4397.0	19642.0	0.062108343272811	0.0725329420415559
strict	ENSG00000140992	3603.0	40495.0	0.024972199242389127	0.00867397348545773
strict	ENSG00000162493	617.0	5466.0	0.12667597079286913	0.08003528195167062
strict	ENSG00000179889	17507.0	289414.0	0.1124969327151535	0.10491965665983136
strict	ENSG00000186862	165.0	7796.0	0.005283162881988298	0.023273076028200924
strict	ENSG00000174827	109.0	7316.0	0.06776915314742521	0.06044464041383765
strict	ENSG00000162734	20344.0	283580.0	0.14877433163187292	0.12440127156546647
strict	ENSG00000261371	1630.0	18029.0	0.19779900576943063	0.12862440997029692
strict	ENSG00000162517	11948.0	88177.0	0.14057281691034565	0.0559152601976581
strict	ENSG00000242265	10033.0	96001.0	0.2869928928132822	0.30619059716918856
strict	ENSG00000152684	2347.0	62500.0	-0.008360983134443856	-0.019930188482151164
strict	ENSG00000141456	5036.0	53843.0	0.013364220801109689	-0.0015278606478651708
strict	ENSG00000124299	9347.0	61876.0	0.1705792117932475	0.2160754839887264
strict	ENSG00000179094	1769.0	10123.0	0.0650505163327768	0.0513989816601195
strict	ENSG00000132326	1487.0	7250.0	0.03385040627299812	0.054823138675215585
strict	ENSG00000049246	2545.0	35128.0	0.06389671166891872	0.0642100480764287
strict	ENSG00000170525	1254.0	33082.0	0.09764790272142387	0.03764518199508624
strict	ENSG00000067057	3724.0	68245.0	0.1807673340030723	0.152105152816353
strict	ENSG00000247077	7741.0	71842.0	0.16341459342421755	0.10543362945628265
strict	ENSG00000197121	2732.0	11105.0	0.0741702395933757	0.10268086877200355
strict	ENSG00000148985	3887.0	29163.0	0.07919166918554228	0.07031613525082674
strict	ENSG00000137338	533.0	8208.0	0.016590970832768545	0.039782728536883055
strict	ENSG00000142657	8644.0	101854.0	-0.000767484659027348	-0.024529184255500682
strict	ENSG00000119630	398.0	3822.0	0.07538481133701233	0.03845364305410636
strict	ENSG00000164219	2208.0	17058.0	-0.022806188780235517	-0.011172090881997734
strict	ENSG00000102144	65785.0	73262.0	0.315588957812261	0.3749472150452832
strict	ENSG00000079739	11353.0	207049.0	0.11341455585857202	0.1447976222166588
strict	ENSG00000082175	3331.0	9283.0	0.37541523414260475	0.35528185759732134
strict	ENSG00000167085	38078.0	130489.0	0.17994084763269363	0.19913080533810507
strict	ENSG00000215021	101107.0	844774.0	0.30423061881405594	0.3452759495572391
strict	ENSG00000198324	2417.0	34917.0	0.05741262544545794	0.03670002802815237
strict	ENSG00000102174	384.0	3726.0	0.1956995202759942	0.12398724711690955
strict	ENSG00000130024	14636.0	107941.0	0.04799895756347434	0.030592473673901516
strict	ENSG00000109118	3833.0	27995.0	0.005400543119928905	0.0006366327593008927
strict	ENSG00000056487	165.0	1399.0	0.025727274317227072	0.04786918997505708
strict	ENSG00000040633	6312.0	45450.0	0.023031377153919626	0.0015717517608682795
strict	ENSG00000156531	9945.0	41434.0	-0.017905194705882973	0.043298503861513626
strict	ENSG00000010318	2167.0	2255.0	-0.018678562922181383	-0.0038874303747901064
strict	ENSG00000172943	8040.0	113145.0	0.012843682623838865	0.016676840255627524
strict	ENSG00000092621	16126.0	287753.0	0.1274930302975143	0.13808609432325492
strict	ENSG00000174307	12207.0	31654.0	0.28199972580111543	0.30663640495052075
strict	ENSG00000144824	1586.0	38207.0	0.15281135792438436	0.12938516657957683
strict	ENSG00000176531	1079.0	27121.0	0.038180293814000676	0.02733535810877783
strict	ENSG00000081913	1029.0	11681.0	0.02498983331289001	0.052116477667426164
strict	ENSG00000241973	3517.0	167744.0	-0.01724455014108423	-0.019356042627781494
strict	ENSG00000083535	2722.0	37892.0	0.03020718579212578	0.024550443289808117
strict	ENSG00000073921	7760.0	70202.0	-0.0076429660234633955	-0.013699381009672636
strict	ENSG00000153823	160.0	2726.0	0.053109934914901916	0.06141752004291277
strict	ENSG00000103335	4439.0	67554.0	0.14520506029733554	0.15721230131252692
strict	ENSG00000154864	166.0	1774.0	0.07279936169814427	0.08754966472311965
strict	ENSG00000151665	2838.0	11163.0	0.03621385948638816	0.04089484925721677
strict	ENSG00000104872	6142.0	57631.0	0.08848421104763037	0.09203571573737455
strict	ENSG00000078142	6126.0	122957.0	0.3262097559545609	0.3175803094055695
strict	ENSG00000121879	5991.0	36937.0	0.06846791709594968	0.06750215360495616
strict	ENSG00000051382	3175.0	27468.0	0.019571682327201627	0.026946644140942614
strict	ENSG00000171608	639.0	14319.0	0.010908346143829342	0.019507082160628356
strict	ENSG00000105851	151.0	2303.0	0.0023814131756867483	0.04547727090749149
strict	ENSG00000145675	10144.0	48021.0	0.21810651311187798	0.2195598009493354
strict	ENSG00000105647	23950.0	221433.0	0.13236347340464433	0.165573176947327
strict	ENSG00000115020	2788.0	41673.0	0.03433031315592127	0.03587948205277133
strict	ENSG00000085514	1093.0	8573.0	0.034077138428578624	0.020724576615937566
strict	ENSG00000137193	7435.0	54947.0	0.18772910354292366	0.18195057366562944
strict	ENSG00000102096	1203.0	14873.0	0.20828671571009638	0.1837606434899709
strict	ENSG00000129195	2150.0	17418.0	0.08952528446656163	0.10480426190521004
strict	ENSG00000127445	17511.0	112908.0	0.040301476106639755	0.01933572474342158
strict	ENSG00000158828	6929.0	39059.0	-0.03516393255622146	0.011051191081521961
strict	ENSG00000150867	1730.0	8646.0	0.03978030366841512	0.07133712586415007
strict	ENSG00000057757	5311.0	27811.0	0.05660169181224356	0.06228913267589055
strict	ENSG00000180957	7179.0	184077.0	0.16223266378876433	0.17099178470550816
strict	ENSG00000069011	2074.0	3952.0	0.10248049008648193	0.13753710069861538
strict	ENSG00000125207	526.0	12799.0	0.02613178182331758	0.03176354182202317
strict	ENSG00000008710	2858.0	73768.0	0.021795576543386586	0.028587449302184466
strict	ENSG00000158683	190.0	2774.0	-0.022474215318793934	-0.0014943014374230953
strict	ENSG00000118762	2372.0	11899.0	-0.022944115762149827	-0.018907442162646785
strict	ENSG00000170927	3395.0	70568.0	0.19100631061472617	0.20554588129893386
strict	ENSG00000067225	39030.0	1257051.0	0.19792539090482328	0.1981804372421296
strict	ENSG00000165495	880.0	14074.0	0.05724246794387483	0.0902575192146515
strict	ENSG00000057294	7500.0	78657.0	0.2699412229730757	0.2839941607690004
strict	ENSG00000116711	221.0	1135.0	0.02499797091055852	0.03228649805954795
strict	ENSG00000184381	1825.0	42442.0	0.022930996308191346	0.02313022571932424
strict	ENSG00000146070	952.0	10976.0	0.058693396967883844	0.0707792371365802
strict	ENSG00000153246	815.0	7621.0	0.0467222703896722	0.05489098816048332
strict	ENSG00000118495	13128.0	84699.0	0.10084350210760509	0.09684227646553949
strict	ENSG00000126003	17682.0	59229.0	0.05122570306441145	0.030490678654332297
strict	ENSG00000104368	8780.0	71131.0	0.283070750817745	0.27752057909447353
strict	ENSG00000122861	1647.0	21634.0	0.11405201117051689	0.10892419578414124
strict	ENSG00000011422	2159.0	54126.0	0.11771079770594992	0.10405398664185087
strict	ENSG00000182621	12824.0	61556.0	0.0981590310302871	0.1059016013700448
strict	ENSG00000138193	1232.0	7616.0	0.02430689182184475	0.0445846021073661
strict	ENSG00000124181	4294.0	310753.0	-0.030104057615815076	-0.02260690035475808
strict	ENSG00000197943	2943.0	17607.0	0.04224382129948667	0.057197149317183546
strict	ENSG00000075651	1135.0	17720.0	0.15485700897224922	0.13964065957323443
strict	ENSG00000129219	1538.0	35683.0	0.013740676672170469	-0.00441673527939572
strict	ENSG00000178209	10300.0	717613.0	0.14864701559798832	0.19569504948789546
strict	ENSG00000107679	7783.0	81494.0	0.0691663142005709	0.07285409686257664
strict	ENSG00000169499	4661.0	5355.0	-0.010087689890736995	0.03142594083020882
strict	ENSG00000115762	17972.0	78263.0	0.17350070886449626	0.1087137254367836
strict	ENSG00000152527	1837.0	41059.0	0.07136097971447805	0.07674975313632854
strict	ENSG00000116786	6990.0	98781.0	-0.06572851260577856	-0.011156211927357917
strict	ENSG00000023902	4014.0	25732.0	0.037309576684303555	0.059440740010097005
strict	ENSG00000166819	283.0	1485.0	0.023835515185871053	0.031527304488062735
strict	ENSG00000147872	4861.0	45265.0	0.09353122483022105	0.06757067629566818
strict	ENSG00000167676	141.0	4168.0	0.015359890905111792	0.006568734214009811
strict	ENSG00000214456	585.0	18136.0	0.0032646564183000694	0.013013749038949456
strict	ENSG00000166851	3459.0	18054.0	0.029972109541584982	0.04130490881190011
strict	ENSG00000142731	2726.0	16300.0	0.13751842673457115	0.14687383249917574
strict	ENSG00000102007	43122.0	338460.0	0.6604992655691506	0.6975467264034666
strict	ENSG00000102024	9197.0	77966.0	0.2544066221108001	0.31601662610287706
strict	ENSG00000188313	15865.0	69857.0	0.22774622841232406	0.24712141376727767
strict	ENSG00000100979	13381.0	52347.0	0.11883012218053807	0.14559246982521756
strict	ENSG00000130300	358.0	17219.0	0.1480767128211089	0.10315705687167788
strict	ENSG00000161381	388.0	5152.0	0.09896534091964644	0.07537798204302133
strict	ENSG00000196576	51539.0	940929.0	0.25852595732878475	0.28707809948820373
strict	ENSG00000136040	1221.0	5621.0	0.07487801025838457	0.06431749017468988
strict	ENSG00000146281	8976.0	37433.0	0.1660888003847191	0.14578213091824074
strict	ENSG00000141682	2360.0	4651.0	0.04769183888829526	0.07255469338313385
strict	ENSG00000140464	7144.0	101978.0	0.10698293874707746	0.15066579029651647
strict	ENSG00000140650	3306.0	35303.0	0.0018057457017018955	-0.008522591779241195
strict	ENSG00000109099	1628.0	3732.0	0.20287273648050874	0.12476482116673847
strict	ENSG00000064933	6333.0	74190.0	0.05717290039783528	0.034526143871853446
strict	ENSG00000122512	133.0	73088.0	0.0008407522919053161	0.003961116740414686
strict	ENSG00000176903	20445.0	79531.0	0.21975801152947633	0.16999587292573135
strict	ENSG00000168081	574.0	8450.0	0.09660366866217227	0.07978874010466551
strict	ENSG00000198805	8515.0	48262.0	0.16426315112542558	0.15122723458545384
strict	ENSG00000177666	5673.0	176120.0	0.0715737834810051	0.0717013197761325
strict	ENSG00000100344	456.0	9644.0	0.08380492741668222	0.0903799034985611
strict	ENSG00000032444	1156.0	22899.0	-0.031971066107819565	-0.02423187706762215
strict	ENSG00000138035	4134.0	35175.0	0.08433730667274356	0.045112966944694875
strict	ENSG00000128567	16461.0	144172.0	0.3040566588600777	0.35430930932214644
strict	ENSG00000134901	153.0	4681.0	0.07083330036469024	0.07169748693929193
strict	ENSG00000143442	11503.0	230528.0	0.06280373708670016	0.024730392517148175
strict	ENSG00000070501	1242.0	7778.0	-0.0034170861409403633	-0.0022236139394938848
strict	ENSG00000062822	1997.0	36089.0	0.04908160333207634	0.04938630605847716
strict	ENSG00000004142	8143.0	137172.0	-0.06029149032010709	-0.01307846507150332
strict	ENSG00000177084	5083.0	51113.0	0.018775803585501367	0.02238491777450204
strict	ENSG00000170734	2890.0	59957.0	0.026406076655415542	0.030287205419281864
strict	ENSG00000181222	20537.0	359221.0	0.11526315579003915	0.05139832336829262
strict	ENSG00000047315	50433.0	523712.0	0.22538641148490418	0.13291388369413712
strict	ENSG00000102978	6341.0	75539.0	0.028549781799813392	0.051999085324559935
strict	ENSG00000099817	6014.0	16315.0	0.05446726057996528	0.05170793961336772
strict	ENSG00000168002	9376.0	58178.0	0.09381763927977661	0.09964497902010853
strict	ENSG00000163882	22370.0	230070.0	0.04175310258391393	0.05076583041154856
strict	ENSG00000255529	3873.0	27741.0	0.0527659726421118	0.028260138423750965
strict	ENSG00000085998	9371.0	133773.0	0.09305980775395203	0.10866784056163631
strict	ENSG00000130714	2201.0	14274.0	0.011212720626532748	0.024663804575817426
strict	ENSG00000105854	19008.0	98085.0	0.018534425641037862	0.00486051761157605
strict	ENSG00000127948	22436.0	217667.0	0.12676907436582324	0.12972829971970712
strict	ENSG00000102312	735.0	10637.0	0.10439388658935456	0.09991336894258518
strict	ENSG00000133110	1747.0	36041.0	0.2708803735923524	0.29493597747839767
strict	ENSG00000110777	469.0	4307.0	0.09505007196025173	0.06215404786345978
strict	ENSG00000143190	3798.0	49066.0	0.04608001674614198	0.021880054298210928
strict	ENSG00000028277	128.0	758.0	-0.008941742849073016	0.04601649999128873
strict	ENSG00000137709	391.0	3652.0	0.05263251214698682	0.06868823548830859
strict	ENSG00000185668	152.0	886.0	0.004504929779909332	0.023366254265921413
strict	ENSG00000204531	525.0	21400.0	0.15477930803499776	0.16581226355933343
strict	ENSG00000186951	2249.0	25600.0	-0.0019329366953005009	0.005763429425021742
strict	ENSG00000112033	3211.0	55530.0	0.02149372937090018	0.04150533534431523
strict	ENSG00000132170	1227.0	1026.0	0.0784007309879345	0.07342384687984103
strict	ENSG00000131626	7869.0	143715.0	0.004120484330251778	0.019962576760309738
strict	ENSG00000177380	728.0	451.0	0.011631249428932915	0.026838820698022393
strict	ENSG00000143847	197.0	22376.0	0.16862310107042044	0.10055730350667555
strict	ENSG00000168938	7901.0	13287.0	0.19741406886592372	0.19253793110807402
strict	ENSG00000171497	3820.0	33863.0	0.05713686013195798	0.04235225097860134
strict	ENSG00000108179	13082.0	143916.0	0.17050980656266823	0.14533471593908473
strict	ENSG00000100614	8636.0	113189.0	0.03245614379371272	0.012865566089745208
strict	ENSG00000170836	1468.0	25865.0	0.0339983088108512	0.04123519669798943
strict	ENSG00000111110	2739.0	20185.0	0.06073684835395299	0.07438408527750034
strict	ENSG00000172531	27543.0	222658.0	0.15441203354770727	0.11149396597313853
strict	ENSG00000158615	10999.0	89466.0	0.02336490280801921	0.04427750405055277
strict	ENSG00000101445	422.0	4413.0	-0.013688412787983918	0.02539563138127106
strict	ENSG00000131771	78615.0	1130398.0	0.387042869274614	0.4250748555867993
strict	ENSG00000150722	2348.0	8663.0	0.046286694613156	0.07512565466647662
strict	ENSG00000104866	1597.0	43595.0	0.04666116844285348	0.02585649145019248
strict	ENSG00000115685	4907.0	35059.0	0.03501196871028349	0.043832261635052217
strict	ENSG00000108819	1209.0	59091.0	0.09629729769365188	0.03689239915427539
strict	ENSG00000113575	17440.0	84999.0	0.13061173214418226	0.08282771113368767
strict	ENSG00000105568	19443.0	135058.0	0.17536005918179431	0.16067061682978342
strict	ENSG00000073711	2979.0	69850.0	0.07116646565974843	0.059680719210367814
strict	ENSG00000092020	1776.0	13939.0	0.02697625220698015	0.019795812514207013
strict	ENSG00000138814	10336.0	24081.0	0.0412790668282281	0.10918792074878143
strict	ENSG00000154845	8265.0	61175.0	0.015609080385130016	0.02516487168896997
strict	ENSG00000119698	340.0	2310.0	-0.00932214211497251	0.020360292763414382
strict	ENSG00000185686	972.0	17825.0	0.19097566223618764	0.15950157189369846
strict	ENSG00000137509	5116.0	45238.0	0.10723328336510268	0.10312755230963874
strict	ENSG00000057657	375.0	6036.0	0.12021348287399275	0.07376076227535316
strict	ENSG00000170325	2036.0	31460.0	0.023471850072124323	0.03174961121230774
strict	ENSG00000141956	1267.0	30650.0	0.0319444915394802	0.0027872526338202645
strict	ENSG00000061455	459.0	5604.0	0.20368291622114382	0.1542979647927856
strict	ENSG00000085377	2794.0	53756.0	0.012765787539161279	0.022103063464023184
strict	ENSG00000138078	13703.0	52083.0	0.015443267683906192	0.03294170636783357
strict	ENSG00000139174	2529.0	20116.0	0.0629293181603281	0.09304427376507306
strict	ENSG00000132356	6232.0	41370.0	0.07867496136519782	0.051113430943602545
strict	ENSG00000162409	4660.0	26076.0	0.04403823873999059	0.03495643547109758
strict	ENSG00000111725	11708.0	85026.0	0.17093790417505347	0.18948546454997178
strict	ENSG00000072062	15826.0	249516.0	0.05177207747499286	0.1492223314963698
strict	ENSG00000142875	3139.0	17981.0	0.06533487787611701	0.08361239527372841
strict	ENSG00000181929	10180.0	65210.0	0.10300574556163257	0.07899933547697807
strict	ENSG00000106617	10379.0	40329.0	0.08450235728575692	0.10220644142266296
strict	ENSG00000108946	24619.0	215690.0	0.10608575147827379	0.2028659044171231
strict	ENSG00000154229	4018.0	36775.0	0.06621233352018432	0.08098601547672167
strict	ENSG00000166501	122.0	908.0	-0.02002120022738291	-0.0029967011369718796
strict	ENSG00000163932	3463.0	94188.0	-0.007108290936874165	-0.006374064607473098
strict	ENSG00000171132	2972.0	20321.0	0.028285281610116078	0.029507366457728605
strict	ENSG00000027075	1453.0	8428.0	0.030320752040822848	0.05904817065574345
strict	ENSG00000163558	24406.0	178851.0	0.2107924071534899	0.19894731308245
strict	ENSG00000065675	1229.0	25461.0	0.10282677665909812	0.09203670867011728
strict	ENSG00000067606	2371.0	27342.0	0.04141310499447165	0.044021886487261366
strict	ENSG00000184304	1273.0	5974.0	0.06133211194276729	0.044963605571542324
strict	ENSG00000115825	7886.0	50411.0	0.0673288178154141	0.04898247052378311
strict	ENSG00000253729	13008.0	164404.0	0.13842205839136446	0.09763235653262309
strict	ENSG00000185345	4269.0	38299.0	0.11302838532042739	0.12629438888030634
strict	ENSG00000180228	16703.0	58538.0	0.031051147396403567	0.01809480242627108
strict	ENSG00000113494	685.0	9015.0	0.11691932593679366	0.14354043533375835
strict	ENSG00000126457	10652.0	139888.0	-0.0628632952574487	-0.01855654595797702
strict	ENSG00000100462	10474.0	65779.0	0.058020576391772716	0.06017278475348261
strict	ENSG00000111218	126.0	3112.0	0.03214616644922484	0.0581911993701817
strict	ENSG00000164169	734.0	8611.0	0.011081557796876761	0.04724923137748777
strict	ENSG00000282961	162.0	10851.0	-0.013288206964349143	-0.0035589694410503472
strict	ENSG00000171867	18568.0	49105.0	0.0918570797436668	0.08202372422926872
strict	ENSG00000115718	258.0	1024.0	-0.011125448488083016	-0.0034910090282418236
strict	ENSG00000101000	393.0	3228.0	0.05058429972297601	0.043361163080650966
strict	ENSG00000007062	415.0	4845.0	0.042615745289681616	0.08689574792657603
strict	ENSG00000155066	3678.0	40168.0	0.16945863021150231	0.15213163286337128
strict	ENSG00000184500	2521.0	6761.0	0.12616373758807692	0.12485450899767643
strict	ENSG00000120685	4072.0	19749.0	-0.02762036283679803	-0.019284097859546236
strict	ENSG00000117707	113.0	2951.0	0.06260145203318297	0.07488132605291294
strict	ENSG00000110107	8376.0	36805.0	0.033203143247742754	0.0671273290057423
strict	ENSG00000117360	2677.0	158984.0	-0.031038667031825905	-0.03717000569773123
strict	ENSG00000105618	7905.0	65145.0	0.10017952732950126	0.12199423955869473
strict	ENSG00000174231	10641.0	291599.0	0.1619689211440074	0.1331921748185759
strict	ENSG00000112619	201.0	4698.0	-0.025133481124590087	-0.026871809263956794
strict	ENSG00000147224	6067.0	19589.0	0.029822708772066463	0.037252790354926034
strict	ENSG00000101911	6276.0	8410.0	0.10920176220479953	0.11393799725262915
strict	ENSG00000161542	4831.0	112168.0	0.004909969425190081	-0.00011645080719160925
strict	ENSG00000068489	3013.0	29275.0	0.11118373712851551	0.10416921611835116
strict	ENSG00000205352	16840.0	221840.0	0.1059912317140804	0.12760096209171806
strict	ENSG00000183530	3760.0	29440.0	0.005435405315099508	0.00026148572945916435
strict	ENSG00000204469	23052.0	325071.0	0.040925450927901494	0.03966665779381972
strict	ENSG00000126460	642.0	16898.0	0.02091131665672902	0.004417408102453884
strict	ENSG00000116132	117.0	535.0	0.09848418671088599	0.03255284045481926
strict	ENSG00000112812	1789.0	20008.0	0.08236035215975017	0.09885804860876682
strict	ENSG00000122378	14238.0	183906.0	0.1151138030082443	0.1081554938927739
strict	ENSG00000059915	1703.0	11067.0	0.06310340740587908	0.06995865534281676
strict	ENSG00000156011	5231.0	47836.0	0.2008375693942136	0.1987288957345989
strict	ENSG00000080815	8494.0	43721.0	0.1400298801736533	0.06936004160870156
strict	ENSG00000143801	706.0	3196.0	-0.019892147022373886	0.0010438377486234553
strict	ENSG00000205155	9535.0	9452.0	0.04122428646041483	0.02470281177896596
strict	ENSG00000164985	14523.0	33431.0	0.01084494425330848	0.03889046814750761
strict	ENSG00000159792	3452.0	45185.0	-0.0022723335762021516	-0.017946951970458553
strict	ENSG00000100902	16734.0	122059.0	0.12223713846450811	0.11804995308406425
strict	ENSG00000100804	26647.0	104866.0	0.11825493801103643	0.14197032313154417
strict	ENSG00000161057	14311.0	85842.0	0.07600947456830517	0.061707983180444084
strict	ENSG00000087191	8803.0	182715.0	0.10572224957256593	0.07836869070035853
strict	ENSG00000173692	6217.0	86309.0	0.022368322805946386	0.011283134041860945
strict	ENSG00000101843	28303.0	63321.0	0.08128866876115376	0.07262301611672048
strict	ENSG00000175166	30701.0	238643.0	0.12496214855543787	0.17425093933403013
strict	ENSG00000108344	48265.0	473104.0	0.09645089979214252	0.07060823194445077
strict	ENSG00000159352	15785.0	123023.0	0.07190504107815947	0.012058150632743273
strict	ENSG00000131467	2095.0	34210.0	0.039010626391680646	0.03240114874209702
strict	ENSG00000121390	9455.0	215721.0	0.09514785630220286	0.04313803288684573
strict	ENSG00000134222	4065.0	34871.0	0.08311180891310732	0.10392518901501802
strict	ENSG00000152229	534.0	2282.0	0.022186860418925924	0.009167852542957903
strict	ENSG00000169403	882.0	9308.0	0.06463157106566769	0.06416404387010016
strict	ENSG00000011304	20566.0	149766.0	-0.05625010631178248	-0.004004045202345489
strict	ENSG00000117569	21518.0	64565.0	0.24066879385484222	0.2226218931576407
strict	ENSG00000106246	1773.0	36255.0	0.0019350373976430857	0.012719656855805244
strict	ENSG00000049883	1168.0	8216.0	-0.006117392195161959	0.007483086836355408
strict	ENSG00000132300	11767.0	157291.0	0.05326075518980408	0.04770488454199038
strict	ENSG00000185920	2085.0	39658.0	0.16211941604103428	0.09204166716827725
strict	ENSG00000156471	2036.0	36607.0	0.03810851594605168	0.06404572862310315
strict	ENSG00000171862	22904.0	172632.0	0.07968723692594688	0.08988336772911462
strict	ENSG00000125384	142.0	1380.0	0.1101142730924792	0.1322540133331288
strict	ENSG00000171522	368.0	4498.0	0.046461882155344636	0.03400729333288713
strict	ENSG00000148344	1249.0	5277.0	0.17184728535068458	0.16333370222094462
strict	ENSG00000110958	114531.0	462019.0	0.2941046160933454	0.35118560952521083
strict	ENSG00000134247	12580.0	120980.0	0.09371496380100297	0.08915105361052567
strict	ENSG00000124212	648.0	3041.0	0.17993695488185985	0.10186541723991005
strict	ENSG00000095303	6218.0	127071.0	0.22960139666637286	0.22032936427367103
strict	ENSG00000160801	181.0	1064.0	0.07841344096116673	0.06398079960625398
strict	ENSG00000144407	2445.0	16151.0	0.07000654137239659	0.06308370464234582
strict	ENSG00000169398	19383.0	176272.0	0.0723078897790921	0.01846134955473615
strict	ENSG00000120899	493.0	11722.0	0.04439143140061313	0.008954164966251099
strict	ENSG00000101213	732.0	2565.0	0.030786365005180862	0.0623408552669233
strict	ENSG00000112655	25355.0	267450.0	0.09410383973209799	0.06310940642602055
strict	ENSG00000104960	22400.0	218741.0	0.10472523291894738	0.1375113012499774
strict	ENSG00000184489	5816.0	33100.0	0.03737299442461576	0.06669361289576607
strict	ENSG00000119383	9613.0	114465.0	0.08352856669740834	0.024877073370368877
strict	ENSG00000158079	1034.0	7977.0	-0.0005277007129091734	0.020718627003579244
strict	ENSG00000196396	4471.0	73875.0	-0.009667491846283186	-0.024599992273877044
strict	ENSG00000179295	10420.0	91429.0	0.1397319635308848	0.049806469329632855
strict	ENSG00000163629	1415.0	12298.0	0.1396484386896983	0.1372048360691495
strict	ENSG00000175354	10113.0	111122.0	0.17891824164757197	0.07364618585116085
strict	ENSG00000134242	111.0	625.0	-0.0066629794692512016	-0.0018656446103825696
strict	ENSG00000111679	4282.0	87866.0	0.06157549546516478	0.0683459594502049
strict	ENSG00000142949	51918.0	666700.0	0.17424915458488066	0.18651407838321013
strict	ENSG00000144724	7300.0	48010.0	0.05577134935654095	0.032243446181243605
strict	ENSG00000149177	3080.0	50587.0	0.16718416016115215	0.18510431505999403
strict	ENSG00000173482	2562.0	29624.0	0.09943687618674929	0.10144176762984333
strict	ENSG00000139304	161.0	2463.0	0.031105887695997043	0.06601912786072349
strict	ENSG00000060656	2906.0	43908.0	0.15927280708676872	0.16175825278844216
strict	ENSG00000164611	6554.0	23370.0	0.04796621843499193	0.06882356706693747
strict	ENSG00000163661	964.0	7348.0	0.12411927288982974	0.12510347953029938
strict	ENSG00000080608	4880.0	79398.0	0.06321742529960939	0.09661695297278311
strict	ENSG00000146676	12346.0	82397.0	0.06505564394192409	0.03461679680700058
strict	ENSG00000169972	2104.0	17372.0	0.07989824636545345	0.06833549346405843
strict	ENSG00000073008	945.0	64139.0	0.08192417425246265	0.0772130892463683
strict	ENSG00000249859	1090.0	62547.0	0.08373695610709868	0.08919483038922119
strict	ENSG00000136045	4740.0	80512.0	0.10048999054488203	0.07854163967435383
strict	ENSG00000160953	2922.0	3513.0	-0.03140085003336511	-0.023423261354208497
strict	ENSG00000089159	19800.0	54364.0	0.06471948367558611	0.03729831176955636
strict	ENSG00000103490	4010.0	19137.0	0.035207822609581774	0.021737137032091482
strict	ENSG00000100994	12422.0	319753.0	0.1088707021013821	0.1233850985267132
strict	ENSG00000100504	3403.0	27723.0	0.06452262312083719	0.10644098183050481
strict	ENSG00000068976	592.0	5756.0	0.15275902591545543	0.11071120514046806
strict	ENSG00000170473	17435.0	103912.0	0.11865791151133054	0.09472027719934022
strict	ENSG00000126838	201.0	2787.0	0.024416037876367827	0.04589176290149512
strict	ENSG00000011478	136.0	7408.0	0.0014417644708019945	0.0038681303892548163
strict	ENSG00000048991	6196.0	62135.0	0.10476620148146268	0.043242718499963376
strict	ENSG00000179912	8864.0	128863.0	-0.02155567122037283	0.002305537281028884
strict	ENSG00000103769	25750.0	60955.0	0.10655251721499237	0.021991551187901553
strict	ENSG00000135631	1296.0	14577.0	0.03049892820223308	0.04106414341663728
strict	ENSG00000069974	1299.0	3683.0	0.0187867106296844	0.042694210754603446
strict	ENSG00000157869	4111.0	34363.0	0.07839438713863053	0.04208747882700352
strict	ENSG00000144566	4018.0	19741.0	0.047045744963900335	0.064174997913521
strict	ENSG00000075785	25005.0	218955.0	0.08994788723079071	0.15029100403343595
strict	ENSG00000167461	3007.0	72984.0	0.08639456023812042	0.07505295607524726
strict	ENSG00000123595	2390.0	12726.0	0.10289414809904182	0.09867524505906623
strict	ENSG00000079974	3240.0	16031.0	0.10052078342095021	0.11218816663268993
strict	ENSG00000144840	8778.0	14426.0	0.041712007060079596	-0.0004993445938577864
strict	ENSG00000196642	15217.0	279357.0	0.08226727893682917	0.12936002953301812
strict	ENSG00000136238	52223.0	470670.0	-0.019001362045650567	0.008276087801451728
strict	ENSG00000161800	10851.0	73198.0	0.2843782132124377	0.2453496613137059
strict	ENSG00000070950	2209.0	42197.0	0.06143010289805957	0.06581546452496781
strict	ENSG00000113522	6511.0	115827.0	0.09469875700242028	0.10970699920644837
strict	ENSG00000051180	1368.0	9591.0	0.03202934545089927	0.05055970446537506
strict	ENSG00000002016	1167.0	36736.0	-0.039896289708777566	-0.03854506228227258
strict	ENSG00000085999	5012.0	120604.0	0.10562384148687051	0.09956449037402255
strict	ENSG00000164080	2995.0	65479.0	-0.00487200172313167	0.012388387025398361
strict	ENSG00000132155	6532.0	115331.0	0.06793204913440373	0.059067896315896894
strict	ENSG00000166349	363.0	7862.0	0.009176768834444465	0.013681071841465681
strict	ENSG00000039560	13062.0	87066.0	0.04815988856712969	0.13559487854889798
strict	ENSG00000131831	1772.0	25100.0	0.07746581698832229	0.07823840256182112
strict	ENSG00000136828	2151.0	38157.0	0.03153514246535172	0.035301279635921536
strict	ENSG00000132341	75556.0	308308.0	0.34803598694540766	0.43558306886682824
strict	ENSG00000153201	16031.0	122425.0	0.06613476600624324	0.030363033373014277
strict	ENSG00000031823	1570.0	38228.0	0.019576245574476077	0.01339956727074688
strict	ENSG00000010017	10641.0	138419.0	0.019086347179136022	0.015143006968407473
strict	ENSG00000100401	8730.0	141428.0	0.08449055920252664	0.0863321723065146
strict	ENSG00000116473	10722.0	57994.0	0.07465351461292213	0.08284610028857388
strict	ENSG00000125249	3134.0	20374.0	0.029912809389629303	0.045433728950558125
strict	ENSG00000079337	18960.0	279990.0	0.3282945445953186	0.40151220989492126
strict	ENSG00000136237	2564.0	21598.0	0.08953822545208154	0.08093170434721157
strict	ENSG00000158987	3402.0	11094.0	0.04249352962127219	0.03765372382178694
strict	ENSG00000131759	1745.0	37646.0	0.017325859909598406	-0.00876837898348483
strict	ENSG00000077092	333.0	1627.0	-0.00707307548419466	0.05174013613777345
strict	ENSG00000145715	5548.0	40222.0	0.091946529231519	0.07785326199366534
strict	ENSG00000108551	9113.0	19121.0	0.3498376444317819	0.36783171883713306
strict	ENSG00000100302	200.0	4377.0	0.03476510186275985	0.04683583966814672
strict	ENSG00000146090	207.0	5157.0	0.061991534052179775	0.08446581023408423
strict	ENSG00000172575	625.0	9792.0	0.023992200674959753	0.04997366110090593
strict	ENSG00000068028	1635.0	15490.0	0.028148423293470594	4.0601939241361356e-05
strict	ENSG00000101265	958.0	5833.0	0.14538684761518633	0.11647358596743711
strict	ENSG00000153179	3270.0	21724.0	0.06518703079010395	0.04319519551884138
strict	ENSG00000107551	1696.0	9398.0	0.07237933737256566	0.07763739382780176
strict	ENSG00000266094	212.0	2570.0	0.06775222046639341	0.04440491304748716
strict	ENSG00000123094	1881.0	10153.0	0.07857589784657301	0.07677301547966663
strict	ENSG00000161847	9093.0	165748.0	0.03514629819767024	-0.015765498395566322
strict	ENSG00000139687	10113.0	51475.0	0.11496687517257587	0.0604457484241072
strict	ENSG00000162521	12223.0	172219.0	0.0901521349005214	0.07122699868869418
strict	ENSG00000117222	2747.0	69147.0	0.004675655944095275	0.009183911110564639
strict	ENSG00000102054	17489.0	214675.0	0.27236755389728173	0.2784491467712766
strict	ENSG00000101773	12559.0	81064.0	0.16474150726284917	0.1191105879030896
strict	ENSG00000125826	8498.0	144681.0	-0.01731344418145276	0.03520966756431855
strict	ENSG00000103479	5206.0	46004.0	0.05832422199431041	0.06316768905067119
strict	ENSG00000182872	5940.0	101381.0	-0.02588724465896946	-0.019202298706346283
strict	ENSG00000244462	13253.0	164927.0	0.19941818134006323	0.13762541286693422
strict	ENSG00000239306	8458.0	39306.0	0.026016675200049893	0.02116086605038844
strict	ENSG00000162775	4847.0	117504.0	-0.08974747237050151	-0.06187361325747781
strict	ENSG00000122965	1845.0	98163.0	-0.0008651314452476407	0.0006580104085246312
strict	ENSG00000203867	172.0	2024.0	0.0640498286139132	0.03787511048194531
strict	ENSG00000100461	5152.0	106653.0	0.11232438508125939	0.09555059798229229
strict	ENSG00000091009	4962.0	54514.0	0.04227146835437376	0.017257379946062003
strict	ENSG00000188739	118.0	28111.0	0.03317022224364574	0.021627874017687322
strict	ENSG00000132819	26387.0	499996.0	0.19744706318321303	0.1926598233269408
strict	ENSG00000153250	21761.0	117866.0	0.14547352332936092	0.17265215992553062
strict	ENSG00000076067	8145.0	50833.0	0.042022064240286754	0.06461335312059564
strict	ENSG00000144642	1957.0	26448.0	0.1696012989631085	0.11672860652525054
strict	ENSG00000147274	24500.0	416248.0	0.25598621477663525	0.3920395299408096
strict	ENSG00000168214	6499.0	45385.0	0.05510156540204072	0.058357138189795134
strict	ENSG00000157110	1096.0	7873.0	0.1654270048035928	0.1041228910622668
strict	ENSG00000100387	42938.0	79167.0	0.232747674856359	0.197998424546534
strict	ENSG00000135870	4701.0	61020.0	-0.04495138867149244	-0.015638090806679657
strict	ENSG00000056586	5808.0	48924.0	0.014051729994588459	0.020438787375528466
strict	ENSG00000172348	1327.0	11872.0	0.018262376943324162	0.03431705221000524
strict	ENSG00000180198	7567.0	62962.0	0.04945533727118238	0.02483984692950271
strict	ENSG00000117906	56199.0	56464.0	0.11631548524304701	0.12687908041198587
strict	ENSG00000089902	10397.0	78955.0	0.1160139521365757	0.057828918637047436
strict	ENSG00000117625	8430.0	46258.0	0.04254340056172048	0.006374673084265611
strict	ENSG00000278023	357.0	3049.0	0.026118612508411704	0.03604103874377385
strict	ENSG00000122707	1150.0	9328.0	0.11480173626724713	0.12257267449404606
strict	ENSG00000004700	5648.0	46983.0	0.03742957425732106	0.039353994654310075
strict	ENSG00000160957	4195.0	42680.0	0.007117413823317738	-0.0010356744883699446
strict	ENSG00000168476	2014.0	30585.0	0.03796910111942971	0.054345298530200814
strict	ENSG00000115255	147.0	1620.0	0.037118834859614674	0.026385611254591046
strict	ENSG00000162924	393.0	8732.0	0.0181424451635882	0.02880601464567032
strict	ENSG00000173039	5198.0	70920.0	0.04291631853297416	0.05381132010115557
strict	ENSG00000104856	1903.0	13182.0	0.10151661569607337	0.10360714521987469
strict	ENSG00000189056	917.0	7654.0	0.1508469022051248	0.12953927288942835
strict	ENSG00000054967	1123.0	22002.0	0.04569798305904896	0.04801014661577573
strict	ENSG00000135597	7583.0	100867.0	0.07816048958389503	0.04324408571013599
strict	ENSG00000134533	2686.0	1911.0	0.08214778266852833	0.14924771019411368
strict	ENSG00000084093	26360.0	179781.0	0.1380911447195189	0.19196797090556192
strict	ENSG00000165731	143.0	1867.0	0.1212429703054694	0.06051247881896073
strict	ENSG00000154153	466.0	5715.0	0.11682183758882017	0.1027008199605572
strict	ENSG00000141699	1755.0	24468.0	0.040781246323346516	0.010694839021295826
strict	ENSG00000076043	8150.0	60568.0	0.1050329222553884	0.09651232064475265
strict	ENSG00000133119	3458.0	23703.0	0.06422737653717842	0.07282654536397125
strict	ENSG00000163918	4423.0	44146.0	0.08183929652456845	0.0702641208973228
strict	ENSG00000111445	3802.0	66867.0	0.05888887527567764	0.047782525669866044
strict	ENSG00000131378	890.0	12850.0	0.2446931326587991	0.1534541610095198
strict	ENSG00000132005	3842.0	30519.0	-0.051656225274370436	-0.06528067420173635
strict	ENSG00000087903	504.0	1995.0	0.017851004332205503	0.04045415776623951
strict	ENSG00000143390	4208.0	64921.0	0.018549953802518462	0.018785137046312097
strict	ENSG00000130988	368.0	8834.0	0.002660677327529939	0.014187803249996118
strict	ENSG00000169629	114.0	37999.0	0.013462825731516647	0.040321664063571364
strict	ENSG00000117152	246.0	3878.0	0.07929122041213807	0.07046176117669166
strict	ENSG00000143248	4469.0	6569.0	0.1879736691102627	0.16611702305245726
strict	ENSG00000144468	1381.0	14960.0	0.005563424190690787	0.020340806811683064
strict	ENSG00000005486	14813.0	267395.0	0.07315283930874508	0.0565246615860319
strict	ENSG00000188672	103.0	268.0	-0.021251785048407468	-0.007639475249311851
strict	ENSG00000106615	39593.0	7558.0	0.05000350293709119	0.035901250500012166
strict	ENSG00000067560	46473.0	191879.0	0.020834263671987697	-0.031976356202872896
strict	ENSG00000155366	26486.0	162461.0	0.07891507552378402	0.07315901262211291
strict	ENSG00000126858	4550.0	43773.0	0.05833095582614573	0.04320752680997896
strict	ENSG00000177963	5233.0	103580.0	0.029084226870856336	0.01452315059990695
strict	ENSG00000132541	1930.0	6484.0	0.021906551324578284	0.024879048924494777
strict	ENSG00000188026	2250.0	58987.0	-0.046155024261318886	-0.05400768695903202
strict	ENSG00000150977	4991.0	2913.0	0.0905436088196542	0.14159777518828726
strict	ENSG00000117016	272.0	3094.0	0.007586357712377277	0.01930409451868077
strict	ENSG00000101098	708.0	6858.0	0.13000017979808168	0.17014381062337366
strict	ENSG00000170468	2219.0	54173.0	0.0028627307270383505	-0.006785709537182121
strict	ENSG00000137275	4648.0	73799.0	0.0819810465004102	0.06968266670522023
strict	ENSG00000104312	1300.0	9745.0	0.019757737775132123	0.035311434848750316
strict	ENSG00000129465	321.0	3971.0	0.08691341991572664	0.0605177410922423
strict	ENSG00000183421	2136.0	26111.0	0.07479163066490321	0.07131466520621366
strict	ENSG00000039523	4028.0	32257.0	0.024464409176695748	0.06432090208971451
strict	ENSG00000139405	8220.0	16618.0	0.015221294610928204	0.03665049299073593
strict	ENSG00000117000	6148.0	27108.0	0.04569753405364335	0.02038519719867462
strict	ENSG00000176623	5115.0	12674.0	-0.02894751010217571	0.005272273830282778
strict	ENSG00000155906	2183.0	39175.0	0.08623968070502633	0.08941946289341259
strict	ENSG00000153561	14291.0	169103.0	0.2552441151684346	0.19707398168246104
strict	ENSG00000136104	4984.0	33171.0	0.06685605776158673	0.05766910298949414
strict	ENSG00000135828	557.0	5965.0	0.03215952955497394	0.050568213548163286
strict	ENSG00000128482	309.0	16927.0	-0.005267557887396872	-0.019081692311366028
strict	ENSG00000137522	3152.0	65349.0	0.04882294435779909	0.049048780097162396
strict	ENSG00000133135	1825.0	3374.0	0.061174332936320734	0.06056513195248347
strict	ENSG00000108523	9327.0	119959.0	0.0082261631125129	0.0002133179602076669
strict	ENSG00000164197	1103.0	9698.0	0.04854250244071249	0.01223189026167754
strict	ENSG00000168159	12033.0	220452.0	0.02782113410614569	0.05957329517536708
strict	ENSG00000121481	4135.0	28603.0	0.08133237379099634	0.06412444792237978
strict	ENSG00000173456	5103.0	14070.0	-0.006419987938283198	0.009443321692175242
strict	ENSG00000092098	3212.0	40963.0	0.013267199034960169	-0.011573140666072842
strict	ENSG00000137075	10048.0	62080.0	-0.014923782501969707	0.01853375127839267
strict	ENSG00000204618	103.0	1717.0	0.08634478641344386	0.06349734517199304
strict	ENSG00000108375	2396.0	62807.0	0.11817078101614398	0.10447523995148157
strict	ENSG00000116747	7917.0	40180.0	0.046800257470848344	0.007027786981192811
strict	ENSG00000154133	498.0	10194.0	0.12146256980626519	0.10174309648432608
strict	ENSG00000067900	5634.0	71952.0	0.025454214497010567	0.011424061928850987
strict	ENSG00000134318	11042.0	27313.0	0.010446216113866135	0.011495260048416072
strict	ENSG00000185483	4572.0	21298.0	0.22835050621307004	0.23328576018232286
strict	ENSG00000169071	2066.0	25872.0	0.07443829992612527	0.08927939325419026
strict	ENSG00000143365	1954.0	24190.0	0.13505513371518157	0.14236246058782964
strict	ENSG00000132383	8513.0	65127.0	0.07138065647034172	0.03510277954278265
strict	ENSG00000117748	6652.0	43064.0	0.10399259683031761	0.07440265125149803
strict	ENSG00000106399	10047.0	37175.0	0.1386390525044491	0.10624411708696775
strict	ENSG00000103932	2390.0	43873.0	0.03094783778469865	0.008608916782313682
strict	ENSG00000005175	12569.0	54618.0	0.11861008689706952	0.07284572794093802
strict	ENSG00000117133	12922.0	84681.0	0.13247981852332502	0.09727061255765478
strict	ENSG00000163902	34321.0	498194.0	0.2566582342416315	0.1867012565775002
strict	ENSG00000177519	621.0	8045.0	0.11841038406183872	0.11133489083559256
strict	ENSG00000179673	253.0	1772.0	-0.02478287087314969	-0.0068901065927324395
strict	ENSG00000100784	1694.0	12881.0	0.04643006553693739	0.06431934945113735
strict	ENSG00000141564	1554.0	40202.0	-0.016429540710124972	-0.041330771654638956
strict	ENSG00000166133	2150.0	15636.0	0.022686504943334955	0.0017553126685450646
strict	ENSG00000166592	1143.0	3930.0	0.10752893095570083	0.12220684003390063
strict	ENSG00000126458	4220.0	25653.0	0.057823523878790306	0.06390006688716993
strict	ENSG00000124782	9669.0	277157.0	-0.013296217089934528	0.09673655158667588
strict	ENSG00000167325	6533.0	57812.0	0.212876372906483	0.20927515269354616
strict	ENSG00000171848	10939.0	55790.0	0.21281041789593252	0.2112803635131722
strict	ENSG00000052749	4007.0	28484.0	0.003650991081921757	0.02795638463875463
strict	ENSG00000067533	3527.0	21542.0	0.020269583604482735	0.008603855083565488
strict	ENSG00000160208	2198.0	37978.0	-0.02582171885803333	-0.023128343369353054
strict	ENSG00000179041	2343.0	20685.0	0.03906637754575836	0.057324782998707725
strict	ENSG00000134321	3044.0	19948.0	0.29818617347000154	0.2486293648590614
strict	ENSG00000081019	4144.0	42913.0	0.008383178955327641	-0.01749924546202342
strict	ENSG00000172426	1224.0	14086.0	0.1494272052431065	0.15958133958161175
strict	ENSG00000146374	2029.0	13912.0	0.2797899429444827	0.29774498228458707
strict	ENSG00000159579	2224.0	19476.0	0.02503509737340934	0.009165931114832389
strict	ENSG00000174891	7913.0	56122.0	0.002336800164618919	0.02948188099529145
strict	ENSG00000100220	9927.0	105088.0	0.09359903178058096	0.11005418312943434
strict	ENSG00000182010	4343.0	34625.0	0.10384515809335668	0.10056504426803685
strict	ENSG00000134590	13221.0	123532.0	0.499652207163855	0.5506806700899682
strict	ENSG00000115310	25668.0	30018.0	0.0036709967068792263	0.04623737320950607
strict	ENSG00000130347	1183.0	12004.0	0.02974836089345998	0.04440329513965634
strict	ENSG00000145016	2263.0	62708.0	-0.005591300970703678	-0.022109128158112844
strict	ENSG00000102445	477.0	4257.0	0.01875405451519545	0.056029914553140096
strict	ENSG00000204130	2236.0	27581.0	0.05190130463093273	0.038411926732858
strict	ENSG00000159216	5299.0	21042.0	0.1789962256776327	0.20870129617950436
strict	ENSG00000079102	223.0	4485.0	0.08276968408533156	0.08472768020928849
strict	ENSG00000124813	1357.0	10087.0	0.07998056335621659	0.09041408670763529
strict	ENSG00000020633	4529.0	28621.0	0.18520630780067945	0.20492983283166846
strict	ENSG00000175792	9111.0	101061.0	0.08438847839625069	0.07000670325078286
strict	ENSG00000183207	5839.0	59610.0	-0.01593963293790062	0.013412839512702956
strict	ENSG00000111832	15046.0	12160.0	0.06978992651505779	0.05020422216141072
strict	ENSG00000182552	5532.0	19445.0	0.055862295492624	0.05155607333881026
strict	ENSG00000186350	3050.0	34663.0	0.040035754496402495	0.05442712274558464
strict	ENSG00000196218	2663.0	146931.0	0.1459791331008996	0.16895751452970792
strict	ENSG00000160678	4241.0	167620.0	0.1345025271057798	0.14584488073818977
strict	ENSG00000170989	559.0	4921.0	0.17842196416256917	0.12134521079497065
strict	ENSG00000213694	3324.0	32878.0	0.1475778800639253	0.15827403365778545
strict	ENSG00000168061	4804.0	1698.0	-0.06265502529109265	-0.03331333141141437
strict	ENSG00000151835	1568.0	11405.0	0.10238385747609915	0.1019387596207485
strict	ENSG00000160633	8083.0	66183.0	-0.024943881409991507	0.007901822914230161
strict	ENSG00000101115	416.0	5200.0	0.07186032057951505	0.0679022215699924
strict	ENSG00000020577	662.0	6624.0	0.05563494402381111	0.043194485870677056
strict	ENSG00000203727	502.0	5677.0	0.10812309958609369	0.08450075239420386
strict	ENSG00000205413	1792.0	7314.0	0.20558014930238527	0.11566735647566177
strict	ENSG00000101347	3854.0	36229.0	0.11652447590238754	0.11802681697664552
strict	ENSG00000186193	3275.0	24731.0	0.140905420311479	0.13116819055541168
strict	ENSG00000175467	3843.0	97644.0	-0.013219217766851456	-0.00683556860684052
strict	ENSG00000075856	7795.0	134848.0	0.000520166348346748	0.010696104386484623
strict	ENSG00000111961	6395.0	34012.0	0.11582704068146862	0.14776139265047267
strict	ENSG00000141504	10598.0	133578.0	0.0931889688376566	0.09684344355984689
strict	ENSG00000182568	3174.0	20145.0	0.05748949185358112	0.06807076897165432
strict	ENSG00000119042	172.0	2218.0	0.05147401627480766	0.05453678514353143
strict	ENSG00000139697	6213.0	59518.0	0.052822863999660005	0.040859632957310904
strict	ENSG00000064932	3232.0	7115.0	0.022446632349571914	0.02574744282843824
strict	ENSG00000156304	2381.0	102707.0	0.03923618534848142	-0.002504984418493735
strict	ENSG00000227500	2599.0	10600.0	0.014907298321945796	0.010818848328898071
strict	ENSG00000140386	2869.0	25670.0	0.01087583039981998	0.0010242696819881103
strict	ENSG00000073060	6681.0	33350.0	0.10989518922482928	0.08373523122026151
strict	ENSG00000184178	1896.0	41172.0	-0.019370415154123938	-0.03506909608856137
strict	ENSG00000171951	224.0	3270.0	-0.007257857294009658	0.0016984073513060022
strict	ENSG00000166922	6122.0	4310.0	0.09215051058798204	0.0848484333699738
strict	ENSG00000168515	1387.0	2888.0	0.14980703521752514	0.1618286003409034
strict	ENSG00000124935	8791.0	15748.0	0.29838715195713883	0.3441031478659958
strict	ENSG00000006747	623.0	8505.0	0.10932697580811088	0.056826761146805724
strict	ENSG00000102098	637.0	8297.0	0.030769396227897358	0.028501369340838918
strict	ENSG00000177098	206.0	4543.0	0.06234782699948603	0.07132957596959381
strict	ENSG00000136546	125.0	1066.0	0.37131247109694693	0.14314918665896553
strict	ENSG00000196876	348.0	7323.0	-0.0015106414031188838	0.010591973333641097
strict	ENSG00000111319	62624.0	1737348.0	0.15759128221431107	0.15778212287237256
strict	ENSG00000166828	1517.0	2557.0	0.04411712537331688	0.08032056662607656
strict	ENSG00000121064	37201.0	237426.0	0.2805925979972238	0.26606588316398466
strict	ENSG00000180900	19217.0	90210.0	0.023018382130303924	0.02746569960246814
strict	ENSG00000136193	2658.0	76323.0	0.028023062333338965	0.022673698545380663
strict	ENSG00000198301	3760.0	34410.0	0.009835606556344606	0.018041749756618302
strict	ENSG00000169439	2002.0	30232.0	0.1915484034272796	0.15127711123211718
strict	ENSG00000162512	1283.0	14260.0	0.05851098405180227	0.03308828978973185
strict	ENSG00000124145	29009.0	164753.0	0.276117304126704	0.33794829454321546
strict	ENSG00000128228	3924.0	9627.0	0.044431906625137005	0.043949055707199196
strict	ENSG00000073578	7878.0	591226.0	0.1637947617447659	0.10421308967065442
strict	ENSG00000196636	4474.0	37440.0	0.034207948229729605	0.021803013367803065
strict	ENSG00000117118	8572.0	106089.0	-0.0002523737463090768	-0.012050588385657531
strict	ENSG00000069188	2628.0	50781.0	0.1891131910544852	0.1708045818300108
strict	ENSG00000157020	12649.0	173909.0	0.09609704998849114	0.0700986410987226
strict	ENSG00000148396	11637.0	154210.0	0.028243459501309735	0.05464606754444741
strict	ENSG00000101310	12178.0	64799.0	0.0975049193510064	0.0749138471958427
strict	ENSG00000138593	4961.0	32026.0	0.10107463497965288	0.08466469938034726
strict	ENSG00000071537	8040.0	43960.0	2.67916848001315e-05	0.0022069187175962723
strict	ENSG00000143416	12887.0	133260.0	0.1297844098836058	0.10404025526445887
strict	ENSG00000198843	27221.0	41728.0	0.025898320970769995	0.012677565407560569
strict	ENSG00000110876	152.0	4126.0	0.08199808317986379	0.04253816550603622
strict	ENSG00000075213	1529.0	10483.0	0.15298101108094314	0.17171417509123574
strict	ENSG00000075223	10155.0	66762.0	0.10323194963701948	0.10560587354225057
strict	ENSG00000153993	1834.0	8564.0	0.07046299242355761	0.08485343423453989
strict	ENSG00000001617	4134.0	23964.0	0.0633704610727088	0.06779170682404533
strict	ENSG00000185033	8837.0	166554.0	0.07185495298162364	0.09217671165742826
strict	ENSG00000168758	8051.0	501061.0	0.03516601643005719	-0.006738985698943412
strict	ENSG00000187764	6053.0	163114.0	0.11825101804586102	0.07043815793056757
strict	ENSG00000138623	688.0	2830.0	0.12234923322472879	0.06971117900425433
strict	ENSG00000079387	5555.0	32417.0	0.04110047354863164	0.006756124749397889
strict	ENSG00000112701	21808.0	112005.0	0.09540841862266025	0.06968654613127626
strict	ENSG00000184702	1745.0	100884.0	0.004324989983815218	0.011302080383480797
strict	ENSG00000125354	5088.0	117207.0	0.068494403283585	0.10423562807767728
strict	ENSG00000184640	17899.0	303697.0	0.1266792887480621	0.16530916846088473
strict	ENSG00000196136	1429.0	14112.0	0.1985923709588469	0.1976004153482408
strict	ENSG00000188488	77682.0	777626.0	0.4956490005785415	0.5633402036124658
strict	ENSG00000206075	369.0	1054.0	0.05499779543887495	0.0783506312308455
strict	ENSG00000170542	1558.0	10630.0	0.10197658120911224	0.09319390923903959
strict	ENSG00000106366	325.0	2952.0	0.16159986554444344	0.10154855862895507
strict	ENSG00000167711	469.0	859.0	0.031034377181869445	0.07087017974871825
strict	ENSG00000149257	42046.0	221233.0	0.2786200513003171	0.2376940436753167
strict	ENSG00000114204	138.0	1218.0	0.03097284941829951	0.03322925284917776
strict	ENSG00000130766	1817.0	18589.0	0.06283920157095618	0.05180384365786709
strict	ENSG00000149212	3883.0	15157.0	0.06755071561824563	0.04725719683256547
strict	ENSG00000185917	2907.0	65117.0	0.05446254258891907	0.04503648206030927
strict	ENSG00000143379	4728.0	104547.0	0.038002955230991356	0.03009535780786949
strict	ENSG00000174938	6035.0	63643.0	0.22531338786770022	0.22602868857468755
strict	ENSG00000099995	10772.0	200975.0	0.08599166841871611	0.06534590936907914
strict	ENSG00000115524	29404.0	138334.0	-0.02984307324767614	0.011750326419912744
strict	ENSG00000189091	12262.0	140995.0	0.04040736790275328	0.08321577394039416
strict	ENSG00000143368	9361.0	108064.0	0.07453873002848216	0.05832245645738025
strict	ENSG00000116560	57587.0	740172.0	0.08782145602746541	0.13788662834351087
strict	ENSG00000104332	1340.0	12131.0	0.40033260219262423	0.30513459587980496
strict	ENSG00000106483	808.0	9728.0	0.42901023078685424	0.274274950946397
strict	ENSG00000061936	5901.0	57056.0	0.04677555524602429	0.04165894476365649
strict	ENSG00000164466	3873.0	61584.0	-0.02032410251899766	-0.0100680338182958
strict	ENSG00000156398	1558.0	55794.0	0.04072467350812544	0.056397988786627974
strict	ENSG00000118515	3299.0	42938.0	0.1123620847893933	0.0988144394051428
strict	ENSG00000181523	3207.0	61204.0	0.09857867457178486	0.05871081423446005
strict	ENSG00000160999	2286.0	60646.0	0.10705314935591448	0.0983380826225535
strict	ENSG00000027869	304.0	9005.0	0.03187906473442438	0.039253841859013754
strict	ENSG00000095370	693.0	14252.0	0.05340200998981831	0.02943393266454209
strict	ENSG00000185437	633.0	6572.0	-0.029195579931082436	0.0004216253755521607
strict	ENSG00000198478	7920.0	50547.0	0.14905557349324083	0.10933771217728003
strict	ENSG00000131370	4025.0	33421.0	0.11021737794689303	0.13361247852272606
strict	ENSG00000175137	2056.0	71806.0	0.011723245114182233	-0.0027199149443659964
strict	ENSG00000148341	8430.0	108601.0	0.05568153218947718	0.03819529216839134
strict	ENSG00000156463	955.0	23677.0	0.09819657231520476	0.12273164833056384
strict	ENSG00000251322	900.0	60215.0	0.12248319151900833	0.06765628807947685
strict	ENSG00000179526	9130.0	41837.0	0.03188061586326042	0.01200051546013112
strict	ENSG00000129214	232.0	2910.0	0.04205166477515208	0.0446198301175156
strict	ENSG00000160691	11655.0	117043.0	0.09753788577665308	0.12952581892554282
strict	ENSG00000130813	7156.0	93162.0	0.14332595184262661	0.1589350043862583
strict	ENSG00000164690	674.0	5649.0	0.24170292528092338	0.16998245235508214
strict	ENSG00000171984	1038.0	3188.0	0.029966527364798778	0.01657027065448597
strict	ENSG00000122376	7061.0	35134.0	0.044799106065052705	0.04223081882207433
strict	ENSG00000176974	12376.0	38954.0	0.08854053246999369	0.07601109606485386
strict	ENSG00000182199	29724.0	330662.0	0.1845586796701012	0.23588615142655275
strict	ENSG00000164403	874.0	24076.0	0.09149556957078556	0.035772462971933615
strict	ENSG00000110013	1716.0	62993.0	0.029456379089329368	0.046691157847381
strict	ENSG00000196470	6628.0	39860.0	0.04678757808521432	0.043168694016786344
strict	ENSG00000185187	5579.0	53853.0	0.026367831937692265	0.01516455723205616
strict	ENSG00000088827	749.0	22672.0	0.07393320580570371	0.08204506661874862
strict	ENSG00000161640	696.0	21398.0	0.12528980960190023	0.09502067208089157
strict	ENSG00000105492	389.0	9950.0	0.031793997666033705	0.06589385955540644
strict	ENSG00000129450	102.0	2180.0	0.002404031204869625	0.007162644685450111
strict	ENSG00000147955	6472.0	75247.0	0.11817746047985166	0.11988581330878174
strict	ENSG00000170145	2528.0	14266.0	0.0006614227860296867	0.005657919204255786
strict	ENSG00000160584	5338.0	33339.0	-0.0559813958647334	-0.02413767436999534
strict	ENSG00000159263	1789.0	35548.0	0.03760053806924407	0.012875494324374544
strict	ENSG00000170085	3564.0	15562.0	-0.005583911856806692	-0.008488868615502401
strict	ENSG00000169375	5861.0	127286.0	0.016795871142825325	0.03172558340755191
strict	ENSG00000139146	2761.0	153444.0	0.0937556379700199	0.0805022480366206
strict	ENSG00000198053	1094.0	7279.0	0.09104794944480651	0.09091346132459825
strict	ENSG00000096717	6165.0	53916.0	0.027294534402059416	0.03390483203813437
strict	ENSG00000068903	5846.0	31609.0	0.13643844494033017	0.17940603049899773
strict	ENSG00000142082	2260.0	32124.0	-0.00041379242928890093	0.0021406078415362397
strict	ENSG00000077463	1028.0	14645.0	0.014055222213682274	-0.009218054926589518
strict	ENSG00000187531	3921.0	29917.0	-0.03228565754277781	-0.03309075542717065
strict	ENSG00000126778	1775.0	6687.0	0.20056019137001105	0.23169893813801357
strict	ENSG00000165480	1148.0	21331.0	0.07586547524924442	0.08919401244134514
strict	ENSG00000113558	59514.0	40831.0	0.0022690584427295588	-0.018147288235566484
strict	ENSG00000145604	5522.0	43076.0	0.13416072944320806	0.13764563532072013
strict	ENSG00000018280	764.0	349.0	-0.000512790406474976	0.00899644429079506
strict	ENSG00000110911	18601.0	200044.0	0.1715030235085962	0.16375589148681935
strict	ENSG00000064651	4584.0	54248.0	0.06160016956614388	0.0614800684560152
strict	ENSG00000140199	2819.0	8938.0	0.010633988779144964	0.04889761079469286
strict	ENSG00000088386	649.0	5756.0	0.11117149129960746	0.09842812331038676
strict	ENSG00000155380	3323.0	24111.0	0.08407702074723154	0.1045283478884734
strict	ENSG00000168679	1592.0	26157.0	0.12194808235752619	0.11873832145441698
strict	ENSG00000165449	10852.0	75941.0	0.1596547322683407	0.11984534193165416
strict	ENSG00000119899	7672.0	52879.0	0.1505786052005283	0.14196731483631678
strict	ENSG00000165646	178.0	1301.0	0.15829688914411494	0.15287078267427637
strict	ENSG00000173638	1300.0	5102.0	0.010090655161209793	0.05424692248057065
strict	ENSG00000106688	196.0	1073.0	-0.03393161230471443	0.0019526011422808006
strict	ENSG00000110436	122.0	977.0	-0.004572482485662282	0.015461911079343024
strict	ENSG00000079215	1102.0	1673.0	0.07042083647440421	0.07371332327697364
strict	ENSG00000105281	8793.0	39344.0	0.13743567933425113	0.17773816864635195
strict	ENSG00000168575	2951.0	28514.0	0.07170613531484679	0.053293923680147015
strict	ENSG00000197208	183.0	2347.0	0.012314165784562323	0.006465345032692671
strict	ENSG00000197375	885.0	27924.0	-0.01656743800573638	0.0026641697317641663
strict	ENSG00000089057	1899.0	17387.0	0.12108963722177694	0.08449601243036829
strict	ENSG00000074621	1201.0	27618.0	0.00012703018942955124	-0.014153385378875977
strict	ENSG00000100075	6449.0	145996.0	0.20552662222394102	0.19511712463116418
strict	ENSG00000183048	4945.0	42222.0	0.04850027068694698	0.05294072106225396
strict	ENSG00000108528	10117.0	54183.0	0.07288832785911324	0.01910535196055446
strict	ENSG00000004864	5703.0	101390.0	0.08799450227426386	0.06478656670579241
strict	ENSG00000100372	2214.0	18626.0	0.04401829848084597	0.06763107763409369
strict	ENSG00000013306	7567.0	67492.0	0.0003341278130810782	0.012084469581977987
strict	ENSG00000151729	9684.0	39271.0	0.11295523062696745	0.10168915598144286
strict	ENSG00000075303	3307.0	9778.0	0.06720630647755635	0.07156185662233562
strict	ENSG00000155850	10195.0	61749.0	0.4219930494253436	0.4538375328240622
strict	ENSG00000091138	145947.0	167.0	0.046965175488789736	0.02404199572488134
strict	ENSG00000112759	11077.0	187741.0	0.09397224906523595	0.08660399948442164
strict	ENSG00000198246	2128.0	32855.0	0.04151899011211871	0.056913788924457004
strict	ENSG00000117394	33141.0	308150.0	0.2511789548287068	0.24657579616827147
strict	ENSG00000059804	2960.0	7287.0	0.11266417326582982	0.046608675601249684
strict	ENSG00000125520	52189.0	365879.0	0.1319599352526057	0.09417411940057088
strict	ENSG00000109667	971.0	11642.0	-0.02392259247506124	-0.012360999317226094
strict	ENSG00000162695	4831.0	18504.0	0.0769760135634662	0.05671857918697775
strict	ENSG00000127526	9873.0	110567.0	0.02953152163048433	0.05113090402965928
strict	ENSG00000168917	180.0	2441.0	0.04342717911568844	0.048421661149871675
strict	ENSG00000137700	3858.0	23756.0	0.042414171330825146	0.031868003153997446
strict	ENSG00000103042	1044.0	22769.0	0.06347816425951056	0.05498019540229952
strict	ENSG00000133195	2451.0	24966.0	0.046559467816562235	0.05497240408237486
strict	ENSG00000138821	14406.0	63149.0	0.39286466838761125	0.4027445075476957
strict	ENSG00000029364	7390.0	74133.0	0.07125823678699678	0.038305216971533475
strict	ENSG00000168003	13076.0	111906.0	-0.0012537942644239696	0.05599835488457244
strict	ENSG00000138449	7491.0	64842.0	0.3231059764400206	0.33809060029565785
strict	ENSG00000167703	6672.0	47937.0	0.03827681316145173	0.01672778965456773
strict	ENSG00000163798	2085.0	38464.0	0.033366770395707346	0.031004644061972047
strict	ENSG00000100170	1145.0	17590.0	0.2764709302895072	0.2712033397646054
strict	ENSG00000140675	407.0	769.0	0.032406113418068566	0.049246317467402934
strict	ENSG00000198743	12624.0	228871.0	0.1706618375758196	0.16427128732525442
strict	ENSG00000105641	145.0	1841.0	0.08268821058247255	0.050180411651775274
strict	ENSG00000111181	654.0	3849.0	0.06296406877488771	0.0804663328647719
strict	ENSG00000196517	1384.0	37359.0	0.05804224290322817	0.06179094156736556
strict	ENSG00000151012	3024.0	4944.0	0.08214728911765684	0.1020054694381059
strict	ENSG00000103257	3416.0	14785.0	0.0860275609131089	0.0887118878387851
strict	ENSG00000155465	996.0	11232.0	0.0602911109265736	0.0649131715580118
strict	ENSG00000090020	1832.0	45503.0	0.04470283581778362	0.0574864519825811
strict	ENSG00000109062	22150.0	83213.0	0.27990208102149716	0.37555551072634236
strict	ENSG00000065054	3151.0	66763.0	0.10445892038727109	0.09698986728328338
strict	ENSG00000137491	1043.0	26953.0	0.15892165555579696	0.0871493113041332
strict	ENSG00000172716	3183.0	15074.0	0.09393277512133485	0.10907595822277978
strict	ENSG00000166750	8888.0	64217.0	0.17854968555184061	0.12939106787509697
strict	ENSG00000145147	4822.0	42094.0	0.12619557489633554	0.14447722135727717
strict	ENSG00000184347	8232.0	53312.0	0.1578341484062862	0.13466278440055957
strict	ENSG00000163681	5461.0	49545.0	0.028464566707865034	0.038446797195182625
strict	ENSG00000170365	5977.0	17899.0	0.008284034725113996	0.018400670864365424
strict	ENSG00000175387	11763.0	114153.0	0.1102734639046651	0.10962572605588945
strict	ENSG00000166949	2984.0	64923.0	0.05410689492527242	0.08012847194279034
strict	ENSG00000141646	9180.0	63233.0	0.1260528391360973	0.07154967862311656
strict	ENSG00000101665	5124.0	31002.0	0.09471660406440274	0.09458888138458967
strict	ENSG00000084070	1615.0	30327.0	0.02030286981356247	0.017899504441138435
strict	ENSG00000102038	7628.0	99864.0	0.05221514945025844	0.04802593753234219
strict	ENSG00000080503	2783.0	31354.0	0.16251525534908107	0.16012635582571888
strict	ENSG00000127616	43391.0	1352845.0	0.07230595949745526	0.13677285045562615
strict	ENSG00000153147	17470.0	99127.0	0.07261885819544253	0.08903236621682174
strict	ENSG00000163104	5564.0	32016.0	0.017077771202590436	0.019521337975324828
strict	ENSG00000138375	2599.0	41133.0	-0.033583790268971236	-0.01922086280561364
strict	ENSG00000099956	13763.0	152774.0	0.17183296766198666	0.19244967338479727
strict	ENSG00000173473	18198.0	266014.0	0.09177979072223075	0.056858103745488504
strict	ENSG00000073584	9543.0	37992.0	0.09031392623760609	0.043269863584040516
strict	ENSG00000072501	9380.0	226289.0	0.06968983484021646	0.061838340060277205
strict	ENSG00000108055	15103.0	107150.0	0.11324449583562035	0.09087588776348776
strict	ENSG00000113810	30063.0	113185.0	0.23377770265239703	0.21358011396033397
strict	ENSG00000101596	11606.0	26852.0	0.045286321309159716	0.021082429758418536
strict	ENSG00000172062	133.0	28038.0	-0.010873018081304087	0.00934613783652382
strict	ENSG00000205571	122.0	94342.0	0.03474787696783283	0.035735843528054034
strict	ENSG00000128602	7579.0	150764.0	0.06813572440575061	0.10141304769931576
strict	ENSG00000112562	3073.0	12044.0	0.37991438933393895	0.271505630766375
strict	ENSG00000088826	705.0	13748.0	0.049079481672376794	0.03521578170801533
strict	ENSG00000166311	2098.0	30253.0	0.07157583706502242	0.05082758052991713
strict	ENSG00000103056	142.0	1619.0	0.11674363095826909	0.0689628472991841
strict	ENSG00000130768	2349.0	25542.0	0.12071748316116473	0.11818039217803471
strict	ENSG00000183963	3069.0	50018.0	0.06523211531572608	0.03325736800593741
strict	ENSG00000198742	3838.0	76326.0	-0.023013761174080237	-0.01368714031114422
strict	ENSG00000108854	4036.0	58666.0	0.004553228207341251	0.01513792952899822
strict	ENSG00000185420	3465.0	41365.0	0.014313779536834121	0.016814324577333145
strict	ENSG00000124216	303.0	2924.0	0.05724897199555613	0.030676743375379373
strict	ENSG00000019549	689.0	17569.0	0.31552042042052686	0.20878781893013817
strict	ENSG00000092531	6885.0	30858.0	0.11169520995417317	0.10627466652165064
strict	ENSG00000132639	1327.0	14133.0	0.15552150794898778	0.12056125326962693
strict	ENSG00000143740	2816.0	24357.0	0.06692849134429706	0.041568723684905086
strict	ENSG00000145335	1132.0	623.0	0.03410661236242875	0.05220003459570665
strict	ENSG00000197157	21826.0	701613.0	0.12528291221391644	0.13985906520164232
strict	ENSG00000255717	4636.0	66414.0	0.020217398761982606	0.012766715259930282
strict	ENSG00000174365	4608.0	2346.0	-0.028164226379034103	-0.015933218891914718
strict	ENSG00000232956	4419.0	45939.0	-0.05976957369459221	0.0012918536414373125
strict	ENSG00000196756	13745.0	16089.0	0.08696773666450289	0.08624510123423412
strict	ENSG00000269893	13689.0	4653.0	0.06290546523366683	0.07947909092708907
strict	ENSG00000144028	35905.0	333413.0	0.1205482461131248	0.07454800002768633
strict	ENSG00000125835	49448.0	273690.0	0.19898730599120615	0.24578998727547946
strict	ENSG00000167088	30163.0	15248.0	0.11993398149447826	0.10809410565931456
strict	ENSG00000100028	23971.0	26792.0	0.18101432875324452	0.15095166049508305
strict	ENSG00000168807	4980.0	63802.0	0.08765559601157483	0.044864007225558264
strict	ENSG00000273173	544.0	69417.0	0.016696444039940084	-0.03142599903415523
strict	ENSG00000028528	10264.0	115829.0	0.0790811623979271	0.017059052671469354
strict	ENSG00000086300	710.0	1835.0	0.12402126991852286	0.08748163413854466
strict	ENSG00000002919	1587.0	18125.0	0.011940733038030013	0.031481011095317424
strict	ENSG00000110025	2703.0	21459.0	0.030221616967828997	0.04146307931244379
strict	ENSG00000104497	1550.0	11273.0	0.04135495464431108	0.05295255030526203
strict	ENSG00000115234	13173.0	167747.0	0.06400926508876541	0.04577526515752731
strict	ENSG00000120451	3487.0	19733.0	0.010278040075397753	-0.0014621421310761099
strict	ENSG00000143376	4661.0	66293.0	-0.011667255946305407	-0.007250880601996154
strict	ENSG00000048471	4596.0	132041.0	0.04954741001550274	0.06806744674343398
strict	ENSG00000148158	1652.0	21362.0	0.022476922857168923	0.02487637729119482
strict	ENSG00000173548	1667.0	51670.0	-0.009489562844775892	-0.05903834946008229
strict	ENSG00000114520	9507.0	21035.0	0.05496036208774763	0.04450019899731968
strict	ENSG00000106266	3067.0	23287.0	-0.03149771899639644	-0.024620987142086003
strict	ENSG00000057252	4522.0	20660.0	0.04622740242467274	0.058302338921501724
strict	ENSG00000185338	2307.0	15008.0	0.1297691139226147	0.11502963292733198
strict	ENSG00000120833	407.0	6549.0	0.0481641446822902	0.07465229387635332
strict	ENSG00000184557	2900.0	59872.0	0.3782515150970398	0.2600283328594846
strict	ENSG00000142168	39438.0	242787.0	0.1618453994480526	0.08050304416417904
strict	ENSG00000109610	1497.0	5966.0	0.17024815954102357	0.15471666527134864
strict	ENSG00000184985	914.0	3065.0	0.34617869816003305	0.13967899198686934
strict	ENSG00000140263	1614.0	72130.0	0.1066275144376306	0.1141597895271036
strict	ENSG00000137642	47419.0	324615.0	0.3133072689373054	0.42769665813642055
strict	ENSG00000134243	17469.0	72082.0	0.2361971909353024	0.24927937136043565
strict	ENSG00000115904	7681.0	45669.0	0.07660402674455258	0.07716684139082318
strict	ENSG00000171243	1280.0	5159.0	0.10436141356786663	0.12671925682451515
strict	ENSG00000164736	29835.0	339048.0	0.27382414795702703	0.33494122153043016
strict	ENSG00000203883	1806.0	10257.0	0.12391506640837649	0.11862922649073426
strict	ENSG00000242808	318.0	5074.0	-0.03861106478662245	-0.024824384828691315
strict	ENSG00000039600	164.0	1358.0	0.034724654141746074	0.057023191765409834
strict	ENSG00000134532	2786.0	26086.0	0.16707654563177793	0.175883961740409
strict	ENSG00000110693	7117.0	22291.0	0.025315367218328527	0.022570872101683445
strict	ENSG00000125398	6856.0	45849.0	0.1691032485529485	0.15866604036580026
strict	ENSG00000185591	5859.0	229067.0	0.05913266168726824	0.08835383430240212
strict	ENSG00000135899	1453.0	30887.0	0.15487025490939837	0.13142778986812853
strict	ENSG00000079263	100.0	3916.0	0.0014331582342851264	-0.012064588068390033
strict	ENSG00000172845	24542.0	195217.0	-0.011359465387390934	0.022796056396237968
strict	ENSG00000064199	1814.0	1663.0	-0.0008442508142830398	0.019124656777546756
strict	ENSG00000235387	358.0	6418.0	0.08850438400133054	0.08676787640425479
strict	ENSG00000104450	3833.0	17877.0	0.12597763818659838	0.11679561124852732
strict	ENSG00000155761	1117.0	18121.0	0.04048972194265091	0.05387208217988229
strict	ENSG00000076382	3543.0	32567.0	0.03465581204111701	0.043372275960481904
strict	ENSG00000077327	1449.0	20397.0	0.10981057822781878	0.14200452202700267
strict	ENSG00000137098	433.0	5728.0	0.008721557966403476	0.014237410468523042
strict	ENSG00000133104	9156.0	106149.0	0.04519354553683542	0.036113156822448714
strict	ENSG00000163071	1437.0	9703.0	0.17497071107046236	0.204619418645711
strict	ENSG00000145375	1498.0	32520.0	-0.012285951143288409	0.029126834974682995
strict	ENSG00000171763	2270.0	17163.0	0.051657512050767865	0.04650352392171283
strict	ENSG00000042317	1137.0	13220.0	0.007722972886807691	0.014587695971514773
strict	ENSG00000123352	7239.0	109261.0	0.03134957389234729	0.04405226354893807
strict	ENSG00000196141	3510.0	39312.0	0.10028881685094043	0.11045103032581001
strict	ENSG00000163806	207.0	458.0	0.04111068497395396	0.025866722422684334
strict	ENSG00000128487	2001.0	44503.0	0.02662510889214876	0.02258521369945058
strict	ENSG00000100014	4059.0	94899.0	0.062226548797604	0.06173831712759694
strict	ENSG00000176170	1195.0	12602.0	0.14659003574466892	0.15368277423403542
strict	ENSG00000066336	430.0	5210.0	0.05448260087286681	0.08643273823911324
strict	ENSG00000163611	9544.0	104250.0	0.09168848419451554	0.045913102293131815
strict	ENSG00000106723	19675.0	131038.0	0.14948179247575616	0.06518636631821326
strict	ENSG00000204271	1203.0	7640.0	0.013877827858584262	0.03900581298331353
strict	ENSG00000197471	181.0	2548.0	0.05102840386982117	0.046719362018170514
strict	ENSG00000152377	798.0	1160.0	0.08598024870138155	0.07711324956705265
strict	ENSG00000262655	152109.0	918237.0	0.5094279684955929	0.4966190777603587
strict	ENSG00000159674	1334.0	14523.0	0.26607441082192235	0.16002183281198568
strict	ENSG00000138600	5382.0	20178.0	0.031674667403015735	0.04042601530563375
strict	ENSG00000136158	7354.0	5817.0	0.1182136241133686	0.13582232256101284
strict	ENSG00000123178	1089.0	751.0	0.02251626173921384	0.04464630437561727
strict	ENSG00000115306	10452.0	104918.0	0.19347911904967646	0.14807895551642755
strict	ENSG00000104549	11126.0	90790.0	0.26632929337405387	0.25146409414169013
strict	ENSG00000161011	21008.0	42266.0	0.12323618192068835	0.11814799657496754
strict	ENSG00000213523	6253.0	58479.0	0.0231716385954662	0.01965018034709901
strict	ENSG00000197122	2128.0	25919.0	-0.0243835364830104	-0.047630877507757276
strict	ENSG00000080603	8457.0	121270.0	-0.010824881695845393	-0.0749934373975643
strict	ENSG00000277363	172.0	6983.0	0.018913819976110417	0.028496700080041633
strict	ENSG00000145545	1928.0	8296.0	0.029408244418157495	0.0608980899200085
strict	ENSG00000128039	3553.0	16884.0	0.030144131962543095	0.04295988850498302
strict	ENSG00000072310	13175.0	112630.0	0.19664828781687893	0.15750469153784893
strict	ENSG00000198911	9239.0	177457.0	0.17587619051617448	0.16669324484069564
strict	ENSG00000112658	5590.0	63906.0	0.04095348743425741	0.04542830290502837
strict	ENSG00000151304	1824.0	17885.0	0.040022346212033474	0.005578409970538817
strict	ENSG00000075142	24547.0	139154.0	0.13248219262776811	0.13451020687828433
strict	ENSG00000096063	12550.0	75449.0	0.18093482795635318	0.14281867336472717
strict	ENSG00000101955	1117.0	11255.0	0.1348887880686155	0.08534005616014768
strict	ENSG00000136450	17357.0	128947.0	0.0874915203738284	0.030492556691258537
strict	ENSG00000161547	42870.0	47058.0	0.07037380387789276	0.08220511873664402
strict	ENSG00000141380	11105.0	111073.0	0.11818204109983724	0.1250101294865224
strict	ENSG00000138385	31439.0	124477.0	0.1560639526603723	0.13472662247027523
strict	ENSG00000157216	25779.0	262517.0	-0.029771475484668707	0.023456038653241102
strict	ENSG00000149136	12046.0	122958.0	0.030243231086462936	0.053305035910677215
strict	ENSG00000278195	539.0	3808.0	0.002863932353021792	0.03660950559741292
strict	ENSG00000117155	9020.0	90381.0	0.13987843831164232	0.10052777824284415
strict	ENSG00000149418	52126.0	589276.0	0.33391597194683253	0.3198772264885443
strict	ENSG00000073849	6797.0	23432.0	0.1358011223507895	0.13848605463223457
strict	ENSG00000010327	1679.0	40367.0	0.19219479346304602	0.14253274329043225
strict	ENSG00000185482	208.0	5580.0	0.008377130840080696	0.024639279540122724
strict	ENSG00000147465	1718.0	13157.0	0.3322178298398325	0.2555872693874063
strict	ENSG00000115415	33534.0	590588.0	0.30505058030533516	0.33196565591540106
strict	ENSG00000170581	24619.0	313408.0	0.3443147639159384	0.43720206260532624
strict	ENSG00000168610	5606.0	136375.0	0.11264945333128462	0.12611725121448814
strict	ENSG00000126561	1027.0	13371.0	0.11938297098786363	0.10020224996634623
strict	ENSG00000173757	1162.0	11073.0	0.0909532414499543	0.04840389970780319
strict	ENSG00000166888	6579.0	224964.0	0.18278126885080376	0.1966369880372408
strict	ENSG00000124214	20571.0	456468.0	0.10346196090340931	0.031038834198749993
strict	ENSG00000040341	7998.0	50772.0	0.11469412999678821	0.09896334403705698
strict	ENSG00000113739	2607.0	61077.0	0.09337765450763383	0.0918305011031613
strict	ENSG00000164647	1464.0	12490.0	0.22501586436400428	0.23251398261111686
strict	ENSG00000123473	5046.0	33134.0	0.09051716943484728	0.0768274668336685
strict	ENSG00000167323	2021.0	31886.0	0.11019720415141851	0.1119529416926814
strict	ENSG00000109689	1690.0	28291.0	0.06320541774459476	0.03875126339315725
strict	ENSG00000118046	8501.0	75186.0	0.03301725473648452	0.055754011191846524
strict	ENSG00000115661	2154.0	34422.0	0.02153326681822146	0.007486092449829051
strict	ENSG00000104375	6887.0	26621.0	0.057028112320382955	0.06669587804509901
strict	ENSG00000196335	2535.0	31986.0	0.10026899582812036	0.10235623552017736
strict	ENSG00000169302	480.0	2644.0	0.0073044051923215475	0.024884109724410592
strict	ENSG00000165752	1261.0	11111.0	-0.015502395547966728	-0.006672690257936736
strict	ENSG00000130413	1293.0	8932.0	0.016890378313342305	0.02051103552931779
strict	ENSG00000125834	5377.0	57999.0	0.018226271739546742	0.028335536405774353
strict	ENSG00000198648	3310.0	19956.0	0.009273294670700736	0.014009518880763518
strict	ENSG00000101109	2790.0	36720.0	0.015304346203561033	-0.01325751574517854
strict	ENSG00000196182	11314.0	178722.0	0.17089871976250778	0.1240412777503984
strict	ENSG00000117632	57920.0	213211.0	0.20430354609792506	0.23254080379275874
strict	ENSG00000197457	807.0	14478.0	0.11895746760337568	0.10212456680826619
strict	ENSG00000067221	1191.0	5276.0	0.03291256841880959	0.03327691729491971
strict	ENSG00000143093	2680.0	73362.0	0.03223773642164635	0.01117317177292674
strict	ENSG00000128578	281.0	10041.0	0.02274823139028096	0.024921321689799412
strict	ENSG00000196792	7154.0	39591.0	0.0822670706436853	0.04047004581361852
strict	ENSG00000090372	1711.0	45427.0	0.095633076527846	0.10636772652098152
strict	ENSG00000101846	1151.0	4773.0	0.02644724214631433	0.021660173090218067
strict	ENSG00000103266	7606.0	85116.0	0.14510802330725842	0.10728169555730828
strict	ENSG00000135604	106.0	381.0	0.001668395902239989	0.03292683364202534
strict	ENSG00000106089	972.0	23958.0	0.027139114559144056	0.010831250877950819
strict	ENSG00000079950	8580.0	75109.0	0.05131098418276547	0.07043911043921244
strict	ENSG00000166263	1271.0	16656.0	0.04002950230445136	0.04412365766517777
strict	ENSG00000164506	2936.0	16436.0	0.019997261062407793	0.04265829152625676
strict	ENSG00000060140	469.0	4543.0	0.0066282544512916534	0.036467749478414406
strict	ENSG00000175600	1041.0	18642.0	0.04984024672684696	0.06293768274809283
strict	ENSG00000064607	18045.0	247805.0	-0.02462374397881465	0.01977209461868417
strict	ENSG00000137573	1633.0	22842.0	0.18635259529133544	0.155572643667925
strict	ENSG00000196562	5997.0	73319.0	0.3098599468357871	0.24425586943621633
strict	ENSG00000196502	2066.0	12858.0	0.02623991889831885	0.02493200051130541
strict	ENSG00000116030	24954.0	69340.0	0.07689417030400358	0.010919069577559287
strict	ENSG00000156502	7070.0	36160.0	0.0928599140491205	0.0433993356196553
strict	ENSG00000148296	6234.0	48956.0	0.03159166780018827	0.024036239622107183
strict	ENSG00000101945	2053.0	56751.0	0.14540725001097707	0.1546817176219701
strict	ENSG00000122012	3086.0	34007.0	0.22784031379385897	0.2228659924695434
strict	ENSG00000165124	510.0	1661.0	0.050674297262795	0.08492664051448781
strict	ENSG00000197321	6546.0	67921.0	0.08565208765361604	0.11840273717415697
strict	ENSG00000116668	1375.0	18440.0	0.060250770453554994	0.05258854570545732
strict	ENSG00000165025	7345.0	44191.0	0.12672046744329854	0.10968385627812904
strict	ENSG00000135316	40238.0	335119.0	0.05850025139779444	0.11010763041584272
strict	ENSG00000182253	374.0	3663.0	0.061527055947503614	0.049342574786545
strict	ENSG00000172403	795.0	12563.0	0.284143638994509	0.13173673855661627
strict	ENSG00000275066	5380.0	18106.0	0.007060548048245454	0.03424873583935818
strict	ENSG00000102003	185.0	7241.0	0.09368795600736743	0.09842385589224882
strict	ENSG00000137501	653.0	8634.0	0.09393382951765337	0.0770001076783277
strict	ENSG00000162298	5536.0	42141.0	0.08728889660208466	0.07908727235880085
strict	ENSG00000100324	1433.0	28475.0	0.07132441356583227	0.059042875408634884
strict	ENSG00000055208	13993.0	95942.0	0.16922809220686807	0.10172011525139384
strict	ENSG00000138162	4158.0	96312.0	0.019525037961488224	0.037942479021230796
strict	ENSG00000075073	480.0	2596.0	0.05135457076583589	0.04493691371339689
strict	ENSG00000276234	2106.0	43170.0	0.07479638610036586	0.07745491985938172
strict	ENSG00000147133	6724.0	90687.0	0.024339479976758706	0.04000582993206915
strict	ENSG00000219438	561.0	4711.0	0.18327244768234824	0.13325605465443136
strict	ENSG00000183597	835.0	17109.0	0.016475301437985874	0.022798346542631343
strict	ENSG00000168394	6628.0	72423.0	0.3181069589778329	0.2934908581347445
strict	ENSG00000204267	2597.0	74696.0	0.17801354856552187	0.13936152049850276
strict	ENSG00000120948	14695.0	311637.0	0.12172400311119123	0.004562776320817136
strict	ENSG00000163946	8726.0	71228.0	0.07946764033697983	0.018973267750684312
strict	ENSG00000108021	6973.0	18106.0	0.007594168382534388	0.02536108522299235
strict	ENSG00000065491	4842.0	107142.0	0.09507857077222404	0.04372201857126626
strict	ENSG00000111490	351.0	4142.0	0.020838299176481438	0.03662667545792443
strict	ENSG00000133138	722.0	9648.0	0.042888917769655026	0.029564542261510427
strict	ENSG00000145348	3763.0	104008.0	0.05611824345897357	0.02507188130777483
strict	ENSG00000183735	2939.0	19554.0	-0.006189822378402534	0.010099226958942064
strict	ENSG00000106638	4679.0	73483.0	0.08696802936594272	0.08154283574713782
strict	ENSG00000112592	2580.0	30902.0	0.026642435585683737	0.032380820514963035
strict	ENSG00000136270	13144.0	117965.0	0.05271226764473616	0.0673108039678271
strict	ENSG00000143178	224.0	5586.0	0.004171858166929958	-0.00429396012719815
strict	ENSG00000121068	1647.0	10078.0	0.10843951523187603	0.11182877217137693
strict	ENSG00000135111	1490.0	5876.0	0.10400777232748681	0.14520854286365154
strict	ENSG00000006638	163.0	1394.0	0.02294708884377871	0.03262622570722371
strict	ENSG00000059377	681.0	3094.0	-0.021789060310326798	-0.005132749655251915
strict	ENSG00000165929	7490.0	48198.0	0.16561139995266536	0.14328266368302192
strict	ENSG00000204219	2447.0	44448.0	0.08430845210950808	0.0898964849327923
strict	ENSG00000176896	361.0	2728.0	-0.006839086790273126	0.008438066057925329
strict	ENSG00000116205	2739.0	6745.0	0.024629246901991093	0.03264606427365985
strict	ENSG00000100207	3530.0	112277.0	0.003907244166574779	0.010959469297167485
strict	ENSG00000118526	1414.0	29423.0	0.46330884229394115	0.32615272336719653
strict	ENSG00000071564	4861.0	21063.0	-0.016286000551766468	0.018327982250552273
strict	ENSG00000196628	5007.0	58486.0	0.12280368568459823	0.12311737596856095
strict	ENSG00000081059	1491.0	10565.0	0.05386375073764561	0.0429601777347922
strict	ENSG00000148737	7648.0	67162.0	0.033383411030330795	0.022835720771847687
strict	ENSG00000101190	6221.0	12773.0	0.035221512799357084	0.021812150470238732
strict	ENSG00000176907	2081.0	15671.0	0.1162182419594314	0.0865462082062756
strict	ENSG00000070814	3155.0	36796.0	-0.004739533170189112	-0.0049007460869767575
strict	ENSG00000120438	19613.0	103740.0	0.1396056838295845	0.09248836531080219
strict	ENSG00000241186	358.0	7158.0	0.06928065448284987	0.06206806027645045
strict	ENSG00000151790	186.0	2043.0	0.04744192234768664	0.011635463240093881
strict	ENSG00000083544	2555.0	50472.0	0.02678445298528063	0.022918931903220596
strict	ENSG00000196116	1646.0	15585.0	0.042783077055477264	0.048840547404745374
strict	ENSG00000135605	3730.0	91029.0	0.18642730459025886	0.2147882646356139
strict	ENSG00000205356	1507.0	30357.0	-0.0017420215871074788	-0.0009389666227449505
strict	ENSG00000185347	2570.0	44823.0	0.06084115107181281	0.038755093031522525
strict	ENSG00000172171	1577.0	38063.0	0.007192376259736101	0.005139812760592054
strict	ENSG00000120156	626.0	8893.0	0.03188326589055343	0.038064874954731064
strict	ENSG00000167858	774.0	12105.0	0.13076696350075198	0.16524483303827545
strict	ENSG00000125409	108.0	518.0	0.03733983740356271	0.026291087100923406
strict	ENSG00000163060	140.0	2539.0	0.08682299529383157	0.06839345587134706
strict	ENSG00000100726	4413.0	52018.0	-0.03354435234775151	-0.003294731043037773
strict	ENSG00000158246	398.0	5099.0	0.035226086312775094	0.021669257537339635
strict	ENSG00000183508	1641.0	11701.0	-0.021471535331491258	0.036734776157559955
strict	ENSG00000147601	2538.0	33511.0	0.028969206433338782	0.02591755819314774
strict	ENSG00000132604	3401.0	50425.0	0.00545539310653903	0.013080950875787313
strict	ENSG00000135269	7988.0	100095.0	0.13248104505392883	0.13348194818350498
strict	ENSG00000070759	1622.0	5279.0	-0.0025062174937321565	0.01188483378431786
strict	ENSG00000138336	2253.0	27784.0	0.04649480861891276	0.03463469779354612
strict	ENSG00000168769	2585.0	24951.0	0.03830120156253278	0.043781898530483
strict	ENSG00000120498	720.0	3383.0	-0.010999280687542334	0.023618330306002366
strict	ENSG00000121101	165.0	1083.0	0.009922504022329035	-0.007631352984567516
strict	ENSG00000151287	1375.0	1245.0	0.010885719145323665	0.048111445561397306
strict	ENSG00000108064	15200.0	79621.0	0.15852553662475954	0.09521163656218164
strict	ENSG00000137203	584.0	8014.0	0.0833862411033161	0.0902219808747651
strict	ENSG00000068323	7702.0	252969.0	0.4539109483546747	0.48942795780891996
strict	ENSG00000112561	3781.0	38904.0	0.0783059203552856	0.08941585803858539
strict	ENSG00000003436	969.0	8619.0	0.16278045350131767	0.13843178897951716
strict	ENSG00000105825	2582.0	10479.0	0.13985792487007415	0.16453060110961776
strict	ENSG00000106327	117.0	715.0	0.011792715955874493	0.0035522811247999707
strict	ENSG00000072274	15841.0	91447.0	0.18564273665695397	0.15250399617136964
strict	ENSG00000163235	5190.0	19335.0	0.16875945441377443	0.17796226955837358
strict	ENSG00000105329	1080.0	5305.0	0.046477438406433425	-0.00954592054571274
strict	ENSG00000140682	1427.0	11528.0	0.12934708209900034	0.058730572383172704
strict	ENSG00000092969	1024.0	62130.0	0.10827234074655355	0.08973045442970971
strict	ENSG00000119699	605.0	9926.0	0.06458936621675966	0.07563351777724496
strict	ENSG00000106799	12592.0	52775.0	0.13443700883128967	0.09329211315825399
strict	ENSG00000163513	10198.0	105202.0	0.14844681111711827	0.15565870837999574
strict	ENSG00000069702	5117.0	63160.0	0.17906472406355717	0.1993874623413598
strict	ENSG00000092295	790.0	12423.0	0.14522332027285106	0.14943185283193405
strict	ENSG00000198959	14362.0	42039.0	0.22175820123638426	0.295184649103239
strict	ENSG00000168286	4503.0	65020.0	0.09417058827547398	0.06250533475433755
strict	ENSG00000173451	1980.0	2643.0	0.009966670984026139	0.03619418844553047
strict	ENSG00000041988	2485.0	14709.0	0.013453874071032134	0.023845207647345844
strict	ENSG00000178726	583.0	1361.0	0.13196312150567727	0.10775553498642595
strict	ENSG00000137801	2294.0	67243.0	0.31254760175791024	0.20447826518881226
strict	ENSG00000186340	1092.0	8492.0	0.35593820678434246	0.18864103762129855
strict	ENSG00000130193	2545.0	5261.0	-0.0003629381011856503	0.022851665962575762
strict	ENSG00000130775	3726.0	51192.0	0.03906347565854817	0.06356437354995106
strict	ENSG00000126351	4789.0	52698.0	0.007912098002832196	0.004842169309327131
strict	ENSG00000151090	6050.0	24550.0	0.10524379831102408	0.14262353315922763
strict	ENSG00000134077	4934.0	73732.0	0.09541830941737448	0.060739459713570726
strict	ENSG00000154096	19437.0	225349.0	0.35890286920568093	0.46398854066118816
strict	ENSG00000151500	3299.0	19031.0	0.014393082268508032	0.03260367216640486
strict	ENSG00000156299	3668.0	9353.0	0.06779438427539586	0.09427350340219737
strict	ENSG00000146426	4100.0	13042.0	0.004563669194220167	-0.01092871252791237
strict	ENSG00000127666	486.0	5045.0	0.053285162702530524	0.030948545017739703
strict	ENSG00000243414	612.0	4028.0	-0.03283147597115665	-0.006881743159601969
strict	ENSG00000140534	1911.0	26667.0	0.06259976757676425	0.08316356542744663
strict	ENSG00000066056	909.0	37407.0	0.06869170460237434	0.053490439692141005
strict	ENSG00000179886	8155.0	15709.0	0.06745777232262418	0.07078971013624238
strict	ENSG00000181847	385.0	4132.0	0.027493459452759737	0.05331317235506143
strict	ENSG00000142444	11428.0	178516.0	0.06380018976464316	-0.009002610397902403
strict	ENSG00000105197	7673.0	25740.0	0.16612498428263156	0.1937663096400148
strict	ENSG00000035862	12516.0	56785.0	0.22355790728102048	0.1945894157708369
strict	ENSG00000157150	269.0	2346.0	0.03247584815138796	0.04898882638218388
strict	ENSG00000142910	4706.0	67368.0	0.26474310646331717	0.2770457398089222
strict	ENSG00000163659	3914.0	34720.0	0.09419338292962467	0.09639061429093211
strict	ENSG00000150455	490.0	6596.0	-0.007933115951677509	-0.009063527862461517
strict	ENSG00000104067	10831.0	83489.0	0.010167863676519059	-0.00393033012340665
strict	ENSG00000119139	11527.0	206143.0	0.1709111933608189	0.18653410638960619
strict	ENSG00000167900	4015.0	34739.0	0.10118923551750127	0.11739978346386956
strict	ENSG00000163931	8894.0	119039.0	0.13255901734234055	0.1408154308389966
strict	ENSG00000007350	393.0	6298.0	0.06901553268381629	0.06951382737504898
strict	ENSG00000198586	16163.0	92080.0	0.13304360345361008	0.060206829894017884
strict	ENSG00000146872	3378.0	49099.0	0.006464147316113207	0.007158910574759442
strict	ENSG00000174125	277.0	1412.0	-0.004418091199106663	0.020476137621075183
strict	ENSG00000137462	514.0	5958.0	0.013905833570156154	0.03667499677256987
strict	ENSG00000164342	1122.0	7440.0	0.06276356874496758	0.03884960768575293
strict	ENSG00000136869	251.0	4200.0	0.04268838903504969	0.040585270210076574
strict	ENSG00000187554	292.0	3550.0	0.001495004393064811	0.025288332370539512
strict	ENSG00000174130	114.0	1660.0	-0.0037202421389045115	0.012987090683774708
strict	ENSG00000239732	218.0	14181.0	0.0110979319220251	0.011963466771719949
strict	ENSG00000101337	15258.0	325989.0	0.05578011558655187	-0.024159377814896493
strict	ENSG00000198498	4637.0	21507.0	0.008293505510689088	0.028923645874012055
strict	ENSG00000155957	6025.0	31832.0	0.04897314832543593	0.029978028288964235
strict	ENSG00000166292	10425.0	63667.0	0.33630704086886454	0.29760797385377025
strict	ENSG00000106460	14528.0	37976.0	0.10863459544270276	0.04873737916722
strict	ENSG00000110108	5005.0	13275.0	-0.012299090118221261	0.004883876244728811
strict	ENSG00000183160	889.0	16109.0	0.13415287621109273	0.126436105273729
strict	ENSG00000188735	2199.0	25762.0	0.05525813326865807	0.04412688516112261
strict	ENSG00000152558	21108.0	15383.0	0.0453235504728803	0.06560645164451795
strict	ENSG00000171202	1597.0	7557.0	0.041280204015620055	0.044803966321473654
strict	ENSG00000166448	232.0	5125.0	0.09870306769829425	0.090091729438408
strict	ENSG00000111843	43853.0	320827.0	0.2820558558607194	0.23866182217121845
strict	ENSG00000157600	6909.0	136867.0	0.053427003266877576	0.030330853000410343
strict	ENSG00000184584	1827.0	78591.0	0.230546468083707	0.1932321869348299
strict	ENSG00000269556	2278.0	39060.0	0.0813924824147943	0.09770069590892863
strict	ENSG00000170088	3052.0	31184.0	0.056022429743866446	0.047564182278625806
strict	ENSG00000188807	2002.0	10861.0	0.001706818206222564	-0.010230505940466077
strict	ENSG00000146842	8683.0	65024.0	0.14318960107615972	0.08441640689643004
strict	ENSG00000155755	5259.0	43384.0	0.10175270892648879	0.0762319128117232
strict	ENSG00000109133	8307.0	16385.0	-0.01386432933991778	0.0064748608028780425
strict	ENSG00000176142	10088.0	115830.0	0.10073161734596808	0.05436164052302943
strict	ENSG00000170876	4878.0	5045.0	-0.02043477693785447	0.009561690960862934
strict	ENSG00000181458	3286.0	22530.0	0.11582200195114874	0.11213775076962816
strict	ENSG00000151715	534.0	3125.0	0.023960712940360108	0.0636580237312818
strict	ENSG00000109084	3514.0	39406.0	0.15802408369702495	0.13215031133848046
strict	ENSG00000006042	2812.0	27192.0	0.2588721046337996	0.23372191373404005
strict	ENSG00000175348	4220.0	25972.0	0.052072330529921176	0.07228765978090826
strict	ENSG00000120802	29502.0	148194.0	0.25675607885990887	0.27747098677183063
strict	ENSG00000137747	863.0	10023.0	0.06936470988973797	0.06963620459055501
strict	ENSG00000184012	1186.0	10408.0	0.05981097582341025	0.09607586616399047
strict	ENSG00000187045	102.0	1657.0	0.05603129701685518	0.05872228076372161
strict	ENSG00000139324	3115.0	22980.0	0.10886681363595238	0.11260816535387587
strict	ENSG00000125247	4778.0	43742.0	0.11038161525904794	0.08258843027365362
strict	ENSG00000168591	2868.0	18077.0	0.009450560876774062	-0.003195031568463187
strict	ENSG00000139921	4925.0	24881.0	-0.01572325863569437	-0.00022318384672099137
strict	ENSG00000213593	4938.0	44921.0	0.031389565843581206	0.039915121308493506
strict	ENSG00000041982	142.0	1953.0	0.1240411236721172	0.06736863272693451
strict	ENSG00000232810	126.0	1289.0	-0.01731836887992945	0.016167430327377372
strict	ENSG00000145779	1118.0	2187.0	0.03145864406802775	0.08475660625693947
strict	ENSG00000104689	215.0	9929.0	-0.015800045508027737	-0.016882877263854977
strict	ENSG00000120889	2237.0	69505.0	0.07157947601799047	0.05940546201457745
strict	ENSG00000173530	141.0	4381.0	0.002960107798741481	0.03755136942547851
strict	ENSG00000141655	154.0	2453.0	0.0015908051962027527	0.01783159764418957
strict	ENSG00000164761	106.0	685.0	0.05361339741888867	0.06969221787048942
strict	ENSG00000006327	17740.0	63635.0	0.28105143228343044	0.3191811340653563
strict	ENSG00000159958	1436.0	45654.0	0.06808603634894181	0.05988163194306171
strict	ENSG00000157873	2586.0	27788.0	0.1566595105004276	0.15794750730569387
strict	ENSG00000186891	1805.0	13527.0	0.292031113422768	0.2921992649029519
strict	ENSG00000067182	51330.0	169878.0	0.07535293318181988	0.2276453876287369
strict	ENSG00000028137	922.0	9083.0	0.1431498039354017	0.14579371991956705
strict	ENSG00000146072	2628.0	101135.0	0.05906734760931855	0.07948657618569514
strict	ENSG00000243509	938.0	2120.0	0.028305705364632196	0.04149616281640847
strict	ENSG00000120949	214.0	674.0	-0.010034155049064217	0.016822267989561754
strict	ENSG00000121858	3378.0	23493.0	0.16421292642541652	0.1341262325690081
strict	ENSG00000239697	812.0	8427.0	0.07496300480349849	0.056332712512591365
strict	ENSG00000161955	2063.0	13844.0	0.04755549946528603	0.06335059696515569
strict	ENSG00000102524	392.0	2485.0	0.09842310897637863	0.07073731655689648
strict	ENSG00000181634	650.0	3543.0	0.08121085967371494	0.09220525713834486
strict	ENSG00000145901	7186.0	78300.0	0.014857429992345086	0.057853667132714136
strict	ENSG00000061938	4513.0	149105.0	0.032439902803076265	0.024438012283081793
strict	ENSG00000173273	4061.0	19969.0	0.024912036240203706	0.03628468785642743
strict	ENSG00000129991	2457.0	15453.0	0.05959320743616286	0.07032252087251513
strict	ENSG00000118194	356.0	20026.0	0.04518103163020798	0.011400886162026506
strict	ENSG00000064419	5707.0	153623.0	0.025652545256166746	0.0007150509267481584
strict	ENSG00000111077	1809.0	40838.0	0.06420822767845509	0.04483635302623379
strict	ENSG00000168477	660.0	9471.0	0.23303173173918876	0.10783018560573976
strict	ENSG00000078902	6083.0	12228.0	0.06916997543008868	0.054301639287755936
strict	ENSG00000175662	1808.0	38478.0	-0.024525926765314038	-0.01093527578403166
strict	ENSG00000025772	9109.0	110592.0	0.04951126802786892	0.05289279457446985
strict	ENSG00000130204	4302.0	4664.0	0.062219440278040494	0.08161528071856528
strict	ENSG00000160949	1605.0	147622.0	0.0630306101441313	0.05606277652887944
strict	ENSG00000198900	17026.0	160994.0	0.14999973279582152	0.1332762640185307
strict	ENSG00000184428	5010.0	82592.0	0.05813526517374489	0.05277693042488873
strict	ENSG00000131747	15922.0	44788.0	0.23575320486592272	0.20696237806367151
strict	ENSG00000077097	19904.0	186387.0	0.08397287032516623	0.12610601157243834
strict	ENSG00000100038	3375.0	116134.0	0.07917459757276185	0.07234249712449921
strict	ENSG00000163781	7634.0	67913.0	0.12314586642456811	0.10377869496587322
strict	ENSG00000136827	5842.0	28336.0	-0.013024286021362264	-0.024861784251924965
strict	ENSG00000186283	5480.0	8667.0	-0.012191921447606401	0.01003044050869733
strict	ENSG00000198846	2601.0	12825.0	0.10869691614596663	0.1260694411845121
strict	ENSG00000124191	624.0	10129.0	0.08639713691556641	0.08088852363568
strict	ENSG00000092203	4356.0	71066.0	0.06127891205104741	0.08609494553584307
strict	ENSG00000141510	19657.0	204568.0	-0.00728093108820756	-0.0815918720663011
strict	ENSG00000067369	7631.0	104562.0	0.0477347628774084	0.03352680271818125
strict	ENSG00000143514	5025.0	62063.0	0.07396080167622093	0.09031439231586012
strict	ENSG00000073282	308.0	2787.0	-0.012436318685098154	0.02279550977817411
strict	ENSG00000078900	1014.0	2013.0	0.0802565731523799	0.08196971755699375
strict	ENSG00000146242	579.0	4278.0	0.1623162805559642	0.13827888060942403
strict	ENSG00000186815	5571.0	164807.0	0.09129100316743409	0.10225350757999904
strict	ENSG00000137364	10954.0	25738.0	0.11707620790635054	0.15391847066674014
strict	ENSG00000171368	281.0	4540.0	0.04757916536019528	0.05828250393911468
strict	ENSG00000159713	1987.0	12290.0	0.07195809256380618	0.06430670279017768
strict	ENSG00000088325	23351.0	174378.0	0.25530406766794667	0.2686846464621625
strict	ENSG00000056558	224.0	3250.0	0.01997492164098272	0.004951354667283263
strict	ENSG00000127191	2795.0	58953.0	-0.03679927108205076	-0.038667589004335264
strict	ENSG00000131323	3799.0	11425.0	-0.01578658048372223	0.009170712105570477
strict	ENSG00000056972	2140.0	29847.0	0.05373368399689769	0.07582875234969204
strict	ENSG00000076604	16262.0	123071.0	0.13281315799790624	0.09688568838032685
strict	ENSG00000082512	2137.0	40055.0	0.08334584987669925	0.05117171809357527
strict	ENSG00000175104	1021.0	36368.0	0.03413646829644359	0.038775524139990865
strict	ENSG00000135148	5740.0	47241.0	0.004176897273496894	0.005420964755469375
strict	ENSG00000126602	10681.0	114609.0	0.11507526886656515	0.13864040255035331
strict	ENSG00000211829	652.0	14400.0	0.1919748310167502	0.14811307588682976
strict	ENSG00000124731	247.0	3389.0	-0.0011131182669879957	0.030885929199478978
strict	ENSG00000095970	475.0	7120.0	0.03909017368084907	0.09959662690527178
strict	ENSG00000173334	5330.0	9218.0	0.10337967614942617	0.11184057784583089
strict	ENSG00000071575	8402.0	185707.0	0.17587300795416816	0.22238621269750156
strict	ENSG00000101255	922.0	4608.0	0.056512635209220105	0.05641238949446848
strict	ENSG00000132109	737.0	19336.0	0.07808269432514651	0.0640831133951254
strict	ENSG00000113595	1955.0	16380.0	0.007276597990808549	-0.0057150500345999515
strict	ENSG00000121060	7582.0	132633.0	0.1616983986699286	0.17327571349061832
strict	ENSG00000204713	12293.0	90868.0	-0.05463647024228917	-0.0094284515318533
strict	ENSG00000130726	16456.0	208861.0	0.18596856886043403	0.20773350343715277
strict	ENSG00000132481	4326.0	77364.0	0.16731685697342852	0.17370196719184486
strict	ENSG00000132256	3020.0	73321.0	0.13602180554383392	0.10937713267485004
strict	ENSG00000147573	653.0	5363.0	0.009296949280122348	0.010445674906514041
strict	ENSG00000141569	926.0	16945.0	0.0010447349198641903	0.006871265310347451
strict	ENSG00000166436	1055.0	22597.0	-0.039914073991730664	-0.034044425150181315
strict	ENSG00000071539	2843.0	24010.0	0.12387181803050855	0.1335752305432177
strict	ENSG00000121486	5245.0	49235.0	0.03147408687809674	0.025018780313127813
strict	ENSG00000099899	4324.0	67828.0	0.1064794830270175	0.08819360995174544
strict	ENSG00000067445	4917.0	94867.0	0.12311736280214114	0.13829156096156642
strict	ENSG00000144935	1975.0	7161.0	-0.03340855077465881	-0.026471704797589576
strict	ENSG00000133107	328.0	2668.0	0.08736168884528414	0.08468116701691235
strict	ENSG00000137672	793.0	8606.0	0.03622351246910005	0.05384094319184231
strict	ENSG00000142185	1070.0	7718.0	0.025549765476850395	0.039079324736880625
strict	ENSG00000130529	1559.0	58838.0	0.12327764443440431	0.10249237891090573
strict	ENSG00000092439	2860.0	48554.0	0.033953055048182836	0.03388091200736966
strict	ENSG00000104447	7264.0	93766.0	0.11411349525134606	0.12529319277104378
strict	ENSG00000196689	503.0	32480.0	0.006415445593249408	0.033729758657276135
strict	ENSG00000111199	1011.0	8226.0	0.026859477855736426	0.0397269621648423
strict	ENSG00000165125	868.0	16058.0	-0.0023822750323810697	-0.0118459405561664
strict	ENSG00000196367	9571.0	227815.0	0.00679502558335969	0.05984283812303546
strict	ENSG00000165832	11474.0	36920.0	0.11481923263445695	0.10334839937057294
strict	ENSG00000165699	4274.0	75603.0	0.04913077243327991	0.03681794695828399
strict	ENSG00000103197	6707.0	241498.0	0.06110328777339659	0.04082637070679321
strict	ENSG00000074319	11694.0	31928.0	-0.015521724201554397	-0.012503509697872457
strict	ENSG00000179981	3970.0	9809.0	0.04015975895483562	0.05051658639326195
strict	ENSG00000102904	635.0	12084.0	-0.019864219291650727	-0.003029597755916582
strict	ENSG00000182612	338.0	1279.0	0.00924107194954303	0.01252898810601659
strict	ENSG00000106025	13022.0	52622.0	0.23364203401422395	0.20801298219670317
strict	ENSG00000106537	9741.0	47190.0	0.22899699626225203	0.184242398014232
strict	ENSG00000108219	5967.0	138061.0	0.06764993957189201	0.03882455861834918
strict	ENSG00000157570	1000.0	17398.0	0.09832411845513098	0.05821498938515732
strict	ENSG00000140391	38577.0	377487.0	0.005512205150027899	-0.0706499657069334
strict	ENSG00000135452	4214.0	7330.0	0.05134637262104299	0.05587084112097787
strict	ENSG00000214063	2996.0	14780.0	0.11531634301261756	0.09367170110202949
strict	ENSG00000156298	10155.0	106859.0	0.31977120818301474	0.3029521774942839
strict	ENSG00000127324	876.0	2111.0	0.1698986444741478	0.15154890409991348
strict	ENSG00000011105	6239.0	78542.0	0.06073524588920221	0.09855310878258317
strict	ENSG00000100300	28312.0	2222.0	0.07950929712527004	0.1046339470143827
strict	ENSG00000005379	3180.0	86368.0	0.08260508439067962	0.06637782385308816
strict	ENSG00000180543	3693.0	51687.0	0.05836505487066257	0.07371816676913966
strict	ENSG00000184281	5633.0	31617.0	0.0426298802728692	0.06277100781075169
strict	ENSG00000162526	194.0	1761.0	-0.0038373660220413115	0.015303378984209767
strict	ENSG00000149292	1740.0	44824.0	0.031175626882675053	0.0533014301927219
strict	ENSG00000103852	1572.0	12961.0	-0.012345166145205842	-0.008539648272754387
strict	ENSG00000205838	309.0	1590.0	0.0016761077817438203	-0.021267699448592723
strict	ENSG00000243725	4482.0	66106.0	0.06008709666833786	-0.00510975628795948
strict	ENSG00000162222	2805.0	67865.0	0.0302173397133464	0.009450246092486615
strict	ENSG00000101407	1546.0	52249.0	0.02750113621114655	0.03273396566184029
strict	ENSG00000112742	4639.0	56498.0	0.1684515970326142	0.14975248450119646
strict	ENSG00000127824	1352.0	6066.0	0.08902072130848891	0.10003455247021197
strict	ENSG00000196230	213605.0	2044860.0	0.22019479749398962	0.2047972818100329
strict	ENSG00000137267	1978.0	8109.0	0.07455045620130708	0.07263935571442623
strict	ENSG00000137285	4573.0	39189.0	0.2630257564219256	0.25520778677819633
strict	ENSG00000258947	12513.0	17331.0	0.29215516833960997	0.33728983921283234
strict	ENSG00000104833	104.0	2070.0	0.01662918896618372	0.03193788404697059
strict	ENSG00000176014	2062.0	12641.0	0.14213368566771556	0.12397539381968528
strict	ENSG00000108423	1117.0	6817.0	0.04287306794062473	0.06888720247041448
strict	ENSG00000131462	2361.0	33008.0	0.04176863563716973	0.04238127136978703
strict	ENSG00000178952	21027.0	185687.0	0.15772804085745779	0.1803109108098036
strict	ENSG00000114383	9538.0	61303.0	0.16773414945218298	0.09017494149354385
strict	ENSG00000122691	154.0	1979.0	0.09288790281355494	0.11826077160710748
strict	ENSG00000233608	326.0	7274.0	0.21748291639195566	0.13932131150580704
strict	ENSG00000128791	18699.0	50315.0	0.10285859145566706	0.09690357359259262
strict	ENSG00000074966	1109.0	15890.0	0.12315516249509628	0.13880014374374583
strict	ENSG00000087301	1436.0	9883.0	0.039505986804721914	0.05925294418509123
strict	ENSG00000115514	5942.0	69728.0	0.13740410428441036	0.06035549162324453
strict	ENSG00000198431	36980.0	92073.0	0.03858373843379774	-0.03787412941373971
strict	ENSG00000105397	7946.0	198922.0	-0.028742657753427842	0.023423746692874257
strict	ENSG00000025708	3689.0	15141.0	0.1948106318028754	0.17646324814911463
strict	ENSG00000176890	13826.0	104896.0	0.25281077486074255	0.2624823359195644
strict	ENSG00000092445	1360.0	17396.0	0.03548500139532201	0.04297920184351857
strict	ENSG00000160201	24189.0	3480.0	-0.03690025601889749	0.01823130167970659
strict	ENSG00000063244	7975.0	243216.0	0.08052241858355919	0.07511010930814352
strict	ENSG00000130985	16807.0	220434.0	0.04380689474153044	0.02549967903172556
strict	ENSG00000137073	2312.0	55362.0	0.05272903669072916	0.04973840157940806
strict	ENSG00000143569	12230.0	524968.0	0.018220027250386746	0.02556280416498388
strict	ENSG00000154127	955.0	7305.0	0.06329466154651345	0.08218325512334837
strict	ENSG00000175063	25006.0	57867.0	0.16358935629184332	0.1649547983208603
strict	ENSG00000072401	7859.0	7250.0	0.06774420641563152	0.04921900559385017
strict	ENSG00000131508	22363.0	51746.0	0.14158202231294514	0.06139378892197832
strict	ENSG00000109332	33787.0	133673.0	0.19939333128804956	0.13974974400869794
strict	ENSG00000103275	13986.0	88477.0	0.09376268886833279	0.07610071322981188
strict	ENSG00000185651	15976.0	24243.0	0.11072031022299877	0.06877867437910053
strict	ENSG00000077152	11399.0	46215.0	0.20269269967949555	0.21084426663173478
strict	ENSG00000114062	14190.0	89207.0	0.11267659589305395	0.058848699452179826
strict	ENSG00000130939	4937.0	98036.0	0.05043432712833999	0.056188621369064065
strict	ENSG00000144357	6932.0	39836.0	0.02995509111051133	0.003617764775651786
strict	ENSG00000104517	14083.0	105247.0	0.15835086455567085	0.06672839426956736
strict	ENSG00000108312	14721.0	127713.0	-0.022091936167160018	0.046965272338592455
strict	ENSG00000214049	104.0	1503.0	0.12692153194409614	0.11305374424325926
strict	ENSG00000154277	13018.0	137651.0	0.20497247857583162	0.26334474147968934
strict	ENSG00000163794	965.0	544.0	-0.0368287894157944	-0.006013237006462563
strict	ENSG00000175567	7987.0	104418.0	0.1669572150942526	0.12444884386405045
strict	ENSG00000151116	2356.0	20821.0	0.08861943373531984	0.0800505236970893
strict	ENSG00000143222	8892.0	18808.0	-0.025247862641238326	-0.04167094348345441
strict	ENSG00000109814	7474.0	48378.0	0.15209329871175764	0.1702815497130148
strict	ENSG00000171234	13806.0	7276.0	0.14145592000017926	0.18192958986677765
strict	ENSG00000276043	1461.0	41467.0	0.03654973138882925	0.025527914218319056
strict	ENSG00000177169	14157.0	242636.0	0.05716121551657768	0.04848077118240475
strict	ENSG00000083290	3312.0	34062.0	0.0682345034610661	0.06622511681201508
strict	ENSG00000114491	6555.0	109570.0	0.06497518819449064	0.047802401586136606
strict	ENSG00000109103	14704.0	107729.0	0.07881373969358066	0.0759163264453906
strict	ENSG00000130477	137.0	685.0	0.030929795004997807	0.04821000723499586
strict	ENSG00000140553	5644.0	70065.0	0.09615311667074755	0.048015386158766354
strict	ENSG00000113763	122.0	1000.0	0.020060325932979555	0.04021207600086733
strict	ENSG00000076248	11441.0	89930.0	0.10249096376874368	0.10364316199902966
strict	ENSG00000005007	15074.0	297243.0	0.13457027769245233	0.08852712300172073
strict	ENSG00000105668	344.0	5245.0	0.15391082917755228	0.11661192481265226
strict	ENSG00000110375	544.0	741.0	0.06247674346729899	0.0674564271496605
strict	ENSG00000243566	2180.0	2784.0	0.10357668478840455	0.07528029369653835
strict	ENSG00000101019	11035.0	170467.0	0.09378466076418544	0.08935834098277189
strict	ENSG00000204922	8575.0	48613.0	0.12310715165338101	0.13467646616045736
strict	ENSG00000142207	2689.0	59996.0	0.05403419341042284	0.037899709775431424
strict	ENSG00000106608	4680.0	186815.0	0.12738274569632846	0.10944118403945674
strict	ENSG00000158773	1687.0	41050.0	-0.011485016806904056	-0.018061691313340244
strict	ENSG00000103194	6601.0	102704.0	0.07170567404823933	0.05787654090838863
strict	ENSG00000102226	1741.0	96203.0	0.024863688860791648	0.009434422836423343
strict	ENSG00000273820	1410.0	11213.0	0.3040004777131313	0.29186767765785426
strict	ENSG00000170832	3291.0	87238.0	0.10088057872537122	0.08146335150677253
strict	ENSG00000055483	3061.0	98065.0	0.07287247942823827	0.03983624672985513
strict	ENSG00000170185	4110.0	41688.0	0.007326511957061173	0.016445606457319132
strict	ENSG00000111667	30158.0	450412.0	0.12080234852213231	0.08311002224365825
strict	ENSG00000145390	4232.0	21132.0	0.29665689615328084	0.29167351569855593
strict	ENSG00000187555	7105.0	108209.0	0.017508055961304572	0.0012092082930176703
strict	ENSG00000147679	2750.0	30947.0	0.06615885018182459	0.053997274550985956
strict	ENSG00000152818	10427.0	67912.0	0.03293777436701891	0.06751998271139945
strict	ENSG00000049245	3178.0	25800.0	0.028360637280553002	0.03406705565920987
strict	ENSG00000168899	1476.0	9513.0	0.1377259292626228	0.07957228242653112
strict	ENSG00000124164	3912.0	58420.0	0.06459943003993494	0.048646655736774444
strict	ENSG00000125753	6271.0	35704.0	0.16553493097490513	0.2028412690581253
strict	ENSG00000141968	152.0	3992.0	0.012301380331222299	-0.01733358091373765
strict	ENSG00000134215	905.0	2678.0	0.06428957830297512	0.09751123313631002
strict	ENSG00000162692	1447.0	9582.0	0.3139402842720015	0.26662877804689794
strict	ENSG00000035403	31904.0	121437.0	0.15025647206110015	0.13060289821158003
strict	ENSG00000213585	25409.0	241034.0	0.19605508109921288	0.12655105641004424
strict	ENSG00000165637	24143.0	261102.0	0.08774623637498113	0.13037667076024118
strict	ENSG00000111424	878.0	14873.0	0.0965702700687442	0.09306944943220642
strict	ENSG00000112715	18475.0	88442.0	0.2421300954687432	0.23703681616643243
strict	ENSG00000173511	4421.0	75119.0	0.052520192784733036	0.06930164088353206
strict	ENSG00000150630	361.0	8894.0	0.13271202813709154	0.07436471754369771
strict	ENSG00000206538	358.0	6371.0	0.22739238396132408	0.1525039364612705
strict	ENSG00000134086	8387.0	51325.0	-0.017503320974119017	-0.007522167336850327
strict	ENSG00000106018	243.0	1436.0	0.0695240200984186	0.038425288434542626
strict	ENSG00000147852	2597.0	19282.0	0.16664284762702175	0.13804132995338406
strict	ENSG00000197969	3679.0	18992.0	0.01718930786462932	0.016269673792011614
strict	ENSG00000132549	5931.0	46661.0	0.01951375306706469	-0.01331870911918212
strict	ENSG00000069329	16536.0	154112.0	0.12693462620123136	0.047196133392230964
strict	ENSG00000139722	2094.0	23712.0	-0.0011045396333337672	0.0014936514160259974
strict	ENSG00000132612	6905.0	70479.0	0.005294974583839856	0.019829064002052973
strict	ENSG00000004766	3144.0	16735.0	-0.005185614204715583	-0.007208139594399612
strict	ENSG00000155659	240.0	4291.0	0.04466035945160539	0.0472654022715154
strict	ENSG00000107738	785.0	1048.0	0.062085823698055445	0.06291397367514072
strict	ENSG00000132821	320.0	6700.0	0.19163696287767262	0.168707602696629
strict	ENSG00000134258	4616.0	69419.0	0.26474643400721265	0.2710187888802824
strict	ENSG00000102763	1898.0	27092.0	0.015548903857866246	0.040867399433010036
strict	ENSG00000062650	14253.0	96195.0	0.1252171946856406	0.04709646445270053
strict	ENSG00000140105	10025.0	84953.0	0.19591935583187614	0.18600104518832605
strict	ENSG00000015285	206.0	9925.0	0.057536751079040896	0.06638340944026744
strict	ENSG00000099290	3453.0	56510.0	-0.035969861943208795	-0.031174328835001208
strict	ENSG00000120860	3658.0	21544.0	-0.018925641218798278	-0.014381978886542189
strict	ENSG00000136051	10058.0	82332.0	0.1310730311726121	0.10289443830445057
strict	ENSG00000106299	31197.0	188816.0	0.14155026632119638	0.09949134884074887
strict	ENSG00000132471	4729.0	71943.0	0.09963847080384738	0.11126194144547115
strict	ENSG00000163625	7113.0	52623.0	0.0852079837489271	0.05923325967354861
strict	ENSG00000128815	756.0	1496.0	0.0035845497384336053	-0.003590925453385459
strict	ENSG00000198554	1378.0	26468.0	0.07596968927552643	0.07112746079947913
strict	ENSG00000138442	4684.0	20054.0	-0.005242945259889111	-0.011458291917677504
strict	ENSG00000162923	12366.0	148093.0	0.04117712640450594	0.011399959953201843
strict	ENSG00000047056	4395.0	53695.0	0.07831009089047689	0.058788558854953724
strict	ENSG00000196363	9635.0	54194.0	0.031438043765966976	0.017412727340602396
strict	ENSG00000120314	2282.0	25266.0	-0.023982628523957137	0.005069707277673683
strict	ENSG00000166415	12538.0	58055.0	0.15745541631281074	0.12472493176462372
strict	ENSG00000133316	4379.0	72059.0	0.07825684247199859	0.06685583195081651
strict	ENSG00000116455	3688.0	56674.0	0.08411785830797648	0.06290355625170872
strict	ENSG00000167716	1148.0	16492.0	-0.06214613251481095	-0.049010703639443216
strict	ENSG00000161996	3094.0	28663.0	0.048357810212604366	0.0571512394175106
strict	ENSG00000166483	8475.0	61566.0	0.11938275217559263	0.08598286593281233
strict	ENSG00000103175	1382.0	22284.0	0.3573729040537549	0.22524410146524504
strict	ENSG00000109501	3236.0	18172.0	0.1355848681415727	0.10550312052011519
strict	ENSG00000108379	612.0	18209.0	0.010928801205614326	0.007858090377466046
strict	ENSG00000162552	265.0	1677.0	0.020706426685991472	0.0398216452797486
strict	ENSG00000114251	2764.0	20169.0	0.22395638978488078	0.19277552352888433
strict	ENSG00000116213	3737.0	28781.0	0.04466631824732863	0.03378277349603268
strict	ENSG00000165392	1617.0	12906.0	0.029438788408658167	0.03776010009224465
strict	ENSG00000184937	15679.0	51756.0	0.2546616087632987	0.2647721577673524
strict	ENSG00000113645	5273.0	66909.0	0.07496489551608167	0.07895607658107374
strict	ENSG00000186153	2291.0	479.0	0.05142973296927322	0.03752736314812729
strict	ENSG00000123124	2532.0	33021.0	0.027238771632715042	0.0328664445082054
strict	ENSG00000198373	2494.0	50856.0	0.03578382222008119	0.020015172058598915
strict	ENSG00000018408	15996.0	55263.0	-0.04181747199718032	0.004115925412165188
strict	ENSG00000100219	25391.0	225703.0	0.29096806978792744	0.3254336110984437
strict	ENSG00000173578	111.0	1067.0	0.012465215450160796	0.04089479079618903
strict	ENSG00000158125	485.0	39018.0	0.04644093941035077	0.05327116990527178
strict	ENSG00000101966	18036.0	96330.0	0.1048609736983529	0.12181172859106223
strict	ENSG00000136936	1514.0	34596.0	-0.03547014552168195	-0.01442691941335981
strict	ENSG00000154767	2922.0	52511.0	0.0791530456043954	0.058455272936003624
strict	ENSG00000108039	5303.0	110236.0	0.09561354992359614	0.06936634169515653
strict	ENSG00000196236	4839.0	41022.0	0.09833567840184862	0.08718812347105778
strict	ENSG00000082898	37381.0	305301.0	0.14525199762319932	0.09015333291932769
strict	ENSG00000124571	9434.0	96546.0	0.09720366456568404	0.07283575923221537
strict	ENSG00000169180	9771.0	95083.0	0.05263489596782336	0.043433105602340275
strict	ENSG00000130227	5149.0	87134.0	0.05533335628392441	0.019197368261243422
strict	ENSG00000143324	36402.0	389552.0	0.29226725559093847	0.23709876056134477
strict	ENSG00000073050	4720.0	117229.0	0.008257874997642915	0.018983086040326242
strict	ENSG00000196584	1580.0	7762.0	0.04090263871336461	0.041442075023466765
strict	ENSG00000126215	1243.0	17388.0	-0.0329537126755112	-0.03051634743983462
strict	ENSG00000152422	2187.0	8692.0	-0.0070549827541300444	0.020154079208239285
strict	ENSG00000079246	25458.0	264147.0	0.0952328713695344	0.12217184731718404
strict	ENSG00000196419	29615.0	445069.0	0.20581994564584963	0.13299757460049771
strict	ENSG00000137693	34252.0	145391.0	0.04451232684334808	0.07002835133472002
strict	ENSG00000176105	16398.0	129255.0	0.18798968648247405	0.11242544039101823
strict	ENSG00000167645	4045.0	16495.0	0.14103136725701984	0.11896550540503349
strict	ENSG00000058799	3327.0	36080.0	0.01931772892655434	0.045849776044694805
strict	ENSG00000145817	6445.0	23891.0	-0.007554719479913201	0.00016308024100564677
strict	ENSG00000250067	1132.0	102856.0	0.022970918758086878	0.012568351129292681
strict	ENSG00000119596	8493.0	267451.0	0.027111626558935585	0.02209639597418231
strict	ENSG00000047188	2098.0	22324.0	0.06197672096752835	0.07028036385070074
strict	ENSG00000149658	6627.0	140142.0	-0.013191242148881475	-0.013327497321427979
strict	ENSG00000185728	14688.0	73048.0	0.17048352405906964	0.1322873754507365
strict	ENSG00000134308	80440.0	647134.0	0.28882172867236033	0.20094442000239737
strict	ENSG00000164924	50806.0	769356.0	0.1631315879033443	0.2381891713647753
strict	ENSG00000100811	40065.0	89789.0	0.16819459342047086	0.1700842221347791
strict	ENSG00000163374	6371.0	84289.0	0.007505747077255871	-0.027211259960185613
strict	ENSG00000115085	118.0	3154.0	0.052800101597888296	-0.0014960628906057853
strict	ENSG00000232040	1636.0	5149.0	0.08080275232130729	0.06578656733176305
strict	ENSG00000126804	13982.0	141667.0	0.06878320435026275	0.0672207139112011
strict	ENSG00000205189	5450.0	27157.0	0.030458382288798887	0.04856718342106961
strict	ENSG00000173276	2215.0	13527.0	0.05312871866984366	0.06767977399441606
strict	ENSG00000089775	2621.0	28394.0	-0.00716951335318752	0.02140945758934679
strict	ENSG00000185670	1233.0	25604.0	0.07489349480613736	0.06936426578313797
strict	ENSG00000177485	10356.0	23469.0	0.016250628716520745	0.0005458095547698215
strict	ENSG00000174282	3423.0	72577.0	0.060997035734105545	0.03162529689697607
strict	ENSG00000184677	1271.0	31346.0	0.011642060177604932	0.019186931263426216
strict	ENSG00000204859	1989.0	12939.0	0.016674643005706855	-0.007487420981283736
strict	ENSG00000168826	810.0	16644.0	0.030808947345455563	0.03468785254002637
strict	ENSG00000104427	614.0	5312.0	0.013714287049158917	0.032243057015540574
strict	ENSG00000163874	964.0	29806.0	0.05152465251517471	0.05673470220722974
strict	ENSG00000178199	174.0	1216.0	0.010963466936002505	0.0044639467099779895
strict	ENSG00000158545	2716.0	63191.0	0.05288902945099822	-0.0043102267385023985
strict	ENSG00000122299	5304.0	15016.0	0.04427588323872793	0.03229663151256626
strict	ENSG00000146858	184.0	132017.0	0.031200477657215255	0.03263084718994774
strict	ENSG00000126970	558.0	8981.0	0.04556556092606215	0.026150003865752405
strict	ENSG00000155329	2501.0	12360.0	0.02518933853108428	0.027855631307564074
strict	ENSG00000121766	3599.0	46184.0	0.01116952113468251	0.0095200309981283
strict	ENSG00000141664	2128.0	26282.0	0.03357196048190372	0.049572956327749315
strict	ENSG00000247315	11122.0	14892.0	0.049735654118843835	0.05302815387833939
strict	ENSG00000033030	5470.0	57295.0	0.004617483495127485	0.036852076059689556
strict	ENSG00000186908	4605.0	28025.0	-0.015108928245478687	-0.017469272337493475
strict	ENSG00000148516	941.0	5411.0	0.1503436747785252	0.14954151853290829
strict	ENSG00000169554	1031.0	7716.0	0.17480989520162524	0.1139468428098863
strict	ENSG00000160445	4752.0	29856.0	0.012744314355522654	-0.0019291041469505683
strict	ENSG00000107372	23163.0	158534.0	-0.028295757903495342	0.018511179271148582
strict	ENSG00000066827	1271.0	32215.0	0.03861052563605155	0.04368840614439444
strict	ENSG00000140836	6634.0	24723.0	0.005969577744954047	0.053745535949825195
strict	ENSG00000162300	3425.0	54959.0	0.04386073342826306	0.021874407260615555
strict	ENSG00000005889	3951.0	45447.0	0.058832456479720095	0.03925658754555361
strict	ENSG00000165861	1986.0	44437.0	0.04511906722093496	0.06930008083686609
strict	ENSG00000100711	6592.0	60868.0	0.024093448867597272	0.03186881677890748
strict	ENSG00000072121	2339.0	49892.0	0.016300703885099608	0.009109948584446975
strict	ENSG00000138658	1148.0	14217.0	0.021812559836169372	0.02680060645886975
strict	ENSG00000174306	1782.0	5862.0	-0.006841202638720453	-0.0120907418788757
strict	ENSG00000043355	5081.0	15018.0	0.09176344335118304	0.10780187867103748
strict	ENSG00000174963	3086.0	13464.0	0.15393852667071561	0.16142735913873338
strict	ENSG00000108175	17941.0	92750.0	0.11868703955124621	0.15277291222662462
strict	ENSG00000122515	5882.0	243274.0	0.057043901437755104	0.055154175243745364
strict	ENSG00000084073	10547.0	78673.0	0.14036842410350753	0.09168679283485634
strict	ENSG00000197056	5924.0	64314.0	0.13433023634173907	0.06359433797728409
strict	ENSG00000147130	7752.0	123927.0	-0.012098387949761622	-0.02890641195958927
strict	ENSG00000004838	1799.0	20034.0	0.19537517643058078	0.21377806566009452
strict	ENSG00000165724	5191.0	57831.0	0.0848025633798177	0.052918174424653915
strict	ENSG00000103994	3484.0	82472.0	0.051771210199439935	0.037938795072159984
strict	ENSG00000115568	1093.0	32476.0	-0.03055729071832588	-0.018136706997214022
strict	ENSG00000197279	1670.0	20497.0	0.018245753081877616	0.032078641644929184
strict	ENSG00000188629	2315.0	27872.0	0.061688533092693905	0.04437856780802001
strict	ENSG00000167840	1697.0	26434.0	0.011638816766657624	0.007185068451516028
strict	ENSG00000056277	1170.0	8797.0	-0.058390179771788106	-0.03734282980722825
strict	ENSG00000162702	4553.0	35420.0	-0.00192474274628128	0.002453978124076468
strict	ENSG00000162664	8369.0	77223.0	0.10673876150161023	0.036637053453581925
strict	ENSG00000131061	1674.0	32965.0	-0.05567832831094786	-0.03709239691212209
strict	ENSG00000113761	1048.0	29651.0	0.024548882372018445	0.03181215837139169
strict	ENSG00000186918	2752.0	10903.0	0.026108400152079294	0.033369451379990984
strict	ENSG00000175213	1417.0	17410.0	-0.02768032922883421	-0.02082002824205281
strict	ENSG00000119725	6984.0	126265.0	0.11340459799518526	0.09236270293344949
strict	ENSG00000173275	946.0	15006.0	0.1580705244850228	0.16010194608166656
strict	ENSG00000112200	10610.0	146346.0	0.10863988448101863	0.042344966906577845
strict	ENSG00000225614	582.0	14014.0	0.10540566133727801	0.07638772905572432
strict	ENSG00000243943	3812.0	121199.0	-0.021504455992750034	-0.039800731441200096
strict	ENSG00000166716	3805.0	117420.0	-0.02443821169291365	-0.007078708829352294
strict	ENSG00000168916	2858.0	53207.0	0.07540092414204001	0.06692096253720081
strict	ENSG00000121864	7991.0	52822.0	0.10600692913716023	0.08599184456779063
strict	ENSG00000143373	2417.0	119662.0	-0.009411342601416363	-0.002149134361176763
strict	ENSG00000065029	11461.0	128268.0	0.0628138503366822	0.03680949398570733
strict	ENSG00000169957	5636.0	127983.0	-0.02892082472990895	-0.014560811876966659
strict	ENSG00000278129	551.0	4874.0	0.03924425264995774	0.03196414908540415
strict	ENSG00000170396	107.0	195.0	0.01837993971532531	0.05835482097703004
strict	ENSG00000151612	3829.0	73958.0	-0.003598972430397281	0.0336125715501678
strict	ENSG00000185869	941.0	9521.0	0.042069054217730814	0.07929366695975844
strict	ENSG00000109917	4857.0	61564.0	0.08928258912176934	0.10213392462471418
strict	ENSG00000152467	368.0	287.0	-0.007364243088357984	0.013053578035792384
strict	ENSG00000158691	2616.0	42127.0	0.02182742189389969	0.027194724659296565
strict	ENSG00000196812	1463.0	27450.0	0.02351863178116665	0.025904352817801596
strict	ENSG00000121903	941.0	37780.0	0.03211514140012396	0.05322875849793439
strict	ENSG00000197062	1501.0	35976.0	-0.023608525606323247	-0.01322358027713037
strict	ENSG00000130449	3573.0	9994.0	-0.0166959280601678	-0.02583867456601406
strict	ENSG00000153975	3564.0	43301.0	0.08136675586126083	0.05910028948967392
strict	ENSG00000162378	13970.0	43629.0	0.09937005965560287	0.08321240300906707
strict	ENSG00000159840	12399.0	198514.0	0.09898730887456364	0.127605910254991
hard	ENSG00000166535	170.0	2099.0	0.06646460678369108	0.03731768968324932
hard	ENSG00000127837	20564.0	147310.0	0.0474763149325995	-0.027341171323307975
hard	ENSG00000131043	4197.0	23494.0	0.05180955470439407	0.021497071557922725
hard	ENSG00000266967	1671.0	16104.0	0.05170507902832677	0.06530439713842977
hard	ENSG00000183044	1368.0	18772.0	0.07426879940066165	0.05775766343841616
hard	ENSG00000165029	5293.0	106283.0	0.15559850419360857	0.18460287914957738
hard	ENSG00000167972	992.0	13169.0	-0.0036215282314529668	-0.013510135543233964
hard	ENSG00000198691	1002.0	5018.0	0.020767826359943856	0.046375997163294186
hard	ENSG00000064687	962.0	15793.0	0.07874410851749289	0.07560059978560156
hard	ENSG00000085563	4460.0	2941.0	0.019773200847844133	0.0016515354795282162
hard	ENSG00000115657	1419.0	19366.0	0.05120607793244718	0.07105020842264091
hard	ENSG00000103222	6507.0	248231.0	0.08967553027075353	0.1111228951248104
hard	ENSG00000023839	296.0	3474.0	0.050982408042899496	0.07323408800454281
hard	ENSG00000108846	2817.0	15622.0	0.25671903454673967	0.22977971170890102
hard	ENSG00000125257	7967.0	43695.0	0.30112774704256184	0.317971033778076
hard	ENSG00000091262	707.0	9638.0	0.005748390826746906	0.01716967934596147
hard	ENSG00000069431	260.0	1216.0	0.05969641763967414	0.05886373554474933
hard	ENSG00000101986	1230.0	28097.0	0.021181406030054653	0.026081850699340683
hard	ENSG00000117528	14934.0	85435.0	0.14297295578731675	0.0711913156499632
hard	ENSG00000119688	13769.0	51009.0	0.029532384191533693	0.008985988095843268
hard	ENSG00000161204	6817.0	64183.0	0.027691069725837333	0.0353583272647197
hard	ENSG00000160179	1556.0	8019.0	0.015401074688986056	0.030333518288155496
hard	ENSG00000118777	917.0	9372.0	0.11400261342687461	0.11513678245098762
hard	ENSG00000106077	11769.0	117284.0	0.13347615193584247	0.11526344866038762
hard	ENSG00000163686	572.0	7045.0	-0.012846192562807151	0.00817280757171144
hard	ENSG00000108798	237.0	7491.0	0.08669753601438454	0.03421294319959077
hard	ENSG00000154175	1455.0	10034.0	0.1399920757331646	0.13874177333474808
hard	ENSG00000097007	11508.0	114569.0	-0.07882499264857483	-0.025754540123384056
hard	ENSG00000143322	3470.0	44834.0	0.028843016809089767	0.01249215969359898
hard	ENSG00000175164	3906.0	37170.0	0.03257083013995937	0.046132656195013146
hard	ENSG00000114626	3539.0	2305.0	0.04115779008268468	0.05659275488039336
hard	ENSG00000166016	2831.0	28639.0	0.05293972337341031	0.052321244133318734
hard	ENSG00000167315	8302.0	27318.0	0.10190990460285781	0.12211812592592385
hard	ENSG00000278540	6662.0	59179.0	0.07575534039940943	0.030841121881914634
hard	ENSG00000076555	1683.0	49412.0	0.061332559543224044	0.03552683968519421
hard	ENSG00000072818	410.0	1494.0	0.043975072303246446	0.0003576014882049337
hard	ENSG00000114331	11559.0	55177.0	0.07238482437254395	0.006352594870479379
hard	ENSG00000075239	7322.0	15693.0	0.0940032003753322	0.08703125254579283
hard	ENSG00000159640	882.0	20490.0	0.01598379004582976	0.01976963254248118
hard	ENSG00000130234	235.0	1741.0	0.06683958354188674	0.07009356886325441
hard	ENSG00000087085	488.0	5804.0	0.0689889796855499	0.04368749651602287
hard	ENSG00000144476	12817.0	72673.0	0.28133893844304064	0.30334680646825335
hard	ENSG00000131473	4068.0	104160.0	0.17561712188395584	0.1739669590639718
hard	ENSG00000102575	14648.0	36987.0	0.2730763187768339	0.2971094366050468
hard	ENSG00000014257	1578.0	10547.0	0.11966841062073712	0.12307373960039587
hard	ENSG00000111644	1320.0	6447.0	0.039703201678170215	0.043329889642012696
hard	ENSG00000068366	10183.0	52814.0	0.1523534267406351	0.13572422439263027
hard	ENSG00000136518	11043.0	72508.0	0.03026632285801208	0.08538460966055547
hard	ENSG00000072110	37816.0	211819.0	0.2507968276906039	0.20257658343061832
hard	ENSG00000130402	61958.0	735587.0	0.49736731948709234	0.5461206355320808
hard	ENSG00000115170	9349.0	44517.0	0.05055094241864337	0.05049180554704997
hard	ENSG00000135503	7405.0	99889.0	0.018149534340105657	0.026841782267269406
hard	ENSG00000121989	1928.0	15941.0	0.022606938025623177	0.03351013695300931
hard	ENSG00000139567	364.0	5602.0	0.09475870364473712	0.03770593554585805
hard	ENSG00000170634	5357.0	28780.0	-0.004300797366675319	-0.0002899406966262218
hard	ENSG00000196839	642.0	14861.0	0.07167117868364198	0.06764038666359792
hard	ENSG00000137845	20699.0	116348.0	0.102409810216128	0.026813234205210534
hard	ENSG00000148848	1105.0	21233.0	0.357367638241168	0.26456887578970334
hard	ENSG00000151694	13566.0	131029.0	0.09554749540500311	0.07014118766094095
hard	ENSG00000042980	232.0	1497.0	-0.008681533629025993	0.022480934166185674
hard	ENSG00000149451	348.0	2527.0	0.027924471757382295	0.04105839471521953
hard	ENSG00000151651	1323.0	26886.0	0.04941655375292904	0.024973582443644737
hard	ENSG00000168615	3366.0	45346.0	0.03624597069307782	0.03853491938193115
hard	ENSG00000154734	23357.0	493820.0	0.3712975419561367	0.3632377358505047
hard	ENSG00000151388	1442.0	32800.0	0.12255512361235325	0.12341702020761693
hard	ENSG00000087116	2408.0	30288.0	0.17062427269808356	0.16109804610748704
hard	ENSG00000158859	325.0	3818.0	0.0652158722504671	0.013986009206898353
hard	ENSG00000154736	509.0	5173.0	0.13287433338820728	0.13459724166477752
hard	ENSG00000156218	320.0	4674.0	0.005272086657429434	0.028118426890373957
hard	ENSG00000160710	46643.0	495602.0	0.12398692612430418	0.15321933985340982
hard	ENSG00000078549	694.0	11959.0	0.26124717247011653	0.2752381131690889
hard	ENSG00000087274	16527.0	181979.0	0.11969934323366149	0.10933400179589926
hard	ENSG00000020181	1743.0	28966.0	0.1673604968544206	0.1116353589534696
hard	ENSG00000152990	11950.0	41749.0	0.08128082864265992	0.08506816938360422
hard	ENSG00000181790	333.0	2303.0	0.025342564604625528	0.05316309502547607
hard	ENSG00000121753	851.0	17262.0	0.03407223525872655	0.03862115132902166
hard	ENSG00000111452	3076.0	2902.0	0.007770377599740981	0.02677380923548267
hard	ENSG00000123146	8394.0	150897.0	0.0630165256607618	0.05462840834150454
hard	ENSG00000159618	216.0	1083.0	-0.03161965980431714	-0.02667800060373494
hard	ENSG00000112414	267.0	1208.0	0.05201798587946854	0.07367549482153389
hard	ENSG00000072071	9540.0	82269.0	0.04559547187495292	0.06839902625593215
hard	ENSG00000162618	1171.0	3569.0	0.16645006398498696	0.13350865006192456
hard	ENSG00000159346	7584.0	115390.0	0.08089937559444924	0.06995143655764813
hard	ENSG00000006831	3674.0	5976.0	-0.06391553772897325	-0.034897032032772425
hard	ENSG00000148926	1291.0	9169.0	0.16344809940615235	0.1113663211520911
hard	ENSG00000101126	38228.0	208931.0	0.06910181800668341	0.13443369542420772
hard	ENSG00000163485	2072.0	27491.0	0.10838019256711626	0.11795529062429165
hard	ENSG00000128271	618.0	1727.0	0.03980731977582418	0.05884654020958513
hard	ENSG00000282608	272.0	1620.0	-0.03141884622070362	0.005016197344556109
hard	ENSG00000170214	1024.0	19254.0	0.16007978912131565	0.1507075741614406
hard	ENSG00000150594	432.0	5159.0	0.274089379052432	0.2359138626337813
hard	ENSG00000274286	750.0	11512.0	0.029210929772763315	0.033655806100648576
hard	ENSG00000184160	1461.0	5643.0	0.09624518343384919	0.09253690373548751
hard	ENSG00000111863	336.0	5310.0	0.010148705549933109	0.01682283763050591
hard	ENSG00000106624	7193.0	41405.0	0.285722234022399	0.18439093326251021
hard	ENSG00000169129	8072.0	189845.0	0.16942036742787953	0.20840171989074927
hard	ENSG00000172493	9122.0	109572.0	0.18401451846870304	0.2521245637072451
hard	ENSG00000155966	852.0	9455.0	0.022715939272872163	0.04288689525229306
hard	ENSG00000135537	1423.0	12933.0	0.035893883998531176	0.03397054563130243
hard	ENSG00000157985	5307.0	75524.0	0.03251602595607637	0.05015117651029015
hard	ENSG00000133612	11379.0	73687.0	0.09103741937768747	0.08718213944015003
hard	ENSG00000204305	1843.0	29924.0	-0.02753771677840214	-0.029418806019079195
hard	ENSG00000116771	1308.0	9320.0	0.08706053869743573	0.11752832053112193
hard	ENSG00000092847	9565.0	108284.0	0.08959219248658211	0.041086616707423036
hard	ENSG00000173467	5072.0	8420.0	0.143083695124552	0.14326467078156468
hard	ENSG00000101444	45709.0	320074.0	0.16734045057929967	0.18697191235089466
hard	ENSG00000106546	5905.0	23903.0	0.11920952941698598	0.10904219535676087
hard	ENSG00000063438	323.0	3079.0	0.018794057420089185	0.06651464015251674
hard	ENSG00000126878	14276.0	38086.0	0.046903256623898264	0.06387620999657974
hard	ENSG00000156709	16241.0	120967.0	0.1823568652550138	0.14975208609832663
hard	ENSG00000106305	8820.0	99986.0	0.12367205819563978	0.12309260279848488
hard	ENSG00000110711	8736.0	58729.0	-0.07007674724149049	-0.06189224843425257
hard	ENSG00000023516	4216.0	29229.0	0.07584650901304588	0.054179546187195116
hard	ENSG00000105127	8336.0	93410.0	0.02780669011023807	0.0018762433999450635
hard	ENSG00000085662	7416.0	42873.0	0.21190150960820175	0.21528848656259203
hard	ENSG00000196139	6375.0	36123.0	0.14397698338903142	0.14965907189999333
hard	ENSG00000142208	26482.0	262790.0	0.0846858621193324	0.11919819491921539
hard	ENSG00000105221	8745.0	177469.0	-0.006246464825236695	0.023607382666691334
hard	ENSG00000117020	677.0	4987.0	0.13298333553999214	0.11853594370136436
hard	ENSG00000166971	3836.0	57685.0	0.05701442693960622	0.043284862062878925
hard	ENSG00000148218	2367.0	15977.0	0.01812980272350625	0.0180727496386784
hard	ENSG00000170017	2768.0	11763.0	0.22812597822724429	0.24007747565841034
hard	ENSG00000137124	982.0	23056.0	0.09814774040305409	0.10338717968406254
hard	ENSG00000111275	7917.0	41754.0	0.10891093919423134	0.09767078814450941
hard	ENSG00000072210	10588.0	57628.0	0.1495815041885689	0.12258853100679226
hard	ENSG00000164904	11595.0	119328.0	0.12088561719415686	0.08246486780123408
hard	ENSG00000149925	843.0	162333.0	-0.022225483172147238	-0.04572910529627835
hard	ENSG00000253710	643.0	31990.0	-0.012238485223843576	-0.021166214665454985
hard	ENSG00000101901	7850.0	36812.0	0.048736749732943674	0.04023289688051438
hard	ENSG00000119523	6245.0	71339.0	0.04106614732083634	0.05352581637954301
hard	ENSG00000088035	5607.0	34026.0	0.16362564239595292	0.10977130900721464
hard	ENSG00000086848	1705.0	14212.0	0.02436001458276789	0.04002707143156465
hard	ENSG00000171094	2741.0	12079.0	0.05318708402406392	0.07468328607844826
hard	ENSG00000091542	14994.0	85747.0	0.20944004001082045	0.09632968342728344
hard	ENSG00000012779	1620.0	19244.0	0.09373475504958478	0.05972922404554474
hard	ENSG00000073331	1616.0	11600.0	0.04350183620504801	0.04835763337278134
hard	ENSG00000136383	2198.0	75560.0	0.21253362394429798	0.18131847667435314
hard	ENSG00000162551	7332.0	70315.0	0.22403783016039952	0.24262093586285385
hard	ENSG00000183684	5554.0	178028.0	0.12846194644497383	0.10295852321948847
hard	ENSG00000242110	2951.0	16292.0	0.09946742258633037	0.11887595138315199
hard	ENSG00000184675	1100.0	51724.0	0.029904895403603665	0.02348089386019291
hard	ENSG00000159461	8513.0	50005.0	0.02300437017449206	0.018754257578899737
hard	ENSG00000181754	289.0	6362.0	0.04524036578446963	0.06326914205565463
hard	ENSG00000126016	12189.0	221597.0	0.22509796149936617	0.2685645136588036
hard	ENSG00000153107	9822.0	190453.0	0.12914416365362	0.09647428984367115
hard	ENSG00000154188	145.0	845.0	0.06238656958802642	0.04822302200891818
hard	ENSG00000091879	934.0	5181.0	0.16732038164026908	0.10304359264903601
hard	ENSG00000136859	1946.0	10800.0	0.060077174126342885	0.06154733191527322
hard	ENSG00000167772	5690.0	33982.0	0.2694931809558919	0.25035273503828603
hard	ENSG00000130812	391.0	23542.0	-0.0194339714341549	-0.03853710553868311
hard	ENSG00000029534	172.0	393.0	-0.021351446724427924	-0.03944298537040272
hard	ENSG00000131503	9372.0	79721.0	-0.001247746117380039	-0.021193746234416316
hard	ENSG00000076513	7611.0	176047.0	0.20035444956989695	0.25368558505180844
hard	ENSG00000172932	5117.0	26048.0	0.04065356110545679	0.02959125156209281
hard	ENSG00000132466	16758.0	130113.0	0.013963054087758128	0.011087231742017048
hard	ENSG00000154945	14363.0	114070.0	0.06757008912985497	-0.006572674324407898
hard	ENSG00000065413	1907.0	11728.0	0.04989971914061312	0.06657535070490736
hard	ENSG00000135299	6145.0	42371.0	0.04835059597160695	0.08045203305902329
hard	ENSG00000064999	11382.0	102909.0	0.03146747060292356	-0.004885522450846405
hard	ENSG00000165138	3065.0	48315.0	0.04893613978773462	0.05157892470805384
hard	ENSG00000163516	4496.0	54846.0	0.05183213743159259	0.04574081536275724
hard	ENSG00000131620	5760.0	79250.0	0.38805882974202144	0.38271934400662644
hard	ENSG00000134343	291.0	566.0	-0.02051740164463474	0.002215981021984404
hard	ENSG00000143401	12936.0	46022.0	0.136907889221419	0.10838100012357005
hard	ENSG00000166825	8167.0	166306.0	0.4373943643413737	0.3686111207874032
hard	ENSG00000182718	68356.0	815520.0	0.08502047433718588	0.14878835131921442
hard	ENSG00000138772	5999.0	33791.0	0.13516204396953652	0.13375036673165103
hard	ENSG00000164111	19448.0	93855.0	0.15982855501837204	0.198378987778537
hard	ENSG00000136250	278.0	2080.0	-0.001827309967593187	0.00021271482075934997
hard	ENSG00000131471	155.0	2570.0	0.14874124823315032	0.12147472892898896
hard	ENSG00000100280	7962.0	98926.0	0.07145705812608198	0.07967703086568095
hard	ENSG00000072958	7007.0	32949.0	0.016326840188765516	0.038165333534873044
hard	ENSG00000152056	1186.0	3726.0	0.06693114904778799	0.05056226819349503
hard	ENSG00000196961	3662.0	70373.0	0.11987917503438779	0.08984782552287485
hard	ENSG00000183020	5904.0	60953.0	0.04635165695098679	0.05862808960157704
hard	ENSG00000161203	22116.0	340899.0	0.161875452379991	0.09969381588078775
hard	ENSG00000103723	689.0	10303.0	0.03838969943135401	0.06317294419207183
hard	ENSG00000065000	8869.0	80593.0	-0.035830681910391876	-0.032433475725165486
hard	ENSG00000070718	1717.0	10125.0	0.01925080610154161	0.025668883877398976
hard	ENSG00000254470	796.0	30727.0	0.041226043624059044	0.019303638250970284
hard	ENSG00000120868	3047.0	11879.0	0.030509803370575104	0.022571600152356514
hard	ENSG00000134982	2788.0	17053.0	0.013183670426651058	0.037315192414250305
hard	ENSG00000154856	3764.0	29156.0	0.11309461912956509	0.11564387108220045
hard	ENSG00000100823	76175.0	306522.0	0.2537295295884056	0.23556316155934423
hard	ENSG00000169188	5274.0	49018.0	0.06710627028494841	0.05794620842530885
hard	ENSG00000138613	4354.0	33819.0	0.0901883607541957	0.0896340339068572
hard	ENSG00000166181	18710.0	124415.0	0.11602336498340471	0.1234287452643365
hard	ENSG00000169621	1917.0	15737.0	0.016308838842767775	0.03643824481827164
hard	ENSG00000171388	625.0	5055.0	0.17123109715000537	0.126965828018444
hard	ENSG00000134817	995.0	7184.0	0.23706676971701082	0.2254221834972605
hard	ENSG00000101474	14781.0	90541.0	-0.0025118933571970144	0.025253028760930104
hard	ENSG00000244509	1584.0	33726.0	0.07150756616350196	0.07486172644314328
hard	ENSG00000243811	619.0	4460.0	0.06883200082751523	0.09360108853103362
hard	ENSG00000128394	1592.0	6904.0	0.00493316514740149	0.035549126671199784
hard	ENSG00000239713	2077.0	9013.0	0.06253322497832521	0.05155277820385634
hard	ENSG00000100342	2446.0	27331.0	0.2568629737782998	0.20795696971236013
hard	ENSG00000128335	1289.0	17580.0	0.1454877171390232	0.1354842535923181
hard	ENSG00000128284	320.0	4516.0	0.22805512359231847	0.13550396491342914
hard	ENSG00000221963	4413.0	42817.0	0.18980933541811618	0.19142225334093388
hard	ENSG00000204444	1263.0	8413.0	0.027220894866042254	0.03819459991690996
hard	ENSG00000142192	28437.0	679543.0	0.219245971883987	0.20903501375933656
hard	ENSG00000062725	8143.0	52435.0	0.03608052256937279	-0.007402397521646294
hard	ENSG00000137074	4724.0	43854.0	0.02639337457012759	0.012667338674537162
hard	ENSG00000161798	23391.0	24966.0	0.3844103953461169	0.39473477084156855
hard	ENSG00000103569	176.0	1187.0	0.07094332023938368	0.1168339385158764
hard	ENSG00000169083	3856.0	51915.0	0.2609052922702959	0.29341340776079416
hard	ENSG00000198576	169.0	2044.0	0.07283386802146256	0.11109594639586932
hard	ENSG00000143761	39897.0	184278.0	-0.03691749968663508	0.05463945584928221
hard	ENSG00000165527	37300.0	263957.0	0.21981951401548647	0.19537196598947082
hard	ENSG00000164144	6914.0	33112.0	0.03593940492687898	0.05352719817927768
hard	ENSG00000081181	1076.0	1361.0	0.016773089342274995	0.04873333766770479
hard	ENSG00000160007	5270.0	64386.0	0.07040970364034078	0.0912726226057001
hard	ENSG00000116584	9922.0	217116.0	0.0577325981623716	0.08585493865303152
hard	ENSG00000102606	4532.0	21989.0	-0.03544163596965094	0.006695434660306069
hard	ENSG00000117713	16832.0	148297.0	0.08162779610661586	0.03818836522571418
hard	ENSG00000179361	705.0	16259.0	0.016430695199317558	0.018486804698305277
hard	ENSG00000175906	5231.0	14626.0	0.11149657604414535	0.12152333426857728
hard	ENSG00000134108	5996.0	35634.0	0.05975306018183495	0.09821594961958496
hard	ENSG00000140691	3584.0	14397.0	0.03501094744270558	0.02880964201263568
hard	ENSG00000125449	2140.0	6428.0	0.019621617365299052	0.03181684721322208
hard	ENSG00000120029	4065.0	35823.0	0.038773985734968874	0.0224251071563423
hard	ENSG00000143437	5804.0	48190.0	0.02136663454889677	0.015159150266131148
hard	ENSG00000133794	1139.0	5681.0	0.07385684582660032	0.05678505983615267
hard	ENSG00000137486	845.0	9188.0	0.08277022561956492	0.04421737545910871
hard	ENSG00000141480	5977.0	59927.0	0.02370771608531011	0.06472410780999115
hard	ENSG00000113369	32480.0	139306.0	0.1365032187233835	0.13897969661556955
hard	ENSG00000004848	477.0	1782.0	0.3230730255678516	0.20313801089059155
hard	ENSG00000100325	4026.0	54422.0	0.03447315954407573	0.024097363081325537
hard	ENSG00000112249	6644.0	50359.0	0.05875246646209948	0.06412657303844949
hard	ENSG00000139352	870.0	7379.0	0.050864093081807144	0.06458278542421264
hard	ENSG00000183734	451.0	1687.0	-0.02198130588811019	0.008979285656548442
hard	ENSG00000105011	18168.0	62582.0	0.1458596325966156	0.16063954912118222
hard	ENSG00000129691	3578.0	23952.0	0.050378785571854864	0.03438678033835436
hard	ENSG00000066279	7680.0	26345.0	0.18571101427277642	0.15972953885849925
hard	ENSG00000148219	2689.0	3458.0	-0.001393015033427156	0.0013209573774530545
hard	ENSG00000171456	11919.0	124807.0	0.05377107539596724	0.029761821068337645
hard	ENSG00000197785	4964.0	30267.0	-0.09718264422626585	-0.09030177798133593
hard	ENSG00000123268	15781.0	54437.0	0.06177691287822976	0.04487026973918115
hard	ENSG00000115966	15707.0	47313.0	0.0022023775695451005	0.03363264260662386
hard	ENSG00000162772	4226.0	4807.0	0.2437721810986079	0.18382394291100923
hard	ENSG00000128272	25841.0	282207.0	0.06825457003686645	0.11394104458767121
hard	ENSG00000118217	7788.0	87273.0	0.016226981922949524	0.029811280646675535
hard	ENSG00000152348	2998.0	8697.0	0.04066322313901832	0.05479958334476956
hard	ENSG00000085978	4973.0	21752.0	-0.0013417291393029475	-0.008914242781529379
hard	ENSG00000110046	5461.0	33309.0	-0.0012121850614099337	0.02224443450185001
hard	ENSG00000057663	10987.0	29903.0	0.03310364026995493	0.047254158965506374
hard	ENSG00000197548	2467.0	15589.0	0.01905117825388305	0.031099640827452434
hard	ENSG00000138363	11467.0	111905.0	0.12119505444147337	0.1431339007759146
hard	ENSG00000198513	905.0	5157.0	0.006725730925656008	0.024819060814169413
hard	ENSG00000119787	12537.0	121759.0	0.13514884281212772	0.07305673670774758
hard	ENSG00000184743	12438.0	67824.0	0.09526345495442537	0.06036807026191755
hard	ENSG00000149311	5468.0	51926.0	0.0635423516089535	0.037191088914688
hard	ENSG00000168874	289.0	1576.0	0.04612195833515867	0.05127216703278178
hard	ENSG00000145246	1224.0	11569.0	0.12973152020422424	0.1005815551308898
hard	ENSG00000159363	2207.0	31730.0	-0.03991455851976291	-0.007664296613869644
hard	ENSG00000163399	73752.0	659700.0	0.21112785498949002	0.10643020733155638
hard	ENSG00000174437	17375.0	148535.0	0.06034590960150746	-0.0014696499625012677
hard	ENSG00000070961	16454.0	62974.0	0.19708844181829924	0.12407708509186648
hard	ENSG00000152234	48670.0	501458.0	0.296742074634373	0.2914939118481649
hard	ENSG00000165629	55101.0	245503.0	0.2410802208973291	0.2268100669714668
hard	ENSG00000116039	948.0	41277.0	0.13844506398553708	0.13498090897079576
hard	ENSG00000047249	13100.0	76536.0	0.1674759219592944	0.13498192673407536
hard	ENSG00000165240	1811.0	13446.0	0.19812650380026853	0.1995829344032481
hard	ENSG00000123191	7553.0	129585.0	0.2358996554889951	0.24645546679117245
hard	ENSG00000123472	22742.0	71964.0	0.1467922606897336	0.09464775770318257
hard	ENSG00000150756	2513.0	30325.0	0.07420077089540064	0.0866462529583994
hard	ENSG00000175054	4850.0	54396.0	-0.053773700301536546	-0.03309092084783295
hard	ENSG00000085224	19810.0	146074.0	0.2986670796527971	0.35537425458133753
hard	ENSG00000124788	13460.0	73681.0	0.1272844340305982	0.11771324224632913
hard	ENSG00000224470	3415.0	18287.0	0.02279891039822873	0.021049941503174775
hard	ENSG00000204842	10105.0	161905.0	0.03270441472076515	0.02248814960339382
hard	ENSG00000168488	8757.0	261536.0	0.05046047092784167	0.055198114647248976
hard	ENSG00000066427	5071.0	75782.0	0.08538369752064144	0.07556828491284602
hard	ENSG00000162650	1951.0	23131.0	0.0068378514556373705	0.01835829688884675
hard	ENSG00000127423	921.0	15712.0	0.07153206698256677	0.06019375499408015
hard	ENSG00000087586	5817.0	25835.0	0.1155488321711988	0.10237970388865548
hard	ENSG00000178999	5693.0	69094.0	0.11338003522674989	0.1248694788856418
hard	ENSG00000166148	282.0	1479.0	0.04225153554798141	0.01892081697793252
hard	ENSG00000126895	136.0	1083.0	0.08181839542454426	0.02630224616475063
hard	ENSG00000103126	4189.0	70735.0	-0.01771741947057879	-0.011602764478309928
hard	ENSG00000168646	2315.0	19799.0	0.09111350237130267	0.0849510968927812
hard	ENSG00000167601	841.0	15159.0	0.06033664299712334	0.055808144598969635
hard	ENSG00000174684	1760.0	18673.0	0.08108996631302934	0.09089101637537723
hard	ENSG00000164929	4557.0	26435.0	0.2575648678475723	0.2681256841703768
hard	ENSG00000186318	7214.0	53114.0	0.15582591793740938	0.14519044016865498
hard	ENSG00000182240	4536.0	31306.0	0.10675987831466337	0.10330496832954404
hard	ENSG00000112182	894.0	5354.0	0.013661183622159685	0.02444092165114945
hard	ENSG00000002330	4640.0	20853.0	-0.005384939367692888	0.013635533808847819
hard	ENSG00000112208	4024.0	20600.0	0.1027808056638228	0.09704057960856409
hard	ENSG00000151929	5069.0	81006.0	0.05934576155927068	0.10083877831034689
hard	ENSG00000204463	32874.0	498884.0	0.08821414306103352	0.040046491583357276
hard	ENSG00000175866	3564.0	34382.0	0.02924051637894589	0.015679035913426724
hard	ENSG00000030110	8155.0	55263.0	0.005752712970842356	0.06483874758467431
hard	ENSG00000153064	904.0	2412.0	0.046813757841759805	0.059415658174191754
hard	ENSG00000163930	12583.0	134879.0	0.036686212249425226	0.017682246496938253
hard	ENSG00000138376	2985.0	13377.0	0.10929283054651906	0.10342313877063412
hard	ENSG00000156127	705.0	6591.0	0.08526235333651527	0.11733677175618602
hard	ENSG00000123685	213.0	2104.0	0.08233939760893019	0.049500057708343426
hard	ENSG00000087088	4240.0	8930.0	0.08499922780141096	0.06564773532635114
hard	ENSG00000123636	25740.0	81307.0	0.11898534449928108	0.15823864438201596
hard	ENSG00000105327	1984.0	7872.0	0.04384918994562244	0.07199523279717242
hard	ENSG00000187244	8755.0	485687.0	0.11160836313341971	0.12330754597508563
hard	ENSG00000132692	182.0	2226.0	0.03558986863675892	0.06323243706116154
hard	ENSG00000050820	8442.0	13597.0	0.0181894174265536	-0.00018829795029546304
hard	ENSG00000137936	7503.0	36981.0	0.12021215724978174	0.11994710215148952
hard	ENSG00000141376	3138.0	35867.0	0.03873701802314089	0.008887387512241841
hard	ENSG00000107949	11662.0	119941.0	0.17470954674987244	0.13337541463263328
hard	ENSG00000103507	7629.0	93682.0	0.046114235641866994	0.051722377680492336
hard	ENSG00000142867	7759.0	43757.0	0.09362414021051634	0.05847060943409547
hard	ENSG00000119866	6440.0	67888.0	0.15018825906598254	0.11782944891803293
hard	ENSG00000127152	505.0	1518.0	0.04053444066515465	0.01024319731162156
hard	ENSG00000171791	1490.0	4001.0	0.03297929157826846	0.03748283104441464
hard	ENSG00000140379	249.0	1003.0	0.030170846512616048	-0.0005385609445284574
hard	ENSG00000171552	26623.0	380832.0	0.15450485885696036	0.21137183215253366
hard	ENSG00000153094	15648.0	50863.0	0.26885236561475534	0.20474446577282945
hard	ENSG00000126453	2610.0	9536.0	0.048524432274720475	0.043876116257508764
hard	ENSG00000099968	5989.0	30061.0	0.05243717615816304	0.041962218186649455
hard	ENSG00000129473	2242.0	84626.0	0.04432400323263599	0.04540334440101448
hard	ENSG00000069399	3949.0	24112.0	0.20524623846519152	0.17215089107482429
hard	ENSG00000113916	5929.0	29661.0	0.024866906758167596	0.049615540380909554
hard	ENSG00000161940	353.0	2182.0	0.038134520324645794	0.03726886523782561
hard	ENSG00000106635	5439.0	40581.0	-0.02023274988267612	0.008796324934875994
hard	ENSG00000099385	23643.0	15070.0	-0.008893793853796784	-0.001701246406810753
hard	ENSG00000183337	5272.0	52867.0	0.005283062836844883	-0.005113686040110048
hard	ENSG00000085185	2450.0	40302.0	0.005289745686737306	-0.003485548565106896
hard	ENSG00000186716	11552.0	174282.0	0.21677027472820676	0.19885374556080715
hard	ENSG00000168398	220.0	1318.0	0.1380517543665682	0.07699427136608371
hard	ENSG00000176697	234.0	1554.0	0.0459983744190179	0.05074532057524373
hard	ENSG00000126581	5208.0	35854.0	-0.03176878608307137	-0.025482765099406057
hard	ENSG00000133134	2232.0	10154.0	0.0703349225949732	0.10190132219742995
hard	ENSG00000125864	163.0	1884.0	0.03058507633208898	0.03683256319754569
hard	ENSG00000170819	119.0	288.0	0.07485736127814087	0.01554751545969122
hard	ENSG00000112624	5434.0	53530.0	0.08598458873680932	0.09249437401177255
hard	ENSG00000015475	11611.0	11089.0	0.0667226734817856	0.07644074368986557
hard	ENSG00000100290	3758.0	16876.0	0.12960033677123978	0.13156352738494947
hard	ENSG00000110330	8657.0	71012.0	0.03916795593977033	0.04696610348996804
hard	ENSG00000089685	7242.0	45300.0	0.07223755177412368	0.10937221958669846
hard	ENSG00000197299	2226.0	9898.0	0.10356408743676253	0.11062325731466625
hard	ENSG00000095585	1102.0	4214.0	0.08228383912452522	0.0938476596152996
hard	ENSG00000196072	3561.0	14846.0	0.05998035016846912	0.06363136143751053
hard	ENSG00000106605	8903.0	63012.0	0.051149604433483875	0.02267208467907484
hard	ENSG00000168283	28276.0	125731.0	0.1805254706105009	0.14935876934056602
hard	ENSG00000138756	4846.0	27737.0	0.05292075166595581	0.04025483649711166
hard	ENSG00000125378	510.0	4084.0	0.06218201375653099	0.012803406868112772
hard	ENSG00000153162	858.0	7610.0	0.22836788789413362	0.10611975554734655
hard	ENSG00000101144	17032.0	167803.0	0.26559489321706087	0.3315607235586723
hard	ENSG00000183682	859.0	7648.0	0.2335622413148931	0.16731526554862836
hard	ENSG00000116985	1490.0	11740.0	0.27279939218860516	0.2340568838167323
hard	ENSG00000164619	151.0	1579.0	0.014973471807409745	0.03892365537468517
hard	ENSG00000107779	14659.0	89997.0	0.11999991293587978	0.061585877600090794
hard	ENSG00000138696	7755.0	26706.0	0.11475278025336731	0.10581501362198473
hard	ENSG00000204217	14852.0	91552.0	0.0660677279710072	0.04249737812528332
hard	ENSG00000173068	6118.0	24270.0	0.08606932451941919	0.1122120923341994
hard	ENSG00000176171	8093.0	16272.0	0.26457763435184756	0.13267414313579373
hard	ENSG00000157764	7713.0	102406.0	0.06182233719324734	0.025337628056230684
hard	ENSG00000012048	943.0	6948.0	0.02414425205299124	0.04777134155094408
hard	ENSG00000139618	2057.0	21191.0	0.0017290229403960147	0.02036193086142536
hard	ENSG00000169925	12643.0	104822.0	0.028616628439989116	0.03706167687986452
hard	ENSG00000141867	26013.0	467541.0	0.03019168297147038	0.04271439077830446
hard	ENSG00000184992	9242.0	33351.0	0.19025443680121656	0.17978908773895586
hard	ENSG00000136492	1514.0	17158.0	0.05684478068620613	0.06774419977916833
hard	ENSG00000113460	11169.0	34598.0	0.07459727632882171	0.05447519043664279
hard	ENSG00000160058	5645.0	40844.0	0.020971650744046017	0.009334044576279014
hard	ENSG00000109743	309.0	2429.0	0.04050501516200446	0.026739399133622884
hard	ENSG00000095564	5029.0	114138.0	0.07270356369006223	0.028419991486724534
hard	ENSG00000183826	2451.0	34857.0	-0.01916450595952642	-0.018323504625595333
hard	ENSG00000010671	139.0	2392.0	-0.0022679580219556452	0.013775943155091648
hard	ENSG00000186265	169.0	374.0	0.0022316812016922533	0.050233238008805886
hard	ENSG00000026950	1792.0	24758.0	0.12120260910047465	0.1006202740194141
hard	ENSG00000166167	4405.0	47510.0	-0.011453057944969529	0.007190039709636589
hard	ENSG00000169679	11035.0	67120.0	0.1785126858355314	0.16422807700796416
hard	ENSG00000156970	5068.0	31412.0	0.10919567003332088	0.11211862221021375
hard	ENSG00000108561	27511.0	179301.0	0.22382024866542127	0.2983656377913489
hard	ENSG00000173918	2591.0	18124.0	0.29102402104198893	0.26035909543337454
hard	ENSG00000133466	1676.0	50579.0	0.058664309113371386	0.06578514375169049
hard	ENSG00000139178	12123.0	293628.0	0.23205419379430592	0.24741129338683232
hard	ENSG00000171860	384.0	2849.0	0.04184563073784567	0.06402652892732126
hard	ENSG00000106804	381.0	4388.0	-0.021937573150683246	-0.0035304711332599654
hard	ENSG00000197405	463.0	8414.0	0.037290354211675154	0.05112128617841383
hard	ENSG00000176919	618.0	833.0	0.07240174966925983	0.009152988093028471
hard	ENSG00000074410	3242.0	55267.0	0.24607005401029608	0.21767123529543594
hard	ENSG00000118298	1593.0	8631.0	0.08658223516286528	0.09355679536620568
hard	ENSG00000183346	655.0	2420.0	0.08963890999115402	0.11665572275336165
hard	ENSG00000175544	213.0	5435.0	-0.014322516621902636	-0.011817882304345197
hard	ENSG00000154040	1913.0	34777.0	0.014948999204156418	0.049798961691186916
hard	ENSG00000148408	698.0	4042.0	0.08943489358781964	0.08204328521442808
hard	ENSG00000151067	513.0	6564.0	0.05127082358621267	0.040752089450404025
hard	ENSG00000157388	403.0	3742.0	0.009762422052543351	0.03456968318606936
hard	ENSG00000196557	354.0	15135.0	0.1392689930242379	0.07359747378507711
hard	ENSG00000153956	5970.0	30670.0	0.16385911842037745	0.1301404522060732
hard	ENSG00000075461	1092.0	37347.0	0.14484930155178244	0.14616253895624287
hard	ENSG00000075429	266.0	7154.0	0.05292577280788763	0.084442513527732
hard	ENSG00000151893	12545.0	61429.0	0.18748583206966182	0.12754018776108234
hard	ENSG00000116161	20224.0	54877.0	0.04220906297068132	0.08319882847604626
hard	ENSG00000084774	9633.0	120927.0	0.10411056199693253	0.11318687030316804
hard	ENSG00000105767	5514.0	85826.0	0.02801829496389666	0.021004854480746713
hard	ENSG00000172137	289.0	3795.0	0.23824228413209808	0.12515874709102826
hard	ENSG00000064989	1444.0	6749.0	0.1333629577949775	0.1153413940169641
hard	ENSG00000160014	11833.0	64506.0	0.14784936600088366	0.1753537775673911
hard	ENSG00000134072	3797.0	31909.0	0.09073772139054449	0.06502552740556149
hard	ENSG00000058404	352.0	892.0	0.023196611800242555	0.060374554189413704
hard	ENSG00000145349	3515.0	17997.0	0.016667171795696968	0.043726617101099964
hard	ENSG00000148660	7380.0	65424.0	0.15861322488166224	0.14155288690417153
hard	ENSG00000118200	10368.0	54540.0	0.043621803082969736	0.047418445234656936
hard	ENSG00000111530	23118.0	155100.0	0.1643195065358991	0.11627933750305548
hard	ENSG00000127022	53591.0	258211.0	0.0021528038099740306	-0.004467450040146371
hard	ENSG00000014216	12983.0	85833.0	0.08073250706963017	0.07957306967205968
hard	ENSG00000092529	310.0	10725.0	-0.02983293552487419	-0.002618910164868485
hard	ENSG00000100065	2951.0	61937.0	0.12262415996513532	0.130990618743228
hard	ENSG00000141527	601.0	12624.0	0.0702052446133459	0.06944532238464632
hard	ENSG00000105483	1771.0	16679.0	0.05427479313337259	0.056862986584685325
hard	ENSG00000187796	784.0	3487.0	0.05080262589409136	0.03920517965305745
hard	ENSG00000138380	1821.0	22698.0	-0.006225158273073833	-0.016483322128567773
hard	ENSG00000142453	17953.0	197419.0	0.15654457796990212	0.11358519180430056
hard	ENSG00000246228	605.0	791.0	0.0011702144966686083	0.04347932485488697
hard	ENSG00000147044	6664.0	27758.0	0.048105778854598796	0.0430288165541779
hard	ENSG00000137752	482.0	4438.0	0.15336846023952888	0.08923034356286236
hard	ENSG00000003400	1435.0	18160.0	0.03686600272598538	0.03442552400594501
hard	ENSG00000106144	6901.0	68806.0	0.06809561475887013	0.02802359749115838
hard	ENSG00000164305	18437.0	47428.0	0.08748358222821688	0.04137160480822612
hard	ENSG00000138794	7062.0	30059.0	0.019570979302658102	0.03140101178723241
hard	ENSG00000165806	5773.0	9420.0	0.09329737181172851	0.08627541140451601
hard	ENSG00000064012	4865.0	20052.0	0.051744298554304485	0.08713919272276366
hard	ENSG00000118412	7660.0	45903.0	0.08512494660509737	0.06463636270956641
hard	ENSG00000132906	2678.0	23912.0	0.0051314828148043175	0.011758677854403772
hard	ENSG00000087589	227.0	5321.0	0.013190802469673985	0.016820457510383396
hard	ENSG00000130940	2983.0	39645.0	0.053016347830432	0.0520016004668359
hard	ENSG00000121691	13822.0	58790.0	0.08843457477971019	0.09985808572164287
hard	ENSG00000166762	719.0	2891.0	-0.01365613346967481	0.022634617735628623
hard	ENSG00000105971	1558.0	4327.0	0.16834941161526623	0.0746832922545894
hard	ENSG00000168497	593.0	2679.0	0.26513243627891947	0.16509045831033578
hard	ENSG00000170955	2566.0	12834.0	-0.008850727083214705	0.01644501671696201
hard	ENSG00000099625	188.0	916.0	-0.03460176018160609	-0.03898949392155857
hard	ENSG00000067955	15205.0	70145.0	0.16208113086090511	0.0926552659325402
hard	ENSG00000110395	4742.0	20489.0	-0.033804325565728224	-0.01841880457233148
hard	ENSG00000114423	13927.0	131940.0	0.20200053149760222	0.21525599967070672
hard	ENSG00000139899	768.0	26409.0	0.06362951810800722	0.05469100501400354
hard	ENSG00000159228	8779.0	24363.0	0.09220551723476422	0.07932158858287158
hard	ENSG00000160200	3292.0	8885.0	0.041442255761223526	0.05521362439243629
hard	ENSG00000136682	2812.0	92468.0	-0.08832538523996386	-0.10280333250024812
hard	ENSG00000108468	22685.0	88632.0	0.06058612936866916	0.07346525803890297
hard	ENSG00000122565	98093.0	130187.0	0.18867386622200155	0.19258803889956083
hard	ENSG00000094916	25237.0	137118.0	0.14281468098180894	0.07790930667631325
hard	ENSG00000100307	1258.0	15444.0	0.05586235494832245	0.019182668483867158
hard	ENSG00000132024	10813.0	83899.0	0.028452923463264338	0.06930638308684128
hard	ENSG00000158941	4775.0	104376.0	0.05752301502153763	0.031858170593472714
hard	ENSG00000183287	304.0	2053.0	0.10772337038204405	0.1424117572998383
hard	ENSG00000150636	319.0	1381.0	-0.007789461470243656	-0.0033554102985292236
hard	ENSG00000103021	1090.0	12257.0	0.08030311341348356	0.10736868499032781
hard	ENSG00000007080	10450.0	90930.0	0.027176706786901532	0.030993974230742842
hard	ENSG00000185298	4470.0	52652.0	-0.03196168556002265	-0.029613316495148933
hard	ENSG00000175455	8896.0	81455.0	0.08355540985847822	0.07914743934593153
hard	ENSG00000120262	3334.0	13785.0	0.17239473300088437	0.16869776779018475
hard	ENSG00000140481	1176.0	17472.0	0.031694153759422194	0.03574547860652572
hard	ENSG00000180329	1690.0	12789.0	0.027271092356857398	0.0028205137557754207
hard	ENSG00000152492	14601.0	184620.0	0.042653785336259825	0.06627908233448872
hard	ENSG00000164051	3057.0	9803.0	0.026514715071815118	0.029681096760726073
hard	ENSG00000176155	2924.0	35212.0	0.041839244861603196	0.016910678471038578
hard	ENSG00000108091	28987.0	208588.0	0.14498044890543912	0.17353448367230118
hard	ENSG00000104983	543.0	5650.0	0.050975538447195316	0.042472204974160946
hard	ENSG00000130783	164.0	1586.0	-0.011021274988183526	0.02075723216854724
hard	ENSG00000216937	1151.0	13006.0	0.011697262789146918	0.01183054369557062
hard	ENSG00000120647	1548.0	19292.0	0.02560739816298997	0.03889276398090063
hard	ENSG00000091986	2632.0	13865.0	0.13002724030224222	0.15042166485300582
hard	ENSG00000110104	1510.0	17593.0	0.059004068411054364	0.05658403223320991
hard	ENSG00000105321	422.0	53112.0	0.061244366410369094	-0.004897397947240975
hard	ENSG00000123106	3840.0	23883.0	0.023090352184335014	-0.0008815389255089287
hard	ENSG00000110148	227.0	2830.0	0.008534168120688907	0.018305187617823637
hard	ENSG00000275385	656.0	1228.0	0.03847626264857175	0.09919323191320524
hard	ENSG00000151882	2446.0	27636.0	0.04413746937899113	0.05206778858147682
hard	ENSG00000108688	280.0	2432.0	0.1325046229666157	0.08679959356884764
hard	ENSG00000108700	282.0	3625.0	0.10039018966231503	0.07687121009881503
hard	ENSG00000142871	22542.0	176525.0	0.5591488228518684	0.4782117867071912
hard	ENSG00000118523	67299.0	169478.0	0.5007576575840662	0.4341439191020232
hard	ENSG00000136999	5085.0	27405.0	0.16596588087735326	0.1839115455298617
hard	ENSG00000104415	769.0	6799.0	0.18721752229382596	0.11580619489718444
hard	ENSG00000064205	638.0	4413.0	0.13257780981762962	0.12773409329845192
hard	ENSG00000133101	9117.0	31528.0	0.4706084068735694	0.4917388637313627
hard	ENSG00000145386	8554.0	20663.0	0.1663332212551169	0.16854835469714916
hard	ENSG00000134057	18746.0	164686.0	0.18820686867158853	0.16882869338885337
hard	ENSG00000157456	8461.0	23243.0	0.08323438150696957	0.0996015809096023
hard	ENSG00000147082	252.0	1560.0	-0.010513168070660023	0.01801815061619329
hard	ENSG00000110092	9383.0	22546.0	0.16387504215924298	0.16600600122903064
hard	ENSG00000118971	52944.0	124635.0	0.5297972863714984	0.5828979546404764
hard	ENSG00000112576	10590.0	13466.0	0.026960395280826947	0.02046764434493677
hard	ENSG00000166946	6904.0	29867.0	-0.0059947418332498975	-0.0007119642344585891
hard	ENSG00000105173	33397.0	152829.0	0.24303778734602727	0.31669338276017367
hard	ENSG00000152669	8355.0	44283.0	0.26207303630238993	0.265939181043161
hard	ENSG00000129315	5664.0	59293.0	0.03233545625463896	0.033402993002875116
hard	ENSG00000108100	26198.0	89966.0	0.04567966022623092	0.06990399074544788
hard	ENSG00000163823	326.0	4460.0	0.03532569344688635	0.07190461306583219
hard	ENSG00000166226	22572.0	198400.0	0.2005421635680513	0.15311778054637196
hard	ENSG00000163468	55094.0	552993.0	0.30761796263353364	0.38266954513545987
hard	ENSG00000150753	42984.0	332980.0	0.1871831610794757	0.19123165419344695
hard	ENSG00000146731	43691.0	365877.0	0.20647526244600006	0.19201589995481616
hard	ENSG00000135624	33635.0	332992.0	0.12013773726061203	0.2241537150203736
hard	ENSG00000156261	22070.0	188304.0	0.07402933243818806	0.05566102817039457
hard	ENSG00000156535	4165.0	30854.0	0.12993810023476904	0.12643446176805903
hard	ENSG00000170458	1790.0	30741.0	0.14098023296379542	0.10962088366520373
hard	ENSG00000177697	30827.0	122401.0	0.020265385142430745	0.011962820817899992
hard	ENSG00000177575	860.0	9717.0	0.10375751488966124	0.07635084397887323
hard	ENSG00000158473	189.0	3079.0	-0.023870458510671332	0.012617399249443533
hard	ENSG00000091972	9234.0	181134.0	0.5561862889521547	0.5652330052566242
hard	ENSG00000012124	2345.0	131547.0	0.11481346142652783	0.11043859941755786
hard	ENSG00000198821	166.0	1879.0	0.10103306946717233	0.04215986255938909
hard	ENSG00000174807	788.0	4764.0	0.18091171314207016	0.10745874825422316
hard	ENSG00000139193	328.0	1757.0	0.011548774515594508	0.05594120790762494
hard	ENSG00000120217	128.0	1843.0	0.14605384294882068	0.09695431841345166
hard	ENSG00000103855	10324.0	68734.0	0.1052651397840491	0.08339163757076552
hard	ENSG00000198087	17873.0	132127.0	0.1037572292755003	0.09876658004081035
hard	ENSG00000169217	13214.0	49136.0	-0.0894928339729075	-0.019113749327072743
hard	ENSG00000167851	212.0	4895.0	0.06036425715760477	0.04856173007142578
hard	ENSG00000241399	2515.0	5746.0	0.10949730213133729	0.0854166818918678
hard	ENSG00000167775	29207.0	15195.0	0.19379442005852998	0.2238346167177165
hard	ENSG00000174059	1903.0	29272.0	0.15263267041661568	0.11814840519230126
hard	ENSG00000135218	535.0	1882.0	0.0797576628645553	0.0674968971276791
hard	ENSG00000004468	221.0	2732.0	0.15486737065768616	0.04830080503965702
hard	ENSG00000117877	816.0	11961.0	0.00387206230101194	0.007109271423701538
hard	ENSG00000160654	260.0	948.0	0.06899097524056075	0.03799110012951309
hard	ENSG00000010610	532.0	22102.0	0.09731085913791857	0.08474726709479366
hard	ENSG00000101017	433.0	5711.0	0.06999470212500057	0.052173534291204
hard	ENSG00000026508	1810.0	24116.0	0.15475760507434233	0.1636906968746365
hard	ENSG00000117335	26547.0	226809.0	0.13711106717425703	0.05911285373583441
hard	ENSG00000196776	48486.0	284709.0	0.23390414808014415	0.2150366455438517
hard	ENSG00000196352	11990.0	65121.0	0.14028513815034804	0.14478591731829343
hard	ENSG00000116815	3670.0	25691.0	0.0760158684809524	0.07621493385707567
hard	ENSG00000085063	32006.0	39536.0	0.03487950793530876	0.17145440225937517
hard	ENSG00000013725	168.0	940.0	0.061115898085466164	0.07838755163799115
hard	ENSG00000129226	1803.0	15508.0	0.1406189725969832	0.12959325224512694
hard	ENSG00000173762	324.0	3142.0	0.1418433960879097	0.17239307996024938
hard	ENSG00000137101	532.0	2178.0	0.022360419423227952	0.022530728546598117
hard	ENSG00000007312	347.0	2501.0	0.0843150354162712	0.11231819082049475
hard	ENSG00000085117	5496.0	94032.0	0.18488559090232387	0.19400458382790312
hard	ENSG00000112149	2709.0	19895.0	0.002411866187892516	0.034406832593060155
hard	ENSG00000066294	168.0	2803.0	0.021305950064968146	0.025938751145276672
hard	ENSG00000114013	316.0	2811.0	0.053448879542949204	0.05104934346177174
hard	ENSG00000153563	400.0	2283.0	0.054707354773649575	0.04574023978649602
hard	ENSG00000172116	212.0	1024.0	0.17142239787602562	0.1152510511665308
hard	ENSG00000125810	2124.0	3488.0	0.18032992202420417	0.12281298840433115
hard	ENSG00000153283	628.0	1960.0	0.035127722226034414	0.046648703885351125
hard	ENSG00000002586	16353.0	90010.0	0.08956654111786594	0.1345257586822331
hard	ENSG00000158825	308.0	3344.0	0.04781734418188395	0.05269646225461668
hard	ENSG00000140326	2805.0	50375.0	0.062022294670626796	0.03835339376466023
hard	ENSG00000151465	12927.0	81233.0	0.011205975810287764	-0.0077997495093870255
hard	ENSG00000079335	2207.0	20281.0	0.048468926211820425	0.05379485535928322
hard	ENSG00000117399	34243.0	161231.0	0.29057138621724693	0.30642649554138257
hard	ENSG00000164045	2470.0	17310.0	0.09238658011700034	0.10163000556136116
hard	ENSG00000158402	1303.0	14654.0	0.057072628446723256	0.07667933589487061
hard	ENSG00000004897	10380.0	51252.0	0.020283466520076218	0.03206919255986369
hard	ENSG00000099804	7830.0	64768.0	-0.019691467153109682	-0.029618848245747818
hard	ENSG00000105401	59057.0	595265.0	0.047212252434662864	0.01803656726035098
hard	ENSG00000070831	56983.0	116687.0	0.00045610697106818806	0.0160870169288507
hard	ENSG00000171219	2366.0	97890.0	0.08145144182302995	0.05174691041966474
hard	ENSG00000094804	1866.0	17625.0	0.08439169770390575	0.09827709540470987
hard	ENSG00000134371	12047.0	124483.0	0.06204665114297549	0.050121932933228135
hard	ENSG00000184661	622.0	16778.0	0.0670270863316304	0.07765350296899518
hard	ENSG00000111665	16148.0	105401.0	0.15775592764826937	0.1332039694433653
hard	ENSG00000164649	6156.0	94496.0	0.14596121484375013	0.12757519941947948
hard	ENSG00000163814	1535.0	16691.0	0.12139135420997002	0.12029546433605391
hard	ENSG00000039068	34070.0	437518.0	0.18613995867444338	0.06038448430521406
hard	ENSG00000140937	2286.0	37199.0	0.41651319021306593	0.34406723525261546
hard	ENSG00000140945	548.0	1037.0	0.011008031395568278	-0.06143489113032019
hard	ENSG00000166589	164.0	2693.0	0.06345338340065274	0.0638691477558023
hard	ENSG00000170558	6187.0	43687.0	0.20686445496985653	0.23639083460127788
hard	ENSG00000149654	192.0	1726.0	0.023394816156274114	0.03239427956540106
hard	ENSG00000107736	2920.0	108441.0	0.1494437772257661	0.14997244473174418
hard	ENSG00000062038	11077.0	183265.0	0.10429730299149022	0.14888467176475376
hard	ENSG00000179776	2077.0	12368.0	0.19074701900834037	0.12556713780193138
hard	ENSG00000113361	35144.0	268065.0	0.4017779742519627	0.38145196351134
hard	ENSG00000148600	392.0	10781.0	0.056805994977094675	0.036726085741053904
hard	ENSG00000074276	1659.0	2897.0	0.01675236731865485	0.0037588514085534273
hard	ENSG00000170312	23397.0	33247.0	0.24626605837068108	0.23959753906074743
hard	ENSG00000185324	7848.0	134038.0	0.0007686737711023479	0.02992693961833491
hard	ENSG00000058091	5278.0	27677.0	0.07660508852816128	0.08267059284621309
hard	ENSG00000102225	14154.0	197144.0	0.0836388816270144	0.06681172432688057
hard	ENSG00000059758	7592.0	66080.0	0.07424012199541988	0.06903387181559295
hard	ENSG00000117266	2453.0	99874.0	0.08913255680026204	0.06759090801886335
hard	ENSG00000123374	11565.0	133201.0	0.17167685873137972	0.11555502697518483
hard	ENSG00000250506	1894.0	23195.0	-0.04699020217550238	-0.04572753477490967
hard	ENSG00000135446	35199.0	171770.0	0.23770021192730206	0.2647821380422602
hard	ENSG00000164885	4429.0	32159.0	0.028428520407236244	0.03237828708851131
hard	ENSG00000101391	5312.0	51710.0	-0.061563767627717134	-0.06888351444863915
hard	ENSG00000105810	3543.0	18642.0	0.18187847555460843	0.18529414802467042
hard	ENSG00000134058	8857.0	50934.0	0.024131292454487294	0.022849505473296564
hard	ENSG00000132964	2557.0	19664.0	0.012010220531378544	0.03643234747164124
hard	ENSG00000136807	7304.0	57229.0	0.009122440827848372	0.01563658446063111
hard	ENSG00000145996	8161.0	93334.0	0.032183413756369156	0.021283928771275835
hard	ENSG00000100490	578.0	2529.0	0.05330545614324294	0.017369148769532224
hard	ENSG00000006837	1336.0	3390.0	-0.00807341240587591	-0.02009568912409661
hard	ENSG00000124762	17062.0	246213.0	0.26639727314135264	0.2683262884997728
hard	ENSG00000111276	37322.0	95369.0	0.030405889333257767	0.06566917437216796
hard	ENSG00000129757	10327.0	16038.0	0.05448361314823287	0.0520392454022466
hard	ENSG00000147889	34459.0	40305.0	-0.1358692239778355	-0.1503524480890618
hard	ENSG00000168564	6554.0	22086.0	0.03050066328587919	0.018715717024966813
hard	ENSG00000147883	610.0	4583.0	0.09511108828386675	0.1164948414624785
hard	ENSG00000100526	1817.0	8912.0	0.07008579625358954	0.09359413300538937
hard	ENSG00000109089	4077.0	96877.0	0.13776783381566662	0.1186403627323575
hard	ENSG00000204539	169.0	1574.0	0.045574643896845034	0.010128690220519472
hard	ENSG00000091527	27607.0	81504.0	0.03748141198475636	0.04663801719270388
hard	ENSG00000079385	223.0	2531.0	0.04168880275565999	0.017480347368766518
hard	ENSG00000245848	2897.0	9369.0	0.09471172728040304	0.13921150449399017
hard	ENSG00000075275	9255.0	181208.0	0.1886290665515914	0.17964692522897638
hard	ENSG00000143126	13826.0	363793.0	0.14113048709931936	0.10223540092093279
hard	ENSG00000008300	525.0	5680.0	0.023470746126694357	-0.015068931303179472
hard	ENSG00000135048	2151.0	16746.0	0.005099658968753086	0.010382297233211515
hard	ENSG00000115163	6559.0	21728.0	0.09002398947061709	0.08743494620469695
hard	ENSG00000125817	8856.0	63595.0	0.02334192820734172	0.048428217955524794
hard	ENSG00000117724	10604.0	71173.0	0.18791860344594583	0.14194177107989617
hard	ENSG00000166582	951.0	5220.0	0.06425119574765369	0.09053048769224986
hard	ENSG00000154240	4239.0	76062.0	0.06305001552220721	0.05553321035543686
hard	ENSG00000100629	1426.0	20052.0	0.028377731968996484	0.055150381208683166
hard	ENSG00000143702	5959.0	32835.0	0.043638177252175045	0.04131099261050214
hard	ENSG00000174007	867.0	6451.0	0.044258805032523905	0.04176241632449316
hard	ENSG00000164118	4150.0	23962.0	0.0469794842790562	0.025822232731189564
hard	ENSG00000138180	7217.0	62811.0	0.2220448245526754	0.18482868585035403
hard	ENSG00000130695	2694.0	68195.0	-0.03790615607229242	-0.01654533462866677
hard	ENSG00000070761	6345.0	33070.0	0.08200094503768346	0.0680493496637414
hard	ENSG00000197748	3999.0	81942.0	0.14632988909507022	0.12720887858925148
hard	ENSG00000171811	1011.0	19886.0	0.13468976148115155	0.17398642063379427
hard	ENSG00000165164	975.0	28995.0	0.08138880752423065	0.11011511548048167
hard	ENSG00000243649	18050.0	159352.0	0.4155697077746896	0.44857016677976697
hard	ENSG00000153774	6718.0	46054.0	0.004051923707530963	0.014736754245365148
hard	ENSG00000000971	3050.0	11530.0	0.3519149842740871	0.29315679521135746
hard	ENSG00000165410	3748.0	11664.0	-0.022632092637691295	-0.005334878547844407
hard	ENSG00000003402	6521.0	111602.0	0.010104017199195382	0.023667104163782895
hard	ENSG00000126759	197.0	6907.0	0.1046535301981497	0.08625126850776599
hard	ENSG00000001626	492.0	5484.0	0.08522230608591119	0.10632548470594883
hard	ENSG00000164430	8825.0	51890.0	0.15389851170056465	0.106261780326614
hard	ENSG00000128849	2287.0	26413.0	0.04928697687787505	0.03632204423501184
hard	ENSG00000100532	1733.0	4745.0	-0.029313470299810844	-0.0014477964479708018
hard	ENSG00000167670	1400.0	33743.0	0.03956319239525255	0.06896106070058701
hard	ENSG00000198824	5616.0	22309.0	0.038980627868011986	0.03509677362095432
hard	ENSG00000170004	13930.0	324266.0	0.04699683268399974	0.10839340964238163
hard	ENSG00000171316	6828.0	158781.0	0.19151914851816898	0.16112761536264514
hard	ENSG00000149554	3062.0	45918.0	0.12183800851805768	0.13239624289191929
hard	ENSG00000183765	5546.0	63905.0	0.1879376029519788	0.1688289823146599
hard	ENSG00000072609	5379.0	71677.0	-0.004274427402371795	0.050296094108196965
hard	ENSG00000133063	259.0	403.0	-0.0047647205243213295	-0.02007733515833088
hard	ENSG00000110721	6977.0	63207.0	0.05260523782111866	0.030457240695356894
hard	ENSG00000154645	370.0	1998.0	0.14018727640743847	0.12070862592047216
hard	ENSG00000104472	6190.0	50838.0	0.0369589968004128	0.05163929740512365
hard	ENSG00000133019	1255.0	5445.0	-0.01247110588686809	0.013947051597804114
hard	ENSG00000180720	260.0	2090.0	0.05010376599990476	0.07088848354276901
hard	ENSG00000169684	941.0	5273.0	0.03105856303234969	0.06260446198404317
hard	ENSG00000170175	1040.0	6774.0	0.029406322177333875	0.04079004116617655
hard	ENSG00000117971	191.0	3139.0	-0.02188619885798973	-0.03706114051456843
hard	ENSG00000213341	2745.0	17653.0	0.01958135566091814	0.030422392318110746
hard	ENSG00000179583	1163.0	34865.0	0.15888169792171253	0.17887580872130074
hard	ENSG00000160161	2892.0	15939.0	0.18545607892583038	0.1859454706371637
hard	ENSG00000100865	3921.0	19725.0	0.04716310247192868	0.05597551501141411
hard	ENSG00000163507	3739.0	48882.0	0.12589807610397916	0.11241979501175438
hard	ENSG00000145354	7527.0	21588.0	0.04810546213551673	0.03964773492694453
hard	ENSG00000136108	12086.0	51367.0	0.08837118690174098	0.10691362169535781
hard	ENSG00000136026	24206.0	207741.0	0.12097988076225955	0.06701008306708163
hard	ENSG00000175216	9198.0	146994.0	-0.016515232739179403	0.010332723715487746
hard	ENSG00000123975	47005.0	63433.0	0.2363773857494374	0.29857233161453045
hard	ENSG00000109572	11814.0	66749.0	0.088802967931043	0.08940211403592466
hard	ENSG00000073464	654.0	8702.0	0.01755313855759969	0.02093152215507807
hard	ENSG00000171365	4552.0	43139.0	0.4792967245867603	0.45021640903872345
hard	ENSG00000163347	16597.0	98674.0	0.29640299695603234	0.3116365702558148
hard	ENSG00000184113	714.0	7129.0	0.3740196924857919	0.12098693923351254
hard	ENSG00000181885	22716.0	36523.0	0.11823603540297431	0.10954998016330694
hard	ENSG00000172322	239.0	1199.0	0.030199456671069762	0.061002576102050995
hard	ENSG00000176435	1246.0	9524.0	0.19837973463474312	0.12323691629628636
hard	ENSG00000038532	3119.0	61652.0	0.060591752160569494	0.04734692967688847
hard	ENSG00000111729	197.0	3570.0	0.03595486596096028	0.044634949764250045
hard	ENSG00000198178	312.0	29516.0	0.04522905890757693	0.04661991478966694
hard	ENSG00000258227	135.0	1564.0	0.013242893244265738	0.03768706749345575
hard	ENSG00000205846	175.0	1014.0	0.013515290727573955	0.027343859671226597
hard	ENSG00000172243	544.0	1622.0	0.05242878589776358	0.07390924921168507
hard	ENSG00000153132	1690.0	14339.0	0.12296925412354927	0.13647332984735658
hard	ENSG00000169583	5754.0	28455.0	0.15235913706510745	0.15985491660128584
hard	ENSG00000169504	16915.0	95397.0	0.13621032439901892	0.12798221345540356
hard	ENSG00000159212	4474.0	15262.0	0.16952486042001624	0.18690747484882503
hard	ENSG00000176444	11439.0	185044.0	-0.04767792313191707	0.009297544352488139
hard	ENSG00000179335	5706.0	59060.0	-0.007908106087475775	-0.004285818497462789
hard	ENSG00000113240	4903.0	27042.0	0.022135560578801203	0.015949866798054855
hard	ENSG00000188603	6258.0	18957.0	0.09514525947283492	0.07466916666901935
hard	ENSG00000102805	4674.0	21057.0	0.09849527102806767	0.07578070076663976
hard	ENSG00000134852	9436.0	56390.0	0.010783670190916837	0.016032276043311727
hard	ENSG00000049656	15769.0	195689.0	0.1311378612283036	0.010765333926155737
hard	ENSG00000166855	12142.0	84862.0	0.10378521208393814	0.06748227524320105
hard	ENSG00000171603	14545.0	99260.0	0.09961242661513466	0.08570443747942103
hard	ENSG00000139182	24982.0	78779.0	0.1935234576956881	0.27918984997401664
hard	ENSG00000141367	46933.0	184183.0	0.14648191848885228	0.16708926184780745
hard	ENSG00000174600	210.0	3428.0	0.09463171550420944	0.07091762714068352
hard	ENSG00000184220	9673.0	34952.0	0.11527287677876305	0.1395837912266582
hard	ENSG00000170293	5038.0	22858.0	0.0854339834729888	0.09260626757268574
hard	ENSG00000164309	366.0	1158.0	0.04963459388516811	0.027408916291071915
hard	ENSG00000070729	396.0	2305.0	-0.0019030355936911474	0.008280377752293823
hard	ENSG00000170289	305.0	1519.0	0.0345825002544487	0.03620226814388279
hard	ENSG00000143771	9961.0	22709.0	0.10730860784065019	0.06796664896334381
hard	ENSG00000153721	2670.0	14207.0	0.02603666622228888	0.028060390051804322
hard	ENSG00000168763	3997.0	54394.0	0.03429922989880459	0.0404407304457871
hard	ENSG00000125107	17090.0	174656.0	3.391675620163098e-05	0.024197856194115134
hard	ENSG00000173786	8267.0	87077.0	0.05073861353017377	0.06110306563926912
hard	ENSG00000119865	444.0	3365.0	0.1692332894206126	0.13830706997091996
hard	ENSG00000162852	4161.0	18863.0	0.06396417753093249	0.04833395815718574
hard	ENSG00000044459	2380.0	15686.0	0.012738856203562871	0.01525933416769994
hard	ENSG00000108797	125.0	4926.0	0.11173129908108882	0.06091587730970817
hard	ENSG00000170037	1936.0	35511.0	-0.037839693416277284	-0.04192193276285602
hard	ENSG00000068120	3149.0	40478.0	0.029133265366886388	0.036348669526303674
hard	ENSG00000082438	1917.0	15245.0	0.09893621948730269	0.09025124133301282
hard	ENSG00000100473	874.0	4832.0	0.0663859306047296	0.07839134396317114
hard	ENSG00000121058	3954.0	50887.0	0.15334652767214685	0.13896705794561173
hard	ENSG00000060718	709.0	2562.0	0.10254111988566522	0.13952161123874893
hard	ENSG00000065618	451.0	1818.0	0.08505385385844018	0.1338146827359293
hard	ENSG00000182871	65226.0	613015.0	0.2218755762889233	0.2694715396245527
hard	ENSG00000050767	647.0	7408.0	0.09534027521029816	0.06931952192330948
hard	ENSG00000188517	398.0	841.0	0.0014797388037129603	0.02779432385429292
hard	ENSG00000139219	1788.0	46892.0	0.16628934503748827	0.1785663354651385
hard	ENSG00000187498	20636.0	283197.0	0.27351790783203844	0.26322480305302115
hard	ENSG00000134871	21285.0	173248.0	0.278048237657701	0.25865976456478595
hard	ENSG00000081052	164.0	1964.0	0.03566349772442404	0.027854687071727908
hard	ENSG00000188153	8605.0	65302.0	0.08370157779107813	0.13552625151779538
hard	ENSG00000130635	6709.0	157473.0	0.2773683302367764	0.24127334815020063
hard	ENSG00000204262	3950.0	34554.0	0.21401954845591822	0.17412841852500613
hard	ENSG00000114270	2307.0	16590.0	0.1527563430867792	0.13724775480729398
hard	ENSG00000158270	805.0	8170.0	0.10633932015228362	0.13719479506057755
hard	ENSG00000206561	392.0	7167.0	-0.004958910610279553	0.016625928772119544
hard	ENSG00000105664	171.0	2170.0	0.056431143364277306	0.024915610063192376
hard	ENSG00000093010	13974.0	155844.0	0.16241090562409896	0.18564803213911513
hard	ENSG00000121022	10417.0	70903.0	0.1270407745472542	0.10016816162264303
hard	ENSG00000163050	3221.0	20278.0	0.10781121397096483	0.12052586115399982
hard	ENSG00000172725	11915.0	75055.0	0.07494221344272767	0.037620319563909314
hard	ENSG00000110880	6450.0	76639.0	0.018628376954329406	0.045143966349268295
hard	ENSG00000241563	763.0	4413.0	-0.010088826236452221	0.015048493451824694
hard	ENSG00000047457	71752.0	287306.0	0.4468504940851094	0.4583112707928869
hard	ENSG00000128510	138.0	1267.0	0.11166209372413828	0.04778692613920356
hard	ENSG00000214575	167.0	1624.0	0.04787460892130878	0.07132838106727211
hard	ENSG00000137449	574.0	6137.0	0.0934917175585679	0.09471644471384574
hard	ENSG00000107864	2606.0	24002.0	0.08121258513914187	0.1044963714868165
hard	ENSG00000111605	21617.0	421621.0	0.08890967015815271	0.07369731483553858
hard	ENSG00000110090	5300.0	89101.0	0.10796289552639864	0.1121598562991739
hard	ENSG00000106066	12343.0	29394.0	0.29970974502605874	0.3678754567672635
hard	ENSG00000121898	285.0	1834.0	0.23587468081693388	0.085478124959376
hard	ENSG00000117322	355.0	1841.0	0.028564407676698524	0.047427667987604935
hard	ENSG00000148204	1367.0	4967.0	0.09001536205447902	0.11004885658839268
hard	ENSG00000118260	8541.0	97594.0	-0.001002428841529221	0.012422213137136954
hard	ENSG00000107175	6624.0	69234.0	0.07170536423304591	0.055675374306914216
hard	ENSG00000146592	3355.0	3451.0	0.06295125715660699	0.13651747031871472
hard	ENSG00000005339	19866.0	254358.0	0.031503233722089276	0.038648663802382605
hard	ENSG00000143162	20731.0	170431.0	0.15277384382441922	0.10988509910132013
hard	ENSG00000119878	10239.0	28732.0	0.04122026292357356	0.02871684816002071
hard	ENSG00000167193	13178.0	48631.0	0.010754601329504735	-0.0013090020526040256
hard	ENSG00000099942	6677.0	75354.0	0.15024459699660947	0.11229718973209368
hard	ENSG00000245694	13242.0	12801.0	0.1662035750902431	0.13655283255148137
hard	ENSG00000095713	18176.0	81166.0	0.3011101881709849	0.27678168051273583
hard	ENSG00000121671	1753.0	21323.0	0.02361528036716147	0.046054859362700984
hard	ENSG00000112297	856.0	10166.0	0.05319488861291935	0.0740162132871259
hard	ENSG00000080200	2418.0	37794.0	0.05437985723211451	0.070109001239982
hard	ENSG00000213139	338.0	2832.0	-0.009274743650851711	0.020891856820872357
hard	ENSG00000116791	5878.0	21907.0	0.03302432102923228	0.011739383152531212
hard	ENSG00000205758	1855.0	29914.0	0.015813725205297863	-0.0019159312003500942
hard	ENSG00000124207	27515.0	147438.0	0.17364341454069482	0.20284748738073302
hard	ENSG00000184371	1400.0	15411.0	0.03357143751322869	0.037830714806385925
hard	ENSG00000182578	623.0	10265.0	0.09571661193213904	0.09834572221654803
hard	ENSG00000103653	6953.0	111806.0	0.062341311720437595	0.032735710654961815
hard	ENSG00000113712	29470.0	48281.0	0.07317177670421314	0.04250079769390341
hard	ENSG00000213923	18169.0	146236.0	0.012423942055977522	0.041249987121145214
hard	ENSG00000169118	5047.0	47742.0	0.027233286199376008	0.024015213999939035
hard	ENSG00000101266	17381.0	217763.0	0.03318516291663312	0.035940505487279915
hard	ENSG00000070770	8300.0	93718.0	0.021586770591103952	0.005686286797813523
hard	ENSG00000204435	28229.0	407637.0	-0.03233424502000096	-0.07073695688524496
hard	ENSG00000173546	1658.0	17480.0	0.06461191138695621	0.017299644453830965
hard	ENSG00000104218	3288.0	31114.0	0.09570529348512535	0.0897896053743889
hard	ENSG00000159176	10540.0	65448.0	0.1477895669644899	0.13716239763112112
hard	ENSG00000170367	325.0	1303.0	-0.0036500661503251312	0.005160535217842942
hard	ENSG00000159692	17755.0	316666.0	-0.010170330323819216	-0.04114881865018611
hard	ENSG00000175029	28610.0	103055.0	0.13185836109998872	0.10064246057781373
hard	ENSG00000102974	6982.0	89059.0	0.014930172352070274	0.011492274267753089
hard	ENSG00000124092	802.0	8665.0	0.07338933911667174	0.0733845267085258
hard	ENSG00000144677	5834.0	29925.0	0.017217140541054013	0.010209095684713038
hard	ENSG00000116761	484.0	2800.0	0.05443795558610889	0.07232640463688557
hard	ENSG00000164932	7436.0	36441.0	0.2149953281640492	0.21912842670280513
hard	ENSG00000044115	42977.0	268561.0	-0.025826697395978447	0.018834119558553075
hard	ENSG00000119326	19675.0	111083.0	0.2147988427618003	0.24337396900402616
hard	ENSG00000168036	67791.0	346556.0	0.1300895568413662	0.07191415786925033
hard	ENSG00000198561	16829.0	232403.0	0.07726496556078301	0.1183530703474675
hard	ENSG00000141086	151.0	1781.0	0.0420478496905851	0.022772432369417724
hard	ENSG00000064601	10704.0	165302.0	0.19060943619324233	0.22812447390318752
hard	ENSG00000109861	5540.0	17611.0	0.14496786562602715	0.19621774173570838
hard	ENSG00000103811	7085.0	28492.0	0.16554271392786152	0.19274586625108656
hard	ENSG00000143387	893.0	7119.0	0.19022122482666856	0.15271306656745612
hard	ENSG00000135047	15675.0	142387.0	0.09730613394621593	0.158593952431937
hard	ENSG00000085733	24937.0	309186.0	0.13182794425372796	0.07869496717321331
hard	ENSG00000143079	4052.0	73401.0	-0.010918443596500831	-0.01292895547842049
hard	ENSG00000107611	170.0	1606.0	-0.004234480991905448	0.055584602654037855
hard	ENSG00000107874	8431.0	116497.0	0.0979092396348971	0.11065106249149376
hard	ENSG00000055130	20875.0	114224.0	0.04299333804648563	0.03976787362906576
hard	ENSG00000108094	4233.0	40344.0	-0.017499884327659303	-0.014211339873915724
hard	ENSG00000036257	11799.0	55088.0	0.04760983422451931	-0.015846827866290793
hard	ENSG00000139842	16670.0	139381.0	0.1451081554002201	0.03763923640826653
hard	ENSG00000158290	28111.0	120204.0	0.12094376752916845	0.05325621322698884
hard	ENSG00000166266	9782.0	61667.0	0.13144670043057963	0.056439034028767
hard	ENSG00000112514	34390.0	262349.0	0.14597495645036762	0.19894099490776523
hard	ENSG00000111249	1423.0	12446.0	0.12450345054359307	0.13386155778261616
hard	ENSG00000006210	6423.0	23116.0	0.07525672056625522	0.08320317099730472
hard	ENSG00000168329	221.0	1116.0	0.007445713760704389	0.042048927044338276
hard	ENSG00000154639	10762.0	70016.0	0.17100974514743328	0.14660288216903755
hard	ENSG00000169245	2348.0	8357.0	0.29908866557841857	0.16859876967582518
hard	ENSG00000169248	872.0	1449.0	0.241588206043463	0.10956289210303669
hard	ENSG00000107562	3550.0	21627.0	0.327314846257084	0.27012523698730506
hard	ENSG00000161921	5795.0	22969.0	0.1092136163000652	0.11232115728774927
hard	ENSG00000138755	191.0	1489.0	0.1501589123774034	0.07892309382675504
hard	ENSG00000121966	36106.0	338021.0	0.35635422513688014	0.4020835049532735
hard	ENSG00000051523	90687.0	461530.0	0.25832259348429887	0.24901038956405047
hard	ENSG00000165168	593.0	7130.0	0.1116767081133706	0.11952687127728542
hard	ENSG00000178927	5562.0	55529.0	0.018655293275300314	0.012144252619046163
hard	ENSG00000172115	27478.0	30816.0	0.15715231951239758	0.14917419887606576
hard	ENSG00000055163	4715.0	39711.0	0.10321111144161958	0.10098527289785014
hard	ENSG00000187954	4942.0	75102.0	0.08044373314026065	0.045000082501643175
hard	ENSG00000083799	3218.0	26186.0	0.07023965280894982	0.07064159844555591
hard	ENSG00000140459	741.0	4417.0	0.22046280833125131	0.1578605157731759
hard	ENSG00000148795	948.0	24153.0	0.1864830516876617	0.09433529177462699
hard	ENSG00000137869	183.0	1701.0	0.13022385898053673	0.07345384238859325
hard	ENSG00000138061	3100.0	12487.0	0.09829358004612107	0.07453197462199213
hard	ENSG00000119004	3136.0	23088.0	0.0008115207801796219	0.007081595170647299
hard	ENSG00000135929	1058.0	10614.0	-0.008876357363288498	0.02592296810560553
hard	ENSG00000111012	162.0	2411.0	-0.0010876747581835544	-0.02325853687326506
hard	ENSG00000100197	159.0	11605.0	0.062308986213695086	0.029137840457628583
hard	ENSG00000134716	368.0	3719.0	0.08763471466127437	0.07220261128150969
hard	ENSG00000036530	197.0	2825.0	0.001816843996916024	0.0327626934079608
hard	ENSG00000122783	20801.0	147651.0	0.0152598709347113	0.04710679448443344
hard	ENSG00000105443	3575.0	31783.0	0.03393441613821644	0.05221138912339664
hard	ENSG00000222041	1880.0	19052.0	0.10051344414165363	0.06379634127690631
hard	ENSG00000173406	1077.0	278.0	0.08133099020242207	0.058929383619389986
hard	ENSG00000153071	2052.0	8090.0	0.21991620568551046	0.1657431133169743
hard	ENSG00000276644	18237.0	42088.0	0.27802519637201295	0.24860729097544507
hard	ENSG00000164488	2945.0	14227.0	0.11068955197787292	0.14434369028649355
hard	ENSG00000173402	21969.0	151662.0	0.09043980897385752	0.0678306806038677
hard	ENSG00000112977	19955.0	73960.0	0.10812134321882605	0.12636508288182305
hard	ENSG00000132676	15209.0	145843.0	0.03662794871255089	0.05201512767391885
hard	ENSG00000196730	9892.0	44101.0	0.0031445808829663156	0.038913723058228315
hard	ENSG00000204209	8675.0	46425.0	-0.09623846372869338	-0.04437735854578003
hard	ENSG00000071626	9251.0	86918.0	0.06869437150527931	0.05707208931382958
hard	ENSG00000183283	61254.0	62826.0	0.1761790073053096	0.18018301774747464
hard	ENSG00000113758	12632.0	92411.0	0.05204012139090451	0.06499456823237172
hard	ENSG00000138231	5861.0	37868.0	0.04554831152824761	0.035863155832904316
hard	ENSG00000145041	4625.0	42978.0	0.025308343809352554	0.02048522425367066
hard	ENSG00000170959	946.0	2223.0	-0.002834615585022829	0.03213057326767113
hard	ENSG00000204843	8191.0	211000.0	0.06416394928744451	0.03345955104532403
hard	ENSG00000167986	28204.0	225511.0	0.21129649609217038	0.15850228573836342
hard	ENSG00000134574	4572.0	53213.0	0.07823681521258324	0.07971756220470198
hard	ENSG00000132437	120.0	705.0	0.04184869079525049	0.022845957355126678
hard	ENSG00000197312	5332.0	54371.0	0.05728330243734263	0.0345351386954671
hard	ENSG00000175197	13118.0	29776.0	0.05641926928307099	0.08063663641189629
hard	ENSG00000145358	231.0	886.0	0.013376850201529955	0.03968581526222824
hard	ENSG00000204580	44672.0	538488.0	0.14893739499845257	0.08478458162986689
hard	ENSG00000162733	1897.0	14916.0	0.18052053649268135	0.1380158199618016
hard	ENSG00000079785	16027.0	115238.0	0.08409460813199826	0.06361071864556404
hard	ENSG00000178105	3184.0	54467.0	0.02789193717850872	0.01090236897298258
hard	ENSG00000168872	5835.0	17108.0	0.028072605024619102	0.01637174021302658
hard	ENSG00000064703	3321.0	11068.0	0.0027067555259464304	0.003924954168049535
hard	ENSG00000165732	18698.0	49157.0	0.01412622822094794	0.06883984735873562
hard	ENSG00000109832	236.0	3640.0	0.0252078102284614	0.037945382028813174
hard	ENSG00000124228	6527.0	164859.0	0.041640472706795835	0.0339749636875282
hard	ENSG00000182810	4194.0	23619.0	0.015399300305216478	0.004410709810499315
hard	ENSG00000125485	3962.0	44719.0	0.06894128227050628	0.04247055567473074
hard	ENSG00000198563	40286.0	954068.0	-0.024696635357872046	0.05572657995877799
hard	ENSG00000215301	37757.0	238713.0	0.08151920435365521	-0.011772088145250268
hard	ENSG00000107625	12001.0	81569.0	0.048359589232650435	0.09368063495115095
hard	ENSG00000185163	2361.0	30579.0	0.028896808563115554	0.04324756630227031
hard	ENSG00000111364	3575.0	75659.0	-0.008844329153999457	-0.02602831275645405
hard	ENSG00000107201	6458.0	92128.0	0.19365257672580663	0.1720226022641934
hard	ENSG00000110367	20514.0	228902.0	0.10138279931245875	0.0644712764107768
hard	ENSG00000124795	41457.0	114910.0	0.14973147953985314	0.13977492214760623
hard	ENSG00000121690	165.0	735.0	0.05968634501517108	0.032395842118769544
hard	ENSG00000155792	29339.0	313105.0	0.5001474232274455	0.5564137695529489
hard	ENSG00000099958	303.0	6902.0	-0.005978756621129178	0.037292170194413096
hard	ENSG00000185000	9250.0	108890.0	0.05772484484900049	0.061289465434016456
hard	ENSG00000116133	111945.0	1629605.0	0.43671857510360407	0.43506826814514765
hard	ENSG00000172893	6009.0	17645.0	0.10152815186504963	0.07680851498649713
hard	ENSG00000117682	1808.0	28348.0	0.01597587949061242	0.02300981192723748
hard	ENSG00000228716	88184.0	45291.0	-0.060194380465991126	-0.027573537502081732
hard	ENSG00000102967	1485.0	11991.0	0.05421183526772716	0.0869589009596695
hard	ENSG00000157379	1687.0	25740.0	0.04518535911059527	0.05738779867072153
hard	ENSG00000100867	516.0	2229.0	0.3554716250253851	0.20001426235498562
hard	ENSG00000067248	4444.0	38210.0	0.06972985809784354	0.05582828895397321
hard	ENSG00000132153	20425.0	137421.0	0.03319272403531416	0.05608569544731255
hard	ENSG00000134815	1570.0	30669.0	0.06204531757189928	0.05634201894753455
hard	ENSG00000163214	3202.0	33105.0	0.04683721323153192	0.039769586655191556
hard	ENSG00000135829	31647.0	231119.0	0.10488766979528143	0.12751104635314875
hard	ENSG00000100697	14224.0	97722.0	0.05902974729415398	0.034222457602994555
hard	ENSG00000160305	4747.0	132191.0	0.06102226828477553	0.032270889044424066
hard	ENSG00000066084	19980.0	109060.0	0.17034592566588797	0.09226557937729349
hard	ENSG00000162595	757.0	6758.0	0.045012945754649494	0.007999130909589472
hard	ENSG00000083520	2652.0	29927.0	0.06708223927761052	0.04291107922946331
hard	ENSG00000144535	3209.0	111460.0	0.03547661656944866	-0.0034913346061233473
hard	ENSG00000162946	1210.0	12398.0	0.053872224575132646	0.033783360573682204
hard	ENSG00000154309	1512.0	7254.0	0.03517417578390451	0.05077608485338634
hard	ENSG00000130826	6485.0	99065.0	0.13874857177014982	0.11309318104347231
hard	ENSG00000050165	2804.0	8686.0	0.23584919207984165	0.20425085599594542
hard	ENSG00000091140	19407.0	132634.0	0.10552024317045063	0.05379518937488347
hard	ENSG00000008226	522.0	8816.0	0.04976450889842973	0.05459635463196554
hard	ENSG00000176124	3790.0	59103.0	0.013273124354550954	0.028936309011095937
hard	ENSG00000231607	5138.0	49304.0	0.06264543026737923	0.06019046926828598
hard	ENSG00000075711	13951.0	97176.0	0.11280630517018608	0.052675508931014144
hard	ENSG00000132535	512.0	19978.0	0.04043135115990859	-0.017457358608822544
hard	ENSG00000185559	3565.0	39902.0	0.34053818664474395	0.20947769102719208
hard	ENSG00000171462	128.0	381.0	-0.009378834620836992	0.021170165592728506
hard	ENSG00000198719	1637.0	6653.0	0.04839219860076045	0.05941120982302165
hard	ENSG00000090932	173.0	640.0	-0.004541156669126719	0.03427670887810055
hard	ENSG00000128917	442.0	10298.0	0.10419269657289149	0.03575861117490099
hard	ENSG00000108813	537.0	6210.0	0.00464371208334427	0.0011916897675369562
hard	ENSG00000197587	605.0	9837.0	0.0758132008911869	0.09709669956737674
hard	ENSG00000198947	5398.0	25543.0	0.08500777118356051	0.0636230479156828
hard	ENSG00000161249	52861.0	94195.0	0.4725513278795973	0.5531741823956962
hard	ENSG00000104936	388.0	28512.0	0.0664875037675077	0.0610387882492443
hard	ENSG00000185800	924.0	35255.0	0.11227298203602246	0.06886520473116318
hard	ENSG00000172869	3717.0	39040.0	0.02118296089587499	0.008144750340003108
hard	ENSG00000104093	6279.0	64592.0	0.07206353817786276	0.04232144592402266
hard	ENSG00000114841	2130.0	113799.0	0.025378941807932417	0.006422310645772835
hard	ENSG00000197653	529.0	5983.0	0.05597243869352163	0.06550761994591081
hard	ENSG00000105877	836.0	13224.0	0.09494018007821894	0.08862771793352553
hard	ENSG00000174844	671.0	983.0	0.0684339871973167	0.08336971765741198
hard	ENSG00000185842	3930.0	26666.0	0.0210447051930035	-0.006388868059241382
hard	ENSG00000183914	533.0	4902.0	0.004179736366016396	0.025775903835325006
hard	ENSG00000039139	768.0	1108.0	0.014606227537844947	0.05373115702478344
hard	ENSG00000118997	2241.0	24310.0	0.1360721553927276	0.14141893771240235
hard	ENSG00000007174	509.0	859.0	0.02457366691386757	0.026778309778212047
hard	ENSG00000122735	796.0	25967.0	0.09405305985638675	0.11082150064849826
hard	ENSG00000086061	38553.0	133622.0	-0.08978859777757156	-0.07092772792151177
hard	ENSG00000103423	7319.0	30294.0	-0.006615603805876117	-0.027160960736456605
hard	ENSG00000148719	9172.0	80161.0	0.11013006881063031	0.05521096309931279
hard	ENSG00000135924	3919.0	41516.0	0.037277450247520716	0.045697309125370296
hard	ENSG00000162616	4544.0	18416.0	0.024889020748661617	0.06552287278495551
hard	ENSG00000137094	2323.0	19960.0	0.10161553828364747	0.11571056080076289
hard	ENSG00000077232	26940.0	321825.0	0.1449767164218832	0.1278260565316302
hard	ENSG00000104129	2099.0	13321.0	0.010799010974548901	0.023439781046069735
hard	ENSG00000213551	13922.0	119320.0	0.04782073036580159	0.03418061644915273
hard	ENSG00000106976	1443.0	96900.0	0.08952217115882011	0.1082714988342725
hard	ENSG00000079805	40718.0	764513.0	0.13335833242450612	0.11981586227415174
hard	ENSG00000130816	34042.0	388495.0	0.15494071875361998	0.1818979719761167
hard	ENSG00000119772	13303.0	266739.0	0.0897982221102851	0.07508535209795801
hard	ENSG00000088305	5107.0	61097.0	0.09960386132948856	0.11369100429651643
hard	ENSG00000123992	6842.0	33021.0	-0.06366131097523993	-0.04613326803189366
hard	ENSG00000149927	1364.0	14754.0	0.04831579053522593	0.06356263220131171
hard	ENSG00000088387	6494.0	18142.0	0.012859577492739901	0.034137631260861875
hard	ENSG00000101134	2272.0	10941.0	0.15457057314290165	0.17311196335740636
hard	ENSG00000175920	4196.0	40058.0	0.09160811499874745	0.06860953004268562
hard	ENSG00000104885	1398.0	43785.0	0.016332670251060617	0.0012130663417979511
hard	ENSG00000172269	2561.0	21041.0	0.01385329696120827	0.020443841843659313
hard	ENSG00000133884	4868.0	40068.0	0.06600004150689814	0.05829228746051624
hard	ENSG00000205683	368.0	10742.0	0.045595361592180424	0.04621677231633532
hard	ENSG00000000419	15231.0	44602.0	0.021208863962401812	0.0415458720866838
hard	ENSG00000197635	654.0	6662.0	0.11053361139065103	0.16903576372194934
hard	ENSG00000074603	6221.0	36753.0	0.02617166066503493	0.030180515045797683
hard	ENSG00000177990	286.0	3458.0	0.06258937423865432	0.06426342684106941
hard	ENSG00000188641	489.0	4462.0	0.05429748555017216	0.04865304196021565
hard	ENSG00000092964	2082.0	7387.0	0.08023249144898718	0.07027366551137715
hard	ENSG00000136048	1591.0	5880.0	0.0674903513539209	0.0818577030505038
hard	ENSG00000157856	1072.0	19039.0	0.09637907601723814	0.09635662246396395
hard	ENSG00000171962	329.0	13826.0	0.03839595517072532	0.053393115102523696
hard	ENSG00000149295	174.0	10436.0	0.0588330626869078	0.0570068280951513
hard	ENSG00000185721	9853.0	107681.0	0.0950489796188857	0.10991610330238248
hard	ENSG00000046604	14675.0	78246.0	0.13662860994844336	0.08855449641839948
hard	ENSG00000151914	5000.0	61202.0	0.15030569643062774	0.14312458735732259
hard	ENSG00000134769	1491.0	8377.0	0.08589600315086647	0.04442476300147919
hard	ENSG00000047579	5752.0	26776.0	0.025788667527746653	0.04681924928937662
hard	ENSG00000135144	751.0	14889.0	0.05370199491748737	0.04009781257801677
hard	ENSG00000140279	192.0	1378.0	0.09564824546761364	0.0627041181985236
hard	ENSG00000140254	136.0	2629.0	-0.013287571699106052	0.0005173437631656608
hard	ENSG00000158716	11795.0	57280.0	0.030222969527739812	0.007556128602281684
hard	ENSG00000188542	1236.0	5026.0	-0.02387357953119935	-0.0038008976093584393
hard	ENSG00000138166	1081.0	8188.0	0.16711409441148023	0.12883259337722605
hard	ENSG00000139318	25429.0	81560.0	0.12453250020789228	0.2032928378487368
hard	ENSG00000107404	9677.0	191594.0	0.07644950538781814	0.047105414779892794
hard	ENSG00000004975	5602.0	49313.0	-0.11514753383392688	-0.06517874712917293
hard	ENSG00000161202	10254.0	130306.0	0.0006757179104368207	0.05284537548117221
hard	ENSG00000170788	220.0	14770.0	0.04270220816876118	0.042143881564066135
hard	ENSG00000197102	22224.0	216215.0	0.11725946154238795	0.014004649548681783
hard	ENSG00000157540	8064.0	51365.0	0.05822464310319849	0.06406002910918321
hard	ENSG00000105204	6702.0	100280.0	0.013519997625506028	0.025053465879815336
hard	ENSG00000158163	598.0	10484.0	0.028829735509795756	0.014142087253735471
hard	ENSG00000101412	12423.0	83402.0	0.16786505547445335	0.1724079193653873
hard	ENSG00000112242	13337.0	93213.0	-0.011910015031624843	0.013932741912356576
hard	ENSG00000205250	7635.0	24964.0	0.009187824589964881	0.014903548585156306
hard	ENSG00000167967	5865.0	44132.0	0.025596475191550342	0.01295591379585062
hard	ENSG00000164330	486.0	1720.0	0.10125990372037182	0.019146144842319898
hard	ENSG00000147155	6162.0	102226.0	0.20829965981884602	0.18881761631501207
hard	ENSG00000122882	4844.0	82668.0	0.007149769871066806	-0.012110633850423512
hard	ENSG00000117298	17129.0	206231.0	0.2918089843234989	0.3014961322756028
hard	ENSG00000171551	4608.0	42686.0	0.2680318010703918	0.25330447948453916
hard	ENSG00000093144	17717.0	86208.0	0.17439033191109962	0.15436303258395895
hard	ENSG00000127884	29023.0	115325.0	0.20236813572737644	0.15412532572788706
hard	ENSG00000136813	5389.0	193464.0	0.025282610909360844	0.019516951796156347
hard	ENSG00000119147	14061.0	107347.0	0.2560978015871905	0.3112005209019993
hard	ENSG00000130159	7781.0	38949.0	0.01921814970314938	0.01582295235137156
hard	ENSG00000158813	1796.0	5802.0	0.008113012961235663	0.05082417600097406
hard	ENSG00000164176	1710.0	4751.0	0.23809652569800407	0.2765131958112877
hard	ENSG00000078401	664.0	3198.0	0.132901751010343	0.04865882325718805
hard	ENSG00000151617	441.0	3672.0	0.1343819342243296	0.07936670171991977
hard	ENSG00000136160	149.0	690.0	0.08944199530790596	0.06366817551998998
hard	ENSG00000107938	4475.0	50754.0	0.04990407482612838	0.03903060998035099
hard	ENSG00000074266	6460.0	31549.0	0.021730443501891662	0.031357408978680404
hard	ENSG00000010165	6162.0	75964.0	0.048491910744783026	0.05801956761257159
hard	ENSG00000254772	184093.0	2763519.0	0.3289081765372166	0.42070097134646994
hard	ENSG00000096093	5233.0	66560.0	0.1512955171218624	0.12032138434246724
hard	ENSG00000183690	1821.0	15862.0	0.08934100486331858	0.11634341093537572
hard	ENSG00000125266	1449.0	7832.0	0.17702775843172167	0.07140932351561423
hard	ENSG00000132294	14253.0	40661.0	0.09320186677964536	0.06424427893580659
hard	ENSG00000084710	910.0	8371.0	-0.004951224746738403	0.0003870657946453691
hard	ENSG00000100842	5094.0	80087.0	0.13582217719105533	0.14437385381412793
hard	ENSG00000108883	8252.0	32318.0	-0.0005846254281790288	0.015323823032538325
hard	ENSG00000138798	195.0	1799.0	0.06397856447810694	0.05473204980923283
hard	ENSG00000198759	8196.0	45658.0	0.4132086782475602	0.4333362880004139
hard	ENSG00000172889	8621.0	16546.0	0.09023985348092568	0.11651617805002314
hard	ENSG00000241404	2474.0	52464.0	0.08162482571421537	0.03912971071134373
hard	ENSG00000146648	6318.0	63265.0	0.1468821354779336	0.1737252858226938
hard	ENSG00000135766	6100.0	20600.0	0.010922745360234413	0.04317401084990395
hard	ENSG00000129521	650.0	4368.0	0.10820689639940917	0.05095159587014938
hard	ENSG00000122877	205.0	2679.0	0.07380959202525407	0.0844709009822014
hard	ENSG00000179388	651.0	17345.0	0.11774447442718458	0.13279623503365193
hard	ENSG00000115504	3039.0	15684.0	0.07177051624648982	0.044743790238957616
hard	ENSG00000135373	7130.0	47504.0	0.314373104285178	0.3418398907689933
hard	ENSG00000181090	14945.0	67667.0	-0.07896454999988888	-0.022273355768471392
hard	ENSG00000204371	11194.0	158287.0	0.06727595890031943	0.04013411679950755
hard	ENSG00000255302	19244.0	10121.0	0.07385939458783305	0.09572470141530985
hard	ENSG00000175376	3570.0	39325.0	0.008790630258302106	0.011694913321167387
hard	ENSG00000114784	13011.0	51474.0	0.11653716387534575	0.07927520547002438
hard	ENSG00000055332	20079.0	163108.0	0.17382853971075649	0.11596899310237928
hard	ENSG00000172071	6890.0	46230.0	0.04884687121737319	0.028498996324330807
hard	ENSG00000128829	7283.0	66906.0	0.07802903627035401	0.06544803031854052
hard	ENSG00000134001	11981.0	47578.0	0.13053176567891273	0.10061345934393828
hard	ENSG00000107581	44925.0	410099.0	0.04448700696609414	0.03106076377619079
hard	ENSG00000161960	130009.0	513434.0	0.22775880621359035	0.28070449454263935
hard	ENSG00000141543	23152.0	104366.0	0.23678736590836447	0.13572015237282944
hard	ENSG00000151247	18059.0	43933.0	0.13618585477085954	0.07519455777689851
hard	ENSG00000187840	4801.0	36848.0	0.09084073402979373	0.11756287223470423
hard	ENSG00000148730	31503.0	148003.0	0.08085224323173254	0.08494305173263123
hard	ENSG00000243056	4885.0	13623.0	-0.02427921746495739	0.0027994703908055343
hard	ENSG00000184708	7132.0	35747.0	0.10356378801838187	0.06331090525135342
hard	ENSG00000114867	52011.0	878085.0	0.1621856700838378	0.10745913093576615
hard	ENSG00000132507	16168.0	168786.0	0.14722605989088078	0.156122678345661
hard	ENSG00000253626	1456.0	471.0	0.027606356149014757	0.050618530019896246
hard	ENSG00000032389	7913.0	50607.0	0.0508453457248004	0.04074786374626661
hard	ENSG00000141642	2478.0	12421.0	0.0582343266612118	0.047066640791484184
hard	ENSG00000006744	5761.0	76701.0	-0.02422855080886195	-0.026194080625893672
hard	ENSG00000066044	20161.0	116131.0	0.06589081890400304	0.03666167871212446
hard	ENSG00000102034	2082.0	81164.0	0.11157454853367196	0.1033023235159859
hard	ENSG00000225968	166.0	1077.0	-0.009722132139859303	-0.02127533403603884
hard	ENSG00000126767	10127.0	42789.0	0.2975232928148038	0.21849565346884653
hard	ENSG00000111145	5069.0	10425.0	0.07022154112128798	0.08133029278229656
hard	ENSG00000158711	4535.0	30131.0	0.05152096825231993	0.04341104687181709
hard	ENSG00000179387	5194.0	32705.0	0.10069232595170446	0.06114420852899659
hard	ENSG00000049540	1227.0	2118.0	0.1476162763598957	0.05880917993706183
hard	ENSG00000103363	110209.0	4183.0	-0.007977919775550563	0.007393943862536903
hard	ENSG00000154582	16403.0	23082.0	0.08283401683318925	0.06673584653145011
hard	ENSG00000127463	11008.0	99383.0	0.045255575785808216	0.0034598015450472007
hard	ENSG00000128463	17596.0	36384.0	0.1715009736068296	0.09324877548509669
hard	ENSG00000102119	9424.0	106044.0	0.06271975633901605	0.03173897617281002
hard	ENSG00000134531	40638.0	169053.0	0.21512196578471535	0.3254741013233426
hard	ENSG00000213853	20228.0	31126.0	0.1135158940007622	0.10301291580008107
hard	ENSG00000158636	3243.0	42534.0	-0.0022943161510527773	-0.02704725525551905
hard	ENSG00000170370	11715.0	74642.0	0.13549119375256	0.10261354605064504
hard	ENSG00000106991	5927.0	93418.0	0.23386686351647779	0.19681176705783737
hard	ENSG00000151023	1424.0	4553.0	0.1266634353455734	0.16024982955368228
hard	ENSG00000111674	1172.0	13923.0	0.08080092440773556	0.05355998768061632
hard	ENSG00000132199	5716.0	70581.0	0.023909720938412794	0.040453951894120994
hard	ENSG00000120658	632.0	1006.0	0.12171727625210445	0.08989622293565114
hard	ENSG00000165675	1427.0	7002.0	0.02879887866643756	0.02526894336752507
hard	ENSG00000138792	1661.0	21443.0	0.0275686451459504	0.02474635318887846
hard	ENSG00000197594	816.0	6177.0	0.0049304369221722134	0.01848243323997525
hard	ENSG00000136960	1360.0	23025.0	0.2606584826571826	0.11465981854678113
hard	ENSG00000154269	1066.0	2549.0	0.10360254040475982	0.14389652129736485
hard	ENSG00000138185	1272.0	24587.0	0.10077391617825006	0.06768971182931101
hard	ENSG00000054179	1539.0	23157.0	0.09857437592868161	0.09392576444629118
hard	ENSG00000100393	9030.0	193254.0	0.04807521689530306	0.04470981900842328
hard	ENSG00000116016	4143.0	55246.0	0.16589789719550194	0.11930376841661512
hard	ENSG00000082397	305.0	2417.0	0.06052863239537496	0.043248178403541185
hard	ENSG00000119888	131071.0	1180481.0	0.2633686815237368	0.26494744482063703
hard	ENSG00000086289	4913.0	39630.0	0.3141301751286075	0.33788273638870303
hard	ENSG00000152223	3846.0	48439.0	0.04463430380428082	0.017767539012735256
hard	ENSG00000146904	10758.0	157058.0	0.24747276014687436	0.2479433700676136
hard	ENSG00000183317	883.0	14315.0	0.09107469722704539	0.09763477553342027
hard	ENSG00000142627	2979.0	28091.0	0.013149367713460279	0.029601980545233615
hard	ENSG00000044524	122.0	614.0	0.03915493318523825	0.0361835408199616
hard	ENSG00000116106	2203.0	14746.0	0.06705153504803621	0.08873663450903349
hard	ENSG00000135333	189.0	3383.0	0.05092105336986959	0.0804227088636544
hard	ENSG00000154928	126.0	664.0	0.005691348605491574	-0.01208413153571009
hard	ENSG00000133216	4497.0	58608.0	0.13478416640758106	0.13781094179241718
hard	ENSG00000196411	10928.0	21436.0	0.0681810707407483	0.04123510789096465
hard	ENSG00000106123	5813.0	81750.0	0.10683673981820632	0.08808155238175903
hard	ENSG00000143819	4595.0	92316.0	0.1884089150429744	0.1607603402841485
hard	ENSG00000120915	583.0	8950.0	0.031080571166619175	-0.008902410711906061
hard	ENSG00000178567	7055.0	24780.0	0.04015448188348064	0.01685016776950032
hard	ENSG00000187266	18951.0	665233.0	0.20916234628195784	0.34049000892457765
hard	ENSG00000136628	9708.0	116698.0	0.1369132175346531	0.06342235162761929
hard	ENSG00000164307	4823.0	65993.0	0.06468670098700517	0.07860320784846687
hard	ENSG00000187682	614.0	1405.0	0.08748728493893451	0.08244586029407548
hard	ENSG00000141736	722063.0	1879702.0	0.29169147851446814	0.23673228949527103
hard	ENSG00000065361	79600.0	485300.0	0.3409585121403039	0.3610796320909798
hard	ENSG00000082805	5692.0	46455.0	0.03237666155273279	0.03806410224903313
hard	ENSG00000012061	2963.0	13194.0	-0.01620021875850462	-0.00911841449607261
hard	ENSG00000104884	1512.0	25280.0	0.05843708842619208	0.06586444565418155
hard	ENSG00000163161	6307.0	110226.0	0.13535253232812533	0.09540633450882491
hard	ENSG00000175595	2157.0	12441.0	0.04173219724331605	0.03491802541532224
hard	ENSG00000134899	2404.0	20244.0	-0.027023657734902645	-0.03608506165818249
hard	ENSG00000225830	6063.0	50429.0	0.041775524369426234	0.04862240738274279
hard	ENSG00000178752	2847.0	12117.0	0.11558185527623879	0.1265141133771396
hard	ENSG00000157554	2884.0	22767.0	0.18431907612094145	0.17326184716619258
hard	ENSG00000133935	8038.0	24494.0	0.06293143102870533	0.06294276994881154
hard	ENSG00000087502	7319.0	19112.0	0.011852026724624855	0.012818438412194212
hard	ENSG00000147475	4675.0	35480.0	0.039569455821230615	0.053859291894949174
hard	ENSG00000164010	7214.0	65978.0	0.08628045403857629	0.071053685669018
hard	ENSG00000178607	1377.0	12381.0	0.014462715898072702	0.03096055002307824
hard	ENSG00000139055	5896.0	55142.0	0.2414468277581029	0.22901349294350304
hard	ENSG00000116285	6542.0	64167.0	0.08623591888717061	0.10227946751621272
hard	ENSG00000089048	4877.0	47100.0	0.029751194513983545	0.022682597657900913
hard	ENSG00000164283	1825.0	13777.0	0.11998906135364193	0.08991888372465473
hard	ENSG00000091831	11119.0	161184.0	0.24555586377548524	0.2180087635041586
hard	ENSG00000140009	872.0	17647.0	0.2488578723773835	0.22228125820957173
hard	ENSG00000173153	5553.0	29113.0	-0.018538678094948413	0.016385469608597825
hard	ENSG00000196482	2658.0	9332.0	0.06707859583861674	0.09539560811932005
hard	ENSG00000134954	2905.0	4572.0	0.1271837568817863	0.13025923386585592
hard	ENSG00000006468	796.0	4521.0	0.07666510144272234	0.11369978615750506
hard	ENSG00000117036	2462.0	28442.0	0.010717664002284237	-0.005397509938385785
hard	ENSG00000244405	5701.0	63111.0	0.24775446985616356	0.2683769976709373
hard	ENSG00000139083	8582.0	59092.0	0.1069903439515607	0.13105787895178403
hard	ENSG00000185862	163.0	1570.0	0.07158319538805205	0.04670261538925468
hard	ENSG00000067208	7843.0	98056.0	0.09561348640036313	0.09710520833301715
hard	ENSG00000182944	19768.0	367255.0	0.025090419721429072	0.06271338596074284
hard	ENSG00000174371	1333.0	12276.0	0.044994936301520065	0.05098821633987663
hard	ENSG00000171824	5393.0	64290.0	0.023594318372716753	0.03060973958829363
hard	ENSG00000112319	4141.0	7995.0	0.1317418722622135	0.152540220703516
hard	ENSG00000108799	965.0	19583.0	-0.018103957547652594	0.011435588772366712
hard	ENSG00000106462	9421.0	116509.0	0.1364865648080117	0.13637751657525155
hard	ENSG00000158769	21581.0	189501.0	0.09281761853039708	0.08095239398988642
hard	ENSG00000131187	207.0	418.0	-0.019137208015334754	-0.017800649728494263
hard	ENSG00000124491	526.0	5393.0	0.18930754926546312	0.16551838478044195
hard	ENSG00000181104	2329.0	9267.0	0.11485773650296274	0.14065517913811484
hard	ENSG00000164251	1949.0	11882.0	0.014263025110513373	0.028829141797364906
hard	ENSG00000127533	523.0	9746.0	0.029834284845626568	0.05367487892375511
hard	ENSG00000185010	2461.0	1852.0	0.018864679110066517	0.02271176743688981
hard	ENSG00000117480	5056.0	50460.0	0.051546923309632765	0.058832182735597136
hard	ENSG00000121769	636.0	6751.0	0.15416559308274203	0.1215403972631944
hard	ENSG00000168040	4453.0	29596.0	0.008134016903990243	0.020660351266133345
hard	ENSG00000149485	2936.0	9831.0	0.08826113425413083	0.10353936733861005
hard	ENSG00000134824	7262.0	114818.0	0.10683845182963694	0.10661718829461694
hard	ENSG00000185104	8372.0	73282.0	0.009254208413300932	0.028079620328693596
hard	ENSG00000113194	7775.0	76141.0	0.017689060244001957	0.01808486445386897
hard	ENSG00000158234	4838.0	29419.0	0.14439006003739377	0.11949082779775612
hard	ENSG00000135472	131.0	2831.0	0.05561446015702198	0.08220798992499463
hard	ENSG00000168309	2023.0	16031.0	0.11853463184396934	0.15451189920504227
hard	ENSG00000125898	2094.0	14494.0	0.07468302790553111	0.08348768392234071
hard	ENSG00000138439	8963.0	100488.0	0.08285229388265834	0.04624880161541119
hard	ENSG00000155744	3838.0	25427.0	0.00699719507660309	0.0073306065462595445
hard	ENSG00000185519	372.0	5019.0	0.04165230137569827	0.023057758230177017
hard	ENSG00000170264	1726.0	9609.0	0.0015944549690625753	0.0032838463833522393
hard	ENSG00000054965	7884.0	73465.0	0.1205844741196607	0.07496118856889426
hard	ENSG00000125386	3582.0	137642.0	0.02686311702967322	0.03942941345103528
hard	ENSG00000071889	4855.0	41885.0	-0.007799903360263375	-0.025398217463419682
hard	ENSG00000120709	7035.0	68995.0	0.017931862258109825	0.00984527882828181
hard	ENSG00000077458	4191.0	19761.0	-0.05138133654301589	-0.03608380530855267
hard	ENSG00000119812	6110.0	55699.0	0.17197547452791714	0.1541081693945179
hard	ENSG00000187741	3501.0	18210.0	0.10247839614471199	0.10657476434731
hard	ENSG00000158169	5125.0	16767.0	0.07452312501103946	0.08219274982339955
hard	ENSG00000144554	2609.0	24542.0	0.08145793365937716	0.09767000841628881
hard	ENSG00000140525	7043.0	61270.0	0.11547692066755454	0.1318090788206131
hard	ENSG00000197601	9977.0	57083.0	0.0442676139445633	0.03351713016095208
hard	ENSG00000026103	1461.0	15284.0	0.1546145696167729	0.14227979693887347
hard	ENSG00000169710	11786.0	76451.0	0.06717927733802707	0.09313369479473471
hard	ENSG00000083857	570.0	9238.0	0.25169290673295086	0.17475707603512866
hard	ENSG00000086570	9098.0	125457.0	0.2206031301212159	0.22032463877733677
hard	ENSG00000196159	564.0	5706.0	0.14437850533233054	0.09727230114287172
hard	ENSG00000105202	27525.0	297649.0	0.12794293868073986	0.25237090733632644
hard	ENSG00000163520	14874.0	32044.0	0.1381493779891912	0.12386883211220019
hard	ENSG00000140092	2314.0	15258.0	0.28581880414386485	0.11428123576735189
hard	ENSG00000165140	753.0	8294.0	0.025665784528799064	0.018766546602555792
hard	ENSG00000214050	851.0	12087.0	0.03344185116016937	0.05761603384512405
hard	ENSG00000147364	3275.0	16225.0	0.01893064693775002	0.0198168851539013
hard	ENSG00000165355	4565.0	13908.0	0.014058063101491835	0.023967674563902988
hard	ENSG00000037637	3512.0	35377.0	0.074752644170193	0.04633805842247209
hard	ENSG00000156509	631.0	2853.0	0.07009300444567157	0.06634890262557423
hard	ENSG00000174013	4786.0	14708.0	0.07418042776615612	0.04479089151963498
hard	ENSG00000072803	8792.0	37280.0	0.10228914960867745	0.04268559448362027
hard	ENSG00000109670	4123.0	3900.0	-0.011992294816719266	0.0008426773870711165
hard	ENSG00000275395	1241.0	22386.0	0.006011902014957771	0.034669669157123786
hard	ENSG00000072694	149.0	1451.0	0.05558039600139161	0.07001229990288213
hard	ENSG00000203747	896.0	4525.0	0.11552008923574197	0.12139340393218336
hard	ENSG00000079459	8302.0	65391.0	0.061483711000019974	0.08136646991430649
hard	ENSG00000160752	27945.0	123212.0	0.21485906118022577	0.24811153777444145
hard	ENSG00000137714	9011.0	18407.0	0.16718741239777943	0.1496802621585033
hard	ENSG00000066926	2373.0	18754.0	-0.004848002207156234	-0.004412959741080922
hard	ENSG00000168496	5659.0	51294.0	0.10075435169068972	0.0832930687713339
hard	ENSG00000151422	2513.0	8300.0	0.041125504745494305	0.0515624928549155
hard	ENSG00000149781	955.0	6846.0	0.07788759569068647	0.05648283632733484
hard	ENSG00000182511	2284.0	17980.0	0.00925857792649806	-0.017011836513651655
hard	ENSG00000149557	758.0	2534.0	0.09394449721026027	0.0407119444602288
hard	ENSG00000126266	531.0	11508.0	0.09904746472953124	0.07046189420288632
hard	ENSG00000129682	1801.0	4536.0	0.28203813243181397	0.2783184540342818
hard	ENSG00000162344	188.0	1076.0	0.07396656253746184	0.01482401055758546
hard	ENSG00000138685	340.0	1278.0	0.024847106288487197	0.05573836754908831
hard	ENSG00000102678	553.0	3037.0	0.03654255932849648	0.026994598314346432
hard	ENSG00000077782	4417.0	51986.0	0.10217383631307805	0.13439838676198193
hard	ENSG00000066468	5225.0	66655.0	0.19431031406987392	0.19677880688683513
hard	ENSG00000068078	6359.0	86051.0	0.11513049986407828	0.12438898334270944
hard	ENSG00000160867	869.0	16773.0	0.14523516434649172	0.10218287970511872
hard	ENSG00000000938	240.0	960.0	0.008504056500874853	0.023579161238542402
hard	ENSG00000091483	4616.0	55667.0	0.0730490748684674	0.07419827370258389
hard	ENSG00000142621	441.0	8890.0	0.018559236653163988	0.038812395443779554
hard	ENSG00000022267	1514.0	5908.0	0.2359143791129918	0.1396037804869086
hard	ENSG00000115641	4293.0	14578.0	0.16670405439397354	0.1197638284284414
hard	ENSG00000183386	2908.0	31558.0	0.03491366188883899	0.03751104541821539
hard	ENSG00000135723	4252.0	55268.0	0.06042379221103125	0.06682386010122601
hard	ENSG00000130720	268.0	1387.0	0.019506202464158975	0.032157300744664774
hard	ENSG00000172500	4754.0	85413.0	0.08495341202720297	0.07931714911190817
hard	ENSG00000168386	1881.0	15796.0	0.20976278035787574	0.15227020009000583
hard	ENSG00000145216	20215.0	310614.0	0.19525862165353355	0.07273999351714841
hard	ENSG00000134285	3351.0	48854.0	0.08990163286340944	0.10520240960358203
hard	ENSG00000119321	2175.0	37257.0	0.05016761175736268	0.04844352144621276
hard	ENSG00000106692	2028.0	7459.0	0.002030974350785473	0.02285581081136375
hard	ENSG00000154803	5279.0	74448.0	0.07330469106592769	0.0871138931356253
hard	ENSG00000151702	643.0	3804.0	0.11122856374486459	0.08071322111410538
hard	ENSG00000177731	15037.0	434947.0	0.1454711127727038	0.1801383283961969
hard	ENSG00000136068	10280.0	140642.0	0.03195799317955512	0.020911393805163315
hard	ENSG00000128591	1621.0	11825.0	0.17847086141412274	0.11083737986594847
hard	ENSG00000132589	8638.0	92797.0	0.007386647304147575	0.039798135321554004
hard	ENSG00000125848	690.0	5764.0	0.06316159103658461	0.08541037796113
hard	ENSG00000090554	156.0	4387.0	0.026309270905746196	0.03821340730865168
hard	ENSG00000037280	772.0	18285.0	0.05099384526097424	0.04944338902180039
hard	ENSG00000059122	1223.0	5813.0	-0.009952232874167147	0.006623642302930592
hard	ENSG00000164898	23702.0	111679.0	0.2530186013012387	0.17808711002280006
hard	ENSG00000248905	1697.0	37233.0	0.1304050528787078	0.13793327702214145
hard	ENSG00000155816	303.0	261.0	0.05208428416926889	0.021078239448278843
hard	ENSG00000131781	807.0	989.0	0.03609175323230812	0.005880879848734921
hard	ENSG00000122176	4321.0	29684.0	0.1932707673784831	0.20639428580988942
hard	ENSG00000141560	2787.0	15687.0	0.05018285703201024	0.03572701735730463
hard	ENSG00000102531	9453.0	46256.0	0.028984105607864512	0.06365303648711981
hard	ENSG00000075420	17439.0	201697.0	0.1902586161614442	0.17292318040106328
hard	ENSG00000160097	360.0	3979.0	0.06141739168844286	0.06336018574167056
hard	ENSG00000168522	4601.0	26825.0	0.02859811452188363	0.013059327999878158
hard	ENSG00000086205	2674.0	12723.0	0.12732726196229618	0.1396927647918339
hard	ENSG00000110195	33102.0	201011.0	0.3120042071182818	0.3763148826901494
hard	ENSG00000165457	499.0	4279.0	0.1860751617620455	0.1514336381933197
hard	ENSG00000125798	791.0	3132.0	0.12542923158883434	0.12484712041454861
hard	ENSG00000054598	4092.0	9543.0	0.24472411388769372	0.2742921444658665
hard	ENSG00000129654	15585.0	132639.0	0.17600146867761507	0.1965728675759154
hard	ENSG00000065970	17966.0	90761.0	0.09243368754554661	0.05317328785856964
hard	ENSG00000183770	2015.0	31619.0	0.36037031445393086	0.2985565025417569
hard	ENSG00000111206	4146.0	51602.0	0.11016654121331353	0.1095989744244561
hard	ENSG00000109101	234.0	3333.0	0.018545242939772964	0.03362238647885024
hard	ENSG00000150907	2564.0	16824.0	0.09080709122439745	0.08503233084727238
hard	ENSG00000118689	8927.0	52108.0	0.12865571499439413	0.06418481163165114
hard	ENSG00000184481	1266.0	14191.0	0.01481033155509078	0.01872848893374021
hard	ENSG00000114861	4477.0	14417.0	0.15087805390060718	0.12041083707133239
hard	ENSG00000137166	10667.0	181524.0	0.06670184208410503	0.0796742492448178
hard	ENSG00000110074	2985.0	56963.0	-0.0014623485238653786	0.00974646947579504
hard	ENSG00000148690	5274.0	28529.0	0.07708061914341195	0.0482497680445398
hard	ENSG00000138759	3726.0	23983.0	0.08217904422207091	0.07495025099623676
hard	ENSG00000164946	1220.0	9118.0	0.0501275567693743	0.07744003810214262
hard	ENSG00000150893	1170.0	11265.0	0.12022762098748538	0.13255254430493058
hard	ENSG00000139926	1984.0	5143.0	0.06388412855475055	0.1277203354179299
hard	ENSG00000162998	3012.0	11627.0	0.15898101915356141	0.15288535459397218
hard	ENSG00000075618	21078.0	153514.0	0.24599232088124418	0.3143250505649652
hard	ENSG00000170820	589.0	232.0	-0.021352568832666875	-0.010076801137712022
hard	ENSG00000150667	169.0	2291.0	-0.005669575324444603	0.01729648687005878
hard	ENSG00000134363	373.0	2813.0	0.16706169186730316	0.12378753721250539
hard	ENSG00000163430	29486.0	82489.0	0.28662223071010623	0.22489366014933718
hard	ENSG00000070404	1128.0	2800.0	-0.002426364882338712	-0.011716494257418462
hard	ENSG00000140718	3166.0	39237.0	0.055511213572641036	0.03702927060807838
hard	ENSG00000107164	24690.0	51041.0	-0.03948705754582385	-0.04954107350301872
hard	ENSG00000179163	3575.0	25169.0	0.05854852276811497	0.09122742654985229
hard	ENSG00000140564	14555.0	118102.0	0.10513749831406954	0.13406435996765048
hard	ENSG00000089280	68942.0	220362.0	0.17972124719087446	0.0700970019391545
hard	ENSG00000176920	859.0	6033.0	0.12493629075401808	0.10123195642187757
hard	ENSG00000171124	123.0	13652.0	0.08868386614621823	0.07947557492903233
hard	ENSG00000196371	894.0	2433.0	-0.0015856739450703337	0.008742768685153614
hard	ENSG00000033170	12931.0	80131.0	0.18152517954190592	0.21289196649765701
hard	ENSG00000129245	7812.0	37490.0	-0.036967359478398944	-0.0368425268576758
hard	ENSG00000010810	8890.0	122201.0	0.1435202871726325	0.1539765219376975
hard	ENSG00000157240	3049.0	5618.0	0.003740704214180925	0.014005391764077458
hard	ENSG00000111432	6228.0	46073.0	0.3045623628098264	0.296343296677353
hard	ENSG00000104290	6391.0	50537.0	0.1848557134341733	0.20114081026258526
hard	ENSG00000174804	3000.0	56143.0	0.12434911275454802	0.1257781635443958
hard	ENSG00000164930	8533.0	23924.0	0.08895081758755535	0.050963733194828484
hard	ENSG00000188763	293.0	335.0	0.00012105760717008541	0.02562544858963281
hard	ENSG00000105325	5017.0	10058.0	-0.0566815691640028	-0.048449539095870166
hard	ENSG00000160211	1303.0	33099.0	0.060912083151323806	0.0038746570476945654
hard	ENSG00000171298	9952.0	186891.0	0.2709846869494431	0.24765515301459912
hard	ENSG00000109458	2665.0	20155.0	0.03192664223573818	0.021597981364246805
hard	ENSG00000033327	1301.0	13267.0	0.013941215899815621	0.0005522610848731346
hard	ENSG00000204681	3499.0	137702.0	0.002346128273350092	-0.003875187411699725
hard	ENSG00000136928	292.0	576.0	-0.01271883093639682	-0.02809669006768687
hard	ENSG00000094755	132.0	1008.0	0.041814213931437416	0.07086383181908097
hard	ENSG00000128683	2304.0	34538.0	0.12080007412223412	0.13467225824183424
hard	ENSG00000116717	10301.0	30231.0	0.06939657427428336	0.05712131569109249
hard	ENSG00000130222	3607.0	12356.0	0.07377584184006472	0.07799991043508563
hard	ENSG00000069482	1476.0	12290.0	0.3843225769726354	0.37784934397155406
hard	ENSG00000117308	9493.0	72270.0	0.17846399668775279	0.1918957746207648
hard	ENSG00000108479	1412.0	13797.0	0.07821479140008666	0.08043150125665478
hard	ENSG00000141012	3880.0	18674.0	0.02815968181492931	0.031097021369690798
hard	ENSG00000089597	20408.0	500040.0	0.12773812606732032	0.09773002282771404
hard	ENSG00000214013	1308.0	16860.0	-0.004537874383365982	0.0061279979094397904
hard	ENSG00000159131	8123.0	85438.0	0.14454180314865192	0.13449057575131287
hard	ENSG00000185340	2616.0	25707.0	0.0026891029260278504	0.013649875102996343
hard	ENSG00000183087	17314.0	169824.0	0.22129507779834098	0.24426792860146956
hard	ENSG00000179348	413.0	4848.0	0.10094771921806038	0.07373927738981044
hard	ENSG00000136574	933.0	23302.0	0.26923636524540523	0.22524988292833073
hard	ENSG00000141448	1012.0	18525.0	0.18370192392230072	0.17695936533730075
hard	ENSG00000177628	148.0	67396.0	0.015540886935106015	-0.0012525346083254263
hard	ENSG00000114480	4320.0	36059.0	0.046627993835306615	0.046208661219969346
hard	ENSG00000107862	4045.0	57924.0	-0.00796139872509837	0.008395207330758691
hard	ENSG00000117228	12234.0	72345.0	0.2716751994223082	0.19456753596147094
hard	ENSG00000154451	918.0	10190.0	0.1491536725028879	0.09890150250293095
hard	ENSG00000131979	1274.0	4205.0	0.06990749869434419	0.04789086692783096
hard	ENSG00000023909	9317.0	25314.0	0.07412287971218025	0.06149391818489439
hard	ENSG00000089154	19171.0	240997.0	0.18221272165248176	0.18168459692511055
hard	ENSG00000111846	2607.0	17230.0	0.19078286370396677	0.2290683004956027
hard	ENSG00000176928	134.0	674.0	0.009809354652520919	0.0012840960384621393
hard	ENSG00000135414	7765.0	53222.0	0.12797474307095935	0.12412447177565257
hard	ENSG00000130513	34555.0	56770.0	0.28609326267402296	0.29885528518821924
hard	ENSG00000184344	145.0	309.0	0.0590133814242975	0.09199015951564189
hard	ENSG00000125965	441.0	2335.0	0.034758319755909824	0.051899332757085824
hard	ENSG00000164404	332.0	683.0	-0.013280885454577968	-0.007252200295413122
hard	ENSG00000168621	111.0	2259.0	0.03885286482536042	0.053497735683592715
hard	ENSG00000198380	17351.0	121560.0	0.14225752517515097	0.10119743182964801
hard	ENSG00000165678	36752.0	164658.0	0.1966814663945889	0.1477409137905052
hard	ENSG00000112964	269.0	703.0	0.11172157249398479	0.05676654107893258
hard	ENSG00000146830	2762.0	89229.0	0.04302380426507306	0.03533778905626383
hard	ENSG00000133574	587.0	5078.0	0.1401087660497609	0.0853562926803452
hard	ENSG00000196329	270.0	6651.0	0.14687857206214933	0.0636125731726386
hard	ENSG00000171115	222.0	4732.0	0.12468692505203913	0.0683547588688719
hard	ENSG00000123159	54539.0	148776.0	0.1993948111581455	0.23015178464915523
hard	ENSG00000137960	1119.0	4091.0	0.15358281015922742	0.09819695413831017
hard	ENSG00000152661	4465.0	38335.0	0.19101521726999288	0.17916303532634106
hard	ENSG00000265107	362.0	2360.0	0.3002584040609889	0.06815774572801667
hard	ENSG00000169562	6510.0	8110.0	0.2477496942924001	0.24123921326468561
hard	ENSG00000121742	159.0	191.0	0.025084799095363163	0.03823096722251522
hard	ENSG00000182963	1761.0	4168.0	0.11145930675918689	0.11732793459506094
hard	ENSG00000102393	6863.0	40380.0	0.16315434587265992	0.11770234974991453
hard	ENSG00000170266	16565.0	132422.0	0.01527646118809305	0.09746942788813881
hard	ENSG00000106415	9786.0	56031.0	0.13882914202524432	0.14150417585748598
hard	ENSG00000186417	350.0	8658.0	0.010723086578154758	0.033038310661625846
hard	ENSG00000111087	228.0	3947.0	0.1441247913726039	0.08166941574831205
hard	ENSG00000074047	1228.0	11480.0	0.19402696402681185	0.11619231562998543
hard	ENSG00000106571	2801.0	32533.0	0.19538839856968968	0.22359924621972407
hard	ENSG00000122694	4879.0	16424.0	0.010543340205637236	0.05315401289840717
hard	ENSG00000167699	13695.0	95975.0	0.11298757880543739	0.04195143668693188
hard	ENSG00000109738	856.0	5420.0	0.0016214529615368265	0.043934039951680916
hard	ENSG00000115419	15767.0	45572.0	0.07166215797123333	0.11092626727240461
hard	ENSG00000135423	669.0	6419.0	0.060798345727724974	0.08849686734505106
hard	ENSG00000120820	793.0	3625.0	0.1442723026278706	0.08973299969538721
hard	ENSG00000148672	6454.0	19300.0	0.029659792404438605	0.04567650592168252
hard	ENSG00000140632	16092.0	47594.0	-0.030175575363602103	-0.01986089352991723
hard	ENSG00000112699	5119.0	20520.0	0.05865048222229959	0.0775826883499914
hard	ENSG00000162419	2325.0	22825.0	0.006404387191640632	0.005294639669988416
hard	ENSG00000101216	6729.0	85520.0	-0.04459400385550788	-0.011670839316304199
hard	ENSG00000197045	7158.0	35796.0	0.09079284074442534	0.09198150194026193
hard	ENSG00000163655	18107.0	165150.0	0.1772342818690647	0.16857936321850728
hard	ENSG00000088256	5931.0	12812.0	0.007047441962022935	0.018146427774195308
hard	ENSG00000127955	5329.0	15680.0	0.06831807026178868	0.0702496825092219
hard	ENSG00000114353	15119.0	76951.0	0.11253687369337997	0.10774185796975393
hard	ENSG00000087258	134.0	1410.0	0.0031727795749725007	0.03341086631804261
hard	ENSG00000156052	8466.0	23785.0	0.0059605973935586525	-0.018748058013893294
hard	ENSG00000185838	2561.0	8142.0	0.03475145949822266	0.04374266437487811
hard	ENSG00000134697	11876.0	129062.0	0.09230314538867262	0.08790294989473924
hard	ENSG00000116906	4511.0	7689.0	0.006446787427770237	-0.007364468200975969
hard	ENSG00000135677	7397.0	143841.0	0.08619054220478398	0.052313459265265184
hard	ENSG00000167110	6527.0	101232.0	0.05387673671769983	0.08902433789899657
hard	ENSG00000113384	29300.0	147063.0	0.06617553135775447	0.06670621803376417
hard	ENSG00000120370	3292.0	24043.0	0.006201572779280888	0.0029055111388861395
hard	ENSG00000120053	5358.0	72062.0	0.20949026674116802	0.1964193523972572
hard	ENSG00000152133	1048.0	3279.0	0.015799791258142938	0.04630786341285308
hard	ENSG00000062194	19705.0	84742.0	0.03776825019050997	0.01879235155658298
hard	ENSG00000159592	28378.0	350108.0	0.10088531004265977	0.07134278479075505
hard	ENSG00000164850	534.0	916.0	0.00418895967630775	-0.0023503042029566503
hard	ENSG00000171723	1271.0	7738.0	0.12859029996517896	0.14527636055564064
hard	ENSG00000198522	7582.0	65406.0	0.06094583619737651	0.03229149053932275
hard	ENSG00000142751	3066.0	10523.0	-0.011983854536054014	-0.001259332057465754
hard	ENSG00000181619	962.0	13167.0	0.058355469306148086	0.05206969062308171
hard	ENSG00000173264	4301.0	94455.0	0.027375697020026006	0.028112913615819145
hard	ENSG00000151025	1245.0	4813.0	0.04517298844894834	0.045435804724232004
hard	ENSG00000250510	956.0	17433.0	-0.031166675601237856	-0.009336121657276134
hard	ENSG00000171659	180.0	2338.0	0.020502829000324668	0.04930859644218295
hard	ENSG00000170775	149.0	230.0	0.06046094998160163	0.02930771098288841
hard	ENSG00000170075	338.0	1871.0	0.001712431433617526	0.009860118586745696
hard	ENSG00000183840	2044.0	26980.0	0.1407261573546756	0.15193723892050898
hard	ENSG00000177464	161.0	2092.0	-0.02040468449619586	-0.003653657054516158
hard	ENSG00000112218	1486.0	21053.0	0.19700840487791846	0.21401451202197877
hard	ENSG00000123901	681.0	4723.0	0.04375466707038963	0.06836998012876859
hard	ENSG00000198932	906.0	41858.0	0.0506419674642705	0.026558402511597527
hard	ENSG00000158301	1600.0	11886.0	0.08161872151124601	0.10200456417637299
hard	ENSG00000167191	11247.0	128414.0	0.2039621284532949	0.17613782462749733
hard	ENSG00000170412	13999.0	143380.0	0.1795604842983872	0.13933217803639386
hard	ENSG00000204175	2154.0	26615.0	0.020720411953305453	0.045108847622601964
hard	ENSG00000167701	629.0	14919.0	0.0072703044945468445	-0.010482875100046763
hard	ENSG00000089351	10725.0	207146.0	-0.03849222465800314	0.032516686880480504
hard	ENSG00000155324	5261.0	16512.0	0.011126019531520934	0.00809390570269451
hard	ENSG00000177885	11518.0	47007.0	0.0014076465714449714	0.031528442164808254
hard	ENSG00000141449	354.0	1663.0	-0.026251644847025402	-0.003703052451951373
hard	ENSG00000166923	179.0	443.0	0.10400957210991628	0.061141953363242005
hard	ENSG00000083307	6914.0	134252.0	0.03625194955776248	0.06364335357346744
hard	ENSG00000163873	5648.0	132453.0	0.3409042262350202	0.35777396744967715
hard	ENSG00000149403	344.0	7709.0	0.035871751910936944	0.035143993328484925
hard	ENSG00000105737	994.0	6211.0	0.16101040102999395	0.16438395932792368
hard	ENSG00000105464	241.0	2195.0	0.1046683016497898	0.10600349098400681
hard	ENSG00000173020	8100.0	96975.0	0.05335035157812275	0.052767402735278836
hard	ENSG00000198873	380.0	5096.0	0.06215538311372006	0.027194097356916917
hard	ENSG00000152822	134.0	644.0	0.034591361027324	0.03667521486750089
hard	ENSG00000164082	261.0	1451.0	0.0251046253704302	0.03192680946404087
hard	ENSG00000124493	2055.0	41814.0	0.44846250405259136	0.39653454526736304
hard	ENSG00000196277	843.0	2255.0	0.13631425959770582	0.12629907581094552
hard	ENSG00000030582	31120.0	285818.0	0.21996921568384575	0.3073850890453692
hard	ENSG00000134443	126.0	1036.0	0.07893033657952839	0.10361912387718573
hard	ENSG00000105447	2003.0	15474.0	0.0012360380271586036	0.022460156090010414
hard	ENSG00000073605	9742.0	561701.0	0.09026339760774553	0.16628325784051623
hard	ENSG00000147697	225.0	13048.0	0.08872292123923621	0.07208455702927731
hard	ENSG00000131149	13527.0	121684.0	0.048323103199498306	0.04670372942862479
hard	ENSG00000105723	4472.0	102850.0	0.027019524865662538	0.04064344843558736
hard	ENSG00000082701	22910.0	170187.0	0.22851781861163623	0.13622582106980705
hard	ENSG00000104687	14282.0	91568.0	0.21353862472930765	0.18071457355912715
hard	ENSG00000100983	21274.0	167394.0	0.20127830429012078	0.13482744647678663
hard	ENSG00000134202	3594.0	21312.0	0.044571434025451745	0.0456816989796529
hard	ENSG00000148834	19241.0	106825.0	0.11674762222157231	0.10234024918389203
hard	ENSG00000100577	7058.0	64358.0	0.11925721615730528	0.08683094944626242
hard	ENSG00000242441	183.0	528.0	-0.011643127367301064	-0.009175693719787558
hard	ENSG00000263001	4437.0	854798.0	0.025135188226666917	0.00445623807256995
hard	ENSG00000077235	14261.0	110246.0	0.010177156450874737	0.06698856733362563
hard	ENSG00000100226	4016.0	98798.0	0.03329830621824459	0.011542115523024456
hard	ENSG00000105793	2128.0	12006.0	0.03566113056681266	0.010800769417947987
hard	ENSG00000107937	17389.0	185765.0	-0.012646613554284255	0.0010716221431182607
hard	ENSG00000152402	659.0	4415.0	0.13933102907434328	0.0916177348614222
hard	ENSG00000169919	9644.0	341072.0	0.018632519101860905	-0.0014889416735822606
hard	ENSG00000172986	2976.0	35360.0	0.1852680041680953	0.20821944611193405
hard	ENSG00000056998	891.0	15660.0	0.02606872524745809	0.04406055523736376
hard	ENSG00000104812	1573.0	56063.0	0.05997510873246445	0.03186370011350365
hard	ENSG00000130600	22421.0	316571.0	0.39976798576768857	0.37778737515047905
hard	ENSG00000188486	15585.0	138548.0	0.0749627584987569	0.023002852488211496
hard	ENSG00000132475	103410.0	215065.0	0.3317835548424382	0.33045193237510845
hard	ENSG00000084754	11172.0	112175.0	-0.002862771206934133	0.03193962356348539
hard	ENSG00000138029	12161.0	162946.0	0.10405210861499657	0.0701391247815862
hard	ENSG00000135077	716.0	1508.0	0.039670224969851106	0.07445312443623685
hard	ENSG00000143575	14638.0	62992.0	0.08269932866206904	0.011811389926533139
hard	ENSG00000113070	1700.0	17098.0	0.03927989379258781	0.035074579053208696
hard	ENSG00000112339	10966.0	39792.0	0.07525523198764926	0.05554656164988846
hard	ENSG00000172534	8845.0	129769.0	-0.015572311436746216	-0.005446428924922541
hard	ENSG00000101336	975.0	8939.0	0.1177580727640272	0.10752002730671706
hard	ENSG00000143630	362.0	3348.0	-0.00614444386523047	-0.011020475637121776
hard	ENSG00000116478	26499.0	345343.0	0.12687922569938032	0.08133076901324214
hard	ENSG00000100429	449.0	14674.0	0.0342406142017871	0.027846717096918088
hard	ENSG00000196591	59881.0	253767.0	0.31360663467178107	0.2103340428680646
hard	ENSG00000171720	10292.0	87844.0	0.0531842104988606	0.04057457585612048
hard	ENSG00000068024	2710.0	17716.0	0.03104033674657819	0.0199974234847979
hard	ENSG00000108840	3196.0	7993.0	0.0035523834409220377	0.011927643243531615
hard	ENSG00000094631	6128.0	253007.0	0.39693632538967605	0.4245622679179148
hard	ENSG00000147099	5019.0	53467.0	0.0003572211486765377	0.007718562566022758
hard	ENSG00000048052	8836.0	65668.0	0.23131236009716147	0.2239480500667062
hard	ENSG00000155393	4534.0	26820.0	-0.008908662956837612	0.006686017996055132
hard	ENSG00000129493	4376.0	12576.0	0.06920820550689664	0.07115273557047289
hard	ENSG00000008869	3030.0	41145.0	0.03583281405013838	0.04074713464580103
hard	ENSG00000068097	3075.0	44068.0	0.08692478732139802	0.058516972996507974
hard	ENSG00000112406	7160.0	47444.0	0.030500384871345473	0.040124021301999054
hard	ENSG00000173064	8705.0	221638.0	0.0911525480462428	0.052402392546078216
hard	ENSG00000119969	6235.0	29368.0	0.12208765986070269	0.12274129399238913
hard	ENSG00000128731	5902.0	97120.0	0.05509522107041724	0.04984032041246131
hard	ENSG00000138642	4057.0	41655.0	0.16473716435534225	0.16553429996639585
hard	ENSG00000114315	12417.0	42964.0	0.1862559243316642	0.1964239627786604
hard	ENSG00000188290	4120.0	6337.0	0.08704151449524965	0.11726193606950422
hard	ENSG00000144485	10289.0	17537.0	0.1633583420711567	0.14402598717554754
hard	ENSG00000163666	391.0	4125.0	0.03655593279354672	0.04652645762728281
hard	ENSG00000213614	7629.0	78682.0	0.048626601802314505	0.011254073625361462
hard	ENSG00000049860	7471.0	54345.0	0.05410534834778767	0.06756997333375905
hard	ENSG00000186834	10315.0	62355.0	0.049449098321240045	0.07805828045276753
hard	ENSG00000164683	287.0	2750.0	0.052749728793712855	0.05876563763096841
hard	ENSG00000010704	772.0	5974.0	0.06696849924516954	0.08958299612722942
hard	ENSG00000019991	185.0	1846.0	0.03404073357474097	0.048473554617268905
hard	ENSG00000235173	2304.0	54477.0	0.044908785969949044	0.04923679496255117
hard	ENSG00000185359	7442.0	55735.0	0.022520105778963934	0.032956517893148074
hard	ENSG00000152804	1159.0	1499.0	-0.0017084879934780497	0.011311092391413629
hard	ENSG00000100644	45863.0	281812.0	0.053458812315743856	0.16119513653138123
hard	ENSG00000064393	9188.0	279411.0	0.0524801935535075	0.10266412903677123
hard	ENSG00000110422	11814.0	39678.0	0.0517886576686815	-0.008875704687290946
hard	ENSG00000010818	7664.0	68658.0	0.08551157713773014	0.0753480357070094
hard	ENSG00000156515	5229.0	122038.0	0.08384417496396741	0.11252433771112383
hard	ENSG00000159399	2656.0	27055.0	0.11895712287026644	0.08896557657968396
hard	ENSG00000136630	425.0	7543.0	0.061034416630752764	0.08546497054885975
hard	ENSG00000143341	823.0	2731.0	0.15953166553820705	0.082510529425586
hard	ENSG00000137309	83030.0	348290.0	0.25150664382268306	0.2972573589747741
hard	ENSG00000149948	6441.0	49046.0	0.11354250609390196	0.09234691705281585
hard	ENSG00000164104	74275.0	9495.0	0.10746381242685421	0.11672937981908603
hard	ENSG00000029993	16483.0	70559.0	0.30424794996521687	0.3134396299544032
hard	ENSG00000113161	12402.0	111007.0	0.19818469803988492	0.1815291600057731
hard	ENSG00000118418	56728.0	50317.0	0.2334037701926625	0.1583523679163313
hard	ENSG00000198157	537.0	2573.0	0.01771052440951966	0.0357176865166703
hard	ENSG00000072571	2471.0	22551.0	0.10027593726011289	0.12224649021573482
hard	ENSG00000100292	1593.0	2938.0	0.053832207122205086	0.07454670073159975
hard	ENSG00000275410	567.0	15573.0	0.17847979099733102	0.1605079752638793
hard	ENSG00000150540	1641.0	6110.0	0.13239492961715563	0.11574272913634438
hard	ENSG00000139675	289.0	742615.0	-0.0010913887070576334	-0.02048493729330432
hard	ENSG00000138668	81300.0	1224032.0	0.10648138314488693	0.09949409918270236
hard	ENSG00000169813	46503.0	360287.0	0.1314002473275087	0.13405615726227135
hard	ENSG00000169045	37794.0	827468.0	0.09439271594983611	0.11045542317574372
hard	ENSG00000143889	16950.0	149827.0	0.12293353525187005	0.13539485660367465
hard	ENSG00000099783	59816.0	403820.0	0.029070959310507717	0.00841715040026408
hard	ENSG00000105323	20460.0	253503.0	0.18352472679721227	0.13517765530890608
hard	ENSG00000168172	3685.0	13873.0	0.07732349841577946	0.05477155657908322
hard	ENSG00000171476	2845.0	1301.0	0.13881343682086222	0.16122568373414364
hard	ENSG00000253293	1227.0	2177.0	0.07734715798401581	0.09699391561781359
hard	ENSG00000106004	169.0	2405.0	0.05207409834420669	0.07164999905862886
hard	ENSG00000078399	3371.0	11881.0	0.17101961462381382	0.18840879061402982
hard	ENSG00000182742	3256.0	69337.0	0.08673846280217244	0.08844273962908124
hard	ENSG00000120075	379.0	11525.0	0.04238929873147945	0.04709814997868789
hard	ENSG00000108511	370.0	31622.0	0.01791471774176505	0.023241513374925114
hard	ENSG00000260027	8095.0	57659.0	-0.05970998530349342	0.004832152655030288
hard	ENSG00000170689	1058.0	23848.0	0.12025928545251191	0.12771371065955847
hard	ENSG00000128710	283.0	7878.0	0.061752092214938416	0.09206240006889693
hard	ENSG00000128709	1981.0	29548.0	0.19038275463589321	0.1781377042449785
hard	ENSG00000115756	4166.0	44108.0	0.03169664192781139	0.04300624264781817
hard	ENSG00000165704	8591.0	20417.0	0.14925739761003487	0.13087695954746126
hard	ENSG00000110756	1286.0	20635.0	0.01952218524232456	-0.001946296029603121
hard	ENSG00000173083	222.0	1918.0	0.05262922496125831	0.04947220543777177
hard	ENSG00000174775	4081.0	37177.0	-0.05665386084426999	-0.03881586700190714
hard	ENSG00000196639	785.0	6262.0	0.04640906000930305	0.0666748815210505
hard	ENSG00000113749	187.0	1033.0	0.007742994874194241	0.0194219710953062
hard	ENSG00000249853	884.0	1081.0	0.008620624904193129	0.04822303005313337
hard	ENSG00000171004	3001.0	6624.0	0.20560234093701657	0.20371304132304832
hard	ENSG00000117594	348.0	1392.0	0.07951905756283953	0.11756610664030234
hard	ENSG00000176387	7078.0	32467.0	0.21789130112094415	0.21091772926099125
hard	ENSG00000108786	434.0	3163.0	0.10290340222638686	0.047415405746694894
hard	ENSG00000072506	21056.0	103866.0	0.06675132634869732	0.05348779505595823
hard	ENSG00000025423	924.0	1276.0	0.024417396778452248	0.03058579838892889
hard	ENSG00000103160	5865.0	39774.0	-0.004628732730597789	-0.023070017246723078
hard	ENSG00000185122	25689.0	295636.0	-0.03979749288211754	0.0591727394846104
hard	ENSG00000102878	1115.0	32670.0	0.12124835557905742	0.10896031312729684
hard	ENSG00000204390	448.0	7902.0	-0.034706787373016405	-0.024012074607051466
hard	ENSG00000126803	3842.0	27791.0	0.04523299959441152	0.04670037459897599
hard	ENSG00000170606	14006.0	148590.0	0.14821952066783403	0.09610842915600173
hard	ENSG00000109971	82100.0	889093.0	0.20120734572140253	0.22603953178366998
hard	ENSG00000113013	41000.0	188572.0	-0.030008391783133734	0.011566905035092376
hard	ENSG00000081870	21650.0	65233.0	0.1682427605043642	0.1344068256709701
hard	ENSG00000152137	1080.0	7523.0	0.12204977411799711	0.09920844335464964
hard	ENSG00000133265	3370.0	9077.0	0.06600801465606884	0.08185398041471906
hard	ENSG00000144381	59455.0	199971.0	0.11481725893046457	0.14922137215658401
hard	ENSG00000142798	19333.0	259490.0	0.10236350498301923	0.11538537981610927
hard	ENSG00000109854	1377.0	7567.0	-0.0038802667457085455	-0.014627127722157945
hard	ENSG00000147246	5394.0	27259.0	0.15063080766669684	0.14475650244999738
hard	ENSG00000166736	1074.0	10784.0	0.21474089674111205	0.2032782478991838
hard	ENSG00000166033	5534.0	15857.0	0.33179624890325143	0.2094241261289463
hard	ENSG00000115317	3894.0	7633.0	-0.06023243713387459	-0.03555645242802991
hard	ENSG00000197386	7329.0	71184.0	-0.04325647864882376	-0.014967251791048485
hard	ENSG00000086758	17884.0	299112.0	0.09347014954234693	0.05395033562699675
hard	ENSG00000149428	4610.0	183848.0	-0.02263632566336419	-0.00269297345757929
hard	ENSG00000067704	10089.0	132913.0	0.0926625077308188	0.06328658037307229
hard	ENSG00000003147	4662.0	32618.0	0.07255374910194973	0.08306716623305059
hard	ENSG00000090339	2946.0	50429.0	0.31688128284589817	0.29529407584456385
hard	ENSG00000108622	1214.0	7595.0	0.14879265718331253	0.1021621361441211
hard	ENSG00000076662	3655.0	12994.0	-0.004560601422330344	0.023535965005182843
hard	ENSG00000160223	1611.0	70858.0	-0.0946189033501529	-0.07473696442740065
hard	ENSG00000172201	13779.0	8011.0	-0.043020547090907225	0.0243838582945813
hard	ENSG00000119912	4910.0	9303.0	0.07150370863508813	0.05688157365473133
hard	ENSG00000138413	30546.0	84265.0	0.38163944187954385	0.41523225216326026
hard	ENSG00000182054	27414.0	185073.0	0.25816803823179213	0.19379182118729582
hard	ENSG00000127415	2801.0	86674.0	0.06008391211715956	0.07432979009014706
hard	ENSG00000163565	9285.0	32355.0	0.42163404169383334	0.44286873482349737
hard	ENSG00000068079	3149.0	32035.0	0.17124076335386135	0.14589907825268653
hard	ENSG00000137959	18471.0	106390.0	0.33892946159625137	0.3946705156107522
hard	ENSG00000115267	6513.0	31782.0	0.19874264315507664	0.19448840027995828
hard	ENSG00000185745	14344.0	120348.0	0.35630610232996773	0.3553214885337308
hard	ENSG00000119922	3142.0	30246.0	0.2685206158277921	0.1737130302374514
hard	ENSG00000119917	4424.0	52857.0	0.25372103524739564	0.2156269295043383
hard	ENSG00000185885	63097.0	106327.0	0.3819759492401056	0.4587155000809103
hard	ENSG00000142166	4575.0	51798.0	0.041982835742137854	0.0539760778267009
hard	ENSG00000159110	4248.0	26118.0	0.052247174964877	0.07375010585529301
hard	ENSG00000027697	13899.0	64140.0	0.029778966930715873	0.054459137303951306
hard	ENSG00000159128	14926.0	36656.0	0.013535724270625316	0.06144815658383605
hard	ENSG00000006652	30118.0	173396.0	0.16393324448536872	0.13918281226845788
hard	ENSG00000114446	26282.0	88392.0	0.15908584803881842	0.08710345067322518
hard	ENSG00000089289	15429.0	142744.0	0.1581097442226344	0.09734350848299156
hard	ENSG00000017427	962.0	4700.0	0.2236983532373372	0.14785376800701333
hard	ENSG00000140443	11630.0	126750.0	0.04352928311016498	0.05202921371698305
hard	ENSG00000167244	274.0	1705.0	0.01122434321113207	0.042426261075986335
hard	ENSG00000159217	1409.0	17232.0	0.039642509015903556	0.027479821254636255
hard	ENSG00000073792	5858.0	187849.0	0.17084476624834702	0.13999660273941392
hard	ENSG00000136231	19536.0	132799.0	0.11597681593298112	0.0830292353547025
hard	ENSG00000197081	15804.0	184956.0	0.1310692274410229	0.20906696391564908
hard	ENSG00000115457	285929.0	1215688.0	0.4962286663633615	0.5266061827680645
hard	ENSG00000147255	1131.0	1647.0	-0.015324381471429898	0.009894277938852815
hard	ENSG00000143061	6349.0	45760.0	0.10312560539195065	0.11155351765338992
hard	ENSG00000162729	14103.0	115788.0	0.15980842008187618	0.16391381501178626
hard	ENSG00000104365	1877.0	36248.0	0.0005264953777035092	-0.01655571418797464
hard	ENSG00000263528	922.0	16996.0	0.04249226982895049	0.011293332910042812
hard	ENSG00000269335	3184.0	56959.0	-0.03345575163892186	-0.025901784009923098
hard	ENSG00000030419	3060.0	27615.0	0.1136062395351603	0.11194448017198452
hard	ENSG00000161405	3415.0	31607.0	0.11888087984382742	0.14147470861624017
hard	ENSG00000123411	3668.0	33952.0	-0.026176302948246504	-0.010395535188351561
hard	ENSG00000110324	399.0	3512.0	0.06024902092357734	0.03966671931050204
hard	ENSG00000243646	9471.0	47353.0	0.09893182075760829	0.07341782554675064
hard	ENSG00000095752	199.0	1926.0	-0.006705310297284045	0.012560805843234876
hard	ENSG00000137070	1129.0	35113.0	0.11825636231472846	0.10213546294024753
hard	ENSG00000168811	400.0	2673.0	-0.0236967876614692	0.00027857469148766993
hard	ENSG00000081985	215.0	3224.0	0.009923031882132154	0.018454387621136915
hard	ENSG00000131724	25350.0	253360.0	0.2000977879460208	0.14523484385431315
hard	ENSG00000123496	541.0	2718.0	0.12188235118474605	0.09163503959793176
hard	ENSG00000164136	1138.0	5917.0	0.05151123387524306	0.0723536115090785
hard	ENSG00000134470	600.0	3950.0	0.08390967471873453	0.09124579441424685
hard	ENSG00000172349	209.0	4051.0	0.04626716385156398	0.004467201907413811
hard	ENSG00000172458	235.0	666.0	0.0056089069909421845	0.02671495826371449
hard	ENSG00000177663	2377.0	35014.0	0.02568252351850292	0.03212180133540163
hard	ENSG00000056736	638.0	7937.0	0.04274753808404082	0.0790740089818814
hard	ENSG00000150782	650.0	2633.0	0.06922205144871799	0.10387150839116059
hard	ENSG00000137496	225.0	9548.0	-0.005540228123900273	-0.029662035442080924
hard	ENSG00000115604	362.0	1765.0	0.04138088698504519	0.050656344147482095
hard	ENSG00000125538	141.0	1182.0	0.02843021176788551	0.050969156202000564
hard	ENSG00000115594	12772.0	26105.0	0.1588859432035005	0.12653708608790343
hard	ENSG00000196083	8787.0	33411.0	0.1630244527507209	0.15702839742133845
hard	ENSG00000115598	308.0	5061.0	-0.005886577035064379	0.018607263346810503
hard	ENSG00000136689	944.0	2692.0	0.15255714314877752	0.14462323580355918
hard	ENSG00000110944	446.0	603.0	0.015136292922576657	0.006268480045116194
hard	ENSG00000134460	578.0	1191.0	0.08698158458955188	0.03989997365378667
hard	ENSG00000137033	206.0	538.0	0.15882147274848138	0.011547448546232035
hard	ENSG00000157368	1867.0	10565.0	0.1768035231323566	0.1697288924125198
hard	ENSG00000185291	281.0	2795.0	0.06585484943275005	0.02556446105363744
hard	ENSG00000077238	1109.0	12952.0	0.12490210627995321	0.10038390642486869
hard	ENSG00000091181	311.0	1704.0	0.033315979905609666	0.06003455379707123
hard	ENSG00000160712	4636.0	42203.0	0.18924542408683953	0.19602782210879355
hard	ENSG00000134352	14912.0	41182.0	0.2440449386673643	0.2537771202550713
hard	ENSG00000143195	163.0	1560.0	0.12777838177925235	0.06417904111876904
hard	ENSG00000129351	99090.0	1294967.0	0.25009907656655334	0.25999871584496215
hard	ENSG00000166333	4611.0	53858.0	0.09173771882135681	0.046021569169131075
hard	ENSG00000132305	14328.0	63706.0	0.07621115800970182	0.03737709710092358
hard	ENSG00000106348	4605.0	94948.0	0.11088913355134741	0.10061122494256698
hard	ENSG00000178035	24474.0	258830.0	0.28799544429098406	0.3510925207781096
hard	ENSG00000148798	2084.0	5795.0	0.043989801029312714	0.07310645891428916
hard	ENSG00000196388	260.0	4414.0	0.03411887837060308	0.025468364415396325
hard	ENSG00000153487	5486.0	41349.0	0.017353458245854637	0.007881169138229682
hard	ENSG00000123999	770.0	6681.0	0.1087801496489349	0.113180311726716
hard	ENSG00000122641	170.0	1704.0	0.028623321174665938	0.03041104156649698
hard	ENSG00000163083	17272.0	138967.0	0.2937669339162435	0.33220750359462
hard	ENSG00000197852	580.0	6433.0	0.052038782612089975	0.04471557989114005
hard	ENSG00000241644	170.0	716.0	0.11670508631825245	0.023664288223846815
hard	ENSG00000114933	5963.0	97368.0	0.0365470743936054	0.05905286399913049
hard	ENSG00000109452	1099.0	2807.0	0.08102590012621419	0.08575646438034629
hard	ENSG00000168918	626.0	5156.0	0.08618444426707447	0.052571522035853066
hard	ENSG00000165458	19676.0	750121.0	0.09228871569839572	0.0930735943219732
hard	ENSG00000248099	130.0	1804.0	0.14029980907910267	0.05880636088345352
hard	ENSG00000171105	4822.0	51461.0	0.1545361446965758	0.10078456403962319
hard	ENSG00000119509	2017.0	35758.0	0.022336769913073602	0.04102014906811885
hard	ENSG00000086200	5381.0	40097.0	0.0665140879525432	0.08255459989936496
hard	ENSG00000065150	22323.0	81650.0	0.1968606001076322	0.19315873759720156
hard	ENSG00000205339	20405.0	185129.0	0.11654899967604737	0.07770264142355458
hard	ENSG00000198700	8478.0	134210.0	0.006405211665459501	0.008528527558211223
hard	ENSG00000197429	4120.0	83620.0	0.062344628817395074	0.05914804094788472
hard	ENSG00000140575	21199.0	155844.0	0.08035107449325285	0.08347875865335092
hard	ENSG00000145703	5738.0	35364.0	0.09204597323473691	0.10197518980743515
hard	ENSG00000144711	3561.0	38899.0	0.04456020979159653	0.04061647496900849
hard	ENSG00000184216	5371.0	78217.0	0.06776553149665623	0.0765557009870947
hard	ENSG00000134070	392.0	4690.0	0.01592228173147946	0.05032702164931313
hard	ENSG00000198001	4851.0	50041.0	0.0985162165372035	0.10431744918976874
hard	ENSG00000125347	4824.0	65924.0	0.15862262276457548	0.12690735101870845
hard	ENSG00000170604	757.0	39632.0	0.013069426450167213	-0.00039281668215914665
hard	ENSG00000119669	28864.0	156229.0	0.15589457117891237	0.17121117363168742
hard	ENSG00000126456	3019.0	36115.0	0.06745307912210213	0.07042752124998163
hard	ENSG00000128604	2896.0	10152.0	0.06621072876085396	0.078827633961056
hard	ENSG00000185507	3771.0	33534.0	0.18644659012267367	0.17020131566496904
hard	ENSG00000140968	639.0	2533.0	0.16286580569962233	0.11643026354926002
hard	ENSG00000167378	5545.0	91875.0	0.06648257866306659	0.015897537745917633
hard	ENSG00000169047	3268.0	73123.0	0.24376389885225627	0.1968339034291884
hard	ENSG00000185950	2938.0	32661.0	0.06820953983288203	0.06980005850004657
hard	ENSG00000063241	7806.0	30882.0	0.0315643194881548	0.06300711898565231
hard	ENSG00000078747	16302.0	204801.0	0.114385943040984	0.060814443405759186
hard	ENSG00000213949	2816.0	6958.0	0.19648968175709441	0.13841569103804463
hard	ENSG00000164171	1133.0	5901.0	0.008785691939110107	0.00853433288182272
hard	ENSG00000005961	749.0	12427.0	0.012130464455917835	0.044062934456676875
hard	ENSG00000005884	8561.0	194116.0	0.28643543228948876	0.3203855988586413
hard	ENSG00000115232	665.0	7449.0	0.07063775833320628	0.08380088523239759
hard	ENSG00000161638	1275.0	18452.0	0.12385300064865552	0.10535453162515537
hard	ENSG00000091409	17542.0	80557.0	0.1695631944554456	0.13497370662290556
hard	ENSG00000083457	4243.0	748.0	-0.028581753516661514	0.01293452345032123
hard	ENSG00000169896	422.0	4532.0	0.0016421573781401893	0.03328977125339244
hard	ENSG00000138448	16326.0	34177.0	0.08469519281593779	0.06226429938891722
hard	ENSG00000140678	612.0	10492.0	0.07082879437240724	0.11595983853236619
hard	ENSG00000160255	1515.0	20152.0	0.11871673076075931	0.12927742835381995
hard	ENSG00000259207	698.0	32487.0	0.1478528118438085	0.15442567691056125
hard	ENSG00000132470	3600.0	83081.0	0.09801321004081046	0.07687232827694909
hard	ENSG00000082781	18520.0	63741.0	0.16070412176324217	0.16271341644482948
hard	ENSG00000115221	2490.0	16374.0	0.19514048046509358	0.2003490303296248
hard	ENSG00000139626	349.0	3614.0	0.020877807777357916	0.04923548248896533
hard	ENSG00000123243	8915.0	74403.0	0.31287205205017765	0.28367511084005226
hard	ENSG00000078596	570.0	4391.0	0.10252401647208242	0.10037600296410118
hard	ENSG00000137825	2016.0	8632.0	-0.003821871090559731	0.008603149055999461
hard	ENSG00000150995	2397.0	12321.0	0.13214185222396047	0.09015549540103608
hard	ENSG00000096433	24688.0	529571.0	0.1936391920158406	0.23273959042071443
hard	ENSG00000138434	15784.0	78285.0	0.08630101734019824	0.10423526961707953
hard	ENSG00000116679	20224.0	84469.0	0.0978204302079912	0.06876484434573717
hard	ENSG00000101384	10216.0	61778.0	0.02174343470998045	0.05108239539156679
hard	ENSG00000162434	8154.0	118946.0	0.003941125475066275	0.10362984433367649
hard	ENSG00000096968	1522.0	9541.0	0.06872364386263316	0.032062128557768334
hard	ENSG00000105639	1779.0	27547.0	0.18229439336471778	0.1269351563186894
hard	ENSG00000154721	337.0	2109.0	0.1492897052153233	0.08419970184969644
hard	ENSG00000166086	825.0	9431.0	0.20471467637026103	0.1674039689840226
hard	ENSG00000153814	4895.0	4913.0	0.01876427856834868	0.048996035134948705
hard	ENSG00000140044	4260.0	76747.0	0.04835045795966582	0.057902668756191454
hard	ENSG00000081692	4776.0	30517.0	0.022731934894839618	0.026294125700667977
hard	ENSG00000104369	585.0	6075.0	0.03898419384558102	0.0575355264338632
hard	ENSG00000149596	262.0	1892.0	0.07217234348053556	0.08233181801157516
hard	ENSG00000206053	21028.0	139542.0	0.1792937742795334	0.19276818055926376
hard	ENSG00000234616	1000.0	29912.0	-0.026926320587409257	-0.025834041648165863
hard	ENSG00000173801	25085.0	29272.0	0.029618732834218068	0.03407758466724176
hard	ENSG00000197256	25353.0	174170.0	0.1380220331315285	0.20332406283890955
hard	ENSG00000108773	6239.0	87059.0	0.12018824944133982	0.11929705172500378
hard	ENSG00000114166	2715.0	27452.0	0.06303114918509728	0.06326636814182866
hard	ENSG00000172977	6276.0	38813.0	-0.05504389408654067	-0.06938961382918823
hard	ENSG00000186625	5844.0	18288.0	0.041677357609900906	0.041155857998809234
hard	ENSG00000177272	135.0	1910.0	0.10438455904741302	0.03574217524770653
hard	ENSG00000170049	125.0	4432.0	-0.010612746198843044	-0.015670256818815006
hard	ENSG00000158445	859.0	3104.0	0.018971417261927085	0.028613711616395032
hard	ENSG00000131398	310.0	89406.0	0.036847857605409824	0.05831710217122251
hard	ENSG00000116396	546.0	12035.0	0.030138598181501698	0.011740946154447823
hard	ENSG00000162975	1294.0	10473.0	0.1922634603312532	0.23469731777674085
hard	ENSG00000055118	3661.0	2943.0	0.0355356270448627	0.0780605899128996
hard	ENSG00000135519	2031.0	18960.0	0.09728885332666806	0.09911200741747606
hard	ENSG00000187486	272.0	1516.0	0.013503625757246143	0.02091057843442539
hard	ENSG00000184185	2121.0	22066.0	0.0653989140342122	0.06817591235745284
hard	ENSG00000157551	1118.0	8334.0	0.1095081073548909	0.12489584261871631
hard	ENSG00000123700	377.0	3419.0	0.07704360361943505	0.037789280098646356
hard	ENSG00000121361	175.0	2104.0	0.045902234180736856	0.046702936605664276
hard	ENSG00000135750	2631.0	7273.0	0.03456656892346953	0.05103188812676158
hard	ENSG00000184261	242.0	670.0	0.04043541153562302	0.011895752465183259
hard	ENSG00000152315	679.0	5672.0	0.08814772524508899	0.09085124839835156
hard	ENSG00000124249	6995.0	40033.0	0.20772524445113746	0.21964653404590706
hard	ENSG00000124780	175.0	1784.0	0.08827172088573619	0.05957402538032235
hard	ENSG00000171303	583.0	5303.0	0.06991972200850113	0.08490459012987564
hard	ENSG00000099337	844.0	6300.0	0.10150744227865291	0.11057489686015604
hard	ENSG00000169427	225.0	1199.0	0.06224522849346741	0.07188584571273765
hard	ENSG00000156113	6464.0	87746.0	0.246616883209404	0.2823657121304648
hard	ENSG00000143603	626.0	8103.0	-0.026795222351394574	0.021452574824230183
hard	ENSG00000104783	1919.0	30800.0	0.22350346307056362	0.18586976069715935
hard	ENSG00000053918	2575.0	35821.0	0.02902279401180649	0.02676098297367943
hard	ENSG00000117013	276.0	16932.0	-0.026890695649337812	-0.0195976512749932
hard	ENSG00000107147	658.0	6315.0	0.10229881992084075	0.08990377596501149
hard	ENSG00000162687	1137.0	3263.0	0.04171270519444418	0.06440873141230692
hard	ENSG00000110906	5121.0	39783.0	0.007745821547776366	-0.008146363632611902
hard	ENSG00000213859	958.0	5921.0	0.0222036183001103	0.05893305903236261
hard	ENSG00000112078	7072.0	54522.0	0.09630778844147084	0.050986988469718324
hard	ENSG00000167977	3978.0	26059.0	0.011602393545423853	0.040087295314608494
hard	ENSG00000104756	856.0	6401.0	0.03766051561703178	0.03639523409862561
hard	ENSG00000004487	19045.0	208512.0	0.06162076720213846	0.03246917801807215
hard	ENSG00000115548	7855.0	117069.0	0.08774655907773682	0.08476411031640187
hard	ENSG00000066135	16079.0	388012.0	0.08549392188050453	0.04755668476254356
hard	ENSG00000117139	15264.0	157066.0	0.10797108369444311	0.01629072035401309
hard	ENSG00000147050	5573.0	27176.0	0.06240491599753009	0.015384414574978515
hard	ENSG00000132510	2390.0	102541.0	0.019422210964527425	-0.020337996437237164
hard	ENSG00000155666	709.0	13578.0	0.04814506178801827	0.02412512046684376
hard	ENSG00000128052	1335.0	14431.0	0.11803980081923232	0.09739292407449936
hard	ENSG00000079999	75497.0	192739.0	0.11638373489010381	0.10556489919243704
hard	ENSG00000197993	181.0	20918.0	0.014375523650035447	0.011398006300490008
hard	ENSG00000121774	40844.0	238008.0	0.15234424154436904	0.07446167164807974
hard	ENSG00000138030	710.0	4702.0	0.003298195771651486	0.034812603621425596
hard	ENSG00000088247	7197.0	83889.0	0.05985343141162098	0.03659616693933732
hard	ENSG00000122203	18474.0	97380.0	0.09435523254080211	0.05852910152335634
hard	ENSG00000116685	12103.0	95349.0	0.08356080118330902	0.0042851765088067805
hard	ENSG00000138160	6440.0	31670.0	0.1325669503168213	0.1236750571525115
hard	ENSG00000130294	3199.0	125416.0	0.03834443449939817	0.03188565411061412
hard	ENSG00000112984	5624.0	50765.0	0.1366485111288454	0.1303873112741841
hard	ENSG00000068796	8774.0	63416.0	0.10359734587169614	0.06490800297838
hard	ENSG00000142945	8263.0	63853.0	0.19453520494663856	0.18187996290102498
hard	ENSG00000170759	31376.0	142234.0	0.1211200198577686	0.047232907515576364
hard	ENSG00000049130	1267.0	4528.0	0.0456680519777911	0.10803408917940897
hard	ENSG00000118922	4956.0	36191.0	0.03154010697053369	0.034388961853627636
hard	ENSG00000129911	1919.0	29834.0	0.0029341864148393435	0.013070492894902449
hard	ENSG00000136826	7121.0	27778.0	0.1112007583250559	0.1490094890173092
hard	ENSG00000102554	20523.0	33507.0	0.14616261181777543	0.16934306201865526
hard	ENSG00000165516	19277.0	74314.0	0.07751841798072108	0.052698835985232666
hard	ENSG00000003096	2337.0	5352.0	0.3016963653748267	0.2375052160397265
hard	ENSG00000197705	13444.0	142488.0	0.13072346695354992	0.15126026843923138
hard	ENSG00000114796	21347.0	134142.0	0.14576493999496049	0.14643720924063236
hard	ENSG00000167487	1843.0	18748.0	0.0654176241446116	0.06832079655778618
hard	ENSG00000102271	208.0	1565.0	0.12395164111116817	0.1284911510830775
hard	ENSG00000145332	2941.0	18357.0	0.07443255335284157	0.07504127957819501
hard	ENSG00000129451	6999.0	19377.0	0.18109944884955653	0.21641281721165903
hard	ENSG00000167749	306.0	739.0	0.08375292597247863	0.04926120007037373
hard	ENSG00000167755	16652.0	143844.0	0.2566068931499398	0.26602789633886376
hard	ENSG00000134539	605.0	707.0	0.015017097706458172	0.017699637315389725
hard	ENSG00000150045	4882.0	23721.0	0.15192351128767673	0.15762038318916508
hard	ENSG00000139187	218.0	2955.0	-0.029485266895757162	0.008092294532544956
hard	ENSG00000117009	148.0	1645.0	0.0185635234035517	0.016242673148944994
hard	ENSG00000118058	6855.0	95783.0	-0.010814985355782805	-0.01046472456823266
hard	ENSG00000167548	5784.0	166675.0	0.011492891749619621	0.0226575624530649
hard	ENSG00000128944	6160.0	56447.0	0.12597381882150072	0.10961257540250088
hard	ENSG00000114030	11783.0	72336.0	0.0009406139465552793	0.034785131505600336
hard	ENSG00000182481	29986.0	260495.0	0.25226316547604166	0.1999774602642897
hard	ENSG00000102753	9815.0	57555.0	0.1266680640353054	0.08906687609015004
hard	ENSG00000025800	4701.0	134799.0	0.03265426595754746	0.02133561500940753
hard	ENSG00000108424	31473.0	260301.0	0.10017383607302524	0.0771805148997006
hard	ENSG00000133703	11328.0	18482.0	0.04853828146784052	0.03741461786873142
hard	ENSG00000163463	19302.0	152535.0	0.0659142100859699	0.011430031641743893
hard	ENSG00000105700	18673.0	65996.0	0.027551113735656538	0.06804109078172808
hard	ENSG00000198910	1529.0	52219.0	0.1768480936649831	0.17601664934952438
hard	ENSG00000179630	623.0	5447.0	0.03980237689373591	0.0670415926409597
hard	ENSG00000159166	6290.0	145693.0	0.08680104581194667	0.1077859523577632
hard	ENSG00000089692	898.0	26618.0	0.07216660836200843	0.027558630852401005
hard	ENSG00000167613	248.0	2815.0	0.022850186434380144	0.0876416138466262
hard	ENSG00000053747	4429.0	49686.0	0.33644947843709844	0.33677832945375347
hard	ENSG00000196878	5418.0	106931.0	0.17934370716308168	0.161194987540084
hard	ENSG00000135862	32242.0	266296.0	0.2115915691853525	0.175318180072955
hard	ENSG00000058085	5215.0	25070.0	0.1427874734571773	0.136650807008962
hard	ENSG00000185896	15072.0	267459.0	0.15166040645949475	0.1421558477804504
hard	ENSG00000005893	81873.0	327978.0	0.24671689809723762	0.3068014851795582
hard	ENSG00000078081	2646.0	14682.0	0.2614607073110121	0.20008439959466026
hard	ENSG00000115365	3052.0	25774.0	0.051108280447492896	0.06552289586087987
hard	ENSG00000132434	10456.0	71564.0	0.11554599595587264	0.048431868605835385
hard	ENSG00000104341	41743.0	146440.0	0.272809948292478	0.1832987261422868
hard	ENSG00000161813	11371.0	103496.0	0.04642355488007348	0.02585432920770262
hard	ENSG00000107929	22648.0	188219.0	0.1625230502552504	0.13025473872673665
hard	ENSG00000002834	15823.0	46708.0	0.05489427132052025	0.07042795948461654
hard	ENSG00000213658	587.0	5593.0	-0.01626616980295549	-0.06352619411927575
hard	ENSG00000131023	8190.0	97850.0	-0.016267301926979026	-0.01644896753703224
hard	ENSG00000150457	2821.0	19642.0	0.05800547246715544	0.04907999791025447
hard	ENSG00000213626	6218.0	62359.0	0.07973482451984104	0.09669250980900802
hard	ENSG00000213398	680.0	4865.0	0.048609880654505	0.038810945891579664
hard	ENSG00000182866	232.0	1265.0	0.029442984586508732	0.009075616153531649
hard	ENSG00000122367	276.0	1769.0	-0.015445201044388549	0.005223666009512676
hard	ENSG00000134333	38226.0	365052.0	0.3136072673003997	0.3107287213283164
hard	ENSG00000130164	19814.0	163916.0	0.3110884391903648	0.35293973610276763
hard	ENSG00000168675	1419.0	6632.0	-0.003511142019815011	0.010901950664156078
hard	ENSG00000138795	2247.0	11178.0	0.10999375309841895	0.1340381053318396
hard	ENSG00000167615	1213.0	100996.0	0.1404569707756817	0.07626510798773183
hard	ENSG00000116678	4134.0	20619.0	0.1166085702001476	0.08449462711037906
hard	ENSG00000104660	2910.0	7021.0	0.04790524270224815	0.05704794661460619
hard	ENSG00000116977	2059.0	22682.0	0.046585833149048475	0.05476377760850768
hard	ENSG00000168961	2479.0	26215.0	0.21248391010497134	0.176534017237819
hard	ENSG00000119862	2586.0	9770.0	0.02813216281498641	0.027868905552655
hard	ENSG00000100600	26207.0	142925.0	0.23365638618583903	0.31655971687740525
hard	ENSG00000205213	34097.0	211766.0	0.29515069736693766	0.3066102852489932
hard	ENSG00000139292	3023.0	18910.0	0.20919055824557373	0.22142707862350444
hard	ENSG00000133067	1258.0	15639.0	0.11366901514222782	0.12140772299335083
hard	ENSG00000138039	158.0	1667.0	0.11044349038760168	0.11870984992497922
hard	ENSG00000128342	579.0	9326.0	0.07537885527940039	0.06030204256094864
hard	ENSG00000113594	3030.0	4546.0	0.14068418889745216	0.11654479108087223
hard	ENSG00000005156	4003.0	80537.0	0.0598041355645275	0.05960672152526856
hard	ENSG00000174405	2201.0	19507.0	0.07142021290133257	0.051774252461082165
hard	ENSG00000104972	215.0	2322.0	0.06012824942054799	0.04708290377223345
hard	ENSG00000186818	236.0	672.0	0.04164091123475892	0.031579611643515665
hard	ENSG00000105609	269.0	3674.0	0.09238755164531033	0.08497002467472024
hard	ENSG00000106683	4655.0	46771.0	0.08620867001395399	0.09441401741340644
hard	ENSG00000140471	1597.0	21787.0	0.02200640524451496	0.03763675437492239
hard	ENSG00000107798	2898.0	7067.0	0.10280660720308808	0.11924933632180616
hard	ENSG00000166035	261.0	1729.0	0.059323983917534844	0.04387906240692116
hard	ENSG00000079435	211.0	893.0	-0.004397550002197959	0.03349527235938365
hard	ENSG00000101670	159.0	2065.0	0.02122406191965168	0.04041986434087274
hard	ENSG00000139636	2619.0	34691.0	0.018017989785622898	0.02450854808973417
hard	ENSG00000113368	8672.0	116096.0	0.0849342608870997	0.11525491180823023
hard	ENSG00000166407	353.0	1759.0	0.08549368447484104	0.041451449151158205
hard	ENSG00000135363	1408.0	5598.0	0.1121446498657711	0.10202935120694924
hard	ENSG00000136944	220.0	2766.0	0.01875793430040362	0.03242459162771538
hard	ENSG00000196365	5767.0	112361.0	0.04409597765771828	0.03461211283649284
hard	ENSG00000175556	220.0	15501.0	0.039155213832137006	0.03907842317647375
hard	ENSG00000113083	206.0	2180.0	0.1276588903139646	0.07891618543325998
hard	ENSG00000129038	7195.0	75838.0	0.12224259586009384	0.10711436957543934
hard	ENSG00000134013	1447.0	17641.0	0.16348156000733582	0.1148768113821516
hard	ENSG00000198121	870.0	2199.0	0.07637391025531984	0.05969912863866576
hard	ENSG00000171517	9383.0	68749.0	0.3973864905458866	0.4207400503048311
hard	ENSG00000184574	2117.0	38981.0	0.1274245602092274	0.15329349296720568
hard	ENSG00000139679	855.0	968.0	0.08563048086353232	0.07582180768893536
hard	ENSG00000153395	5949.0	52596.0	0.049608455237567746	0.07458958187910916
hard	ENSG00000134324	4918.0	53843.0	-0.0027678207257912316	0.040774267958728065
hard	ENSG00000175445	1149.0	8998.0	0.04020573681320227	0.07415866992329007
hard	ENSG00000110031	881.0	19264.0	0.02944514506808934	0.014312376123612596
hard	ENSG00000168672	21769.0	225693.0	0.20852762204024855	0.295714866379325
hard	ENSG00000198589	17440.0	158973.0	0.11212191581460978	0.1066364140654596
hard	ENSG00000136141	2044.0	17646.0	-0.008164262732646772	-0.010349083200621202
hard	ENSG00000171236	1270.0	15185.0	0.27715339264854816	0.2688748403570094
hard	ENSG00000121931	3579.0	12089.0	0.02529622903187692	0.04045506922661005
hard	ENSG00000123384	13856.0	77078.0	0.16146601885116202	0.18194307538811322
hard	ENSG00000081479	265.0	2676.0	0.0561758475225442	0.06967982593781423
hard	ENSG00000162337	3378.0	20669.0	0.01337446979821872	0.015827839628797902
hard	ENSG00000070018	28280.0	443197.0	0.13018914677857152	0.08012250809359009
hard	ENSG00000138095	27085.0	95115.0	0.11630966112127211	0.0684167983790293
hard	ENSG00000172731	2231.0	13595.0	0.012209140850491466	-0.015238988465973621
hard	ENSG00000160233	156.0	3818.0	0.007587531073620056	0.009243335063501655
hard	ENSG00000137507	1321.0	8724.0	0.15083085419770742	0.11119072151271073
hard	ENSG00000179796	284.0	847.0	0.01618011754514105	0.03765473411658671
hard	ENSG00000169683	1999.0	25707.0	0.03999605662398269	0.06079062947063299
hard	ENSG00000130764	13304.0	130060.0	0.11262614871030048	0.0847063729332731
hard	ENSG00000108829	10943.0	169614.0	0.1091714670362424	0.1016903114058904
hard	ENSG00000041802	3681.0	77285.0	0.08539419026843861	0.0791006615261363
hard	ENSG00000161654	3303.0	31190.0	0.038564205908848695	0.04475588794295193
hard	ENSG00000111144	26203.0	157669.0	0.22800458384113936	0.24845480119228397
hard	ENSG00000213903	741.0	15680.0	0.04408792990917739	0.03611617138704388
hard	ENSG00000213906	125.0	12294.0	-0.026167915590377934	-0.0378277236168662
hard	ENSG00000049323	6295.0	53128.0	0.10957933565080635	0.09415573484341505
hard	ENSG00000119681	7849.0	67339.0	0.14294888541795706	0.1658040204854272
hard	ENSG00000111321	27516.0	273302.0	0.10017435690623543	0.1743054479560914
hard	ENSG00000062524	452.0	3649.0	-0.01814936091102183	-0.006582371543514957
hard	ENSG00000007392	3736.0	64026.0	0.07511264925598067	0.0717975047006045
hard	ENSG00000171357	1016.0	27897.0	0.17922059774422727	0.15970289677970603
hard	ENSG00000054219	2752.0	14436.0	0.11325654787904123	0.100332638717055
hard	ENSG00000154589	253.0	1794.0	0.09218248416628859	0.05213097030286716
hard	ENSG00000145220	4450.0	19361.0	0.05416660039985294	0.0543765809456587
hard	ENSG00000254087	2929.0	12183.0	0.09617920822343427	0.1064625539259869
hard	ENSG00000162441	6268.0	30739.0	0.14333405132926347	0.12950668606779334
hard	ENSG00000061337	297.0	2043.0	0.10749662600678754	0.09600064258749527
hard	ENSG00000183742	9181.0	42988.0	0.16064330813954697	0.175101067036259
hard	ENSG00000002822	3039.0	107694.0	-0.044494236891957056	-0.05894147115972034
hard	ENSG00000164109	14404.0	35606.0	0.23423999544741625	0.2196026526078122
hard	ENSG00000090316	12902.0	114199.0	-0.04242330643160552	-0.013856164131062573
hard	ENSG00000178573	1286.0	5054.0	0.2566227182858657	0.16911933809839944
hard	ENSG00000204103	3425.0	13046.0	0.0768513962923261	0.05807658099725531
hard	ENSG00000185022	1259.0	5265.0	0.10812414033786213	0.09732469416219211
hard	ENSG00000124260	425.0	2154.0	0.2345183617490012	0.16190067659552967
hard	ENSG00000185247	8979.0	31639.0	0.2158531633912607	0.21431193482688074
hard	ENSG00000147381	2005.0	3238.0	0.016745598316891975	0.046656583249827244
hard	ENSG00000151276	5509.0	15171.0	0.03297007435373168	0.040211572826325905
hard	ENSG00000081026	2943.0	14598.0	0.05863448831330084	0.07148877556338835
hard	ENSG00000111837	1155.0	10584.0	0.09103002716763806	0.10248602027255758
hard	ENSG00000172005	14166.0	57142.0	0.4076053093696611	0.43297550144824715
hard	ENSG00000147676	44079.0	64181.0	0.17723305393804592	0.16354293132799094
hard	ENSG00000144063	3002.0	23440.0	0.2663326870373107	0.27451007031672514
hard	ENSG00000172175	5243.0	35929.0	0.011784651525000137	0.03070552440895414
hard	ENSG00000184384	6094.0	22750.0	0.028744709716663853	0.03946264661034372
hard	ENSG00000111885	643.0	8319.0	0.13063733713559406	0.14239740174992438
hard	ENSG00000177239	20215.0	201207.0	0.06602229500109473	0.04196104266440992
hard	ENSG00000104774	4962.0	125263.0	0.0686947682927157	0.0819616384179558
hard	ENSG00000172469	5192.0	17511.0	0.08951818449593085	0.08628182691513551
hard	ENSG00000189221	1173.0	10419.0	0.11013988064729659	0.12677481465214707
hard	ENSG00000069535	1848.0	22519.0	0.20396042983312576	0.17160297916049075
hard	ENSG00000166963	250.0	5682.0	0.018023443945918025	0.029125543084089354
hard	ENSG00000131711	3391.0	30309.0	0.06057723260068006	0.04738167939529722
hard	ENSG00000101460	5537.0	34222.0	0.05132783086302283	0.05367579387551857
hard	ENSG00000140941	14432.0	14319.0	0.027972739080193043	0.04768466031534203
hard	ENSG00000130479	7559.0	145559.0	0.0559164754733617	0.05132610865920999
hard	ENSG00000078018	2404.0	4608.0	0.15569513462468892	0.14804572308238118
hard	ENSG00000169032	4719.0	9960.0	-0.027921880986690448	0.013007359213887222
hard	ENSG00000065559	7953.0	30003.0	-0.012673725821589817	0.029396835254750512
hard	ENSG00000137764	3425.0	25361.0	0.0059378674517217775	0.0101251062219133
hard	ENSG00000095015	8275.0	54311.0	0.07365745972016294	0.06723120178031604
hard	ENSG00000006062	628.0	5500.0	0.059210397365118246	0.01710077084804695
hard	ENSG00000180815	523.0	2176.0	0.054619358017132844	0.041990238643805876
hard	ENSG00000091436	23406.0	53620.0	0.31661552916932983	0.34324766621082137
hard	ENSG00000197442	1860.0	6801.0	0.10470053684147522	0.07181722771501169
hard	ENSG00000135341	18122.0	135045.0	0.1250050454788679	0.08690462258480632
hard	ENSG00000156265	307.0	1625.0	0.01984217598340729	-0.028029412062871423
hard	ENSG00000047849	12848.0	195192.0	0.08140690284149021	0.09533148667395161
hard	ENSG00000168067	1812.0	34041.0	-0.008190390578641987	-0.011407278246442628
hard	ENSG00000011566	15749.0	52506.0	0.07677372112250888	0.09077407939752577
hard	ENSG00000071054	8878.0	46830.0	0.0707769651206426	0.024122867952482308
hard	ENSG00000012983	4738.0	24237.0	0.06079327264510604	0.06193012153392693
hard	ENSG00000135525	12978.0	220906.0	0.1595153086942	0.10674431542422423
hard	ENSG00000116871	13721.0	168025.0	0.013602815493884621	0.08891836348794455
hard	ENSG00000100030	13999.0	72823.0	0.10478663208219412	0.12528505914023755
hard	ENSG00000109339	1631.0	9331.0	0.09088221787057471	0.0893720032903036
hard	ENSG00000185386	251.0	4141.0	0.03909298089410964	0.021184461121470675
hard	ENSG00000188130	506.0	4932.0	0.07771441734492066	0.0629674767357252
hard	ENSG00000112062	11246.0	88322.0	0.1121985380630866	0.0671914003836054
hard	ENSG00000181085	1907.0	61890.0	0.02162394540491873	0.03822677797002363
hard	ENSG00000102882	4240.0	160276.0	0.054505201836625244	0.07634935171169394
hard	ENSG00000166484	1684.0	35039.0	0.05865708542289419	-0.008079015394193013
hard	ENSG00000107643	9165.0	37471.0	0.03389241432645491	0.02776226175332279
hard	ENSG00000121653	7871.0	61864.0	0.1486176051960846	0.1913841933966981
hard	ENSG00000008735	293.0	6520.0	0.056839491188588206	0.06877826663821267
hard	ENSG00000138834	3428.0	111674.0	0.0229241196813446	0.027659074678913795
hard	ENSG00000050748	3240.0	37943.0	0.00804259817610295	0.01012610817448053
hard	ENSG00000162889	14770.0	161800.0	0.058574733047283584	0.07105832755862196
hard	ENSG00000166974	750.0	5457.0	0.07951235305270293	0.10123290908903207
hard	ENSG00000186868	142.0	2190.0	0.028176539482156388	0.06473142566631744
hard	ENSG00000072518	4785.0	107919.0	0.06182393923855006	0.06742351079292974
hard	ENSG00000151224	2379.0	13136.0	0.13346994603581422	0.1352659950446235
hard	ENSG00000088888	7550.0	189546.0	-0.006872063849724237	0.002286653785652316
hard	ENSG00000125952	9066.0	56951.0	-0.023214094055148342	-0.0026429624647410135
hard	ENSG00000152601	22996.0	61816.0	-0.012780390843790956	-0.003973797597991495
hard	ENSG00000258839	1028.0	9142.0	0.017932186415341993	0.02972977492408603
hard	ENSG00000076706	3159.0	69116.0	0.19061176733136118	0.1521663025163962
hard	ENSG00000078070	6303.0	76318.0	-0.0026656379135405195	-0.029386507250054917
hard	ENSG00000152034	138.0	774.0	-0.0026388593144388494	0.020295066400374116
hard	ENSG00000073111	8780.0	111683.0	0.20091831959672876	0.1923337361615482
hard	ENSG00000112118	16887.0	244292.0	0.22342150212011563	0.2386716902704583
hard	ENSG00000160294	7662.0	131804.0	-0.019154036958189253	-0.029022552535530897
hard	ENSG00000104738	7000.0	96207.0	0.11470445359140645	0.0935926445420687
hard	ENSG00000100297	3496.0	98421.0	0.029404147923374615	0.04246395589211358
hard	ENSG00000076003	12791.0	62259.0	0.20232085606698066	0.1732421212864956
hard	ENSG00000166508	23466.0	245187.0	0.2066219023766809	0.2608464837598949
hard	ENSG00000111877	6620.0	110690.0	0.11487253661187462	0.07714258702302965
hard	ENSG00000147316	1122.0	10745.0	-0.0020222800410150746	0.004866972107673827
hard	ENSG00000140563	406.0	6911.0	0.10306682213002702	0.07676545495233603
hard	ENSG00000232119	25159.0	115093.0	0.14238386361868563	0.1320909819266757
hard	ENSG00000137337	4115.0	27182.0	0.023702229902006083	0.026925912919496052
hard	ENSG00000135272	636.0	6391.0	0.13794946900291372	0.1379008874307515
hard	ENSG00000111554	2548.0	11589.0	0.04685910271089573	0.050611498092167105
hard	ENSG00000135679	11162.0	61459.0	0.09096972236394704	0.10686032831215965
hard	ENSG00000198625	14683.0	76260.0	0.017862014570869354	0.009325451495624918
hard	ENSG00000065833	1330.0	11207.0	0.07299460425456776	0.0714956330783308
hard	ENSG00000085276	20536.0	82381.0	0.15002363678057568	0.10219101229864734
hard	ENSG00000125686	3746.0	45880.0	0.11783321267660146	0.06843633974241485
hard	ENSG00000184634	6776.0	193665.0	-0.028814631708142253	0.015370012116011833
hard	ENSG00000144893	698.0	2775.0	0.025491891349010053	0.03500869498979495
hard	ENSG00000068305	12823.0	60207.0	0.019627877698753165	0.08296008281138596
hard	ENSG00000081189	1524.0	2278.0	0.18536501680500747	0.15380843386530388
hard	ENSG00000214548	4119.0	64785.0	0.3048069158120358	0.2741093490861626
hard	ENSG00000105429	2407.0	48889.0	0.03923575420510924	0.031016855159892654
hard	ENSG00000143995	12088.0	136692.0	0.1922663007054882	0.18518389582595804
hard	ENSG00000134138	2761.0	16097.0	0.1693345251958711	0.16600221307833454
hard	ENSG00000105419	177.0	17238.0	0.033753150461405354	0.028994776546230783
hard	ENSG00000165304	5583.0	30508.0	0.1501920391004967	0.130637990094398
hard	ENSG00000163975	3497.0	24154.0	0.12117901050769145	0.11422180718233624
hard	ENSG00000133895	6392.0	83051.0	0.045106257852427466	0.0329390112956715
hard	ENSG00000146834	11031.0	108939.0	-0.03909154220958055	-0.00685035853492343
hard	ENSG00000153208	3120.0	16365.0	0.035965038510066286	0.0440019365289449
hard	ENSG00000106484	56756.0	70483.0	0.24178409577844182	0.2706625143313223
hard	ENSG00000105976	3601.0	18494.0	0.049144124185675576	0.06758037303317288
hard	ENSG00000176845	15178.0	39571.0	0.017625163486871282	0.022768888795202995
hard	ENSG00000127804	2405.0	25630.0	0.0187831378779926	0.029808575587068637
hard	ENSG00000171806	1290.0	6606.0	-0.015565440922048682	-0.01294058669878947
hard	ENSG00000087995	1837.0	62060.0	0.038822837562321674	0.07399999570737212
hard	ENSG00000165819	5134.0	85699.0	0.03014585952849889	0.04901241335723694
hard	ENSG00000197614	1992.0	10590.0	0.3363543520777037	0.34648627605213395
hard	ENSG00000168958	7419.0	39484.0	0.04642557688959548	0.024557480295425038
hard	ENSG00000140545	29171.0	200671.0	0.21841122464690274	0.2512892109890283
hard	ENSG00000116688	8249.0	40967.0	0.0015571078751004117	0.011103932597563046
hard	ENSG00000182544	7108.0	17911.0	0.0508796722695182	0.04390047316109856
hard	ENSG00000170430	17893.0	268743.0	0.22201618922836105	0.24465726860832382
hard	ENSG00000204520	3695.0	24796.0	0.11068314608564427	0.10066607372653248
hard	ENSG00000133816	1935.0	81082.0	0.014130679534364043	0.041040743639734596
hard	ENSG00000204516	1044.0	12317.0	0.06917496821852502	0.08717322567467752
hard	ENSG00000080561	3897.0	77300.0	0.10032599184886364	0.07681389252892318
hard	ENSG00000141741	267305.0	290258.0	0.17770454730459778	0.09866366851860137
hard	ENSG00000116691	3520.0	47038.0	0.00846372728905388	0.012172459353407074
hard	ENSG00000143409	362.0	6778.0	0.002691926537872336	-7.410520043528512e-05
hard	ENSG00000128923	4740.0	30427.0	0.01572942953853649	-0.01572276976830451
hard	ENSG00000107789	11567.0	33583.0	0.02676438438181055	0.017064692688704267
hard	ENSG00000151338	742.0	7989.0	0.020908572005552333	0.02166246515121884
hard	ENSG00000158411	5901.0	39404.0	0.008235102251669473	0.025488386525155348
hard	ENSG00000187098	1338.0	8338.0	0.13370201285635752	0.14077278544595365
hard	ENSG00000148773	5061.0	60685.0	0.04888210679772869	0.056675055702226036
hard	ENSG00000079277	6533.0	43456.0	-0.0498720596572816	0.014597345129569367
hard	ENSG00000075975	2351.0	30115.0	0.0010831328484106513	-0.02379471780503628
hard	ENSG00000179455	3980.0	7437.0	0.04207677223160736	0.052406898564746875
hard	ENSG00000150051	5792.0	22786.0	0.187490947634609	0.2126970445266693
hard	ENSG00000178053	21870.0	85284.0	0.2658988246622793	0.29144280357582897
hard	ENSG00000076242	4352.0	42150.0	0.028011504246624574	0.04069558789157873
hard	ENSG00000115648	7241.0	120512.0	0.11508047950105041	0.13106954166215928
hard	ENSG00000175727	9691.0	46468.0	0.04781637208669065	0.06310119287600678
hard	ENSG00000009950	8257.0	221933.0	0.08834889150615191	0.09823764541478504
hard	ENSG00000132763	3450.0	16756.0	0.045724973121084575	0.04195362538863369
hard	ENSG00000168288	17670.0	104273.0	0.16259594235522015	0.07486684197543454
hard	ENSG00000196549	286.0	2614.0	0.09090894591501261	0.09537852775459137
hard	ENSG00000142606	555.0	2124.0	0.017626881776284124	0.02856446673906635
hard	ENSG00000099953	4418.0	16045.0	0.27361136720324153	0.21282837455238532
hard	ENSG00000157227	4289.0	238197.0	0.11600763779437026	0.1055289261195572
hard	ENSG00000100985	773.0	4571.0	0.061306565736099626	0.07432051667608802
hard	ENSG00000173269	1910.0	26316.0	0.13944135975070127	0.09939127900684547
hard	ENSG00000138587	2558.0	12528.0	0.11955024892646175	0.11647789656437853
hard	ENSG00000182208	2574.0	14567.0	-0.06390989409374359	-0.05844557422294263
hard	ENSG00000115540	10469.0	14892.0	-0.0012002626377466616	0.0008966455249198947
hard	ENSG00000061987	7656.0	39187.0	0.06424725264185274	0.06458629853095345
hard	ENSG00000155363	5648.0	133097.0	0.02608727461608063	0.05552465314689069
hard	ENSG00000129255	10924.0	99769.0	0.09451878545080356	0.08933595375232166
hard	ENSG00000107186	3319.0	46534.0	0.03935861457292361	0.02335204154815528
hard	ENSG00000051825	3644.0	50399.0	0.032651042287032736	0.016373011408816272
hard	ENSG00000178802	3492.0	16459.0	0.026353243139739347	0.027157786078139595
hard	ENSG00000168303	13243.0	10715.0	0.052035073012209374	0.026907350936783366
hard	ENSG00000150054	8912.0	41066.0	0.14633064659600625	0.1552311788711613
hard	ENSG00000186732	145.0	1008.0	-0.013730085753669605	-0.019983726745599915
hard	ENSG00000066382	4201.0	17884.0	0.16327247096626585	0.1720187933806542
hard	ENSG00000158887	190.0	21483.0	0.00522765636698934	0.01114574889471491
hard	ENSG00000197965	17489.0	82180.0	0.07837802221410302	0.05196625127209726
hard	ENSG00000153029	696.0	6709.0	0.051262611606014793	0.07049005877299516
hard	ENSG00000135324	1325.0	8943.0	0.09352020257190521	0.1208965123881671
hard	ENSG00000260314	589.0	5897.0	0.10156663851760113	0.0882858284839754
hard	ENSG00000011028	6449.0	82235.0	0.24209471485756318	0.21022361764486405
hard	ENSG00000020922	3849.0	29782.0	-0.046311847891320125	-0.025718885106155834
hard	ENSG00000178988	15441.0	61311.0	-0.008290072811008275	-0.03575318095942436
hard	ENSG00000171861	1816.0	12826.0	0.032733412827628115	0.03208652837678808
hard	ENSG00000278845	4487.0	101095.0	0.1257246948013403	0.10587576242147073
hard	ENSG00000196588	2242.0	20352.0	-0.04169541440228293	-0.02281782103922797
hard	ENSG00000186260	7518.0	45401.0	0.014010484245281089	0.004246516516892556
hard	ENSG00000095002	9507.0	103367.0	0.17559468429810643	0.15124103198752378
hard	ENSG00000113318	2097.0	70561.0	0.016017847991819132	0.023785303098978312
hard	ENSG00000116062	26681.0	157683.0	0.17945136780963283	0.13462023122550756
hard	ENSG00000135097	3886.0	85584.0	0.028956330202339835	0.029044788099871245
hard	ENSG00000153944	11418.0	63123.0	0.04105543287103931	0.0055459634466271225
hard	ENSG00000102854	20989.0	50965.0	0.20900233712246283	0.172935367710817
hard	ENSG00000147065	20052.0	166860.0	0.16402380487665708	0.2391922686894999
hard	ENSG00000038945	2037.0	16840.0	0.061191663943797096	0.07836065122564273
hard	ENSG00000173531	2965.0	72741.0	0.06232438861694839	0.05584197329839774
hard	ENSG00000164078	560.0	6865.0	0.08159830638371834	0.06984718476464606
hard	ENSG00000182979	10690.0	293515.0	0.0024287977711413902	-0.021512587990976058
hard	ENSG00000149480	2901.0	37257.0	0.019372022128537964	0.018977283711975934
hard	ENSG00000099810	6297.0	32628.0	0.03960655095181962	0.031208544715444615
hard	ENSG00000109919	12544.0	120237.0	0.1905462978104324	0.08494915486793483
hard	ENSG00000168502	283.0	8161.0	0.008442728401860423	-0.0012426786599271694
hard	ENSG00000120832	1849.0	25508.0	0.06385144313429628	0.07965377599013486
hard	ENSG00000117640	4810.0	36331.0	0.042480704810468894	0.027466963193085583
hard	ENSG00000100714	7372.0	78424.0	0.14098979976192874	0.10741374326115381
hard	ENSG00000177000	2503.0	44399.0	0.04328564859407161	0.06346108855385722
hard	ENSG00000198793	5885.0	42069.0	0.008055775104316345	0.010924421228812653
hard	ENSG00000107951	9136.0	59391.0	0.10117996999517828	0.037531219609789605
hard	ENSG00000116984	5773.0	103592.0	0.023407706254484514	0.027470447719017996
hard	ENSG00000130349	4287.0	24572.0	-0.008018904988787916	0.003502232812972026
hard	ENSG00000039123	6004.0	44702.0	-0.013152436793113589	-0.031785903454117324
hard	ENSG00000120662	710.0	26955.0	-0.01983553360743647	-0.004288606031109388
hard	ENSG00000185499	31581.0	67204.0	0.2430570551948516	0.2848843177674759
hard	ENSG00000181143	114595.0	862099.0	0.4290419150185109	0.44265435851484325
hard	ENSG00000145113	1777.0	11437.0	0.229160904537412	0.21139508611737318
hard	ENSG00000215182	331.0	1045.0	0.005077940855143846	0.018305760307855915
hard	ENSG00000117983	14787.0	140107.0	0.4468131223968311	0.44156576444297013
hard	ENSG00000132781	5523.0	57987.0	0.05090106790969001	0.047885735945302876
hard	ENSG00000167508	2781.0	5718.0	0.03575894897972191	0.034232772632028875
hard	ENSG00000013364	9893.0	153547.0	0.2304326904038284	0.2928500288125543
hard	ENSG00000157601	12917.0	212822.0	0.3172726471429266	0.3366770501258567
hard	ENSG00000059728	3291.0	27088.0	0.03449315015925815	0.044446153903281445
hard	ENSG00000182534	21847.0	183704.0	0.09293191696797772	0.05733939473243462
hard	ENSG00000118513	3716.0	64295.0	0.2179983327894078	0.23762116076730755
hard	ENSG00000132382	7588.0	130671.0	0.015519364361030808	0.030315186248895253
hard	ENSG00000101057	9919.0	202878.0	0.1670587672560759	0.18350069172087086
hard	ENSG00000136997	5240.0	50347.0	0.2410270792598473	0.26651980919132007
hard	ENSG00000214114	36068.0	204543.0	0.5873333515478734	0.6110051667640067
hard	ENSG00000116990	32330.0	269735.0	0.5459353583875414	0.6075532754990531
hard	ENSG00000134323	2322.0	7154.0	0.018403650134635918	0.022811851324552792
hard	ENSG00000172936	3812.0	34302.0	0.09897758028877275	0.09750065615228873
hard	ENSG00000104177	10694.0	102310.0	0.18130668464118255	0.17992173619662052
hard	ENSG00000133026	14615.0	135557.0	0.10216645023988771	0.04367965740019638
hard	ENSG00000100345	59205.0	704335.0	0.06326779691842307	0.09442164128099031
hard	ENSG00000007944	10843.0	28011.0	0.11328449903838152	0.07918726807175801
hard	ENSG00000065534	5554.0	68304.0	0.2721493028270152	0.155748283775679
hard	ENSG00000101306	641.0	6091.0	0.06794207183886528	0.0752571540058606
hard	ENSG00000140795	123.0	1341.0	0.0229951898660059	0.028655846510124473
hard	ENSG00000085274	5817.0	21400.0	0.08277078753711758	0.05065500285525143
hard	ENSG00000091536	252.0	5324.0	-0.014180107737155417	-0.015183906041280006
hard	ENSG00000128641	10193.0	59968.0	0.06482875533721243	0.08635438648357743
hard	ENSG00000197879	6098.0	66379.0	0.141581757227845	0.16766617671902517
hard	ENSG00000176658	4694.0	26083.0	0.015723469215919657	0.017874431685602203
hard	ENSG00000157483	1584.0	41351.0	0.07657683854235534	0.048012213572841377
hard	ENSG00000142347	407.0	4843.0	0.04913762389507365	0.020617860017314606
hard	ENSG00000197535	839.0	7944.0	0.004510521819701123	0.01611111250989806
hard	ENSG00000167306	5399.0	49025.0	0.12184263461401054	0.10200845910892724
hard	ENSG00000196586	28292.0	272821.0	0.19058969442881837	0.24395923424132218
hard	ENSG00000138119	18974.0	299149.0	0.1787158227930288	0.19489216259483688
hard	ENSG00000170476	490.0	4826.0	0.2893283644809808	0.14422079865535767
hard	ENSG00000099326	983.0	19499.0	0.059140660577862464	0.03892768394797547
hard	ENSG00000078177	3783.0	26630.0	0.10045147656250766	0.10473562218913436
hard	ENSG00000164134	7885.0	71859.0	0.07369862873730264	0.03482272741581485
hard	ENSG00000172766	2834.0	47370.0	0.01117819462728788	0.01970091385334232
hard	ENSG00000110583	1858.0	135510.0	0.07614311216395095	0.039994047426403105
hard	ENSG00000138744	854.0	14804.0	0.03442759853604181	0.050342625880039904
hard	ENSG00000148411	3732.0	10829.0	0.053027871719341785	0.029700248118612348
hard	ENSG00000171169	1243.0	10701.0	0.04654843970097864	0.036369087749546544
hard	ENSG00000249437	2604.0	73932.0	0.013241893136791407	0.013929857794753996
hard	ENSG00000186310	181.0	2593.0	0.10645199062906534	0.10540445140103805
hard	ENSG00000205531	21970.0	235172.0	0.0573929729976716	0.047294026459943246
hard	ENSG00000177432	816.0	3655.0	0.016321867184132137	0.02602667987804132
hard	ENSG00000171428	576.0	1806.0	-0.02140160380358643	0.004459955087724801
hard	ENSG00000135372	3116.0	12984.0	-0.0070844568970409045	0.0009376197471869279
hard	ENSG00000134369	1019.0	7771.0	0.04728298694466395	0.037356815753484804
hard	ENSG00000166833	3276.0	36384.0	0.06245522033697774	0.05948805548746256
hard	ENSG00000158747	3917.0	37999.0	0.269668785012508	0.19690550790732628
hard	ENSG00000104320	6732.0	35621.0	0.05536661293360332	0.07434108770647399
hard	ENSG00000142794	387.0	3319.0	0.023298931497899335	0.036110579904154984
hard	ENSG00000149294	9024.0	147748.0	0.13761486115515828	0.10293597433590847
hard	ENSG00000136937	5250.0	57008.0	0.05526517206565089	0.04409903421468354
hard	ENSG00000074356	6463.0	76310.0	0.003912395853686441	-0.018531473355146596
hard	ENSG00000144959	3130.0	10283.0	0.10047792079557125	0.10227149694771652
hard	ENSG00000116701	431.0	3736.0	0.0359162330658661	0.0481447051183142
hard	ENSG00000100365	170.0	2702.0	-0.002602328633416553	0.0086569809338225
hard	ENSG00000158092	8142.0	44425.0	0.03076795586794286	0.05410757229265615
hard	ENSG00000125912	4372.0	68129.0	0.032093246139658714	0.031108100532235495
hard	ENSG00000084676	11468.0	51604.0	0.03042667019405621	0.05376569995159464
hard	ENSG00000140396	8157.0	56878.0	0.08782819960119542	0.05997021946205564
hard	ENSG00000124151	9708.0	86910.0	0.06265017356017023	0.06703145764727171
hard	ENSG00000266412	13472.0	160418.0	0.08788313527368094	0.010714253163657993
hard	ENSG00000141027	11007.0	99157.0	-0.06551694631510188	-0.0023448103601341782
hard	ENSG00000196498	18862.0	656135.0	0.1359994140923963	0.1363955284443569
hard	ENSG00000107130	5333.0	67538.0	0.08572996177488147	0.08473744032070694
hard	ENSG00000162736	18827.0	136622.0	0.058934743479621306	-0.027486136256692776
hard	ENSG00000173376	295.0	8640.0	0.17372722547152744	0.17905523557053593
hard	ENSG00000124479	1535.0	8586.0	0.3194409928814408	0.3209420215381838
hard	ENSG00000104419	196.0	167785.0	0.020199529967403502	0.0394623833175228
hard	ENSG00000165795	2718.0	14664.0	0.10570934554178152	0.10393745162401101
hard	ENSG00000103034	1682.0	42475.0	0.12501954565219425	0.12092147253343836
hard	ENSG00000170906	9567.0	17726.0	-0.01058455224687716	0.05231132603641888
hard	ENSG00000004779	22700.0	27003.0	0.11741759937992816	0.07629897400133717
hard	ENSG00000078114	3421.0	1829.0	-3.6059502796326887e-05	0.03627911400225589
hard	ENSG00000110400	3923.0	16495.0	0.09502804413374354	0.09217093314523475
hard	ENSG00000130202	17091.0	141441.0	0.1408315766392691	0.16874516987703092
hard	ENSG00000177707	7428.0	14901.0	0.21627689481347045	0.22325346216906805
hard	ENSG00000069869	795.0	4538.0	0.01706544203416046	0.04356222888359861
hard	ENSG00000049759	3926.0	14213.0	0.03514947489235938	0.029329779151421133
hard	ENSG00000111859	29371.0	81371.0	0.3075272845030272	0.3928557343137249
hard	ENSG00000100285	1874.0	6648.0	0.17322989104499648	0.13456489787293754
hard	ENSG00000109674	988.0	10881.0	0.01961896757923566	0.041010087237168806
hard	ENSG00000137601	3150.0	32503.0	0.04102254090299286	0.050968141184005486
hard	ENSG00000114670	4066.0	48423.0	0.015797598819928572	0.010837033778439923
hard	ENSG00000117650	4569.0	23205.0	0.1514393556436723	0.1492849958920037
hard	ENSG00000136098	1025.0	15838.0	-0.021291786651990358	-0.013558385896970353
hard	ENSG00000114904	5009.0	20112.0	-0.03775639841055148	-0.03584237170452158
hard	ENSG00000197168	1811.0	18599.0	0.05829405431988565	0.0689758601034892
hard	ENSG00000119408	5269.0	52624.0	0.05701817984942076	0.04272886955214738
hard	ENSG00000160602	882.0	21612.0	0.0007633107730291742	0.01684785212726734
hard	ENSG00000166881	6677.0	62955.0	0.08020323237372151	0.06767850960188487
hard	ENSG00000163608	13409.0	148873.0	0.17526505822939165	0.12317179231702538
hard	ENSG00000132688	1147.0	24979.0	0.07702548918374472	0.07500158536784582
hard	ENSG00000215041	2486.0	41533.0	-0.030964564444050865	-0.04133774706644719
hard	ENSG00000162614	635.0	3640.0	0.07825782428978582	0.02593347473294925
hard	ENSG00000196712	13187.0	49565.0	0.07224544671530499	0.035282842463513674
hard	ENSG00000186575	5379.0	56524.0	-0.009649284229001062	0.018004441821558925
hard	ENSG00000102908	2924.0	81829.0	0.040732380339650584	0.035948615606441484
hard	ENSG00000131196	3012.0	45973.0	0.35206271520136	0.3190789437043754
hard	ENSG00000101096	1862.0	13276.0	-0.022471656838467614	0.003151848156619477
hard	ENSG00000072736	4114.0	29558.0	0.004373718005628618	0.023005498962985368
hard	ENSG00000100968	3959.0	37625.0	0.03618313459302035	0.044374309290341446
hard	ENSG00000082641	16058.0	180958.0	0.11689887392559728	0.16827082732824994
hard	ENSG00000116044	30043.0	219338.0	0.025198945827967847	0.040214954151989536
hard	ENSG00000050344	2100.0	22568.0	0.11250814305221499	0.09604495330310237
hard	ENSG00000109320	6201.0	10883.0	0.0011517652912862303	0.027676554902499415
hard	ENSG00000077150	5117.0	82196.0	0.12239787043761455	0.11906867633622717
hard	ENSG00000086102	2871.0	95538.0	0.016020063541269964	0.01945665193189309
hard	ENSG00000165553	204.0	501.0	0.07837210089102764	0.046485638101588865
hard	ENSG00000129460	5768.0	45586.0	0.046698112851799645	0.03062214097910663
hard	ENSG00000134259	206.0	457.0	-0.017122155576131164	-0.0009257787435920925
hard	ENSG00000064300	850.0	4875.0	0.015813771125523554	0.02553163631700202
hard	ENSG00000135842	726.0	4671.0	0.02346737157527122	0.010713275043868804
hard	ENSG00000155438	13669.0	52005.0	0.08691460541331661	0.0638082671587032
hard	ENSG00000100503	3193.0	27266.0	-0.023428913601766917	0.010810144811738484
hard	ENSG00000131669	6777.0	33593.0	0.015951415647354434	0.05595030037179121
hard	ENSG00000184117	12140.0	201602.0	0.08958036967545177	0.08994408202041926
hard	ENSG00000136783	2677.0	10774.0	-0.003982282765573891	0.005672093164297472
hard	ENSG00000150776	4852.0	29956.0	0.024763869472471247	0.04397947579881335
hard	ENSG00000186416	6275.0	54642.0	0.10816647256366164	0.0896518139814971
hard	ENSG00000136327	193.0	448.0	0.04559793691716019	0.021019294525852602
hard	ENSG00000073536	1902.0	6232.0	0.03156566642958936	0.05505242716720488
hard	ENSG00000196338	516.0	5295.0	-0.01660390962846875	-0.00694996087788522
hard	ENSG00000140853	2354.0	37078.0	0.15216654822984832	0.15343130621792492
hard	ENSG00000091592	130.0	4740.0	0.1118600937984835	0.036419418462549334
hard	ENSG00000022556	3681.0	68621.0	0.06097556696822941	0.04081738710960344
hard	ENSG00000197696	2891.0	13460.0	0.05497029240822149	0.03548557481923243
hard	ENSG00000239672	61088.0	312331.0	0.25576252304023395	0.32035921522176036
hard	ENSG00000173614	1150.0	16102.0	0.003819722881378723	0.011702293010250416
hard	ENSG00000109255	3868.0	25927.0	0.17067775807457575	0.17270128731267112
hard	ENSG00000084092	9279.0	136856.0	0.1263264496248061	0.14004470341257255
hard	ENSG00000173145	4781.0	53907.0	0.08965016254554616	0.09219485799328031
hard	ENSG00000106100	998.0	13339.0	0.0011423724360405119	-0.019723896981277175
hard	ENSG00000167207	194.0	1260.0	0.03470178110168365	0.014027444282167827
hard	ENSG00000197183	10757.0	185739.0	0.005199945896923505	0.08292903537299573
hard	ENSG00000166197	14452.0	176082.0	0.17323160629554277	0.16530332101411097
hard	ENSG00000146909	5712.0	125340.0	-0.004059352721561544	0.008589898848092954
hard	ENSG00000147140	95427.0	768197.0	0.1790980797111984	0.19278171850075365
hard	ENSG00000111641	7533.0	145051.0	0.06051526773347719	0.0434751166384849
hard	ENSG00000260032	95721.0	383709.0	0.2798522888830457	0.1844819549357831
hard	ENSG00000198929	765.0	15856.0	0.017949879984703175	0.0061031280284980565
hard	ENSG00000164867	313.0	14533.0	0.044247489592163236	0.03626372165801015
hard	ENSG00000163072	453.0	7486.0	0.10274637840341294	0.07716934836059224
hard	ENSG00000148400	7985.0	51195.0	0.08990633582106011	0.10342884940425472
hard	ENSG00000134250	36518.0	356920.0	0.20033793719952991	0.16317707978880663
hard	ENSG00000074181	49073.0	370887.0	0.04401150389377091	0.014861315171201216
hard	ENSG00000204301	985.0	18145.0	0.045715309293151145	0.03166632986444696
hard	ENSG00000086991	309.0	928.0	0.02258367543837394	0.0561727002569195
hard	ENSG00000149308	2648.0	38078.0	0.03270890014448716	0.060381093240094046
hard	ENSG00000141458	2508.0	43901.0	0.10803575448267569	0.10795877276387145
hard	ENSG00000015520	213.0	402.0	-0.0025577523126443227	0.024376568105775126
hard	ENSG00000107833	7346.0	52241.0	0.07495820581933982	0.0826636037748717
hard	ENSG00000168743	1142.0	12515.0	0.07423316883201132	0.06709696267287461
hard	ENSG00000163273	141.0	1257.0	0.024198296147007595	0.05551942908247202
hard	ENSG00000169418	5026.0	64143.0	0.1586783489557997	0.1517421800289535
hard	ENSG00000113389	1966.0	6627.0	0.23412587236517918	0.16407483053385064
hard	ENSG00000156642	17954.0	152353.0	0.10457705747087251	0.17380080021246494
hard	ENSG00000106236	3206.0	12255.0	0.22262714175529333	0.19230194118536303
hard	ENSG00000185149	368.0	1517.0	0.053755477496635284	0.060388714704729715
hard	ENSG00000181019	33911.0	132932.0	0.23355171727075563	0.24989261302172244
hard	ENSG00000124588	5704.0	26797.0	-0.01204679490909686	-0.003277275271076826
hard	ENSG00000169297	513.0	4328.0	0.04931207340070978	0.06956155451142337
hard	ENSG00000131408	4008.0	72758.0	0.12027239389342317	0.11344550958379136
hard	ENSG00000025434	1544.0	27557.0	-0.04766367500148688	-0.045961470602905126
hard	ENSG00000012504	143.0	1064.0	0.20118734075830447	0.048865809581600694
hard	ENSG00000144852	158.0	2484.0	0.011217054913419611	0.03656505392670689
hard	ENSG00000177463	6558.0	56800.0	0.031230702941857615	0.024271250315430322
hard	ENSG00000113580	4107.0	21314.0	0.11190808333213784	0.13276772313254537
hard	ENSG00000151623	715.0	3858.0	-0.008859924076025276	0.028727589477167186
hard	ENSG00000123358	3638.0	133642.0	0.516328096260908	0.34061968118629793
hard	ENSG00000136931	2442.0	37573.0	0.08074631243550229	0.061425910625295954
hard	ENSG00000116833	304.0	5424.0	0.048746613245215537	0.045089154524812054
hard	ENSG00000148200	1483.0	11239.0	-0.0038000249774069184	0.0136252049289059
hard	ENSG00000213281	12871.0	27580.0	0.08302039624414534	0.03322559699353207
hard	ENSG00000119720	2912.0	46410.0	0.050008434002155905	0.04726858924487014
hard	ENSG00000134986	21923.0	130826.0	0.10517171903313527	0.13482494702077083
hard	ENSG00000106459	7733.0	36371.0	0.046537590233808185	0.030577751643910044
hard	ENSG00000180530	40447.0	111911.0	0.3361291762617231	0.4043587039660185
hard	ENSG00000123572	369.0	4267.0	0.13059056126221075	0.1272121038090736
hard	ENSG00000099250	4853.0	46804.0	0.22311851150510753	0.1819531655230827
hard	ENSG00000118257	1464.0	8385.0	0.1403061943382167	0.09230736251456681
hard	ENSG00000125841	2344.0	19021.0	0.02771090702571396	0.029651641479617838
hard	ENSG00000110076	1360.0	9798.0	0.16403497470557976	0.17368347557902072
hard	ENSG00000109685	9946.0	76225.0	0.060249648622783106	0.04541729087041238
hard	ENSG00000037474	5114.0	58810.0	0.04676037360962005	0.03986370016805024
hard	ENSG00000130305	5660.0	97990.0	0.029146183983968045	0.06526369385680421
hard	ENSG00000076685	16618.0	220567.0	0.1429985353432548	0.11203437111584374
hard	ENSG00000168268	5471.0	73275.0	0.026309460681133837	0.05074906768952605
hard	ENSG00000111696	2622.0	19678.0	0.007442174090153955	0.015928579327584416
hard	ENSG00000135318	258.0	1903.0	0.07943983011618713	0.051014414727664006
hard	ENSG00000185652	2707.0	31550.0	0.13636538987633268	0.16134973738162436
hard	ENSG00000148335	3674.0	52320.0	0.00394051827167171	0.004313082877404573
hard	ENSG00000065320	2746.0	18252.0	0.14874814058278663	0.1821346470202013
hard	ENSG00000074527	4351.0	32590.0	0.12563647054772858	0.1401212929335975
hard	ENSG00000196358	230.0	1471.0	-0.00023994930202080132	0.02853392398486338
hard	ENSG00000135778	4478.0	41597.0	0.010000610280793897	0.017066032758732863
hard	ENSG00000148053	156.0	722.0	0.01308883905971392	0.007754924252504524
hard	ENSG00000163545	4437.0	173713.0	0.1541950243244964	0.13979067940514653
hard	ENSG00000070081	11380.0	40301.0	0.10585719124870407	0.0827081544002054
hard	ENSG00000120526	7062.0	31352.0	0.08019500598218311	0.0872044341151815
hard	ENSG00000170584	10410.0	33761.0	0.04341058833267267	0.019097559161934927
hard	ENSG00000106268	4520.0	39167.0	0.12016282613906779	0.14838292189809443
hard	ENSG00000168101	8560.0	33154.0	0.02944599598788499	0.013587120535246959
hard	ENSG00000167005	21457.0	24493.0	0.05828136247762562	0.04468719033511142
hard	ENSG00000137497	34699.0	521538.0	0.11997539001360845	0.07899520877423075
hard	ENSG00000133961	10215.0	60141.0	0.14836087057307268	0.11195789213373272
hard	ENSG00000111581	5605.0	33433.0	0.05378115233249578	0.054651527770136585
hard	ENSG00000124789	18074.0	88305.0	0.059109725744066546	0.07087135358551831
hard	ENSG00000126883	5022.0	19654.0	0.06354808909672428	0.03640398466022555
hard	ENSG00000213024	5479.0	27839.0	0.09728909298351633	0.11132488185353828
hard	ENSG00000102900	10179.0	77969.0	0.03520808215431899	0.030630180811366245
hard	ENSG00000110713	8968.0	90883.0	0.00026917153974924043	0.0154280484615723
hard	ENSG00000137804	9751.0	33353.0	0.08363932278749084	0.10523408339069994
hard	ENSG00000102898	10460.0	123557.0	0.08986505024826566	0.09343889306840784
hard	ENSG00000143748	3477.0	42026.0	0.036158524081009294	0.02619746024886052
hard	ENSG00000162231	4739.0	192884.0	0.04870400669450779	0.058044960646379214
hard	ENSG00000167693	8069.0	90164.0	0.02826987668783622	-0.0037676910324337142
hard	ENSG00000182379	639.0	23476.0	0.2690787693930915	0.1370786034783828
hard	ENSG00000101888	12833.0	32425.0	0.12424886149299554	0.11770746653437222
hard	ENSG00000089127	10449.0	91895.0	0.2844583351544199	0.29957755718553863
hard	ENSG00000111331	4291.0	112497.0	0.19424505082599394	0.18921694326488553
hard	ENSG00000122136	10545.0	83684.0	0.10433512114137641	0.13619304657890438
hard	ENSG00000197822	9727.0	75158.0	0.0713791973047592	0.03750138054701478
hard	ENSG00000122126	4525.0	19048.0	-0.003993560674227382	-0.010527158959717996
hard	ENSG00000122417	12853.0	94015.0	0.1681616950718731	0.11013987817334676
hard	ENSG00000157181	4290.0	35365.0	0.07630196035794251	0.05333510953216325
hard	ENSG00000105953	14816.0	153155.0	0.11535163564865827	0.14596922817460636
hard	ENSG00000060491	7433.0	113170.0	0.028889959367990794	0.06992592758573225
hard	ENSG00000114026	3083.0	4786.0	0.04407592741453691	0.037017567023372715
hard	ENSG00000147162	28646.0	328404.0	0.07238451299428127	0.0916949943750216
hard	ENSG00000138315	146.0	3657.0	0.05735171922063002	0.06594731564732828
hard	ENSG00000105088	352.0	3711.0	0.08885865498499904	0.05289390942175472
hard	ENSG00000116774	3115.0	47878.0	0.23663213711319933	0.2281802087416134
hard	ENSG00000173391	393.0	1529.0	0.05388175506415348	0.10111967319416894
hard	ENSG00000082556	169.0	1050.0	0.01877329737000813	0.061771051729365825
hard	ENSG00000125510	826.0	5309.0	0.032284547823310396	0.033308587726084304
hard	ENSG00000123240	19471.0	74306.0	0.12366422996432495	0.16034080749916427
hard	ENSG00000160991	6828.0	114636.0	0.03629902422499896	0.05369359338705637
hard	ENSG00000175938	9979.0	91540.0	0.1421432104127987	0.19080682816213826
hard	ENSG00000091651	4431.0	49463.0	0.16269569581852728	0.17818062128220583
hard	ENSG00000184792	1270.0	42196.0	0.06782280820915075	0.029627258291178068
hard	ENSG00000116885	6738.0	49359.0	0.15659590407414864	0.10559541724878024
hard	ENSG00000140961	428.0	6959.0	0.025691186785178382	0.03070736671940328
hard	ENSG00000164823	5192.0	27636.0	0.06067280170118407	0.07962931354337939
hard	ENSG00000164920	1795.0	9189.0	0.05274974184424444	0.0758471065938033
hard	ENSG00000167770	6412.0	38296.0	0.035365390733467464	0.07291098261976175
hard	ENSG00000125850	3831.0	18043.0	0.056753374334957724	0.061883582116317795
hard	ENSG00000162881	366.0	1189.0	0.04992643448191232	0.03166697947409893
hard	ENSG00000151093	1988.0	8329.0	0.009643081243356569	0.008849888569776978
hard	ENSG00000172939	11404.0	57661.0	0.033799214763270746	-0.03494866728115925
hard	ENSG00000180914	2526.0	7370.0	0.15493849657157455	0.19932959601880604
hard	ENSG00000135124	5491.0	20622.0	0.05233090810455107	0.03805390571051395
hard	ENSG00000089041	262.0	4290.0	0.06369645313370345	0.04510685142906142
hard	ENSG00000169860	200.0	1269.0	0.05855220700340097	0.05834157745556616
hard	ENSG00000175591	548.0	22304.0	0.06046201183860414	0.07928387066138771
hard	ENSG00000171631	616.0	6227.0	0.09720523832491341	0.07862145118002913
hard	ENSG00000122884	23354.0	149218.0	0.2698721709054133	0.25275468078083424
hard	ENSG00000149380	158.0	1190.0	0.08564090037515815	0.07073133265733803
hard	ENSG00000185624	59675.0	367174.0	0.18523965078660762	0.26753855322893605
hard	ENSG00000178467	4242.0	94942.0	0.06638832369621275	0.09226198435100673
hard	ENSG00000101104	6191.0	317096.0	0.1285394967243763	0.1439555125885532
hard	ENSG00000090621	307716.0	1589302.0	0.754571824203534	0.7390670744466908
hard	ENSG00000065600	2485.0	17178.0	0.019188707163513518	0.04453133011154832
hard	ENSG00000117115	2130.0	44123.0	0.2426201298255779	0.22529118873711862
hard	ENSG00000122133	796.0	4677.0	0.14507186578251552	0.16064917295821698
hard	ENSG00000120727	11471.0	75237.0	0.10179305020892099	0.0824115612010538
hard	ENSG00000149269	5910.0	75442.0	0.03328505930774375	0.028484480024058456
hard	ENSG00000111845	4409.0	63683.0	0.142481125739157	0.12005524011304793
hard	ENSG00000180370	14756.0	124909.0	0.07642417633950996	0.06401286170130185
hard	ENSG00000130669	5743.0	158973.0	0.2071143338301984	0.2598256101823022
hard	ENSG00000083093	2174.0	5379.0	0.03598612005038283	0.06257739044240083
hard	ENSG00000129116	15479.0	153117.0	0.21206043438846395	0.24275533400043636
hard	ENSG00000099260	1487.0	9026.0	0.13599217543349063	0.10422807064382925
hard	ENSG00000145730	27222.0	94505.0	0.1878901102716606	0.22227785464594876
hard	ENSG00000125779	10491.0	45449.0	0.11127996152034393	0.05291185443518881
hard	ENSG00000110218	1529.0	8677.0	-0.01277771357545603	0.008067886122664165
hard	ENSG00000073150	467.0	5294.0	0.02055184519816813	0.01394433313013653
hard	ENSG00000116183	392.0	9437.0	-0.040651191797502415	-0.042908686761848815
hard	ENSG00000138801	8143.0	38862.0	0.12694098849752963	0.12213932960203534
hard	ENSG00000148498	16868.0	109722.0	0.08009572799597175	0.026996157478532793
hard	ENSG00000116288	34248.0	258620.0	0.19580980001963494	0.24236731055210395
hard	ENSG00000169116	163.0	2229.0	0.12518674573182365	0.11961588386402401
hard	ENSG00000143799	19142.0	141456.0	0.1156216961446944	0.11786363076490118
hard	ENSG00000111224	6490.0	23466.0	-0.023057478608410988	0.003144596983494911
hard	ENSG00000041880	1132.0	20536.0	0.005019189577782983	0.016098812452669323
hard	ENSG00000152931	1530.0	5189.0	0.160720205132311	0.17185339741484007
hard	ENSG00000177425	15858.0	110539.0	0.020474930603758178	0.020141219479773084
hard	ENSG00000125618	67919.0	814967.0	0.1631605925590734	0.16417221263279158
hard	ENSG00000102390	6683.0	44856.0	0.018896635282398877	-0.0042923311294699815
hard	ENSG00000168078	3888.0	10685.0	0.15596599806924138	0.1704806576683151
hard	ENSG00000108187	1491.0	23395.0	0.060839178918830415	0.05418261486591765
hard	ENSG00000185630	22729.0	79764.0	0.11794192476165218	0.1023449820622454
hard	ENSG00000167081	3103.0	21004.0	0.06353689407474616	0.06303705282216449
hard	ENSG00000163346	7884.0	52424.0	0.14724550668079422	0.163256388916251
hard	ENSG00000173599	910.0	7933.0	0.0016647873603515967	-0.003322777151138696
hard	ENSG00000225937	1785.0	145.0	0.026173487696163136	-0.04016410117055614
hard	ENSG00000253438	3460.0	45997.0	0.014676213064424133	0.042779791325548884
hard	ENSG00000166228	25753.0	229913.0	0.15524134202793569	0.06575819342459548
hard	ENSG00000132570	4967.0	37242.0	0.10396146189039457	0.08563595276261858
hard	ENSG00000114054	13267.0	83335.0	0.14396239241973474	0.11635421372390804
hard	ENSG00000118946	669.0	10976.0	0.0594791096585111	0.023660877045115377
hard	ENSG00000189184	962.0	8996.0	0.2130929122195316	0.19045914910982775
hard	ENSG00000204970	308.0	5065.0	0.060432120641646624	0.05411128758280419
hard	ENSG00000120327	1890.0	26470.0	0.09776201247723262	0.10057571597560448
hard	ENSG00000126226	7694.0	46312.0	0.06783463102498134	0.017025311236797017
hard	ENSG00000124253	6171.0	16615.0	0.29004192025631925	0.3269717397032139
hard	ENSG00000132646	33863.0	218902.0	0.20889744952851433	0.2538152652126266
hard	ENSG00000197136	3853.0	206836.0	-0.011527620484615617	-0.03632411562049756
hard	ENSG00000169174	606.0	2412.0	0.11147429272648281	0.11321679222017775
hard	ENSG00000114209	14033.0	13348.0	0.06351995268885535	0.015140481274006507
hard	ENSG00000150593	20350.0	142858.0	0.17591409088053048	0.18772608736637622
hard	ENSG00000249915	34245.0	172481.0	0.041716378714124897	0.02451801120355668
hard	ENSG00000170248	15978.0	44190.0	0.09688444659056636	0.06124430210465946
hard	ENSG00000112541	358.0	1623.0	0.16616030206757487	0.08526687826024679
hard	ENSG00000186642	368.0	5848.0	0.08090423390787659	0.08581361387963424
hard	ENSG00000172572	1521.0	2360.0	0.012447085864218301	0.030989816396245838
hard	ENSG00000065989	6666.0	40196.0	0.0861231722985968	0.0971652837210348
hard	ENSG00000184588	315.0	1941.0	0.07674361835701758	0.07434346481029686
hard	ENSG00000178104	7405.0	76128.0	0.13162708407491794	0.1366377416895973
hard	ENSG00000138735	564.0	8359.0	0.30818420075213787	0.15445576449704876
hard	ENSG00000197461	1174.0	21497.0	0.06924595847108037	0.0431902805365796
hard	ENSG00000100311	2011.0	8244.0	0.06604977960679982	0.013695352020361437
hard	ENSG00000145431	9090.0	57581.0	0.24723200683231425	0.2314782083592842
hard	ENSG00000170962	361.0	1499.0	0.10211647294392232	0.04707571264706546
hard	ENSG00000134853	1788.0	23368.0	0.24107744698155675	0.20360354072948675
hard	ENSG00000113721	2892.0	28989.0	0.25220891782889904	0.1693002095464246
hard	ENSG00000104213	2037.0	10547.0	0.10478264215932008	0.12469207229116883
hard	ENSG00000131828	5281.0	86152.0	0.05111999866388823	0.03281240905402937
hard	ENSG00000168291	9647.0	60657.0	0.08923151057217588	0.05954134371679002
hard	ENSG00000167004	55375.0	538732.0	-0.0042497289287862575	-0.08864856150913449
hard	ENSG00000155660	72164.0	565426.0	0.25915513655403905	0.21850564175757745
hard	ENSG00000152256	3856.0	34409.0	0.15153379327711547	0.1117608642491016
hard	ENSG00000120913	1801.0	6839.0	0.016801011437591808	-0.013781741382274882
hard	ENSG00000131435	5465.0	19642.0	0.05383777679630185	0.061994770626044395
hard	ENSG00000140992	4454.0	40495.0	0.03195850214069668	0.01947164137139702
hard	ENSG00000162493	761.0	5466.0	0.1272352962816417	0.07828467531344883
hard	ENSG00000179889	21505.0	289414.0	0.10400790396026187	0.12507149262004094
hard	ENSG00000186862	209.0	7796.0	0.016215158689892328	0.026082753458108437
hard	ENSG00000174827	135.0	7316.0	0.07173235157127608	0.06223727397783242
hard	ENSG00000162734	24839.0	283580.0	0.15768208928824703	0.13188797805931946
hard	ENSG00000261371	2002.0	18029.0	0.2169147737704654	0.13728173857903886
hard	ENSG00000162517	14624.0	88177.0	0.15706779458506656	0.07604263064025264
hard	ENSG00000242265	12410.0	96001.0	0.2850173780003352	0.31220589586946185
hard	ENSG00000152684	2887.0	62500.0	-0.0009946749772751645	-0.010770114192935444
hard	ENSG00000141456	6148.0	53843.0	0.015405294917369403	-0.007593927179989592
hard	ENSG00000124299	11418.0	61876.0	0.17228053767682644	0.21518083464505774
hard	ENSG00000179094	2187.0	10123.0	0.11475449836651155	0.08743388456907682
hard	ENSG00000132326	1817.0	7250.0	0.032528239172329255	0.0515870061291067
hard	ENSG00000049246	3114.0	35128.0	0.06974885371982885	0.07271388171851685
hard	ENSG00000170525	1555.0	33082.0	0.08940754053034354	0.03566173736606349
hard	ENSG00000067057	4551.0	68245.0	0.2159089398883985	0.18730831315775057
hard	ENSG00000247077	9429.0	71842.0	0.1593978150537814	0.09927004306648975
hard	ENSG00000197121	3353.0	11105.0	0.0778385963725263	0.10397781515681521
hard	ENSG00000148985	4812.0	29163.0	0.08728070563227049	0.07077656184680775
hard	ENSG00000137338	667.0	8208.0	0.00970016217268358	0.03808877908210777
hard	ENSG00000142657	10582.0	101854.0	-0.023635976557294918	-0.036120195024644496
hard	ENSG00000119630	495.0	3822.0	0.10122819163693916	0.043358433901972616
hard	ENSG00000164219	2726.0	17058.0	-0.013532505146300396	0.006039726066125389
hard	ENSG00000102144	80563.0	73262.0	0.3334042404565739	0.3844402612760185
hard	ENSG00000079739	14016.0	207049.0	0.1324361353411932	0.1586260898043259
hard	ENSG00000082175	4043.0	9283.0	0.4110854351209425	0.38759890958834337
hard	ENSG00000167085	46801.0	130489.0	0.19896952899312795	0.21104177007502936
hard	ENSG00000215021	124294.0	844774.0	0.2878530171544104	0.36131592909130095
hard	ENSG00000198324	2969.0	34917.0	0.0673342421180087	0.039092044193703074
hard	ENSG00000102174	482.0	3726.0	0.18180298473202075	0.11487804082606003
hard	ENSG00000130024	17914.0	107941.0	0.05173723656462079	0.028740289311598145
hard	ENSG00000109118	4684.0	27995.0	-0.0023172343590259154	0.00507856600214035
hard	ENSG00000056487	196.0	1399.0	0.016211939085236583	0.0389740956893158
hard	ENSG00000040633	7725.0	45450.0	0.04040544275854919	0.02246734886195786
hard	ENSG00000156531	12219.0	41434.0	-0.002377514040131562	0.058201406626612
hard	ENSG00000010318	2668.0	2255.0	0.0015438443627438713	0.002778144225846802
hard	ENSG00000172943	9885.0	113145.0	0.03552642328475218	0.034054954551974
hard	ENSG00000092621	19918.0	287753.0	0.13064848176730395	0.17030742443375924
hard	ENSG00000174307	15054.0	31654.0	0.2847725137683731	0.32028437662041653
hard	ENSG00000144824	1970.0	38207.0	0.16718538494179186	0.13297534849638676
hard	ENSG00000176531	1334.0	27121.0	0.05537098844207754	0.046788768861149764
hard	ENSG00000081913	1281.0	11681.0	0.03250183779048483	0.059998695231977796
hard	ENSG00000241973	4287.0	167744.0	-0.020382600185509827	-0.018706514060635997
hard	ENSG00000083535	3383.0	37892.0	0.02929426670868629	0.026731110066968475
hard	ENSG00000073921	9482.0	70202.0	0.005425796713578925	0.006305136298916533
hard	ENSG00000153823	184.0	2726.0	0.04530500599212134	0.05541736677017851
hard	ENSG00000103335	5443.0	67554.0	0.1621311225164946	0.17510902555652116
hard	ENSG00000154864	206.0	1774.0	0.06840562272117419	0.0786095525422471
hard	ENSG00000151665	3467.0	11163.0	0.03780153213143634	0.04476612157789784
hard	ENSG00000104872	7567.0	57631.0	0.087410335284963	0.09997835182781327
hard	ENSG00000078142	7515.0	122957.0	0.3388221956564901	0.3336261643094312
hard	ENSG00000121879	7361.0	36937.0	0.04223087207350672	0.05750282743755857
hard	ENSG00000051382	3900.0	27468.0	0.01927434992261087	0.022246945121014786
hard	ENSG00000171608	778.0	14319.0	0.022157708971437654	0.023022067158559006
hard	ENSG00000105851	175.0	2303.0	-0.0004944413286450513	0.04557892088562395
hard	ENSG00000145675	12517.0	48021.0	0.22960018895019613	0.24660888664988054
hard	ENSG00000105647	29422.0	221433.0	0.1403852903700023	0.18484092672361202
hard	ENSG00000115020	3384.0	41673.0	0.06893295444378503	0.042090089658288705
hard	ENSG00000085514	1349.0	8573.0	0.026905936715344216	0.00501157451405499
hard	ENSG00000137193	9076.0	54947.0	0.19947934570694426	0.1851359688450341
hard	ENSG00000102096	1517.0	14873.0	0.22095878873825994	0.21498762416106457
hard	ENSG00000129195	2640.0	17418.0	0.0962282193513234	0.11862530928638518
hard	ENSG00000127445	21572.0	112908.0	0.07256594252124028	0.03429602299475764
hard	ENSG00000158828	8535.0	39059.0	0.009015424531562486	0.04525799606918604
hard	ENSG00000150867	2113.0	8646.0	0.05477200332949961	0.07709345479794068
hard	ENSG00000057757	6511.0	27811.0	0.04314145089772222	0.049385875151971084
hard	ENSG00000180957	8846.0	184077.0	0.17235364445247553	0.17413183429149945
hard	ENSG00000069011	2560.0	3952.0	0.13521249029597687	0.16409932478818803
hard	ENSG00000125207	639.0	12799.0	0.04243765754093903	0.05427460676162679
hard	ENSG00000008710	3450.0	73768.0	0.012799285318685513	0.02859900082913205
hard	ENSG00000158683	236.0	2774.0	-0.02424005943060717	0.0008823241227084294
hard	ENSG00000118762	2949.0	11899.0	0.005887019510869465	0.004311857811196674
hard	ENSG00000170927	4183.0	70568.0	0.17948409633791054	0.20723820874163237
hard	ENSG00000067225	47843.0	1257051.0	0.19320651184366217	0.1888150969031623
hard	ENSG00000165495	1081.0	14074.0	0.06719486964868789	0.0884657102126842
hard	ENSG00000057294	9274.0	78657.0	0.291015038778938	0.30181398794975967
hard	ENSG00000116711	280.0	1135.0	0.007319814327839385	0.02222070020594666
hard	ENSG00000184381	2236.0	42442.0	0.02321420146972601	0.026649063548319092
hard	ENSG00000146070	1178.0	10976.0	0.07320670280221173	0.08296933635795686
hard	ENSG00000153246	988.0	7621.0	0.05594194321594611	0.06118249083417737
hard	ENSG00000118495	15992.0	84699.0	0.11118588590034072	0.09659595759378739
hard	ENSG00000126003	21632.0	59229.0	0.05863613649045346	0.05011840174556884
hard	ENSG00000104368	10817.0	71131.0	0.31261496466512817	0.29828909615494764
hard	ENSG00000122861	2037.0	21634.0	0.1388253699974406	0.13005370712841968
hard	ENSG00000011422	2665.0	54126.0	0.1195961668995012	0.11096768219161764
hard	ENSG00000182621	15745.0	61556.0	0.10705346803164695	0.11640476193154846
hard	ENSG00000138193	1516.0	7616.0	0.022150903705864488	0.05098359480980942
hard	ENSG00000124181	5279.0	310753.0	-0.015223237867297425	-0.0020388078759405732
hard	ENSG00000197943	3613.0	17607.0	0.04985753177992546	0.07055427792238075
hard	ENSG00000075651	1368.0	17720.0	0.16746421739732334	0.14154561840416263
hard	ENSG00000129219	1875.0	35683.0	0.012420885069824819	-0.002812405121303574
hard	ENSG00000178209	12647.0	717613.0	0.18753117875527076	0.2220621328761469
hard	ENSG00000107679	9471.0	81494.0	0.09482703024507014	0.0774470514942768
hard	ENSG00000169499	5677.0	5355.0	0.002765421093078841	0.028972383369860976
hard	ENSG00000115762	22033.0	78263.0	0.17753304552006605	0.10560620516874032
hard	ENSG00000152527	2246.0	41059.0	0.06669970350349128	0.07509894027138288
hard	ENSG00000116786	8604.0	98781.0	-0.06286031502766952	-0.003329897888136753
hard	ENSG00000023902	4942.0	25732.0	0.054881560666257094	0.0702407817298392
hard	ENSG00000166819	347.0	1485.0	0.020762956749249155	0.027197410136300906
hard	ENSG00000147872	5995.0	45265.0	0.11993912689077851	0.10245803517724371
hard	ENSG00000167676	171.0	4168.0	0.012823780508288262	0.004694275957919561
hard	ENSG00000214456	715.0	18136.0	0.0019422477108750578	0.015593122527780225
hard	ENSG00000166851	4267.0	18054.0	0.031394759188753125	0.055867209773194995
hard	ENSG00000142731	3339.0	16300.0	0.13932945093854346	0.14349066095347088
hard	ENSG00000102007	52943.0	338460.0	0.68121275136239	0.7118501860442212
hard	ENSG00000102024	11304.0	77966.0	0.2853646620392638	0.34805487292051446
hard	ENSG00000188313	19556.0	69857.0	0.2482749551899111	0.2578412947124178
hard	ENSG00000100979	16444.0	52347.0	0.1353893861806434	0.16462262026837515
hard	ENSG00000130300	450.0	17219.0	0.1666211812726504	0.12335671753540219
hard	ENSG00000161381	476.0	5152.0	0.10812631979946148	0.08390368783103927
hard	ENSG00000196576	63078.0	940929.0	0.2802103148763036	0.2938259596298048
hard	ENSG00000136040	1521.0	5621.0	0.09188163833095418	0.07773787878589382
hard	ENSG00000146281	11012.0	37433.0	0.16062593962186242	0.14374276346574338
hard	ENSG00000141682	2825.0	4651.0	0.04876882860051071	0.07671375505233917
hard	ENSG00000140464	8804.0	101978.0	0.11416301822248777	0.14941431646848696
hard	ENSG00000140650	4057.0	35303.0	-9.72243551910501e-05	-0.004064728527203428
hard	ENSG00000109099	2022.0	3732.0	0.20607432424616112	0.12843536643687634
hard	ENSG00000064933	7789.0	74190.0	0.05216169110815744	0.028713365076344064
hard	ENSG00000122512	164.0	73088.0	0.00020623341804841544	-0.002062496346614501
hard	ENSG00000176903	25048.0	79531.0	0.19787198475178958	0.16685364477216916
hard	ENSG00000168081	694.0	8450.0	0.10413594067710889	0.09635086168456795
hard	ENSG00000198805	10394.0	48262.0	0.1815778596335575	0.17392880611887962
hard	ENSG00000177666	6970.0	176120.0	0.08016232382251587	0.08306004344637502
hard	ENSG00000100344	556.0	9644.0	0.07946104580834115	0.08501990249721722
hard	ENSG00000032444	1415.0	22899.0	-0.017036390850593587	-0.010534037101633037
hard	ENSG00000138035	5059.0	35175.0	0.0946036931052193	0.06072838909633559
hard	ENSG00000128567	20160.0	144172.0	0.3145179439652183	0.36609143171820807
hard	ENSG00000134901	193.0	4681.0	0.08136610832902319	0.07113964620862098
hard	ENSG00000143442	14129.0	230528.0	0.06874067454074553	0.03241956932809648
hard	ENSG00000070501	1533.0	7778.0	-0.010552336871665326	-0.004192407149563665
hard	ENSG00000062822	2480.0	36089.0	0.06272993574883291	0.06869799412209293
hard	ENSG00000004142	10030.0	137172.0	-0.04953833574065885	-0.0005022666312900011
hard	ENSG00000177084	6249.0	51113.0	0.04497558938983095	0.0458818491206036
hard	ENSG00000170734	3536.0	59957.0	0.021227063325634232	0.017931492055982618
hard	ENSG00000181222	25142.0	359221.0	0.11523937394956688	0.05731553849650667
hard	ENSG00000047315	61785.0	523712.0	0.24924260228090567	0.14602635668892
hard	ENSG00000102978	7849.0	75539.0	0.02482240953952635	0.05079975458692394
hard	ENSG00000099817	7401.0	16315.0	0.04919466099056835	0.05049887542654437
hard	ENSG00000168002	11475.0	58178.0	0.0987473665396705	0.10515338116564803
hard	ENSG00000163882	27555.0	230070.0	-0.006173274553703718	0.06281958839935389
hard	ENSG00000255529	4736.0	27741.0	0.05400800798404809	0.033534830303770746
hard	ENSG00000085998	11510.0	133773.0	0.10449505720781657	0.12085619143524381
hard	ENSG00000130714	2698.0	14274.0	0.019073821036964513	0.029547917679902756
hard	ENSG00000105854	23345.0	98085.0	0.02720086409010609	-0.00962304249892057
hard	ENSG00000127948	27424.0	217667.0	0.08295325389329943	0.13554458817361772
hard	ENSG00000102312	904.0	10637.0	0.12366511365102491	0.10452055235342732
hard	ENSG00000133110	2139.0	36041.0	0.28867412897294586	0.30778070628563475
hard	ENSG00000110777	574.0	4307.0	0.09806922016293665	0.0679638173478885
hard	ENSG00000143190	4716.0	49066.0	0.025865775856412046	0.01705443855509651
hard	ENSG00000028277	154.0	758.0	0.0013637893606934723	0.04403694070281645
hard	ENSG00000137709	474.0	3652.0	0.05230676595335971	0.06996139517465112
hard	ENSG00000185668	187.0	886.0	-0.003431592695313404	0.02034772695255743
hard	ENSG00000204531	627.0	21400.0	0.14627750286413563	0.16810032818413162
hard	ENSG00000186951	2757.0	25600.0	-0.004846275660109301	0.00034792436374122957
hard	ENSG00000112033	3931.0	55530.0	0.01601902911880901	0.036901316137572644
hard	ENSG00000132170	1498.0	1026.0	0.08017741781094892	0.07121306728678682
hard	ENSG00000131626	9586.0	143715.0	0.012439453704331718	0.031115971730465503
hard	ENSG00000177380	890.0	451.0	0.011308611697928628	0.029204725843119585
hard	ENSG00000143847	243.0	22376.0	0.1753762777865936	0.1099910915130265
hard	ENSG00000168938	9634.0	13287.0	0.19388668700242234	0.19068956283315583
hard	ENSG00000171497	4670.0	33863.0	0.05719360833601124	0.05002503525827493
hard	ENSG00000108179	16006.0	143916.0	0.17270445449543018	0.1736866648949975
hard	ENSG00000100614	10590.0	113189.0	0.028999850467152033	0.006575396184091559
hard	ENSG00000170836	1821.0	25865.0	0.03904240086282282	0.05524505931194925
hard	ENSG00000111110	3413.0	20185.0	0.08261597262022204	0.09258519663421218
hard	ENSG00000172531	33701.0	222658.0	0.13911857663418964	0.1118226394574231
hard	ENSG00000158615	13541.0	89466.0	0.015869517656356538	0.041978770343095
hard	ENSG00000101445	511.0	4413.0	0.006889023613778832	0.03768097916900884
hard	ENSG00000131771	96665.0	1130398.0	0.3826315485796961	0.4324750969426464
hard	ENSG00000150722	2861.0	8663.0	0.06006810134242412	0.0913374569188815
hard	ENSG00000104866	1976.0	43595.0	0.0578044582955118	0.026483099209667866
hard	ENSG00000115685	6024.0	35059.0	0.035616535282002544	0.04023793778412123
hard	ENSG00000108819	1459.0	59091.0	0.09481013780966205	0.03768464844167119
hard	ENSG00000113575	21390.0	84999.0	0.12343865648734002	0.08729661757386993
hard	ENSG00000105568	23814.0	135058.0	0.17422277627505667	0.15364394245668656
hard	ENSG00000073711	3657.0	69850.0	0.07354462813729039	0.05905021375339306
hard	ENSG00000092020	2174.0	13939.0	0.01764845893615645	0.00896809677055599
hard	ENSG00000138814	12741.0	24081.0	0.058654151168013854	0.12212422854383828
hard	ENSG00000154845	10241.0	61175.0	0.036781124038848596	0.04318629323420956
hard	ENSG00000119698	410.0	2310.0	-0.0030579811907405444	0.016251621309803864
hard	ENSG00000185686	1207.0	17825.0	0.19400313891472643	0.16799399721555786
hard	ENSG00000137509	6283.0	45238.0	0.11478334692188864	0.10050911341734951
hard	ENSG00000057657	453.0	6036.0	0.10632025983023297	0.07364059323670752
hard	ENSG00000170325	2474.0	31460.0	0.033204648485223615	0.029887573823508345
hard	ENSG00000141956	1530.0	30650.0	0.018835291849606348	-0.001635582112431122
hard	ENSG00000061455	582.0	5604.0	0.20643100340719428	0.16196300331591082
hard	ENSG00000085377	3425.0	53756.0	0.012206886328614112	0.014975826207469227
hard	ENSG00000138078	16746.0	52083.0	0.02185644660084987	0.041173521518450905
hard	ENSG00000139174	3100.0	20116.0	0.06930394699158343	0.10391842837166734
hard	ENSG00000132356	7678.0	41370.0	0.07438899249111922	0.04888062600499799
hard	ENSG00000162409	5673.0	26076.0	0.05443110936226359	0.03809893920086198
hard	ENSG00000111725	14404.0	85026.0	0.18423187067375785	0.20747623097092152
hard	ENSG00000072062	19302.0	249516.0	0.0491669181495233	0.14023965518799547
hard	ENSG00000142875	3827.0	17981.0	0.06631360026106692	0.08999763552013504
hard	ENSG00000181929	12586.0	65210.0	0.09088214896474803	0.06339408941303712
hard	ENSG00000106617	12738.0	40329.0	0.0894534088802853	0.09646693803836394
hard	ENSG00000108946	30274.0	215690.0	0.1377546724697465	0.22341463632929942
hard	ENSG00000154229	4915.0	36775.0	0.06898071428960562	0.07804657420461451
hard	ENSG00000166501	152.0	908.0	-0.01337124019687604	0.006656904027115602
hard	ENSG00000163932	4260.0	94188.0	0.002382547029588995	0.01519717722186927
hard	ENSG00000171132	3660.0	20321.0	0.039987366498281995	0.03818760410313038
hard	ENSG00000027075	1793.0	8428.0	0.04258069142082416	0.06630063429522548
hard	ENSG00000163558	30052.0	178851.0	0.23130796348784377	0.20075270155310507
hard	ENSG00000065675	1486.0	25461.0	0.08996109481936337	0.08218149011636665
hard	ENSG00000067606	2916.0	27342.0	0.040778606443525794	0.04792508878745396
hard	ENSG00000184304	1584.0	5974.0	0.06296772684784627	0.04674085552038532
hard	ENSG00000115825	9719.0	50411.0	0.07563456062645597	0.044805832202778666
hard	ENSG00000253729	16057.0	164404.0	0.15213048701912846	0.11200706015129516
hard	ENSG00000185345	5326.0	38299.0	0.12043202808240096	0.13048773785643222
hard	ENSG00000180228	20516.0	58538.0	0.04070330122019077	0.031010232627157335
hard	ENSG00000113494	821.0	9015.0	0.12917365325702218	0.16166244141317596
hard	ENSG00000126457	13100.0	139888.0	-0.0613278163133437	-0.017699401134851165
hard	ENSG00000100462	12868.0	65779.0	0.052218543711069806	0.07382604310150091
hard	ENSG00000111218	156.0	3112.0	0.023807757882594226	0.04980220851109427
hard	ENSG00000164169	913.0	8611.0	0.022250384229271218	0.05853080759800607
hard	ENSG00000282961	199.0	10851.0	-0.007610432642812477	0.007062203852770896
hard	ENSG00000171867	22837.0	49105.0	0.09746943834349935	0.09638910869139838
hard	ENSG00000115718	304.0	1024.0	-0.009269981060634199	-0.010194188022725056
hard	ENSG00000101000	478.0	3228.0	0.060819597670422096	0.049637995204938834
hard	ENSG00000007062	494.0	4845.0	0.06771362943195837	0.11741560768096279
hard	ENSG00000155066	4530.0	40168.0	0.19381668208809105	0.1758016490528397
hard	ENSG00000184500	3074.0	6761.0	0.11474284949689395	0.1164065148061041
hard	ENSG00000120685	4960.0	19749.0	-0.02360876079394638	-0.015818970406649674
hard	ENSG00000117707	145.0	2951.0	0.11024451021220572	0.09084545804146205
hard	ENSG00000110107	10323.0	36805.0	0.05716740354187251	0.0897450610494504
hard	ENSG00000117360	3325.0	158984.0	-0.02742997687685744	-0.03295421335810537
hard	ENSG00000105618	9591.0	65145.0	0.10931174157127176	0.13377957382996272
hard	ENSG00000174231	13006.0	291599.0	0.16408720250207748	0.13604449609300337
hard	ENSG00000112619	242.0	4698.0	-0.029075177260574	-0.02427001241967534
hard	ENSG00000147224	7411.0	19589.0	0.026360735172650723	0.0386543766743121
hard	ENSG00000101911	7629.0	8410.0	0.11328490988595555	0.12417797705879279
hard	ENSG00000161542	5941.0	112168.0	0.014622197505816743	0.003999666597365924
hard	ENSG00000068489	3731.0	29275.0	0.10359341594171176	0.09835287625584406
hard	ENSG00000205352	20776.0	221840.0	0.11621079927681184	0.1462015663971154
hard	ENSG00000183530	4584.0	29440.0	0.015089173796096136	0.006286715402419701
hard	ENSG00000204469	28210.0	325071.0	0.057375994411209316	0.051751459742750305
hard	ENSG00000126460	796.0	16898.0	0.02381262766496309	0.004727360788469071
hard	ENSG00000116132	142.0	535.0	0.09237533588317898	0.03374160293898251
hard	ENSG00000112812	2222.0	20008.0	0.08345834220717396	0.09937101447398235
hard	ENSG00000122378	17546.0	183906.0	0.11872384874765896	0.11783519263492684
hard	ENSG00000059915	2046.0	11067.0	0.056556626061675455	0.07065690851296201
hard	ENSG00000156011	6424.0	47836.0	0.20724607055751088	0.20925490466762423
hard	ENSG00000080815	10436.0	43721.0	0.1325920322385316	0.053176781163245805
hard	ENSG00000143801	859.0	3196.0	-0.022562945194087056	0.004903607777547712
hard	ENSG00000205155	11746.0	9452.0	0.03957580483949495	0.020578019518219838
hard	ENSG00000164985	17761.0	33431.0	0.011884294695144342	0.035993918829633854
hard	ENSG00000159792	4255.0	45185.0	0.010573450746412453	0.00040302114458741885
hard	ENSG00000100902	20562.0	122059.0	0.11792922672156485	0.11901595273691931
hard	ENSG00000100804	32786.0	104866.0	0.1316398815529765	0.15596854427023657
hard	ENSG00000161057	17564.0	85842.0	0.05206151459151518	0.0455565359766875
hard	ENSG00000087191	10838.0	182715.0	0.1141029980147302	0.0915221858981437
hard	ENSG00000173692	7615.0	86309.0	0.03351113364868829	0.01067541910900028
hard	ENSG00000101843	34834.0	63321.0	0.08055429370045561	0.08238107530208287
hard	ENSG00000175166	37748.0	238643.0	0.14892157787897503	0.1834190475701439
hard	ENSG00000108344	59243.0	473104.0	0.09531391815760273	0.060980655965578785
hard	ENSG00000159352	19436.0	123023.0	0.11064441279124042	0.03631356847657718
hard	ENSG00000131467	2572.0	34210.0	0.04742935247560518	0.04248296431427167
hard	ENSG00000121390	11578.0	215721.0	0.07967541562780604	0.0398028797902678
hard	ENSG00000134222	5009.0	34871.0	0.10221100944086357	0.12308208396264993
hard	ENSG00000152229	653.0	2282.0	0.03083882243061955	0.016767584874931796
hard	ENSG00000169403	1101.0	9308.0	0.0826817473206051	0.07958095786001401
hard	ENSG00000011304	25194.0	149766.0	-0.05069720210620844	-0.004621691248914389
hard	ENSG00000117569	26520.0	64565.0	0.24168053023826383	0.22359504163978605
hard	ENSG00000106246	2193.0	36255.0	0.01215415387110846	0.018414684826628964
hard	ENSG00000049883	1418.0	8216.0	-0.0028897187715196063	0.011042024150091213
hard	ENSG00000132300	14376.0	157291.0	0.06686078595172561	0.045888902354343765
hard	ENSG00000185920	2587.0	39658.0	0.17677908907539794	0.10959019814769917
hard	ENSG00000156471	2534.0	36607.0	0.041253570105780714	0.06668500862295137
hard	ENSG00000171862	28218.0	172632.0	0.09576310430613065	0.11435569738387155
hard	ENSG00000125384	182.0	1380.0	0.11642958299175507	0.14683953419639437
hard	ENSG00000171522	458.0	4498.0	0.039410267097759896	0.03407405840860249
hard	ENSG00000148344	1540.0	5277.0	0.19655864151838265	0.17589091702512982
hard	ENSG00000110958	140520.0	462019.0	0.29422112524300853	0.34849904005353527
hard	ENSG00000134247	15435.0	120980.0	0.0796879977261871	0.06830321245151984
hard	ENSG00000124212	781.0	3041.0	0.17784876847134537	0.08396583287871995
hard	ENSG00000095303	7683.0	127071.0	0.2539130669897097	0.2416546968274006
hard	ENSG00000160801	234.0	1064.0	0.06251471470309525	0.040236974373048094
hard	ENSG00000144407	2958.0	16151.0	0.06419867646886425	0.05391112634392823
hard	ENSG00000169398	23775.0	176272.0	0.08234434163861887	0.02096314551770202
hard	ENSG00000120899	611.0	11722.0	0.032642375383297624	0.00900503307889519
hard	ENSG00000101213	912.0	2565.0	0.04850672010897033	0.07196232897846906
hard	ENSG00000112655	30934.0	267450.0	0.10149602597252944	0.06493831780247773
hard	ENSG00000104960	27519.0	218741.0	0.08958237892743909	0.15001038049363516
hard	ENSG00000184489	7059.0	33100.0	0.06574088800847297	0.10044259696345098
hard	ENSG00000119383	11910.0	114465.0	0.09797025293804953	0.0345486188293774
hard	ENSG00000158079	1282.0	7977.0	0.00785364332834517	0.02501586134733974
hard	ENSG00000196396	5561.0	73875.0	-0.01059234948344084	-0.024791378436473156
hard	ENSG00000179295	12777.0	91429.0	0.15886020266804682	0.0574283820261308
hard	ENSG00000163629	1753.0	12298.0	0.14622004308534173	0.14404874207040266
hard	ENSG00000175354	12518.0	111122.0	0.16455681922104531	0.05243642065402865
hard	ENSG00000134242	131.0	625.0	-0.012613242070055427	-0.006352781588375132
hard	ENSG00000111679	5252.0	87866.0	0.06618810617404002	0.06982970458838864
hard	ENSG00000142949	63917.0	666700.0	0.1979249786281896	0.21847435728610978
hard	ENSG00000144724	9011.0	48010.0	0.05083036461220943	0.03759221831055104
hard	ENSG00000149177	3790.0	50587.0	0.16055407590969384	0.1813493476471638
hard	ENSG00000173482	3152.0	29624.0	0.11337042282664508	0.10090998531900215
hard	ENSG00000139304	195.0	2463.0	0.030290615725662596	0.0689816980358541
hard	ENSG00000060656	3526.0	43908.0	0.15488662861264035	0.16143062418243195
hard	ENSG00000164611	8069.0	23370.0	0.05662874869957157	0.07976507766538024
hard	ENSG00000163661	1154.0	7348.0	0.13056120382546926	0.12060672732017445
hard	ENSG00000080608	5993.0	79398.0	0.06391865917137769	0.1014593624001499
hard	ENSG00000146676	15098.0	82397.0	0.08699130751542704	0.05092448229335215
hard	ENSG00000169972	2554.0	17372.0	0.07222506563122079	0.06289237614083548
hard	ENSG00000073008	1174.0	64139.0	0.08922789124950047	0.07904227246562318
hard	ENSG00000249859	1352.0	62547.0	0.08607844889090331	0.08918320793906376
hard	ENSG00000136045	5815.0	80512.0	0.08847267491049804	0.08139261284869485
hard	ENSG00000160953	3586.0	3513.0	-0.033094057324327554	-0.02260873918471672
hard	ENSG00000089159	24288.0	54364.0	0.067457006598505	0.044910895761838994
hard	ENSG00000103490	4902.0	19137.0	0.04879155541469973	0.041300241889672226
hard	ENSG00000100994	15233.0	319753.0	0.12593889812101572	0.12181116887762014
hard	ENSG00000100504	4159.0	27723.0	0.07654116805935271	0.11711665799412271
hard	ENSG00000068976	737.0	5756.0	0.16502807430395788	0.117966574010182
hard	ENSG00000170473	21581.0	103912.0	0.1411321451467167	0.10323500196057701
hard	ENSG00000126838	239.0	2787.0	0.03277754984914872	0.056059720960991315
hard	ENSG00000011478	161.0	7408.0	0.016356669984509194	0.020706409425428052
hard	ENSG00000048991	7695.0	62135.0	0.0923544491784213	0.022707718728200536
hard	ENSG00000179912	10920.0	128863.0	-0.032476048173969325	-0.009431298510601913
hard	ENSG00000103769	31731.0	60955.0	0.08394195151562181	0.025194509462928047
hard	ENSG00000135631	1578.0	14577.0	0.015770136912578763	0.027379552645441053
hard	ENSG00000069974	1586.0	3683.0	-0.0030915824087459146	0.028635321554676275
hard	ENSG00000157869	5022.0	34363.0	0.08799923800019434	0.04687447275576363
hard	ENSG00000144566	4928.0	19741.0	0.06089642514471483	0.07425100508822077
hard	ENSG00000075785	30666.0	218955.0	0.09675109928743178	0.1600335044162954
hard	ENSG00000167461	3678.0	72984.0	0.0881541329086956	0.07342817188980177
hard	ENSG00000123595	2941.0	12726.0	0.10165112002034046	0.09430580660486675
hard	ENSG00000079974	3983.0	16031.0	0.11067440191122335	0.11830923783463793
hard	ENSG00000144840	10813.0	14426.0	0.06472420855944125	0.02313589240177219
hard	ENSG00000196642	18773.0	279357.0	0.10250741731361326	0.13403934940308315
hard	ENSG00000136238	64052.0	470670.0	-0.0012772625233781476	0.022601113447964033
hard	ENSG00000161800	13289.0	73198.0	0.2882622619330619	0.2621813506488109
hard	ENSG00000070950	2737.0	42197.0	0.06181827465787613	0.06872808712722774
hard	ENSG00000113522	7988.0	115827.0	0.09431918653502037	0.10165136744569388
hard	ENSG00000051180	1709.0	9591.0	0.053852257181011505	0.07458996915300944
hard	ENSG00000002016	1460.0	36736.0	-0.035367465440628625	-0.034078349039438
hard	ENSG00000085999	6186.0	120604.0	0.10924748680824169	0.1017276773713322
hard	ENSG00000164080	3697.0	65479.0	0.000726568727439883	0.02006968052139284
hard	ENSG00000132155	8048.0	115331.0	0.06729725715641288	0.05428428877445802
hard	ENSG00000166349	463.0	7862.0	-0.010214344685634954	-0.0028596330852150745
hard	ENSG00000039560	16004.0	87066.0	0.06604236463853377	0.1587027783776677
hard	ENSG00000131831	2173.0	25100.0	0.08790147173318605	0.08857748368804184
hard	ENSG00000136828	2664.0	38157.0	0.023397400817766485	0.03504464707760166
hard	ENSG00000132341	92840.0	308308.0	0.3697194286828202	0.4485758433365231
hard	ENSG00000153201	19773.0	122425.0	0.06461299925051997	0.04117715233656934
hard	ENSG00000031823	1931.0	38228.0	0.02014049309843407	0.012948202837693238
hard	ENSG00000010017	13027.0	138419.0	0.041476199923343095	0.032909748637622936
hard	ENSG00000100401	10696.0	141428.0	0.07819441022979093	0.08908017703312304
hard	ENSG00000116473	13009.0	57994.0	0.06609617754826824	0.06695129680582165
hard	ENSG00000125249	3859.0	20374.0	0.0361042035861769	0.05687232555420886
hard	ENSG00000079337	23343.0	279990.0	0.34245156813957733	0.41707387196528295
hard	ENSG00000136237	3135.0	21598.0	0.10095088819737884	0.09229766756444523
hard	ENSG00000158987	4242.0	11094.0	0.03700738441856874	0.034951543986692674
hard	ENSG00000131759	2151.0	37646.0	0.014539479258759681	-0.004435823253913558
hard	ENSG00000077092	422.0	1627.0	-0.017949191847094308	0.02742295516494956
hard	ENSG00000145715	6769.0	40222.0	0.06568607625711051	0.05864868833733592
hard	ENSG00000108551	11153.0	19121.0	0.3643928011760619	0.3809053293235186
hard	ENSG00000100302	236.0	4377.0	0.004974664108917361	0.02072283539214169
hard	ENSG00000146090	247.0	5157.0	0.04981597254068468	0.0762364721086489
hard	ENSG00000172575	760.0	9792.0	0.028667145496363046	0.049720407858900306
hard	ENSG00000068028	1976.0	15490.0	0.014139874883605876	-0.0067297488635033225
hard	ENSG00000101265	1167.0	5833.0	0.13325265436790462	0.1095966593533374
hard	ENSG00000153179	4027.0	21724.0	0.09150329093610239	0.05335181429385991
hard	ENSG00000107551	2077.0	9398.0	0.07699948951579658	0.08625229887028714
hard	ENSG00000266094	256.0	2570.0	0.056039566301669425	0.04769472172453411
hard	ENSG00000123094	2302.0	10153.0	0.0800447214563748	0.08095295823503414
hard	ENSG00000161847	11119.0	165748.0	0.039818213649087296	-0.004042860697395564
hard	ENSG00000139687	12362.0	51475.0	0.11720797813579009	0.07506428147881239
hard	ENSG00000162521	15102.0	172219.0	0.08141036099257547	0.06753832275323578
hard	ENSG00000117222	3388.0	69147.0	0.006333877646139321	0.0014284128816252795
hard	ENSG00000102054	21252.0	214675.0	0.30131445779861465	0.3132841135110098
hard	ENSG00000101773	15544.0	81064.0	0.16000266482814404	0.12227281430245253
hard	ENSG00000125826	10446.0	144681.0	0.007899317136795123	0.04414789594121332
hard	ENSG00000103479	6423.0	46004.0	0.05279097399496856	0.0669872797253542
hard	ENSG00000182872	7259.0	101381.0	-0.018791060293282147	-0.02683636307382023
hard	ENSG00000244462	16341.0	164927.0	0.2123902032601186	0.14483598782118254
hard	ENSG00000239306	10307.0	39306.0	0.002617290980194982	0.03614369198108961
hard	ENSG00000162775	5910.0	117504.0	-0.12316434060637946	-0.06501252092948295
hard	ENSG00000122965	2238.0	98163.0	0.015295183724088484	0.010018844745884423
hard	ENSG00000203867	210.0	2024.0	0.05919485025697871	0.04634973378559085
hard	ENSG00000100461	6273.0	106653.0	0.11109271742142669	0.07915800599860652
hard	ENSG00000091009	6064.0	54514.0	0.01761998980252659	0.006057306294166177
hard	ENSG00000188739	146.0	28111.0	0.025571625204803338	0.015854160486183426
hard	ENSG00000132819	32423.0	499996.0	0.18111116129874655	0.19813233400344935
hard	ENSG00000153250	26916.0	117866.0	0.1522640213561488	0.17080904372799222
hard	ENSG00000076067	9970.0	50833.0	0.0461101736958114	0.07539098074375732
hard	ENSG00000144642	2390.0	26448.0	0.18799024815418242	0.13333860544850676
hard	ENSG00000147274	30112.0	416248.0	0.2867170070546816	0.42534543987987095
hard	ENSG00000168214	7972.0	45385.0	0.036490336471443965	0.05367464154440842
hard	ENSG00000157110	1345.0	7873.0	0.18351674102298976	0.1154955872037194
hard	ENSG00000100387	52486.0	79167.0	0.2536148869021366	0.2199502260861062
hard	ENSG00000135870	5782.0	61020.0	-0.042933464651846207	-0.004297299178988916
hard	ENSG00000056586	7141.0	48924.0	0.010617712555356304	-0.001362304858293886
hard	ENSG00000172348	1605.0	11872.0	0.022186074056651916	0.039184938225192235
hard	ENSG00000180198	9319.0	62962.0	0.050908383168180416	0.03106246069081271
hard	ENSG00000117906	68741.0	56464.0	0.08613032266420675	0.12123403389924843
hard	ENSG00000089902	12773.0	78955.0	0.11922620410906928	0.05995685138300874
hard	ENSG00000117625	10325.0	46258.0	0.05691021337599814	0.023504866242776794
hard	ENSG00000278023	421.0	3049.0	0.031842953586670594	0.041827884893321614
hard	ENSG00000122707	1379.0	9328.0	0.12579047465188514	0.13586429503154704
hard	ENSG00000004700	6996.0	46983.0	0.052790939539763757	0.04798397026245315
hard	ENSG00000160957	5098.0	42680.0	0.011835796138411705	0.0061459300182759025
hard	ENSG00000168476	2463.0	30585.0	0.04297233652414773	0.06324358200956265
hard	ENSG00000115255	190.0	1620.0	0.029255995755370447	0.022936523081276635
hard	ENSG00000162924	479.0	8732.0	0.017151585540003744	0.03286215271086215
hard	ENSG00000173039	6377.0	70920.0	0.047276306116946616	0.057543601593507736
hard	ENSG00000104856	2407.0	13182.0	0.11570089352480861	0.1150221333068657
hard	ENSG00000189056	1104.0	7654.0	0.17266933028508183	0.160433562322872
hard	ENSG00000054967	1382.0	22002.0	0.04786084857924611	0.05062468044130154
hard	ENSG00000135597	9458.0	100867.0	0.07021453186549925	0.026153814001648328
hard	ENSG00000134533	3297.0	1911.0	0.10670942799752235	0.16024256908657072
hard	ENSG00000084093	32355.0	179781.0	0.16713985242862475	0.195434791041124
hard	ENSG00000165731	166.0	1867.0	0.11958717730134141	0.05591295760091365
hard	ENSG00000154153	582.0	5715.0	0.11890149733280488	0.1029411454212846
hard	ENSG00000141699	2153.0	24468.0	0.05293710514287431	0.023440226478239977
hard	ENSG00000076043	10073.0	60568.0	0.11048347061366265	0.10795476220839213
hard	ENSG00000133119	4276.0	23703.0	0.04789587990715088	0.07204233284034076
hard	ENSG00000163918	5427.0	44146.0	0.07765073346957684	0.06494172363037878
hard	ENSG00000111445	4710.0	66867.0	0.05401995001926736	0.04798412408823011
hard	ENSG00000131378	1060.0	12850.0	0.25978547744362035	0.1581109906214936
hard	ENSG00000132005	4727.0	30519.0	-0.04584963156332915	-0.054457359664304116
hard	ENSG00000087903	616.0	1995.0	0.04081793281414328	0.06649772974595576
hard	ENSG00000143390	5147.0	64921.0	0.014674570446577991	0.019408671939188313
hard	ENSG00000130988	446.0	8834.0	-0.0116921204045067	0.0037774754753055113
hard	ENSG00000169629	134.0	37999.0	0.025452219151535296	0.05456333012871769
hard	ENSG00000117152	287.0	3878.0	0.0716551266488089	0.051807401648953345
hard	ENSG00000143248	5443.0	6569.0	0.18965041582397865	0.16514799303115915
hard	ENSG00000144468	1698.0	14960.0	0.01877741766221029	0.0277476139194388
hard	ENSG00000005486	18145.0	267395.0	0.05975585106701066	0.07004169664100476
hard	ENSG00000188672	132.0	268.0	-0.016768732741741694	0.006369561139120297
hard	ENSG00000106615	48232.0	7558.0	0.054814573524016585	0.04005195488373533
hard	ENSG00000067560	57068.0	191879.0	0.018411756429974308	-0.03271051907811314
hard	ENSG00000155366	32447.0	162461.0	0.08636570968717915	0.0857446560902473
hard	ENSG00000126858	5689.0	43773.0	0.04358307184390151	0.03808641536496834
hard	ENSG00000177963	6464.0	103580.0	0.037481672391803555	-0.0009119009452843497
hard	ENSG00000132541	2384.0	6484.0	0.027955312901469756	0.03623762149754398
hard	ENSG00000188026	2736.0	58987.0	-0.03721689858013545	-0.03907275745282873
hard	ENSG00000150977	6120.0	2913.0	0.08097225197374182	0.13319146264671192
hard	ENSG00000117016	335.0	3094.0	0.02212593792300519	0.01891482172110803
hard	ENSG00000101098	864.0	6858.0	0.13426739043613367	0.16785837300157264
hard	ENSG00000170468	2712.0	54173.0	0.018231371199170884	0.009207948155276664
hard	ENSG00000137275	5819.0	73799.0	0.0958198732440306	0.07087025860992655
hard	ENSG00000104312	1592.0	9745.0	0.028489093321402172	0.045697528757551974
hard	ENSG00000129465	410.0	3971.0	0.07924481962573143	0.07078134340121897
hard	ENSG00000183421	2638.0	26111.0	0.07847370328058426	0.07357285262302217
hard	ENSG00000039523	4954.0	32257.0	0.038656672102300664	0.08562985733691438
hard	ENSG00000139405	10091.0	16618.0	0.01915156153914914	0.04720573037276189
hard	ENSG00000117000	7587.0	27108.0	0.06470728818800012	0.0502586556118753
hard	ENSG00000176623	6250.0	12674.0	-0.01368806969912005	0.02977114972482758
hard	ENSG00000155906	2670.0	39175.0	0.09222029283126199	0.08392633050401374
hard	ENSG00000153561	17463.0	169103.0	0.2537040733693573	0.2107378437720036
hard	ENSG00000136104	6183.0	33171.0	0.06910202929692993	0.06794982207931774
hard	ENSG00000135828	681.0	5965.0	0.042105226777797135	0.060056854115825106
hard	ENSG00000128482	380.0	16927.0	0.02181485443556454	-0.022049075978605257
hard	ENSG00000137522	3852.0	65349.0	0.04864043287128906	0.04044033870987969
hard	ENSG00000133135	2298.0	3374.0	0.08608346676051903	0.07645995452887003
hard	ENSG00000108523	11433.0	119959.0	0.00043384936721886647	-0.0012691461092331317
hard	ENSG00000164197	1383.0	9698.0	0.03901798325099852	0.0011060861485069097
hard	ENSG00000168159	14827.0	220452.0	0.0494039210145016	0.06496784836492372
hard	ENSG00000121481	5096.0	28603.0	0.09197868342852872	0.07398180420925715
hard	ENSG00000173456	6305.0	14070.0	-0.0006760835734234052	0.004691779998589649
hard	ENSG00000092098	3953.0	40963.0	0.0051632026030979435	0.0012349069632166412
hard	ENSG00000137075	12269.0	62080.0	-0.000834882005338114	0.018293206250426398
hard	ENSG00000204618	129.0	1717.0	0.07915317809292786	0.061481730172026974
hard	ENSG00000108375	2898.0	62807.0	0.11974419391863818	0.09841953079438409
hard	ENSG00000116747	9770.0	40180.0	0.0391872093760135	0.009491955680882314
hard	ENSG00000154133	633.0	10194.0	0.12939896472136017	0.10377156901079249
hard	ENSG00000067900	6877.0	71952.0	0.0015993284745184832	-0.005143932393396452
hard	ENSG00000134318	13597.0	27313.0	0.004850177641200857	-0.0039854371594495236
hard	ENSG00000185483	5552.0	21298.0	0.23977161441976105	0.24401513023420923
hard	ENSG00000169071	2573.0	25872.0	0.10749264618977701	0.11097680671947459
hard	ENSG00000143365	2376.0	24190.0	0.13085015178592846	0.13938924342448258
hard	ENSG00000132383	10422.0	65127.0	0.08483176034675136	0.043174724099223835
hard	ENSG00000117748	8182.0	43064.0	0.11284722388671191	0.06914616214771137
hard	ENSG00000106399	12391.0	37175.0	0.14735102075504053	0.11275117218731784
hard	ENSG00000103932	2970.0	43873.0	0.03307826029460508	0.013611908155674087
hard	ENSG00000005175	15400.0	54618.0	0.08857367672295996	0.05536605875219026
hard	ENSG00000117133	15864.0	84681.0	0.14061726798502536	0.10223048802060332
hard	ENSG00000163902	42494.0	498194.0	0.25945018613019283	0.21075735884599103
hard	ENSG00000177519	753.0	8045.0	0.11719710178882925	0.11061472956705803
hard	ENSG00000179673	299.0	1772.0	-0.02487184100906076	-0.0018297696273759222
hard	ENSG00000100784	2087.0	12881.0	0.06850987653514809	0.07615868039789725
hard	ENSG00000141564	1881.0	40202.0	-0.010378448492171368	-0.02929451201143215
hard	ENSG00000166133	2627.0	15636.0	0.014060275894492522	-0.0044168016835179095
hard	ENSG00000166592	1385.0	3930.0	0.12218842120581273	0.14041326572585128
hard	ENSG00000126458	5172.0	25653.0	0.05972740145380527	0.07046125957656768
hard	ENSG00000124782	11927.0	277157.0	-2.374862125431934e-05	0.10699763723248573
hard	ENSG00000167325	8049.0	57812.0	0.23535991748732116	0.23592843730805196
hard	ENSG00000171848	13542.0	55790.0	0.20863614669902414	0.2125519541976008
hard	ENSG00000052749	4876.0	28484.0	-0.004084075760424216	0.02110389645786249
hard	ENSG00000067533	4304.0	21542.0	0.03987752720158066	0.027180261603609278
hard	ENSG00000160208	2689.0	37978.0	-0.03394847499327636	-0.019755827002928193
hard	ENSG00000179041	2926.0	20685.0	0.031919101593073866	0.04337907598324078
hard	ENSG00000134321	3739.0	19948.0	0.30346883390972645	0.25467038511852336
hard	ENSG00000081019	5048.0	42913.0	0.027384864324201133	-0.005250806696349072
hard	ENSG00000172426	1483.0	14086.0	0.15501854259779843	0.16504174793109685
hard	ENSG00000146374	2551.0	13912.0	0.31929478466012706	0.3313867392947835
hard	ENSG00000159579	2731.0	19476.0	0.032155810853558175	0.014266130522388535
hard	ENSG00000174891	9814.0	56122.0	0.007650723796830038	0.03615365710750958
hard	ENSG00000100220	12151.0	105088.0	0.11787570383356376	0.13622859950966
hard	ENSG00000182010	5320.0	34625.0	0.1289116553655596	0.11937108083176423
hard	ENSG00000134590	16177.0	123532.0	0.5364886598993256	0.5814835006547662
hard	ENSG00000115310	31352.0	30018.0	0.017560558641943613	0.040804664258437935
hard	ENSG00000130347	1457.0	12004.0	0.045978258336170544	0.048320545572584986
hard	ENSG00000145016	2748.0	62708.0	-0.005011876609063276	-0.03413431238476444
hard	ENSG00000102445	584.0	4257.0	0.03185555513753734	0.06580546208365452
hard	ENSG00000204130	2733.0	27581.0	0.045185061385383495	0.026038864731388313
hard	ENSG00000159216	6521.0	21042.0	0.16081844740517592	0.19865992443886699
hard	ENSG00000079102	266.0	4485.0	0.11262722685095591	0.10522719480754661
hard	ENSG00000124813	1672.0	10087.0	0.09067796272592726	0.1045366881039465
hard	ENSG00000020633	5554.0	28621.0	0.1909827179672507	0.21419697400535295
hard	ENSG00000175792	11229.0	101061.0	0.09929314431441616	0.07469593380484799
hard	ENSG00000183207	7179.0	59610.0	0.0032003717631682617	0.03424883064884749
hard	ENSG00000111832	18374.0	12160.0	0.0803887421119471	0.06182689626476864
hard	ENSG00000182552	6827.0	19445.0	0.054933616806527905	0.05454417036969614
hard	ENSG00000186350	3750.0	34663.0	0.032283783322912686	0.045073255142130106
hard	ENSG00000196218	3306.0	146931.0	0.14738805043251374	0.1883538179891054
hard	ENSG00000160678	5223.0	167620.0	0.14718168484731664	0.1555073692882032
hard	ENSG00000170989	691.0	4921.0	0.19630077809572463	0.12411799173529381
hard	ENSG00000213694	4114.0	32878.0	0.17762216944227388	0.1883693601965615
hard	ENSG00000168061	5970.0	1698.0	-0.08606807645911262	-0.04501315549998322
hard	ENSG00000151835	1912.0	11405.0	0.10330475534647116	0.10767662035857026
hard	ENSG00000160633	9945.0	66183.0	-0.005975370120482529	0.0077046510146853995
hard	ENSG00000101115	509.0	5200.0	0.08898245551376494	0.07613255708283503
hard	ENSG00000020577	805.0	6624.0	0.07070762766196408	0.05284881783085735
hard	ENSG00000203727	622.0	5677.0	0.10941163482000099	0.09402159506518594
hard	ENSG00000205413	2162.0	7314.0	0.2165382971080084	0.12407214514269613
hard	ENSG00000101347	4733.0	36229.0	0.1202145455781414	0.11550487896269866
hard	ENSG00000186193	3997.0	24731.0	0.13636566528959568	0.1301759771630607
hard	ENSG00000175467	4776.0	97644.0	0.011437395579360191	0.009636591249818647
hard	ENSG00000075856	9581.0	134848.0	0.020435232054859354	0.0223532427623329
hard	ENSG00000111961	7889.0	34012.0	0.10323690566036708	0.16298010645582528
hard	ENSG00000141504	12959.0	133578.0	0.08968406275526535	0.10585831929089913
hard	ENSG00000182568	3901.0	20145.0	0.05984652425472302	0.05888239314185853
hard	ENSG00000119042	208.0	2218.0	0.048258907427278654	0.051433941348570225
hard	ENSG00000139697	7577.0	59518.0	0.054417461777302646	0.03996928405508865
hard	ENSG00000064932	3944.0	7115.0	0.0812042427519133	0.037768773543353396
hard	ENSG00000156304	2924.0	102707.0	0.04666060506795165	-0.003801325169886018
hard	ENSG00000227500	3215.0	10600.0	0.01687272918445836	0.014406267113070867
hard	ENSG00000140386	3492.0	25670.0	0.00910804847900145	-0.006269344077698082
hard	ENSG00000073060	8202.0	33350.0	0.12552054899614945	0.09523919666906294
hard	ENSG00000184178	2359.0	41172.0	-0.014355127545526503	-0.025808365563534465
hard	ENSG00000171951	259.0	3270.0	-0.007632659023418082	0.007088567325915418
hard	ENSG00000166922	7555.0	4310.0	0.08940297526374043	0.07184547239861298
hard	ENSG00000168515	1690.0	2888.0	0.1601908838420351	0.17957491546476143
hard	ENSG00000124935	10722.0	15748.0	0.3354012711349634	0.3695831869214897
hard	ENSG00000006747	768.0	8505.0	0.13087882374812854	0.07474237736406536
hard	ENSG00000102098	767.0	8297.0	0.04757616945155184	0.04585680808831036
hard	ENSG00000177098	262.0	4543.0	0.08320158175174815	0.09321253298686265
hard	ENSG00000136546	142.0	1066.0	0.3803754680147697	0.1420211420026058
hard	ENSG00000196876	432.0	7323.0	0.006835806185947372	0.013107117045917329
hard	ENSG00000111319	76623.0	1737348.0	0.11163524336170645	0.16967363321230425
hard	ENSG00000166828	1857.0	2557.0	0.03699745673351879	0.08316141532959974
hard	ENSG00000121064	45672.0	237426.0	0.2949598005134536	0.27077780687616987
hard	ENSG00000180900	23597.0	90210.0	0.023897878533163795	0.027198913492405986
hard	ENSG00000136193	3273.0	76323.0	0.03667866033311598	0.03724304504315364
hard	ENSG00000198301	4590.0	34410.0	0.003677215232158403	0.020394170713033108
hard	ENSG00000169439	2479.0	30232.0	0.2131183158048731	0.1567371263957272
hard	ENSG00000162512	1603.0	14260.0	0.06846437662254984	0.04118968695683073
hard	ENSG00000124145	35659.0	164753.0	0.27949969144531295	0.3392834166444063
hard	ENSG00000128228	4776.0	9627.0	0.05220199923070003	0.05009739362952067
hard	ENSG00000073578	9682.0	591226.0	0.16207689790287577	0.10446517187973577
hard	ENSG00000196636	5500.0	37440.0	0.047729453917106805	0.03041533586490389
hard	ENSG00000117118	10492.0	106089.0	0.012510676035421714	-0.005726317362625023
hard	ENSG00000069188	3246.0	50781.0	0.2093002335795922	0.19166556303896434
hard	ENSG00000157020	15433.0	173909.0	0.11710061772344714	0.09314406573068534
hard	ENSG00000148396	14239.0	154210.0	0.010007926786355283	0.03864126184481903
hard	ENSG00000101310	14972.0	64799.0	0.10643720368839069	0.07400465736908875
hard	ENSG00000138593	6083.0	32026.0	0.1117214569833638	0.08988534775972254
hard	ENSG00000071537	9812.0	43960.0	0.0202442562640206	0.014763922439752756
hard	ENSG00000143416	15774.0	133260.0	0.12119915894520242	0.10529057030127642
hard	ENSG00000198843	33368.0	41728.0	0.04222693562652581	0.01290140499553238
hard	ENSG00000110876	193.0	4126.0	0.07079601410410648	0.028707073404792696
hard	ENSG00000075213	1858.0	10483.0	0.16759389392030632	0.18840452172608688
hard	ENSG00000075223	12437.0	66762.0	0.121575407999896	0.12327256331122836
hard	ENSG00000153993	2225.0	8564.0	0.07259580995489778	0.08971623270942511
hard	ENSG00000001617	5074.0	23964.0	0.07130365110489718	0.07968777552630307
hard	ENSG00000185033	10835.0	166554.0	0.06878315279757714	0.07405156269873717
hard	ENSG00000168758	9870.0	501061.0	0.05568713608978021	0.022857931783266942
hard	ENSG00000187764	7433.0	163114.0	0.1385747642565887	0.09163108930724624
hard	ENSG00000138623	859.0	2830.0	0.12806234195069202	0.06212131335908253
hard	ENSG00000079387	6842.0	32417.0	0.05032397038444626	0.022896842931067703
hard	ENSG00000112701	26686.0	112005.0	0.1057563341318196	0.07466641444975546
hard	ENSG00000184702	2108.0	100884.0	0.0007308881116466943	0.017020369050535993
hard	ENSG00000125354	6274.0	117207.0	0.06045496494420213	0.11214980594881137
hard	ENSG00000184640	22011.0	303697.0	0.13053972996983404	0.1597091627157321
hard	ENSG00000196136	1768.0	14112.0	0.2020014529728468	0.1968026041115112
hard	ENSG00000188488	95219.0	777626.0	0.5161369339781223	0.577882060420075
hard	ENSG00000206075	442.0	1054.0	0.05789139285316734	0.08410651570334199
hard	ENSG00000170542	1895.0	10630.0	0.10144197463584925	0.09275716403639993
hard	ENSG00000106366	391.0	2952.0	0.17350324854188828	0.09577545435643034
hard	ENSG00000167711	587.0	859.0	0.017701979739886093	0.06756199566253254
hard	ENSG00000149257	51517.0	221233.0	0.28196372327933206	0.24825249007794292
hard	ENSG00000114204	173.0	1218.0	0.0311338450653154	0.04082553779377846
hard	ENSG00000130766	2224.0	18589.0	0.059392085862213666	0.0525688736486945
hard	ENSG00000149212	4738.0	15157.0	0.06931801864209323	0.043282223089072515
hard	ENSG00000185917	3584.0	65117.0	0.06603013101037963	0.0430324366408789
hard	ENSG00000143379	5796.0	104547.0	0.050605725616365664	0.03588605395169053
hard	ENSG00000174938	7455.0	63643.0	0.2536034649940364	0.2593740688750455
hard	ENSG00000099995	13233.0	200975.0	0.09873746082540538	0.06910861425308379
hard	ENSG00000115524	36052.0	138334.0	-0.007316637473329319	0.04098575592086802
hard	ENSG00000189091	15036.0	140995.0	0.02253108966295225	0.06517013286034944
hard	ENSG00000143368	11437.0	108064.0	0.0870065502597753	0.055497060581924954
hard	ENSG00000116560	70603.0	740172.0	0.08092952323870611	0.145446743227185
hard	ENSG00000104332	1652.0	12131.0	0.40920161412340006	0.3115390350201111
hard	ENSG00000106483	1000.0	9728.0	0.44367981234656895	0.2825118317704701
hard	ENSG00000061936	7209.0	57056.0	0.05573364231225099	0.055694436501665834
hard	ENSG00000164466	4748.0	61584.0	-0.02146277674813514	-0.02322919079255558
hard	ENSG00000156398	1943.0	55794.0	0.04682365952181121	0.06407678130010594
hard	ENSG00000118515	4056.0	42938.0	0.12562302438989773	0.11181797693861878
hard	ENSG00000181523	3941.0	61204.0	0.09309735698688378	0.07032861054694725
hard	ENSG00000160999	2810.0	60646.0	0.10425660401181139	0.09627187916112913
hard	ENSG00000027869	361.0	9005.0	0.034461100996279366	0.03677939858860327
hard	ENSG00000095370	848.0	14252.0	0.08039646764977709	0.04186094691659362
hard	ENSG00000185437	800.0	6572.0	-0.030462715614070615	0.002414839973620016
hard	ENSG00000198478	9731.0	50547.0	0.1595134386225504	0.12850198677235558
hard	ENSG00000131370	4899.0	33421.0	0.11204860654185936	0.1351096226146526
hard	ENSG00000175137	2508.0	71806.0	-0.015200504381326625	-0.0275132084445272
hard	ENSG00000148341	10294.0	108601.0	0.0697993243966567	0.04616319756454488
hard	ENSG00000156463	1200.0	23677.0	0.09348978742824332	0.10962142677696635
hard	ENSG00000251322	1122.0	60215.0	0.12795829875248454	0.06541439794840284
hard	ENSG00000179526	11194.0	41837.0	0.03796076283041998	0.02339311354207639
hard	ENSG00000129214	292.0	2910.0	0.022836285734646345	0.019112158700477177
hard	ENSG00000160691	14258.0	117043.0	0.12306359083398422	0.14324628394556377
hard	ENSG00000130813	8702.0	93162.0	0.15950546684373107	0.17703389104045122
hard	ENSG00000164690	834.0	5649.0	0.2521275433487936	0.17813380086878416
hard	ENSG00000171984	1306.0	3188.0	-0.007519059383414021	-0.020718918581356265
hard	ENSG00000122376	8580.0	35134.0	0.057480554310353135	0.050654958128050896
hard	ENSG00000176974	15242.0	38954.0	0.08757184170765034	0.07399966660186605
hard	ENSG00000182199	36714.0	330662.0	0.20078316851290376	0.25416401946282596
hard	ENSG00000164403	1078.0	24076.0	0.10606301879300362	0.05115494771368025
hard	ENSG00000110013	2114.0	62993.0	0.023847740257755663	0.04552193535376944
hard	ENSG00000196470	8129.0	39860.0	0.05447656820646034	0.03897881211422763
hard	ENSG00000185187	6868.0	53853.0	0.03789457550530459	0.022984161987993766
hard	ENSG00000088827	882.0	22672.0	0.06856466173675035	0.08390852082009982
hard	ENSG00000161640	854.0	21398.0	0.12778024227008364	0.0983196312187503
hard	ENSG00000105492	492.0	9950.0	0.04595845259961383	0.07012795429131012
hard	ENSG00000129450	130.0	2180.0	0.0006602018558805882	0.010701610071585833
hard	ENSG00000147955	8037.0	75247.0	0.13868857090548128	0.1335079040068649
hard	ENSG00000170145	3105.0	14266.0	0.015581272150854038	0.014468462819236678
hard	ENSG00000160584	6570.0	33339.0	-0.06355608945944455	-0.015991671353138958
hard	ENSG00000159263	2242.0	35548.0	0.0618621771729919	0.032117201724559744
hard	ENSG00000170085	4408.0	15562.0	0.00659565642420823	0.011201936375599532
hard	ENSG00000169375	7205.0	127286.0	0.028492683959398017	0.04235217016570814
hard	ENSG00000139146	3431.0	153444.0	0.12051610081093175	0.09625315255196248
hard	ENSG00000198053	1315.0	7279.0	0.08679344036067874	0.09350114656039384
hard	ENSG00000096717	7572.0	53916.0	0.03385869904394265	0.026739079325669414
hard	ENSG00000068903	7171.0	31609.0	0.15851221425946543	0.21336248099974706
hard	ENSG00000142082	2793.0	32124.0	-0.018922557016126273	-0.004960334183390002
hard	ENSG00000077463	1251.0	14645.0	0.032906907086406374	0.014235471168288867
hard	ENSG00000187531	4760.0	29917.0	-0.020078013551868938	-0.02514049665328884
hard	ENSG00000126778	2168.0	6687.0	0.2249467178979103	0.2563069446919543
hard	ENSG00000165480	1428.0	21331.0	0.09025537649062373	0.10813258343220529
hard	ENSG00000113558	72752.0	40831.0	-0.004963138369992348	-0.013719665851253594
hard	ENSG00000145604	6754.0	43076.0	0.1488585906675069	0.14434729906664417
hard	ENSG00000018280	915.0	349.0	-0.004206540688197459	0.012534107576818786
hard	ENSG00000110911	22856.0	200044.0	0.1867387078050301	0.17666943922681175
hard	ENSG00000064651	5645.0	54248.0	0.05622183289727335	0.05393003674300514
hard	ENSG00000140199	3440.0	8938.0	0.0069083358030717305	0.04935220365106004
hard	ENSG00000088386	792.0	5756.0	0.11529749087240918	0.10622930156228617
hard	ENSG00000155380	4123.0	24111.0	0.07864960709117476	0.10496839672143672
hard	ENSG00000168679	1935.0	26157.0	0.13118415788912063	0.13367469709939375
hard	ENSG00000165449	13242.0	75941.0	0.17928223933328535	0.1386071423492341
hard	ENSG00000119899	9469.0	52879.0	0.15557608304075266	0.14881845794100745
hard	ENSG00000165646	215.0	1301.0	0.1738947530486109	0.15800569338903458
hard	ENSG00000173638	1605.0	5102.0	0.018567058188651037	0.057790446184685804
hard	ENSG00000106688	235.0	1073.0	-0.03741183252657782	-0.002149053412771604
hard	ENSG00000110436	149.0	977.0	-0.015117514989678421	0.000570222653383808
hard	ENSG00000079215	1341.0	1673.0	0.09370175847058672	0.08650745300132105
hard	ENSG00000105281	10848.0	39344.0	0.16383318821678383	0.19977208488463832
hard	ENSG00000168575	3645.0	28514.0	0.04358493488572329	0.03685361244521168
hard	ENSG00000197208	229.0	2347.0	0.008996373348239507	-0.0004988693286488593
hard	ENSG00000197375	1119.0	27924.0	-0.0032280669608470564	0.014993660258109205
hard	ENSG00000089057	2300.0	17387.0	0.13373167728978816	0.09349010635738415
hard	ENSG00000074621	1497.0	27618.0	0.005795210908777212	-0.01138089438492585
hard	ENSG00000100075	7915.0	145996.0	0.21830437536706784	0.20550189141287986
hard	ENSG00000183048	6083.0	42222.0	0.05032848566271525	0.05583521873991912
hard	ENSG00000108528	12312.0	54183.0	0.050118272056016086	0.0262979251547659
hard	ENSG00000004864	7011.0	101390.0	0.10362951570337711	0.07559641971824253
hard	ENSG00000100372	2786.0	18626.0	0.038631373233010705	0.05448985595636274
hard	ENSG00000013306	9315.0	67492.0	0.0007716401805930098	0.004044783302224263
hard	ENSG00000151729	11839.0	39271.0	0.08944998067858459	0.10037212717870968
hard	ENSG00000075303	4024.0	9778.0	0.06527112979755761	0.07694020447036132
hard	ENSG00000155850	12566.0	61749.0	0.4396111396632193	0.47924203100815027
hard	ENSG00000091138	177272.0	167.0	0.04650833195281205	0.02879729927299623
hard	ENSG00000112759	13647.0	187741.0	0.06882061142832184	0.07933012744924212
hard	ENSG00000198246	2612.0	32855.0	0.04481710892762364	0.05157723890968209
hard	ENSG00000117394	40726.0	308150.0	0.2740193710250999	0.27007200923397656
hard	ENSG00000059804	3604.0	7287.0	0.1404782580611159	0.06867208245319018
hard	ENSG00000125520	64040.0	365879.0	0.1400448703813926	0.113461612554292
hard	ENSG00000109667	1176.0	11642.0	-0.027494565756350807	-0.01609124449892251
hard	ENSG00000162695	5875.0	18504.0	0.07104720780290759	0.053974826362564725
hard	ENSG00000127526	12127.0	110567.0	0.03604266294471768	0.05132734062814912
hard	ENSG00000168917	212.0	2441.0	0.04995426503949747	0.06266255695015283
hard	ENSG00000137700	4738.0	23756.0	0.03002966067633961	0.021680868260565596
hard	ENSG00000103042	1273.0	22769.0	0.07090864690192066	0.07110975211039978
hard	ENSG00000133195	3019.0	24966.0	0.04711654448788963	0.05764922950301597
hard	ENSG00000138821	17692.0	63149.0	0.40671172403364453	0.4212893165928544
hard	ENSG00000029364	8999.0	74133.0	0.04764529898575315	0.024901358039635457
hard	ENSG00000168003	16063.0	111906.0	0.05989012188193098	0.08691274877415595
hard	ENSG00000138449	9198.0	64842.0	0.33825970538019307	0.3576784190363495
hard	ENSG00000167703	8127.0	47937.0	0.04580057407691392	0.023185880750867596
hard	ENSG00000163798	2535.0	38464.0	0.01698947839566365	0.02314806704540562
hard	ENSG00000100170	1396.0	17590.0	0.28861539132054187	0.2889412024445662
hard	ENSG00000140675	498.0	769.0	0.029491342242058308	0.05052335398324859
hard	ENSG00000198743	15441.0	228871.0	0.1953480782387888	0.18747830694545617
hard	ENSG00000105641	176.0	1841.0	0.0738217687532545	0.04840838706528799
hard	ENSG00000111181	809.0	3849.0	0.07199387213665416	0.08560951136038394
hard	ENSG00000196517	1703.0	37359.0	0.05505485473343656	0.059199313654371366
hard	ENSG00000151012	3705.0	4944.0	0.07978823256264438	0.09369832226371633
hard	ENSG00000103257	4216.0	14785.0	0.10533255725936812	0.10557996963681862
hard	ENSG00000155465	1228.0	11232.0	0.08278062254136201	0.07575036189325657
hard	ENSG00000090020	2230.0	45503.0	0.051465975483171965	0.059702912446776266
hard	ENSG00000109062	27142.0	83213.0	0.30693302151636154	0.39631552064389713
hard	ENSG00000065054	3835.0	66763.0	0.10969278758004418	0.1071294955177248
hard	ENSG00000137491	1268.0	26953.0	0.16835662552827013	0.09086746756965525
hard	ENSG00000172716	3921.0	15074.0	0.10135450178028876	0.11872717714941655
hard	ENSG00000166750	10879.0	64217.0	0.17611647002151903	0.14108692506644985
hard	ENSG00000145147	5895.0	42094.0	0.1344680582821112	0.15156085016429588
hard	ENSG00000184347	10067.0	53312.0	0.1441460786463244	0.13334515585941528
hard	ENSG00000163681	6731.0	49545.0	0.029304717505709732	0.039311567601884825
hard	ENSG00000170365	7307.0	17899.0	0.02664559568796228	0.043553414943971434
hard	ENSG00000175387	14358.0	114153.0	0.10583088030511295	0.13116872638345944
hard	ENSG00000166949	3676.0	64923.0	0.04500174581962642	0.05718442929969228
hard	ENSG00000141646	11345.0	63233.0	0.11957447420070112	0.07903944189190178
hard	ENSG00000101665	6290.0	31002.0	0.11833515346718951	0.0973521969673875
hard	ENSG00000084070	2004.0	30327.0	0.01836662542035787	0.02002677203736709
hard	ENSG00000102038	9403.0	99864.0	0.048976758829258435	0.057068104902771255
hard	ENSG00000080503	3461.0	31354.0	0.18836160292011722	0.18386745935582569
hard	ENSG00000127616	53367.0	1352845.0	0.0913443009061313	0.15057248751294805
hard	ENSG00000153147	21569.0	99127.0	0.06265085261137554	0.08113095843354079
hard	ENSG00000163104	6765.0	32016.0	0.028264385421652976	0.021903133668479863
hard	ENSG00000138375	3163.0	41133.0	-0.032093015488312636	-0.023528221772558495
hard	ENSG00000099956	16945.0	152774.0	0.16088619142444746	0.20632181396487043
hard	ENSG00000173473	22344.0	266014.0	0.09534297902794432	0.04287726224412464
hard	ENSG00000073584	11619.0	37992.0	0.10162635277951917	0.03747989427107357
hard	ENSG00000072501	11548.0	226289.0	0.05548671713769207	0.07821367185364943
hard	ENSG00000108055	18432.0	107150.0	0.12264132018283226	0.10508365601349692
hard	ENSG00000113810	36842.0	113185.0	0.249169793577326	0.21455673654692853
hard	ENSG00000101596	14285.0	26852.0	0.01962482327854098	0.0020476678228311365
hard	ENSG00000172062	168.0	28038.0	-0.01712037957684055	-0.0017051437077259357
hard	ENSG00000205571	146.0	94342.0	0.019960847392294	0.03093156024533613
hard	ENSG00000128602	9242.0	150764.0	0.076227549238818	0.10572261439770045
hard	ENSG00000112562	3752.0	12044.0	0.3851343179557496	0.2649123467657808
hard	ENSG00000088826	841.0	13748.0	0.04670861284017479	0.03316880512969266
hard	ENSG00000166311	2604.0	30253.0	0.07775946978493371	0.04675183759230013
hard	ENSG00000103056	184.0	1619.0	0.10778930073986902	0.050216171376819864
hard	ENSG00000130768	2869.0	25542.0	0.11995734895630746	0.11917308099105661
hard	ENSG00000183963	3849.0	50018.0	0.061114009139043565	0.034976260791738115
hard	ENSG00000198742	4679.0	76326.0	-0.003034447849879978	0.0007244229122702736
hard	ENSG00000108854	4960.0	58666.0	0.02266449637744264	0.027192223959069475
hard	ENSG00000185420	4235.0	41365.0	0.014690867624008962	0.014999383077111529
hard	ENSG00000124216	370.0	2924.0	0.050328117117583254	0.026061098143084955
hard	ENSG00000019549	833.0	17569.0	0.33270475382628256	0.2222111675097239
hard	ENSG00000092531	8397.0	30858.0	0.14134290928573112	0.12447888535591951
hard	ENSG00000132639	1638.0	14133.0	0.15313341384286447	0.12249922314259545
hard	ENSG00000143740	3470.0	24357.0	0.07851335502217988	0.03856868554323549
hard	ENSG00000145335	1404.0	623.0	0.02379424439517064	0.04010823475056265
hard	ENSG00000197157	26790.0	701613.0	0.1297797783121987	0.17509204969391673
hard	ENSG00000255717	5715.0	66414.0	0.032290295722453816	0.01225625156385776
hard	ENSG00000174365	5613.0	2346.0	-0.01371788025530693	-0.016727831176698182
hard	ENSG00000232956	5485.0	45939.0	-0.06321225559227871	0.01021354350453726
hard	ENSG00000196756	16960.0	16089.0	0.09482248684245381	0.09191669159452684
hard	ENSG00000269893	16734.0	4653.0	0.057990128563161256	0.08435294921732397
hard	ENSG00000144028	44217.0	333413.0	0.09211870340308376	0.0799607122918858
hard	ENSG00000125835	60677.0	273690.0	0.209468326497327	0.2586899988261161
hard	ENSG00000167088	37120.0	15248.0	0.0959833817560766	0.11071455451585188
hard	ENSG00000100028	29405.0	26792.0	0.18262689295030254	0.14478099238120565
hard	ENSG00000168807	6108.0	63802.0	0.08772942774011885	0.039219351635186306
hard	ENSG00000273173	651.0	69417.0	0.02639194217593022	-0.03013438079102877
hard	ENSG00000028528	12605.0	115829.0	0.09776670224606358	0.009264658661423127
hard	ENSG00000086300	870.0	1835.0	0.11846715508604332	0.09070545659839606
hard	ENSG00000002919	1928.0	18125.0	0.021526061575330848	0.03790064293277061
hard	ENSG00000110025	3316.0	21459.0	0.040982119204975326	0.052767879688327475
hard	ENSG00000104497	1889.0	11273.0	0.05489814601602083	0.06546909142182991
hard	ENSG00000115234	16131.0	167747.0	0.0698324874270734	0.05603249635169381
hard	ENSG00000120451	4259.0	19733.0	0.022678408877632554	0.01080614815404392
hard	ENSG00000143376	5682.0	66293.0	0.014090213004959433	0.01665286248647546
hard	ENSG00000048471	5663.0	132041.0	0.06744375809923572	0.07706438362750458
hard	ENSG00000148158	2035.0	21362.0	0.017974885394347738	0.01790421429678918
hard	ENSG00000173548	2024.0	51670.0	-0.013230250559393926	-0.04618039960409883
hard	ENSG00000114520	11664.0	21035.0	0.06960102916794225	0.05573266451170828
hard	ENSG00000106266	3746.0	23287.0	-0.02209879003928187	-0.005987834160345447
hard	ENSG00000057252	5559.0	20660.0	0.06405774488262585	0.07514210132416857
hard	ENSG00000185338	2781.0	15008.0	0.13202062298221623	0.10847141368232699
hard	ENSG00000120833	497.0	6549.0	0.06673512802966822	0.08482135158932946
hard	ENSG00000184557	3534.0	59872.0	0.4030418847971727	0.26984670707473446
hard	ENSG00000142168	48492.0	242787.0	0.16869670136132642	0.08763807619360317
hard	ENSG00000109610	1863.0	5966.0	0.1978090168974006	0.1832494288239459
hard	ENSG00000184985	1110.0	3065.0	0.36753726226644073	0.14968619364307437
hard	ENSG00000140263	2012.0	72130.0	0.12301471882551825	0.1321239396139246
hard	ENSG00000137642	58071.0	324615.0	0.3279787778444274	0.43501935802484504
hard	ENSG00000134243	21468.0	72082.0	0.26153997186820094	0.2657797368115361
hard	ENSG00000115904	9523.0	45669.0	0.07561675269883904	0.07704345383217283
hard	ENSG00000171243	1570.0	5159.0	0.10661197444237666	0.12481767386780647
hard	ENSG00000164736	36611.0	339048.0	0.29456837632117266	0.3576656203073126
hard	ENSG00000203883	2240.0	10257.0	0.11132186889168158	0.10758389007178056
hard	ENSG00000242808	398.0	5074.0	-0.037802037286605195	-0.014380297569656187
hard	ENSG00000039600	193.0	1358.0	0.04294553361934671	0.055732276143924044
hard	ENSG00000134532	3441.0	26086.0	0.1708791083169232	0.17659938063076172
hard	ENSG00000110693	8818.0	22291.0	0.015634688398848295	0.012410162924472234
hard	ENSG00000125398	8397.0	45849.0	0.16563850208927283	0.1629624105090315
hard	ENSG00000185591	7184.0	229067.0	0.09132158972382592	0.10747464191342676
hard	ENSG00000135899	1744.0	30887.0	0.15914721721301786	0.14500200122458154
hard	ENSG00000079263	123.0	3916.0	-0.006339028047207918	-0.01092857781144237
hard	ENSG00000172845	30210.0	195217.0	0.0028043172658192023	0.03323629196410579
hard	ENSG00000064199	2239.0	1663.0	0.008524614990560425	0.03143274820263035
hard	ENSG00000235387	452.0	6418.0	0.08836771901752358	0.08717999098176195
hard	ENSG00000104450	4751.0	17877.0	0.10993600731256443	0.10895743520339392
hard	ENSG00000155761	1379.0	18121.0	0.033298026276349	0.043918962290211014
hard	ENSG00000076382	4376.0	32567.0	0.06849094815788806	0.07043648085172127
hard	ENSG00000077327	1778.0	20397.0	0.1171703856930387	0.1478680021609924
hard	ENSG00000137098	544.0	5728.0	0.006627337219690693	0.016587509133920403
hard	ENSG00000133104	11254.0	106149.0	0.05370594541100704	0.04592932516663696
hard	ENSG00000163071	1809.0	9703.0	0.20310131182255325	0.22892412272224197
hard	ENSG00000145375	1827.0	32520.0	-0.0049479134006762265	0.043499969322233996
hard	ENSG00000171763	2842.0	17163.0	0.04994529365870349	0.0441674469486257
hard	ENSG00000042317	1432.0	13220.0	0.019775723075973528	0.03268306752006807
hard	ENSG00000123352	8967.0	109261.0	0.04723045079170931	0.05820242917108567
hard	ENSG00000196141	4319.0	39312.0	0.1332659687667547	0.1437767253572959
hard	ENSG00000163806	258.0	458.0	0.04110872062353627	0.029247119327988735
hard	ENSG00000128487	2425.0	44503.0	0.031317099165356674	0.035895992943731886
hard	ENSG00000100014	4977.0	94899.0	0.04983517359489417	0.06697752216658782
hard	ENSG00000176170	1493.0	12602.0	0.18358632402932834	0.18005153231015986
hard	ENSG00000066336	521.0	5210.0	0.0787555819069396	0.09176195254638514
hard	ENSG00000163611	11750.0	104250.0	0.11559509684884683	0.05371072715319426
hard	ENSG00000106723	24032.0	131038.0	0.1244125518972047	0.0848665710724103
hard	ENSG00000204271	1457.0	7640.0	-0.002168148063282813	0.03042228121486011
hard	ENSG00000197471	226.0	2548.0	0.05525735795312597	0.04371414486136302
hard	ENSG00000152377	962.0	1160.0	0.09365128928192185	0.07800873748769996
hard	ENSG00000262655	186398.0	918237.0	0.5075410036086456	0.5056030666323276
hard	ENSG00000159674	1643.0	14523.0	0.2838084040530746	0.16592563517475917
hard	ENSG00000138600	6644.0	20178.0	-0.0018322979477967457	0.01620881190303068
hard	ENSG00000136158	9085.0	5817.0	0.1286840236233121	0.14924641911476763
hard	ENSG00000123178	1333.0	751.0	0.02051611296878233	0.04027804546076819
hard	ENSG00000115306	12936.0	104918.0	0.22680556404283383	0.17421747299339843
hard	ENSG00000104549	13696.0	90790.0	0.2636877657895134	0.26748527825528007
hard	ENSG00000161011	25857.0	42266.0	0.12941711051553278	0.12868697248839145
hard	ENSG00000213523	7675.0	58479.0	0.035225618983996426	0.024519041066517148
hard	ENSG00000197122	2610.0	25919.0	-0.021467202773824814	-0.03554826182762381
hard	ENSG00000080603	10395.0	121270.0	0.00560447272864182	-0.06681757274416425
hard	ENSG00000277363	212.0	6983.0	0.00847706761107267	0.02549315224474
hard	ENSG00000145545	2385.0	8296.0	0.021792053113624213	0.04542789996301141
hard	ENSG00000128039	4310.0	16884.0	0.03160705654544345	0.04556191445437607
hard	ENSG00000072310	16133.0	112630.0	0.18581126533824813	0.1628276685528678
hard	ENSG00000198911	11353.0	177457.0	0.18103531511445203	0.18876541293806642
hard	ENSG00000112658	6943.0	63906.0	0.022772886239231353	0.024960344699640775
hard	ENSG00000151304	2264.0	17885.0	0.044302961096046437	0.010465133980117492
hard	ENSG00000075142	29988.0	139154.0	0.13668606610109732	0.14285004758349407
hard	ENSG00000096063	15410.0	75449.0	0.17007263922749535	0.13751133394402515
hard	ENSG00000101955	1358.0	11255.0	0.13086468259804737	0.07617278492466222
hard	ENSG00000136450	21431.0	128947.0	0.1035684586024771	0.05295277990727111
hard	ENSG00000161547	52522.0	47058.0	0.08068880124679367	0.09361841758165985
hard	ENSG00000141380	13717.0	111073.0	0.12304945898723882	0.13402085306655762
hard	ENSG00000138385	38542.0	124477.0	0.1709082561970155	0.14632631969781024
hard	ENSG00000157216	31692.0	262517.0	-0.03159085395896551	0.03387310041069424
hard	ENSG00000149136	14795.0	122958.0	0.031928839026486446	0.05595537623344751
hard	ENSG00000278195	682.0	3808.0	0.006411706933019345	0.045104715378029014
hard	ENSG00000117155	11066.0	90381.0	0.15753365913946119	0.11490957605890377
hard	ENSG00000149418	63734.0	589276.0	0.318844390360316	0.33766984429402663
hard	ENSG00000073849	8244.0	23432.0	0.13119629814756728	0.13410986851803358
hard	ENSG00000010327	2079.0	40367.0	0.19924777170277558	0.14668030964194306
hard	ENSG00000185482	251.0	5580.0	0.00628631577675917	0.028097049779205532
hard	ENSG00000147465	2091.0	13157.0	0.35266036033004966	0.26891499648040296
hard	ENSG00000115415	41150.0	590588.0	0.3312391775275111	0.34864984737218213
hard	ENSG00000170581	30096.0	313408.0	0.3715494968454138	0.44373191629758424
hard	ENSG00000168610	6844.0	136375.0	0.12162282996766483	0.13012603846712018
hard	ENSG00000126561	1279.0	13371.0	0.17060240550839506	0.12496497496009958
hard	ENSG00000173757	1417.0	11073.0	0.10579812887212398	0.0630329782837931
hard	ENSG00000166888	8129.0	224964.0	0.18521114076809397	0.20135483813140684
hard	ENSG00000124214	25218.0	456468.0	0.10972287792381478	0.036641611541631654
hard	ENSG00000040341	9746.0	50772.0	0.10065387272098328	0.10704877762425824
hard	ENSG00000113739	3172.0	61077.0	0.11669844611706373	0.11098404260665781
hard	ENSG00000164647	1792.0	12490.0	0.24237012510856049	0.24905078696090058
hard	ENSG00000123473	6191.0	33134.0	0.09862332463693149	0.08603992068990886
hard	ENSG00000167323	2512.0	31886.0	0.11558534041873525	0.12242487966201791
hard	ENSG00000109689	2079.0	28291.0	0.08104511549049502	0.04872032653639977
hard	ENSG00000118046	10515.0	75186.0	0.041549843299813954	0.05599287859275913
hard	ENSG00000115661	2633.0	34422.0	0.0244135619878377	0.006437079669166356
hard	ENSG00000104375	8473.0	26621.0	0.05066010778970807	0.06398814394282341
hard	ENSG00000196335	3125.0	31986.0	0.1215847825912321	0.12180070010434096
hard	ENSG00000169302	599.0	2644.0	0.03262196941225091	0.04453798720152374
hard	ENSG00000165752	1521.0	11111.0	-0.009983359218080034	-0.005529381798637306
hard	ENSG00000130413	1581.0	8932.0	0.015217153668564801	0.016813541997626677
hard	ENSG00000125834	6620.0	57999.0	0.014818213835276626	0.028109782638198983
hard	ENSG00000198648	4051.0	19956.0	0.03860678671508799	0.044047401906407255
hard	ENSG00000101109	3436.0	36720.0	0.005519583151089462	-0.012579971151501316
hard	ENSG00000196182	13916.0	178722.0	0.17499183076909358	0.12808347459615918
hard	ENSG00000117632	71118.0	213211.0	0.20909359130896485	0.25264332599509365
hard	ENSG00000197457	981.0	14478.0	0.13686073632551607	0.10984360409174333
hard	ENSG00000067221	1487.0	5276.0	0.03884791628007955	0.04704621115754092
hard	ENSG00000143093	3300.0	73362.0	0.022774594364176913	-0.0030039629488105893
hard	ENSG00000128578	349.0	10041.0	0.008933775770193586	0.010590317657658338
hard	ENSG00000196792	8904.0	39591.0	0.07461260177833781	0.03444318512691456
hard	ENSG00000090372	2105.0	45427.0	0.09093420889334108	0.10943090187266419
hard	ENSG00000101846	1440.0	4773.0	0.037462838833522624	0.025424351798591847
hard	ENSG00000103266	9316.0	85116.0	0.15652165527192535	0.12119050111046605
hard	ENSG00000135604	129.0	381.0	0.00010192676646558242	0.043406220218344393
hard	ENSG00000106089	1199.0	23958.0	0.025353842481418896	0.0106231920367241
hard	ENSG00000079950	10495.0	75109.0	0.07429577469163728	0.08829087158588374
hard	ENSG00000166263	1540.0	16656.0	0.04662416650085091	0.06284286739621817
hard	ENSG00000164506	3617.0	16436.0	0.023332498617987897	0.04915992543204626
hard	ENSG00000060140	574.0	4543.0	0.005152234221088719	0.03331512527572328
hard	ENSG00000175600	1227.0	18642.0	0.04311939275156032	0.06104309596345759
hard	ENSG00000064607	22076.0	247805.0	-0.014879647762357902	0.02648996497900157
hard	ENSG00000137573	2002.0	22842.0	0.18203204576022514	0.15097949070215405
hard	ENSG00000196562	7340.0	73319.0	0.319869349817509	0.23748357027975706
hard	ENSG00000196502	2518.0	12858.0	0.02346674872792836	0.029619802345616925
hard	ENSG00000116030	30568.0	69340.0	0.07397758386160613	0.01578186673920621
hard	ENSG00000156502	8641.0	36160.0	0.08953742455732461	0.03199776130429148
hard	ENSG00000148296	7609.0	48956.0	0.019286598247168548	0.016676939621656558
hard	ENSG00000101945	2464.0	56751.0	0.15370020600228032	0.16581002623176
hard	ENSG00000122012	3773.0	34007.0	0.24131251234597517	0.23820119465956352
hard	ENSG00000165124	643.0	1661.0	0.06563047576653318	0.09120498105686557
hard	ENSG00000197321	7996.0	67921.0	0.1159893851221075	0.14723551126593973
hard	ENSG00000116668	1726.0	18440.0	0.07413047686312979	0.0714681835844715
hard	ENSG00000165025	9025.0	44191.0	0.11655005632521657	0.10621889154076926
hard	ENSG00000135316	49419.0	335119.0	0.05955800920544567	0.12205658147297625
hard	ENSG00000182253	450.0	3663.0	0.06165233783609332	0.05533279449094329
hard	ENSG00000172403	971.0	12563.0	0.32631753480292636	0.15693765602246343
hard	ENSG00000275066	6628.0	18106.0	0.003492481417485007	0.03359371610488906
hard	ENSG00000102003	231.0	7241.0	0.09075794170782092	0.10816425425817
hard	ENSG00000137501	799.0	8634.0	0.0967086874024314	0.08536161477482462
hard	ENSG00000162298	6782.0	42141.0	0.10373485945028293	0.09757323260843642
hard	ENSG00000100324	1782.0	28475.0	0.0874936374233179	0.0711729916904953
hard	ENSG00000055208	17202.0	95942.0	0.1709846272566557	0.11054668630322942
hard	ENSG00000138162	5080.0	96312.0	0.011916760812605315	0.03604513567672026
hard	ENSG00000075073	581.0	2596.0	0.05362655019237057	0.05146652879679523
hard	ENSG00000276234	2584.0	43170.0	0.07359487811812021	0.06614838875141428
hard	ENSG00000147133	8260.0	90687.0	0.005471089685477961	0.044814619291790744
hard	ENSG00000219438	688.0	4711.0	0.1763541111420137	0.12440829286423288
hard	ENSG00000183597	1053.0	17109.0	0.034891816596251485	0.047526712501117334
hard	ENSG00000168394	8113.0	72423.0	0.33504226003132165	0.3070273700081611
hard	ENSG00000204267	3187.0	74696.0	0.20437747384739852	0.15693900470575195
hard	ENSG00000120948	17977.0	311637.0	0.09309007328452612	0.010065679930272308
hard	ENSG00000163946	10695.0	71228.0	0.07377409752001769	0.014463741788082213
hard	ENSG00000108021	8629.0	18106.0	0.01841656843492083	0.03627780721554634
hard	ENSG00000065491	5985.0	107142.0	0.11833736284499141	0.06303955603814629
hard	ENSG00000111490	437.0	4142.0	0.02839822858787556	0.05573202306104176
hard	ENSG00000133138	869.0	9648.0	0.042776164043643386	0.028450088481541493
hard	ENSG00000145348	4596.0	104008.0	0.05307852416082277	0.03459557233630191
hard	ENSG00000183735	3593.0	19554.0	-0.02278405133980039	0.003348702280489853
hard	ENSG00000106638	5814.0	73483.0	0.0691435437516405	0.07773929986868988
hard	ENSG00000112592	3143.0	30902.0	0.044148872347829764	0.04765819390866664
hard	ENSG00000136270	16115.0	117965.0	0.057009865540970234	0.06931999480198116
hard	ENSG00000143178	275.0	5586.0	0.00542929166006543	-0.010697499860067796
hard	ENSG00000121068	1998.0	10078.0	0.1088821679246444	0.10883150016209876
hard	ENSG00000135111	1809.0	5876.0	0.09823779208197846	0.13826107983358457
hard	ENSG00000006638	206.0	1394.0	0.01971895610873925	0.03175145746488423
hard	ENSG00000059377	838.0	3094.0	-0.008166196499293345	9.481697027429717e-05
hard	ENSG00000165929	9106.0	48198.0	0.17859201366665522	0.14376420816398408
hard	ENSG00000204219	3012.0	44448.0	0.08167283218476759	0.09122639266926308
hard	ENSG00000176896	442.0	2728.0	-0.014241749952654792	0.007183639012107077
hard	ENSG00000116205	3285.0	6745.0	0.026012876478287022	0.041971570976891984
hard	ENSG00000100207	4321.0	112277.0	0.009700852277481218	0.009950972916436342
hard	ENSG00000118526	1758.0	29423.0	0.4797333346590581	0.33276870776523293
hard	ENSG00000071564	5955.0	21063.0	-0.008954816081842128	0.02019902021601284
hard	ENSG00000196628	6189.0	58486.0	0.13770317880213453	0.13986673043212208
hard	ENSG00000081059	1847.0	10565.0	0.0779314493248551	0.062356121632154544
hard	ENSG00000148737	9347.0	67162.0	0.05018719997129398	0.024123645394318965
hard	ENSG00000101190	7633.0	12773.0	0.03072488931356658	0.029031402059389946
hard	ENSG00000176907	2508.0	15671.0	0.1295425544787726	0.0987061318552652
hard	ENSG00000070814	3898.0	36796.0	-0.0032480332188358652	-0.003712382440876627
hard	ENSG00000120438	24201.0	103740.0	0.11288570898979304	0.08351717333866371
hard	ENSG00000241186	435.0	7158.0	0.07058973679370553	0.07739751848378884
hard	ENSG00000151790	233.0	2043.0	0.04708084487989528	0.022506884144291202
hard	ENSG00000083544	3171.0	50472.0	0.031790624594945194	0.028011978613095373
hard	ENSG00000196116	2023.0	15585.0	0.06143960224483541	0.05913666411976834
hard	ENSG00000135605	4541.0	91029.0	0.18224727897246334	0.2117164802244787
hard	ENSG00000205356	1824.0	30357.0	0.02043469715820855	0.016009068100302136
hard	ENSG00000185347	3147.0	44823.0	0.06148554114832659	0.043391990045776256
hard	ENSG00000172171	1902.0	38063.0	0.00845302975637373	-4.96913868418782e-06
hard	ENSG00000120156	784.0	8893.0	0.043065203865551197	0.04733240104118861
hard	ENSG00000167858	941.0	12105.0	0.15415800202666186	0.18566048418864153
hard	ENSG00000125409	134.0	518.0	0.03694958057295823	0.036311982730814964
hard	ENSG00000163060	177.0	2539.0	0.07862145985623768	0.07600386261033702
hard	ENSG00000100726	5397.0	52018.0	-0.015714019295252526	0.010382642089005724
hard	ENSG00000158246	497.0	5099.0	0.027703749834822187	0.02975661437887625
hard	ENSG00000183508	2036.0	11701.0	0.006758820053275454	0.05170259991288723
hard	ENSG00000147601	3110.0	33511.0	0.0281570055886364	0.034126508485637516
hard	ENSG00000132604	4177.0	50425.0	0.012620191645194581	0.009457339652464423
hard	ENSG00000135269	9854.0	100095.0	0.14885638499669723	0.14839446471421364
hard	ENSG00000070759	2006.0	5279.0	0.003392729198596162	0.01933276956557017
hard	ENSG00000138336	2756.0	27784.0	0.036001633559143244	0.02697910540589872
hard	ENSG00000168769	3143.0	24951.0	0.03035969355084496	0.03440286760088293
hard	ENSG00000120498	889.0	3383.0	-0.0089867109107384	0.034142624816769336
hard	ENSG00000121101	210.0	1083.0	-0.012730853155666797	-0.031416866149979926
hard	ENSG00000151287	1689.0	1245.0	0.004211889022128861	0.04021183169429961
hard	ENSG00000108064	18652.0	79621.0	0.12611458779393342	0.07827740259470449
hard	ENSG00000137203	728.0	8014.0	0.0726982864583883	0.08260764989585649
hard	ENSG00000068323	9440.0	252969.0	0.48550190704683865	0.5219974447739293
hard	ENSG00000112561	4663.0	38904.0	0.09189511122919454	0.10427140347195289
hard	ENSG00000003436	1177.0	8619.0	0.16280265454752385	0.1419307885365106
hard	ENSG00000105825	3160.0	10479.0	0.15338464682267716	0.17522591111629002
hard	ENSG00000106327	143.0	715.0	0.03178750497621636	0.02054354548868777
hard	ENSG00000072274	19402.0	91447.0	0.17627398486174103	0.15806467968518792
hard	ENSG00000163235	6343.0	19335.0	0.1533712517320186	0.1683628690652569
hard	ENSG00000105329	1334.0	5305.0	0.04364182276189986	-0.004219130104296465
hard	ENSG00000140682	1736.0	11528.0	0.1324529205030225	0.06482494924239815
hard	ENSG00000092969	1270.0	62130.0	0.10661869807885119	0.09823086025655849
hard	ENSG00000119699	738.0	9926.0	0.061113201507196124	0.0725758145824157
hard	ENSG00000106799	15399.0	52775.0	0.13598685907262778	0.09245960433510292
hard	ENSG00000163513	12511.0	105202.0	0.17490819391911744	0.17922842260757624
hard	ENSG00000069702	6218.0	63160.0	0.18910787304724958	0.2031658115622875
hard	ENSG00000092295	1004.0	12423.0	0.1622063444172138	0.16103613451185292
hard	ENSG00000198959	17644.0	42039.0	0.23204063603747363	0.3026084040600683
hard	ENSG00000168286	5506.0	65020.0	0.09808561644823624	0.05987062178404403
hard	ENSG00000173451	2394.0	2643.0	0.02145700868034541	0.04613623004984455
hard	ENSG00000041988	3079.0	14709.0	0.010886627494260104	0.018646576542233506
hard	ENSG00000178726	729.0	1361.0	0.12011951231139534	0.10185915187277733
hard	ENSG00000137801	2864.0	67243.0	0.3405656685243797	0.2238384479492034
hard	ENSG00000186340	1355.0	8492.0	0.3731094284493358	0.19469275913246284
hard	ENSG00000130193	3130.0	5261.0	-0.015023903086159373	0.011943715309068313
hard	ENSG00000130775	4581.0	51192.0	0.05181551375211075	0.07550360299912852
hard	ENSG00000126351	5944.0	52698.0	-0.0025951841139545094	0.01911733416645814
hard	ENSG00000151090	7431.0	24550.0	0.09678391757570769	0.13751933064503127
hard	ENSG00000134077	6077.0	73732.0	0.11445502534059768	0.05928429037819575
hard	ENSG00000154096	23841.0	225349.0	0.38162939206540497	0.4810839683531767
hard	ENSG00000151500	4009.0	19031.0	0.019099135086406958	0.0392325659225223
hard	ENSG00000156299	4507.0	9353.0	0.07344611185830864	0.10455996738270505
hard	ENSG00000146426	5010.0	13042.0	0.020668369124166246	0.006843990507052645
hard	ENSG00000127666	601.0	5045.0	0.040118996869029026	0.018716088229638758
hard	ENSG00000243414	737.0	4028.0	-0.035931820596792424	-0.011684359898169103
hard	ENSG00000140534	2359.0	26667.0	0.0658701084617311	0.08935485090976053
hard	ENSG00000066056	1126.0	37407.0	0.05901268632025721	0.04434765944110681
hard	ENSG00000179886	10057.0	15709.0	0.06443948243210551	0.0788365048250109
hard	ENSG00000181847	480.0	4132.0	0.04309100327565782	0.05992068782130864
hard	ENSG00000142444	14056.0	178516.0	0.03980366794938553	-0.012141922214369591
hard	ENSG00000105197	9425.0	25740.0	0.20681774835577876	0.22065065323560476
hard	ENSG00000035862	15447.0	56785.0	0.24790078008728006	0.21290203139984934
hard	ENSG00000157150	335.0	2346.0	0.03613048275327743	0.06221035804586553
hard	ENSG00000142910	5767.0	67368.0	0.2684013204670707	0.2818140179767872
hard	ENSG00000163659	4802.0	34720.0	0.09926445491009107	0.09928993933696473
hard	ENSG00000150455	580.0	6596.0	-0.006721115708080981	-0.002575805525994242
hard	ENSG00000104067	13254.0	83489.0	0.02582780250376272	0.007557052726753422
hard	ENSG00000119139	14111.0	206143.0	0.1755340694718324	0.1867672509400104
hard	ENSG00000167900	4925.0	34739.0	0.12468874434212285	0.13222709768961832
hard	ENSG00000163931	10943.0	119039.0	0.13359794401977343	0.14302421153402056
hard	ENSG00000007350	494.0	6298.0	0.07277347534326938	0.0850702029228274
hard	ENSG00000198586	19878.0	92080.0	0.14154426230450395	0.07431206471965662
hard	ENSG00000146872	4212.0	49099.0	0.0070876523905257244	0.006448036493850633
hard	ENSG00000174125	347.0	1412.0	0.002042950060089555	0.03270172170624251
hard	ENSG00000137462	614.0	5958.0	0.006984581734258637	0.031139023999670792
hard	ENSG00000164342	1361.0	7440.0	0.06586211005869484	0.036368090959045585
hard	ENSG00000136869	302.0	4200.0	0.060497300711291654	0.05280088057778998
hard	ENSG00000187554	361.0	3550.0	0.007552909303004843	0.030254717914971453
hard	ENSG00000174130	141.0	1660.0	-0.007383300550636978	0.008686849686687766
hard	ENSG00000239732	260.0	14181.0	0.04908019848422017	0.028488136831400133
hard	ENSG00000101337	18772.0	325989.0	0.04757889696094157	-0.014906572398558983
hard	ENSG00000198498	5733.0	21507.0	-0.004681284497526345	0.022760017535558598
hard	ENSG00000155957	7398.0	31832.0	0.06591553688192267	0.0335098264826863
hard	ENSG00000166292	12796.0	63667.0	0.3509982812739251	0.3152530033859001
hard	ENSG00000106460	17904.0	37976.0	0.11499044110701939	0.06013866145501658
hard	ENSG00000110108	6169.0	13275.0	0.010188285469024685	0.020340973342030885
hard	ENSG00000183160	1077.0	16109.0	0.15987781620317987	0.15239778545521207
hard	ENSG00000188735	2724.0	25762.0	0.04141339785822774	0.032895033228947594
hard	ENSG00000152558	25827.0	15383.0	0.06271481192101921	0.063259043075802
hard	ENSG00000171202	1979.0	7557.0	0.0361354450457413	0.04228893188833386
hard	ENSG00000166448	280.0	5125.0	0.12034936465150899	0.10483824048156629
hard	ENSG00000111843	53919.0	320827.0	0.27685378208737044	0.2526205547569767
hard	ENSG00000157600	8396.0	136867.0	0.05048653296995114	0.013919597415912817
hard	ENSG00000184584	2238.0	78591.0	0.2581121333545323	0.2165457343368675
hard	ENSG00000269556	2815.0	39060.0	0.08479186796745247	0.09556238822043703
hard	ENSG00000170088	3759.0	31184.0	0.05204067460429704	0.04357601550065493
hard	ENSG00000188807	2450.0	10861.0	0.005238082252782383	-0.00449290221013937
hard	ENSG00000146842	10587.0	65024.0	0.1639107360967373	0.10471933476103767
hard	ENSG00000155755	6437.0	43384.0	0.1298140826826105	0.11061560842001171
hard	ENSG00000109133	10213.0	16385.0	-0.03366537413005478	-0.004031205560352419
hard	ENSG00000176142	12422.0	115830.0	0.08971544050159629	0.0514783559050004
hard	ENSG00000170876	6065.0	5045.0	-0.007130206993226048	0.029685138769068375
hard	ENSG00000181458	4027.0	22530.0	0.14392034889579064	0.12409585211411285
hard	ENSG00000151715	642.0	3125.0	0.02476252763016043	0.06625059176618829
hard	ENSG00000109084	4366.0	39406.0	0.16534417733603596	0.15236724604114094
hard	ENSG00000006042	3503.0	27192.0	0.27079216783670446	0.24287017293848578
hard	ENSG00000175348	5190.0	25972.0	0.03888666991656511	0.06238410055107038
hard	ENSG00000120802	36229.0	148194.0	0.2875045912450398	0.3037014357192935
hard	ENSG00000137747	1054.0	10023.0	0.08376350601046997	0.08182766524389075
hard	ENSG00000184012	1426.0	10408.0	0.0724261794342301	0.10415351954598874
hard	ENSG00000187045	132.0	1657.0	0.04280636642750613	0.06313914849572434
hard	ENSG00000139324	3866.0	22980.0	0.1181111438329115	0.11678118087667433
hard	ENSG00000125247	5889.0	43742.0	0.09883678296488166	0.06926438340709605
hard	ENSG00000168591	3518.0	18077.0	0.005490504009958014	-0.006089602583526135
hard	ENSG00000139921	6053.0	24881.0	0.010678938029682925	0.036026528686270036
hard	ENSG00000213593	6099.0	44921.0	0.032457080325189826	0.042829394901983286
hard	ENSG00000041982	166.0	1953.0	0.1198299256640985	0.06688001617132955
hard	ENSG00000232810	152.0	1289.0	0.0019702601072959063	0.03318864314663682
hard	ENSG00000145779	1362.0	2187.0	0.040605602087957306	0.10378563195371446
hard	ENSG00000104689	269.0	9929.0	0.01164707112095493	-0.011297807383698422
hard	ENSG00000120889	2719.0	69505.0	0.07597918417213709	0.06481560729959812
hard	ENSG00000173530	173.0	4381.0	0.009980544557050764	0.05205937866184109
hard	ENSG00000141655	190.0	2453.0	0.007053723334806307	0.02562699356177025
hard	ENSG00000164761	135.0	685.0	0.04223100183654735	0.05744437195678008
hard	ENSG00000006327	21699.0	63635.0	0.3043048293202496	0.32627705799430434
hard	ENSG00000159958	1768.0	45654.0	0.08007606248024593	0.061910417321291884
hard	ENSG00000157873	3199.0	27788.0	0.18274840098910006	0.18594727084468166
hard	ENSG00000186891	2235.0	13527.0	0.29667706554306117	0.30258433973802795
hard	ENSG00000067182	62963.0	169878.0	0.10675567175312206	0.2368113127761274
hard	ENSG00000028137	1119.0	9083.0	0.15850084684458515	0.1728596963474801
hard	ENSG00000146072	3240.0	101135.0	0.0654352050096236	0.08205528887142986
hard	ENSG00000243509	1170.0	2120.0	0.0039706601772469905	0.015312406483343888
hard	ENSG00000120949	264.0	674.0	-0.008422197496844254	0.035329337829930293
hard	ENSG00000121858	4148.0	23493.0	0.1999019427742414	0.15031149470007743
hard	ENSG00000239697	987.0	8427.0	0.08547916205733866	0.06400913723676553
hard	ENSG00000161955	2517.0	13844.0	0.06210367630333249	0.08550725187769037
hard	ENSG00000102524	488.0	2485.0	0.12096663790269141	0.06924182641174947
hard	ENSG00000181634	814.0	3543.0	0.09576697654163091	0.11656240421036869
hard	ENSG00000145901	8812.0	78300.0	0.016825181914986657	0.07655211913441004
hard	ENSG00000061938	5578.0	149105.0	0.0416544386049754	0.026728456673018777
hard	ENSG00000173273	5002.0	19969.0	0.025923765420842397	0.035319464758019704
hard	ENSG00000129991	3029.0	15453.0	0.06772085958210258	0.09056998528398882
hard	ENSG00000118194	428.0	20026.0	0.02422453523140075	-0.005329510979043542
hard	ENSG00000064419	7025.0	153623.0	0.03721687031286667	0.011070197879014339
hard	ENSG00000111077	2200.0	40838.0	0.08822759070533942	0.0643214147812146
hard	ENSG00000168477	809.0	9471.0	0.2542551075385248	0.11538229872629321
hard	ENSG00000078902	7547.0	12228.0	0.06708094371462243	0.04392289760529201
hard	ENSG00000175662	2251.0	38478.0	-0.022030243567865183	-0.008361460491641463
hard	ENSG00000025772	11214.0	110592.0	0.054072345805493825	0.06910062559044958
hard	ENSG00000130204	5335.0	4664.0	0.08191180602531418	0.09822184898476731
hard	ENSG00000160949	1969.0	147622.0	0.07491195541538012	0.06344956983024662
hard	ENSG00000198900	20886.0	160994.0	0.14169576337033543	0.1257815093451791
hard	ENSG00000184428	6159.0	82592.0	0.07923422167556567	0.07036333457148344
hard	ENSG00000131747	19543.0	44788.0	0.24219812223742837	0.22169622032068131
hard	ENSG00000077097	24378.0	186387.0	0.09565528682119137	0.13720390289591652
hard	ENSG00000100038	4161.0	116134.0	0.07497681460223879	0.06326270221499003
hard	ENSG00000163781	9331.0	67913.0	0.11984642039395116	0.11261858554444691
hard	ENSG00000136827	7118.0	28336.0	-0.01794913531943893	-0.0305871724053527
hard	ENSG00000186283	6753.0	8667.0	0.016910439873799976	0.024463909118909846
hard	ENSG00000198846	3198.0	12825.0	0.10218808200293725	0.11600128636022483
hard	ENSG00000124191	754.0	10129.0	0.09959943445865138	0.08527612827465347
hard	ENSG00000092203	5290.0	71066.0	0.05005185366914028	0.08686149420371977
hard	ENSG00000141510	24184.0	204568.0	-0.007437888908380538	-0.07579453278098393
hard	ENSG00000067369	9272.0	104562.0	0.02645350723784016	0.03311149036648813
hard	ENSG00000143514	6123.0	62063.0	0.07595307631792808	0.08613356786784822
hard	ENSG00000073282	379.0	2787.0	0.002053541782128257	0.030249602698127896
hard	ENSG00000078900	1236.0	2013.0	0.08705735918220892	0.08298654927841095
hard	ENSG00000146242	712.0	4278.0	0.17418563632931247	0.1425239379634718
hard	ENSG00000186815	6826.0	164807.0	0.08322506933263721	0.11438532658149425
hard	ENSG00000137364	13377.0	25738.0	0.1414030929812014	0.17559505512600043
hard	ENSG00000171368	341.0	4540.0	0.05337036509229024	0.06600179739798269
hard	ENSG00000159713	2441.0	12290.0	0.07055003375991142	0.06455549521283496
hard	ENSG00000088325	28637.0	174378.0	0.2579797027666053	0.26688740119358556
hard	ENSG00000056558	270.0	3250.0	0.031918540952521404	0.008294026110716281
hard	ENSG00000127191	3418.0	58953.0	-0.021096420921754684	-0.02422085353285625
hard	ENSG00000131323	4635.0	11425.0	-0.02324873245967124	-0.0012131616828178584
hard	ENSG00000056972	2618.0	29847.0	0.043480302007231506	0.0715970277321159
hard	ENSG00000076604	19868.0	123071.0	0.1377184264512201	0.10358879671751033
hard	ENSG00000082512	2605.0	40055.0	0.06852655506613706	0.04673804940381906
hard	ENSG00000175104	1254.0	36368.0	0.024071030057615187	0.015508941794373857
hard	ENSG00000135148	7080.0	47241.0	0.024055694435864246	0.03322542780469111
hard	ENSG00000126602	13061.0	114609.0	0.10279897130674233	0.1476627782750819
hard	ENSG00000211829	787.0	14400.0	0.2007955414213833	0.16292426236667687
hard	ENSG00000124731	306.0	3389.0	0.0008023964345602996	0.043398316396256416
hard	ENSG00000095970	607.0	7120.0	0.04969160016156009	0.11007442949360845
hard	ENSG00000173334	6503.0	9218.0	0.10765458115661021	0.1185589878001381
hard	ENSG00000071575	10321.0	185707.0	0.18919323058817428	0.24431649688698134
hard	ENSG00000101255	1141.0	4608.0	0.045447289607998126	0.047779008675084514
hard	ENSG00000132109	903.0	19336.0	0.061581799488157035	0.058745786590478126
hard	ENSG00000113595	2409.0	16380.0	-0.021031892050445984	-0.028059755677768694
hard	ENSG00000121060	9339.0	132633.0	0.14835712578858637	0.1668737698659438
hard	ENSG00000204713	15173.0	90868.0	-0.053705793506039906	0.0003886136393917529
hard	ENSG00000130726	20137.0	208861.0	0.2065963952921852	0.2327962390495831
hard	ENSG00000132481	5278.0	77364.0	0.17507732306984147	0.19046038679508365
hard	ENSG00000132256	3711.0	73321.0	0.14193092996003348	0.11630544896451478
hard	ENSG00000147573	795.0	5363.0	0.008094893519188497	0.004237872216936373
hard	ENSG00000141569	1139.0	16945.0	-0.009862102019083165	0.0077975881764930895
hard	ENSG00000166436	1318.0	22597.0	-0.041774750150279066	-0.032937402967285354
hard	ENSG00000071539	3487.0	24010.0	0.1341972861303547	0.15127431065667876
hard	ENSG00000121486	6435.0	49235.0	0.007027620979913579	0.015550727693286581
hard	ENSG00000099899	5311.0	67828.0	0.11604947803570288	0.08906130428956023
hard	ENSG00000067445	6087.0	94867.0	0.14105200915132007	0.1623520695450733
hard	ENSG00000144935	2415.0	7161.0	-0.04904025703467399	-0.03297674232878569
hard	ENSG00000133107	397.0	2668.0	0.07921808525955668	0.08518566229327829
hard	ENSG00000137672	975.0	8606.0	0.04380782355189146	0.06594459624212518
hard	ENSG00000142185	1335.0	7718.0	0.05613690705153036	0.04863074502944266
hard	ENSG00000130529	1904.0	58838.0	0.14082985949402116	0.11853321434416975
hard	ENSG00000092439	3521.0	48554.0	0.04956982123029249	0.03961532373024056
hard	ENSG00000104447	8877.0	93766.0	0.13641705080009284	0.1435077264839604
hard	ENSG00000196689	629.0	32480.0	0.001489544944437463	0.03092438955831003
hard	ENSG00000111199	1256.0	8226.0	0.031756351606827965	0.04113580987896348
hard	ENSG00000165125	1080.0	16058.0	0.008452169229563163	-0.0025094222611648054
hard	ENSG00000196367	11823.0	227815.0	0.013997827451687175	0.047792742290959984
hard	ENSG00000165832	14052.0	36920.0	0.10367518480413893	0.09349216634457111
hard	ENSG00000165699	5243.0	75603.0	0.050395510464852473	0.04273870457556614
hard	ENSG00000103197	8267.0	241498.0	0.07181766458394234	0.04385620087246945
hard	ENSG00000074319	14383.0	31928.0	0.009441048955054989	-0.002393475939599753
hard	ENSG00000179981	4874.0	9809.0	0.05370676177576143	0.0641546295502447
hard	ENSG00000102904	794.0	12084.0	0.0169651600909252	0.01780980491850074
hard	ENSG00000182612	410.0	1279.0	0.01511538770445809	0.0168773230908888
hard	ENSG00000106025	15910.0	52622.0	0.23836393599785627	0.20588084326742798
hard	ENSG00000106537	11948.0	47190.0	0.2229114136104394	0.188445612011369
hard	ENSG00000108219	7334.0	138061.0	0.08369227113374678	0.03569762290992204
hard	ENSG00000157570	1204.0	17398.0	0.09913942039143173	0.05521768444130411
hard	ENSG00000140391	47160.0	377487.0	-0.02284216902819717	-0.07956642443662888
hard	ENSG00000135452	5208.0	7330.0	0.05905048826508088	0.06440324247825617
hard	ENSG00000214063	3672.0	14780.0	0.1505675360734443	0.12918463405282338
hard	ENSG00000156298	12385.0	106859.0	0.3268452056863907	0.32322933618180133
hard	ENSG00000127324	1086.0	2111.0	0.1978574293189131	0.16861813225737618
hard	ENSG00000011105	7708.0	78542.0	0.0736823404966185	0.10297428612578638
hard	ENSG00000100300	34756.0	2222.0	0.07662502465266186	0.10815783375403486
hard	ENSG00000005379	3882.0	86368.0	0.09209361796564935	0.07076223572082481
hard	ENSG00000180543	4512.0	51687.0	0.038787525017787615	0.049474161570968574
hard	ENSG00000184281	6939.0	31617.0	0.06189815965429936	0.07534813920717659
hard	ENSG00000162526	228.0	1761.0	-0.016732608468377916	0.002356246407073497
hard	ENSG00000149292	2131.0	44824.0	0.029839935713938403	0.05451592129417364
hard	ENSG00000103852	1929.0	12961.0	0.00027392095477617173	0.004212325543508172
hard	ENSG00000205838	372.0	1590.0	0.0015161433114271004	-0.013176317905391964
hard	ENSG00000243725	5460.0	66106.0	0.0866508695658216	0.01694270362343834
hard	ENSG00000162222	3410.0	67865.0	0.015484863159366778	-0.007181289155106151
hard	ENSG00000101407	1887.0	52249.0	0.03813662559546396	0.050026585421726624
hard	ENSG00000112742	5712.0	56498.0	0.1714558584964037	0.14929248874298712
hard	ENSG00000127824	1630.0	6066.0	0.08526974273222149	0.09743219476157422
hard	ENSG00000196230	262519.0	2044860.0	0.2373754303141179	0.21588017243055269
hard	ENSG00000137267	2436.0	8109.0	0.09186931268048196	0.08375120414513583
hard	ENSG00000137285	5608.0	39189.0	0.2647260676878306	0.25589376877388936
hard	ENSG00000258947	15372.0	17331.0	0.31191494037777706	0.3590392877710549
hard	ENSG00000104833	132.0	2070.0	0.020244048832181352	0.027390688388721534
hard	ENSG00000176014	2540.0	12641.0	0.16217365788533245	0.1444947090820612
hard	ENSG00000108423	1389.0	6817.0	0.03775858601335088	0.06064272925356518
hard	ENSG00000131462	2930.0	33008.0	0.04216387183999987	0.04055422458609802
hard	ENSG00000178952	25764.0	185687.0	0.1729583980554445	0.18979814066025913
hard	ENSG00000114383	11705.0	61303.0	0.16385306419616788	0.08960689608882419
hard	ENSG00000122691	183.0	1979.0	0.11913599971239083	0.12811188185298256
hard	ENSG00000233608	387.0	7274.0	0.2234935526022626	0.1473904482476446
hard	ENSG00000128791	22885.0	50315.0	0.11680100296748713	0.09533222216678967
hard	ENSG00000074966	1338.0	15890.0	0.12066852392500405	0.14448335383633618
hard	ENSG00000087301	1784.0	9883.0	0.06328180864598533	0.08288203539185039
hard	ENSG00000115514	7360.0	69728.0	0.1400214622803295	0.0637564484047913
hard	ENSG00000198431	45414.0	92073.0	0.032211614073346995	-0.03837459173194855
hard	ENSG00000105397	9725.0	198922.0	-0.019744818387441514	0.044912766953050125
hard	ENSG00000025708	4471.0	15141.0	0.2157802819524657	0.19454857889344154
hard	ENSG00000176890	16984.0	104896.0	0.26230682947106504	0.2671294184619447
hard	ENSG00000092445	1723.0	17396.0	0.058449475274854834	0.059524461887295294
hard	ENSG00000160201	29631.0	3480.0	-0.04229281562646706	0.022054780475727537
hard	ENSG00000063244	9743.0	243216.0	0.10036245303836369	0.09325547044457828
hard	ENSG00000130985	20665.0	220434.0	0.04944713721879785	0.02827796422738097
hard	ENSG00000137073	2784.0	55362.0	0.0579111842663179	0.03755683779970272
hard	ENSG00000143569	15012.0	524968.0	-0.006690377571954256	0.01932534435625432
hard	ENSG00000154127	1160.0	7305.0	0.05624670780947412	0.08181942077801418
hard	ENSG00000175063	30755.0	57867.0	0.1666185348495302	0.16246267146199486
hard	ENSG00000072401	9617.0	7250.0	0.07540176234439383	0.05558694734575641
hard	ENSG00000131508	27378.0	51746.0	0.11725296190818581	0.06330534107005609
hard	ENSG00000109332	41476.0	133673.0	0.18599252756012347	0.14599476411741416
hard	ENSG00000103275	17233.0	88477.0	0.11759571070057546	0.07231155881068894
hard	ENSG00000185651	19587.0	24243.0	0.10782138209468894	0.06666216316764359
hard	ENSG00000077152	14055.0	46215.0	0.2148604546770117	0.22841409942008703
hard	ENSG00000114062	17400.0	89207.0	0.1272497710717087	0.07497388942534938
hard	ENSG00000130939	6010.0	98036.0	0.05447600347268341	0.063723566970127
hard	ENSG00000144357	8553.0	39836.0	0.056887122608826064	0.01536060741428916
hard	ENSG00000104517	17302.0	105247.0	0.16413580784077608	0.08352281635250752
hard	ENSG00000108312	18121.0	127713.0	0.005290970373159964	0.05712924944638275
hard	ENSG00000214049	138.0	1503.0	0.11613611676190921	0.10957798955955231
hard	ENSG00000154277	15995.0	137651.0	0.20445900539742562	0.28141714817750196
hard	ENSG00000163794	1185.0	544.0	-0.04326461162821148	-0.005305929616045089
hard	ENSG00000175567	9855.0	104418.0	0.17464924430132062	0.12876468059608975
hard	ENSG00000151116	2837.0	20821.0	0.09180570021980324	0.08495116804935271
hard	ENSG00000143222	10791.0	18808.0	-0.006943175471919284	-0.028722521624690245
hard	ENSG00000109814	9218.0	48378.0	0.14401723693506283	0.1742953221543211
hard	ENSG00000171234	16954.0	7276.0	0.17181801090767598	0.19515974181452922
hard	ENSG00000276043	1800.0	41467.0	0.036321078742049935	0.026495882611807204
hard	ENSG00000177169	17426.0	242636.0	0.015903596952560634	0.05416249092073986
hard	ENSG00000083290	4090.0	34062.0	0.07112624802053666	0.06716110638691711
hard	ENSG00000114491	8039.0	109570.0	0.07670236684979666	0.07018158023622367
hard	ENSG00000109103	18003.0	107729.0	0.06954927806397548	0.07492576161432642
hard	ENSG00000130477	164.0	685.0	0.03070561908844396	0.046573294965605194
hard	ENSG00000140553	6923.0	70065.0	0.11995107557523321	0.06488704789176682
hard	ENSG00000113763	149.0	1000.0	0.019718597396326185	0.046665957865435356
hard	ENSG00000076248	14015.0	89930.0	0.08366753898089638	0.09512276049991884
hard	ENSG00000005007	18593.0	297243.0	0.13346962353010763	0.097291105341856
hard	ENSG00000105668	415.0	5245.0	0.17173582768272963	0.13253559081625343
hard	ENSG00000110375	659.0	741.0	0.07564074855678996	0.0825768210254423
hard	ENSG00000243566	2678.0	2784.0	0.09068427486655803	0.0877586939651411
hard	ENSG00000101019	13525.0	170467.0	0.11795159357247875	0.11120887331120721
hard	ENSG00000204922	10561.0	48613.0	0.11018712314495241	0.13725572031413052
hard	ENSG00000142207	3255.0	59996.0	0.051456347147719884	0.039832658097143654
hard	ENSG00000106608	5716.0	186815.0	0.12129589277177569	0.08829424257474888
hard	ENSG00000158773	2095.0	41050.0	-0.010320420820886925	-0.014049855919844747
hard	ENSG00000103194	8121.0	102704.0	0.0918026183057547	0.08174126386825631
hard	ENSG00000102226	2119.0	96203.0	0.03861866368483989	0.012990644037723357
hard	ENSG00000273820	1712.0	11213.0	0.3253911120519206	0.31880140570017995
hard	ENSG00000170832	4113.0	87238.0	0.10774519302775265	0.06840117870730242
hard	ENSG00000055483	3753.0	98065.0	0.040055220043388316	0.010900790793777348
hard	ENSG00000170185	5005.0	41688.0	0.002241816588843794	0.0029283928461333493
hard	ENSG00000111667	37226.0	450412.0	0.11314769008145224	0.07501527314447051
hard	ENSG00000145390	5245.0	21132.0	0.29780705429394355	0.30130772620130847
hard	ENSG00000187555	8740.0	108209.0	0.008875507549537935	-0.012041989995308932
hard	ENSG00000147679	3376.0	30947.0	0.04955341089152873	0.044881493132965425
hard	ENSG00000152818	12891.0	67912.0	0.04159447172856829	0.07184289318987866
hard	ENSG00000049245	3898.0	25800.0	0.028620387291043287	0.03709334917563468
hard	ENSG00000168899	1802.0	9513.0	0.1392545067241494	0.07179103919037977
hard	ENSG00000124164	4797.0	58420.0	0.0771901940167231	0.048864997095004824
hard	ENSG00000125753	7716.0	35704.0	0.19541969843977267	0.22708845235670286
hard	ENSG00000141968	187.0	3992.0	0.016611245578096727	-0.011084344026092666
hard	ENSG00000134215	1135.0	2678.0	0.07754054606572003	0.11180108779802349
hard	ENSG00000162692	1780.0	9582.0	0.32864866796026937	0.2967610479257732
hard	ENSG00000035403	39128.0	121437.0	0.14811970183293258	0.13002100602366998
hard	ENSG00000213585	31360.0	241034.0	0.21257730886101564	0.1416850674062112
hard	ENSG00000165637	29668.0	261102.0	0.0990310714538955	0.12040807978591625
hard	ENSG00000111424	1077.0	14873.0	0.0972621066126077	0.08997578590980505
hard	ENSG00000112715	22795.0	88442.0	0.25839336202464114	0.25101599008376546
hard	ENSG00000173511	5470.0	75119.0	0.07060191682238	0.08704519915735409
hard	ENSG00000150630	452.0	8894.0	0.17831888202820467	0.09144078152050898
hard	ENSG00000206538	445.0	6371.0	0.2579749231534692	0.17096596580076448
hard	ENSG00000134086	10212.0	51325.0	-0.0013459016022403843	-0.0030999685730131606
hard	ENSG00000106018	305.0	1436.0	0.06871851092032329	0.051022971841380646
hard	ENSG00000147852	3154.0	19282.0	0.16438207061908244	0.13480182665080048
hard	ENSG00000197969	4517.0	18992.0	0.023748660100098695	0.02257544811487229
hard	ENSG00000132549	7269.0	46661.0	0.008774203469185086	-0.013436939577667707
hard	ENSG00000069329	20442.0	154112.0	0.1450615688691203	0.06712455102391579
hard	ENSG00000139722	2563.0	23712.0	0.009167156880575162	0.02767286202821053
hard	ENSG00000132612	8439.0	70479.0	-0.0038872435674958024	0.022252690230632564
hard	ENSG00000004766	3859.0	16735.0	-0.001873499131594101	-0.00498619438762393
hard	ENSG00000155659	291.0	4291.0	0.06576575896651901	0.05588308605771112
hard	ENSG00000107738	965.0	1048.0	0.07148451631043842	0.07626583981008536
hard	ENSG00000132821	396.0	6700.0	0.20999344389707073	0.19134539264766015
hard	ENSG00000134258	5766.0	69419.0	0.29010802506379185	0.2927280706648748
hard	ENSG00000102763	2305.0	27092.0	0.01494152597123451	0.03507772625583362
hard	ENSG00000062650	17439.0	96195.0	0.14015052456010257	0.04544320604150998
hard	ENSG00000140105	12287.0	84953.0	0.19945152177871028	0.19059285194229125
hard	ENSG00000015285	252.0	9925.0	0.09485774596014648	0.07425886706543723
hard	ENSG00000099290	4216.0	56510.0	-0.029958008107048864	-0.0274955323367537
hard	ENSG00000120860	4561.0	21544.0	-0.014734304447159535	-0.010559061061123745
hard	ENSG00000136051	12375.0	82332.0	0.10306081236552594	0.10058202604446646
hard	ENSG00000106299	38213.0	188816.0	0.18019410102794076	0.11394344178788933
hard	ENSG00000132471	5847.0	71943.0	0.11634836995013759	0.12925925794855886
hard	ENSG00000163625	8811.0	52623.0	0.08992195161543404	0.0713661053153572
hard	ENSG00000128815	906.0	1496.0	-0.0022017922498564456	-0.00893397188860526
hard	ENSG00000198554	1676.0	26468.0	0.07400700951556632	0.06821610650348903
hard	ENSG00000138442	5752.0	20054.0	-0.019320027178561034	-0.015935065852931994
hard	ENSG00000162923	15213.0	148093.0	0.06685520628772122	0.027106489422369158
hard	ENSG00000047056	5376.0	53695.0	0.07462026749698994	0.061581033838109374
hard	ENSG00000196363	11794.0	54194.0	0.01707033901170029	0.005452892747048943
hard	ENSG00000120314	2837.0	25266.0	-0.018314714318835836	0.0012874406043918308
hard	ENSG00000166415	15494.0	58055.0	0.1882414432872982	0.14532130310537836
hard	ENSG00000133316	5422.0	72059.0	0.0661523704087082	0.05720490114740906
hard	ENSG00000116455	4508.0	56674.0	0.09164161084222883	0.08067090625466268
hard	ENSG00000167716	1409.0	16492.0	-0.0539041517612136	-0.03768814959063377
hard	ENSG00000161996	3811.0	28663.0	0.04137190820150113	0.0510206531435563
hard	ENSG00000166483	10375.0	61566.0	0.13394292099957592	0.09350348921551926
hard	ENSG00000103175	1682.0	22284.0	0.3629301785155311	0.23776353692587773
hard	ENSG00000109501	4023.0	18172.0	0.13797153844098187	0.10540308687067795
hard	ENSG00000108379	740.0	18209.0	0.008112935308681232	0.010441326085133575
hard	ENSG00000162552	321.0	1677.0	0.0351391855611553	0.04843207700536608
hard	ENSG00000114251	3344.0	20169.0	0.22854581921542771	0.19191969308334272
hard	ENSG00000116213	4669.0	28781.0	0.043208134151179356	0.03703610266320042
hard	ENSG00000165392	1997.0	12906.0	0.03784552949843884	0.04319933392788224
hard	ENSG00000184937	19315.0	51756.0	0.26528317053754447	0.27678978553891587
hard	ENSG00000113645	6534.0	66909.0	0.09944714495947903	0.09614438479092008
hard	ENSG00000186153	2827.0	479.0	0.04217075464061528	0.032505194998820194
hard	ENSG00000123124	3176.0	33021.0	0.041563979176166825	0.0534535385343143
hard	ENSG00000198373	3074.0	50856.0	0.038212303017874136	0.02961626219200219
hard	ENSG00000018408	19746.0	55263.0	-0.0227919846786206	0.02152803787096841
hard	ENSG00000100219	31163.0	225703.0	0.3101061084097277	0.34567217999253225
hard	ENSG00000173578	139.0	1067.0	0.014915976576843895	0.04202010443556741
hard	ENSG00000158125	597.0	39018.0	0.0451200471998552	0.04965004063509923
hard	ENSG00000101966	22107.0	96330.0	0.0914156516222282	0.1187037421515971
hard	ENSG00000136936	1888.0	34596.0	-0.02309194160203145	-0.0038132733407013385
hard	ENSG00000154767	3579.0	52511.0	0.07789144526402932	0.061485183571363726
hard	ENSG00000108039	6471.0	110236.0	0.09603913800909161	0.05166819673765208
hard	ENSG00000196236	5988.0	41022.0	0.09977618706532192	0.08881237945711899
hard	ENSG00000082898	45728.0	305301.0	0.17926934059048671	0.10624421604803666
hard	ENSG00000124571	11538.0	96546.0	0.10881431852535468	0.07653456162352062
hard	ENSG00000169180	12010.0	95083.0	0.05408189580145639	0.04288940613958191
hard	ENSG00000130227	6346.0	87134.0	0.05948246054691689	0.00784745769649257
hard	ENSG00000143324	44634.0	389552.0	0.2978521001873809	0.2294351529616222
hard	ENSG00000073050	5827.0	117229.0	0.0031678087037409625	0.004338528484801703
hard	ENSG00000196584	1961.0	7762.0	0.04460456887259463	0.04281788909330649
hard	ENSG00000126215	1531.0	17388.0	-0.040125322078950525	-0.02785996444996434
hard	ENSG00000152422	2671.0	8692.0	-0.021813284868112067	0.01418465462473246
hard	ENSG00000079246	31242.0	264147.0	0.10023269922140181	0.14901190418465052
hard	ENSG00000196419	36465.0	445069.0	0.19126345675480633	0.14359856668027254
hard	ENSG00000137693	42051.0	145391.0	0.0356148400983379	0.08844793169016277
hard	ENSG00000176105	20132.0	129255.0	0.1746747828779074	0.11905591541230892
hard	ENSG00000167645	4989.0	16495.0	0.14421542986019356	0.11952965495330002
hard	ENSG00000058799	4067.0	36080.0	0.027690582887765287	0.044743492709566714
hard	ENSG00000145817	7838.0	23891.0	-0.015028414406634511	-0.011846543221501273
hard	ENSG00000250067	1415.0	102856.0	0.015410366609304348	0.006109129564776598
hard	ENSG00000119596	10499.0	267451.0	0.027502648341362325	0.02520269568062094
hard	ENSG00000047188	2550.0	22324.0	0.04635011296630953	0.057212005594465695
hard	ENSG00000149658	8124.0	140142.0	-0.013749151378003626	-0.00624468857604735
hard	ENSG00000185728	17924.0	73048.0	0.18717742784844368	0.14030432376704138
hard	ENSG00000134308	98816.0	647134.0	0.322712680693209	0.20679659363534003
hard	ENSG00000164924	62229.0	769356.0	0.17785110286521838	0.23638599087113338
hard	ENSG00000100811	49204.0	89789.0	0.1756589818354833	0.17480470234258633
hard	ENSG00000163374	7833.0	84289.0	0.0044869006708964584	-0.033120147175484935
hard	ENSG00000115085	147.0	3154.0	0.04600600427121803	0.00791059593734465
hard	ENSG00000232040	1984.0	5149.0	0.08139054329811139	0.06203495128762195
hard	ENSG00000126804	17162.0	141667.0	0.05522805677013472	0.06191758026465777
hard	ENSG00000205189	6711.0	27157.0	0.033581948597882175	0.05844935845992781
hard	ENSG00000173276	2731.0	13527.0	0.06351348817184056	0.0720593979225403
hard	ENSG00000089775	3246.0	28394.0	-0.011548516137576958	0.016506438231027685
hard	ENSG00000185670	1496.0	25604.0	0.06509061831246313	0.059388626399839724
hard	ENSG00000177485	12778.0	23469.0	0.021416938046939882	0.004174650534800679
hard	ENSG00000174282	4233.0	72577.0	0.026301223378854703	0.029938057528724988
hard	ENSG00000184677	1553.0	31346.0	0.01695288032937603	0.0074174131968091795
hard	ENSG00000204859	2418.0	12939.0	0.03950959114552011	0.008850404876791809
hard	ENSG00000168826	989.0	16644.0	0.03780335341687764	0.04694513612033463
hard	ENSG00000104427	758.0	5312.0	0.008331652211444818	0.027807977174950753
hard	ENSG00000163874	1157.0	29806.0	0.0657424210118626	0.08174997165111993
hard	ENSG00000178199	216.0	1216.0	0.019775582393061014	0.0324261326074456
hard	ENSG00000158545	3349.0	63191.0	0.08524218467254668	0.026831613609732456
hard	ENSG00000122299	6499.0	15016.0	0.04954232089032209	0.03965774444443253
hard	ENSG00000146858	221.0	132017.0	0.03557618788412205	0.03161506141110407
hard	ENSG00000126970	690.0	8981.0	0.05348851603843541	0.015899332101246604
hard	ENSG00000155329	3091.0	12360.0	0.03637944971520107	0.04091729517019546
hard	ENSG00000121766	4422.0	46184.0	0.02441286164294255	0.01441535158106511
hard	ENSG00000141664	2653.0	26282.0	0.03497862800260674	0.04856339368962928
hard	ENSG00000247315	13615.0	14892.0	0.059249594265398414	0.06643369134870414
hard	ENSG00000033030	6708.0	57295.0	0.0006963248301846102	0.03985371774655249
hard	ENSG00000186908	5648.0	28025.0	-0.017062108891728395	-0.017610527296629472
hard	ENSG00000148516	1159.0	5411.0	0.16075585396498804	0.15194668496802788
hard	ENSG00000169554	1265.0	7716.0	0.19325058155125108	0.12350970301000523
hard	ENSG00000160445	5822.0	29856.0	0.013217063163390724	-0.003385493464501708
hard	ENSG00000107372	28392.0	158534.0	0.007264077760132522	0.05563580742317146
hard	ENSG00000066827	1586.0	32215.0	0.048715485126052914	0.05078031750446517
hard	ENSG00000140836	8219.0	24723.0	-0.007334966344400667	0.059051217163864154
hard	ENSG00000162300	4213.0	54959.0	0.02622865066063875	0.010066001756135545
hard	ENSG00000005889	4857.0	45447.0	0.0733052974463708	0.04280476207257999
hard	ENSG00000165861	2437.0	44437.0	0.06715349212765748	0.08929537518990042
hard	ENSG00000100711	8139.0	60868.0	0.028395216948217013	0.03573525812263158
hard	ENSG00000072121	2886.0	49892.0	0.019699483717534237	0.019405254610694093
hard	ENSG00000138658	1418.0	14217.0	0.009726985749852111	0.021207314477199243
hard	ENSG00000174306	2195.0	5862.0	0.0006691269340918073	7.935269686358399e-06
hard	ENSG00000043355	6254.0	15018.0	0.10723081899024726	0.12509371632232286
hard	ENSG00000174963	3799.0	13464.0	0.162478168233016	0.1690266390957571
hard	ENSG00000108175	22157.0	92750.0	0.1086131488528857	0.14880020496792182
hard	ENSG00000122515	7230.0	243274.0	0.0879499670733627	0.09303993205233968
hard	ENSG00000084073	13021.0	78673.0	0.1525540872102603	0.10540196189155011
hard	ENSG00000197056	7198.0	64314.0	0.13768971344337586	0.061091429365259305
hard	ENSG00000147130	9563.0	123927.0	-0.004798527472690835	-0.02491115094725212
hard	ENSG00000004838	2173.0	20034.0	0.20642047890511817	0.22120083735189308
hard	ENSG00000165724	6311.0	57831.0	0.08000644474628553	0.053324023885721286
hard	ENSG00000103994	4275.0	82472.0	0.06628976540635051	0.05449487686501291
hard	ENSG00000115568	1358.0	32476.0	-0.039499297948935	-0.025804450386394243
hard	ENSG00000197279	2015.0	20497.0	0.016771503173619782	0.03281618757832604
hard	ENSG00000188629	2881.0	27872.0	0.06954557071682581	0.048145861557833215
hard	ENSG00000167840	2068.0	26434.0	0.03306866347493547	0.01790352491335412
hard	ENSG00000056277	1450.0	8797.0	-0.049467220044797505	-0.0213045694537039
hard	ENSG00000162702	5582.0	35420.0	-0.003262372641755537	-2.552725946866249e-05
hard	ENSG00000162664	10294.0	77223.0	0.12645825680441855	0.04437688721304344
hard	ENSG00000131061	2036.0	32965.0	-0.03804530554984732	-0.023605810763649843
hard	ENSG00000113761	1260.0	29651.0	0.03177214816863364	0.034898060028001165
hard	ENSG00000186918	3361.0	10903.0	0.039588458278324676	0.04482256245250718
hard	ENSG00000175213	1753.0	17410.0	-0.01760555101695898	-0.01662702769903322
hard	ENSG00000119725	8580.0	126265.0	0.10865087968050861	0.08710804882376354
hard	ENSG00000173275	1164.0	15006.0	0.17075371521362998	0.174596270988251
hard	ENSG00000112200	13072.0	146346.0	0.10540996001676944	0.04334122267936642
hard	ENSG00000225614	713.0	14014.0	0.10694354269666499	0.06394918870897709
hard	ENSG00000243943	4672.0	121199.0	-0.009057788828883171	-0.02460184977311251
hard	ENSG00000166716	4686.0	117420.0	-0.008581553915863092	0.006730682252696544
hard	ENSG00000168916	3481.0	53207.0	0.07172512473624329	0.064711469819979
hard	ENSG00000121864	9865.0	52822.0	0.12168976770387366	0.100430207059256
hard	ENSG00000143373	2963.0	119662.0	-0.007180183034689798	-0.010958477359845103
hard	ENSG00000065029	14028.0	128268.0	0.06786476864247384	0.026798418028674897
hard	ENSG00000169957	6938.0	127983.0	-0.006640586882978947	-0.008740680702159854
hard	ENSG00000278129	675.0	4874.0	0.0647759113444959	0.054105553723627145
hard	ENSG00000170396	135.0	195.0	0.011568630010366864	0.05153840169354606
hard	ENSG00000151612	4677.0	73958.0	-0.009961975200526028	0.037843895302153846
hard	ENSG00000185869	1160.0	9521.0	0.026546703449229644	0.06614711498458668
hard	ENSG00000109917	6003.0	61564.0	0.06907185018275458	0.07794936730036406
hard	ENSG00000152467	442.0	287.0	0.011779836851111511	0.03559574710002129
hard	ENSG00000158691	3176.0	42127.0	0.04696933809825677	0.044552472811487796
hard	ENSG00000196812	1803.0	27450.0	0.025993494406985646	0.008651086579967902
hard	ENSG00000121903	1164.0	37780.0	0.018819107689581886	0.042270721920907396
hard	ENSG00000197062	1858.0	35976.0	-0.022614864053257036	-0.0043650346937451
hard	ENSG00000130449	4420.0	9994.0	-0.0017468120870008444	-0.020297898059166652
hard	ENSG00000153975	4412.0	43301.0	0.07590431736830508	0.04964663883567786
hard	ENSG00000162378	17093.0	43629.0	0.11484312991223511	0.0930754699819597
hard	ENSG00000159840	15199.0	198514.0	0.10348963731776745	0.12962533092115602
