patch_index	patch_x	patch_y	x_start_um	y_start_um	visium_tissue_bin_count	xenium_cell_count	xenium_clustered_cell_count	in_comparison_cohort
0	-3	43	-384.0	5504.0	0	1	0	0
1	-3	46	-384.0	5888.0	0	1	0	0
2	-3	48	-384.0	6144.0	0	1	0	0
3	-2	6	-256.0	768.0	0	0	0	0
4	-2	7	-256.0	896.0	0	0	0	0
5	-2	8	-256.0	1024.0	0	0	0	0
6	-2	9	-256.0	1152.0	0	0	0	0
7	-2	10	-256.0	1280.0	0	0	0	0
8	-2	11	-256.0	1408.0	0	0	0	0
9	-2	12	-256.0	1536.0	0	0	0	0
10	-2	13	-256.0	1664.0	0	0	0	0
11	-2	14	-256.0	1792.0	0	0	0	0
12	-2	15	-256.0	1920.0	0	0	0	0
13	-2	16	-256.0	2048.0	0	0	0	0
14	-2	17	-256.0	2176.0	0	0	0	0
15	-2	18	-256.0	2304.0	0	0	0	0
16	-2	19	-256.0	2432.0	0	0	0	0
17	-2	20	-256.0	2560.0	0	0	0	0
18	-2	21	-256.0	2688.0	0	0	0	0
19	-2	22	-256.0	2816.0	0	0	0	0
20	-2	23	-256.0	2944.0	0	0	0	0
21	-2	24	-256.0	3072.0	0	0	0	0
22	-2	25	-256.0	3200.0	0	0	0	0
23	-2	26	-256.0	3328.0	0	0	0	0
24	-2	27	-256.0	3456.0	0	0	0	0
25	-2	28	-256.0	3584.0	0	0	0	0
26	-2	29	-256.0	3712.0	0	0	0	0
27	-2	30	-256.0	3840.0	0	0	0	0
28	-2	31	-256.0	3968.0	0	0	0	0
29	-2	32	-256.0	4096.0	0	0	0	0
30	-2	33	-256.0	4224.0	0	0	0	0
31	-2	34	-256.0	4352.0	0	0	0	0
32	-2	35	-256.0	4480.0	0	0	0	0
33	-2	36	-256.0	4608.0	0	0	0	0
34	-2	37	-256.0	4736.0	0	0	0	0
35	-2	38	-256.0	4864.0	0	0	0	0
36	-2	39	-256.0	4992.0	0	0	0	0
37	-2	40	-256.0	5120.0	0	1	0	0
38	-2	41	-256.0	5248.0	0	3	3	0
39	-2	42	-256.0	5376.0	0	0	0	0
40	-2	43	-256.0	5504.0	0	2	2	0
41	-2	44	-256.0	5632.0	0	0	0	0
42	-2	45	-256.0	5760.0	0	0	0	0
43	-2	46	-256.0	5888.0	0	0	0	0
44	-2	47	-256.0	6016.0	0	1	1	0
45	-2	48	-256.0	6144.0	0	0	0	0
46	-2	49	-256.0	6272.0	0	0	0	0
47	-2	50	-256.0	6400.0	0	2	0	0
48	-2	51	-256.0	6528.0	0	0	0	0
49	-2	52	-256.0	6656.0	0	0	0	0
50	-2	53	-256.0	6784.0	0	0	0	0
51	-2	54	-256.0	6912.0	0	0	0	0
52	-2	55	-256.0	7040.0	0	0	0	0
53	-2	56	-256.0	7168.0	0	0	0	0
54	-2	57	-256.0	7296.0	0	0	0	0
55	-2	58	-256.0	7424.0	0	0	0	0
56	-1	6	-128.0	768.0	0	0	0	0
57	-1	7	-128.0	896.0	0	0	0	0
58	-1	8	-128.0	1024.0	0	0	0	0
59	-1	9	-128.0	1152.0	0	0	0	0
60	-1	10	-128.0	1280.0	0	0	0	0
61	-1	11	-128.0	1408.0	0	0	0	0
62	-1	12	-128.0	1536.0	0	0	0	0
63	-1	13	-128.0	1664.0	0	0	0	0
64	-1	14	-128.0	1792.0	0	0	0	0
65	-1	15	-128.0	1920.0	0	0	0	0
66	-1	16	-128.0	2048.0	0	0	0	0
67	-1	17	-128.0	2176.0	0	0	0	0
68	-1	18	-128.0	2304.0	0	0	0	0
69	-1	19	-128.0	2432.0	0	0	0	0
70	-1	20	-128.0	2560.0	0	0	0	0
71	-1	21	-128.0	2688.0	0	0	0	0
72	-1	22	-128.0	2816.0	0	0	0	0
73	-1	23	-128.0	2944.0	0	0	0	0
74	-1	24	-128.0	3072.0	0	0	0	0
75	-1	25	-128.0	3200.0	0	0	0	0
76	-1	26	-128.0	3328.0	0	0	0	0
77	-1	27	-128.0	3456.0	0	0	0	0
78	-1	28	-128.0	3584.0	0	0	0	0
79	-1	29	-128.0	3712.0	0	0	0	0
80	-1	30	-128.0	3840.0	0	0	0	0
81	-1	31	-128.0	3968.0	0	0	0	0
82	-1	32	-128.0	4096.0	0	0	0	0
83	-1	33	-128.0	4224.0	0	0	0	0
84	-1	34	-128.0	4352.0	0	0	0	0
85	-1	35	-128.0	4480.0	0	0	0	0
86	-1	36	-128.0	4608.0	0	0	0	0
87	-1	37	-128.0	4736.0	0	1	1	0
88	-1	38	-128.0	4864.0	0	0	0	0
89	-1	39	-128.0	4992.0	0	2	2	0
90	-1	40	-128.0	5120.0	0	1	1	0
91	-1	41	-128.0	5248.0	0	4	4	0
92	-1	42	-128.0	5376.0	0	6	6	0
93	-1	43	-128.0	5504.0	0	7	6	0
94	-1	44	-128.0	5632.0	0	1	1	0
95	-1	45	-128.0	5760.0	0	4	3	0
96	-1	46	-128.0	5888.0	0	6	6	0
97	-1	47	-128.0	6016.0	0	3	3	0
98	-1	48	-128.0	6144.0	0	3	3	0
99	-1	49	-128.0	6272.0	0	0	0	0
100	-1	50	-128.0	6400.0	0	3	3	0
101	-1	51	-128.0	6528.0	0	0	0	0
102	-1	52	-128.0	6656.0	0	0	0	0
103	-1	53	-128.0	6784.0	0	0	0	0
104	-1	54	-128.0	6912.0	0	0	0	0
105	-1	55	-128.0	7040.0	0	0	0	0
106	-1	56	-128.0	7168.0	0	0	0	0
107	-1	57	-128.0	7296.0	0	0	0	0
108	-1	58	-128.0	7424.0	0	0	0	0
109	0	6	0.0	768.0	0	0	0	0
110	0	7	0.0	896.0	0	0	0	0
111	0	8	0.0	1024.0	0	0	0	0
112	0	9	0.0	1152.0	0	0	0	0
113	0	10	0.0	1280.0	0	0	0	0
114	0	11	0.0	1408.0	0	0	0	0
115	0	12	0.0	1536.0	0	0	0	0
116	0	13	0.0	1664.0	0	0	0	0
117	0	14	0.0	1792.0	0	0	0	0
118	0	15	0.0	1920.0	0	0	0	0
119	0	16	0.0	2048.0	0	0	0	0
120	0	17	0.0	2176.0	0	0	0	0
121	0	18	0.0	2304.0	0	0	0	0
122	0	19	0.0	2432.0	0	0	0	0
123	0	20	0.0	2560.0	0	0	0	0
124	0	21	0.0	2688.0	0	0	0	0
125	0	22	0.0	2816.0	0	0	0	0
126	0	23	0.0	2944.0	0	0	0	0
127	0	24	0.0	3072.0	0	0	0	0
128	0	25	0.0	3200.0	4	0	0	0
129	0	26	0.0	3328.0	0	0	0	0
130	0	27	0.0	3456.0	0	0	0	0
131	0	28	0.0	3584.0	0	0	0	0
132	0	29	0.0	3712.0	0	0	0	0
133	0	30	0.0	3840.0	0	0	0	0
134	0	31	0.0	3968.0	0	0	0	0
135	0	32	0.0	4096.0	0	0	0	0
136	0	33	0.0	4224.0	0	0	0	0
137	0	34	0.0	4352.0	0	0	0	0
138	0	35	0.0	4480.0	0	0	0	0
139	0	36	0.0	4608.0	0	0	0	0
140	0	37	0.0	4736.0	0	4	4	0
141	0	38	0.0	4864.0	0	4	4	0
142	0	39	0.0	4992.0	2	6	4	0
143	0	40	0.0	5120.0	13	4	4	0
144	0	41	0.0	5248.0	0	4	2	0
145	0	42	0.0	5376.0	0	5	5	0
146	0	43	0.0	5504.0	2	2	2	0
147	0	44	0.0	5632.0	9	19	19	0
148	0	45	0.0	5760.0	18	4	4	0
149	0	46	0.0	5888.0	5	2	2	0
150	0	47	0.0	6016.0	6	2	2	0
151	0	48	0.0	6144.0	10	8	7	0
152	0	49	0.0	6272.0	8	3	3	0
153	0	50	0.0	6400.0	0	0	0	0
154	0	51	0.0	6528.0	0	1	1	0
155	0	52	0.0	6656.0	0	1	1	0
156	0	53	0.0	6784.0	0	0	0	0
157	0	54	0.0	6912.0	0	0	0	0
158	0	55	0.0	7040.0	0	0	0	0
159	0	56	0.0	7168.0	0	0	0	0
160	0	57	0.0	7296.0	0	0	0	0
161	0	58	0.0	7424.0	0	0	0	0
162	1	6	128.0	768.0	0	0	0	0
163	1	7	128.0	896.0	0	0	0	0
164	1	8	128.0	1024.0	0	0	0	0
165	1	9	128.0	1152.0	0	0	0	0
166	1	10	128.0	1280.0	0	0	0	0
167	1	11	128.0	1408.0	0	0	0	0
168	1	12	128.0	1536.0	0	0	0	0
169	1	13	128.0	1664.0	0	0	0	0
170	1	14	128.0	1792.0	0	0	0	0
171	1	15	128.0	1920.0	0	0	0	0
172	1	16	128.0	2048.0	0	0	0	0
173	1	17	128.0	2176.0	0	0	0	0
174	1	18	128.0	2304.0	0	0	0	0
175	1	19	128.0	2432.0	0	0	0	0
176	1	20	128.0	2560.0	0	0	0	0
177	1	21	128.0	2688.0	0	0	0	0
178	1	22	128.0	2816.0	0	0	0	0
179	1	23	128.0	2944.0	0	0	0	0
180	1	24	128.0	3072.0	0	0	0	0
181	1	25	128.0	3200.0	0	0	0	0
182	1	26	128.0	3328.0	0	0	0	0
183	1	27	128.0	3456.0	0	0	0	0
184	1	28	128.0	3584.0	0	0	0	0
185	1	29	128.0	3712.0	0	0	0	0
186	1	30	128.0	3840.0	0	0	0	0
187	1	31	128.0	3968.0	0	0	0	0
188	1	32	128.0	4096.0	0	0	0	0
189	1	33	128.0	4224.0	0	0	0	0
190	1	34	128.0	4352.0	0	0	0	0
191	1	35	128.0	4480.0	0	0	0	0
192	1	36	128.0	4608.0	0	1	1	0
193	1	37	128.0	4736.0	9	11	11	0
194	1	38	128.0	4864.0	41	42	42	1
195	1	39	128.0	4992.0	62	111	111	1
196	1	40	128.0	5120.0	64	90	90	1
197	1	41	128.0	5248.0	64	89	89	1
198	1	42	128.0	5376.0	64	87	87	1
199	1	43	128.0	5504.0	64	101	101	1
200	1	44	128.0	5632.0	64	126	126	1
201	1	45	128.0	5760.0	64	182	182	1
202	1	46	128.0	5888.0	62	69	69	1
203	1	47	128.0	6016.0	64	2	2	0
204	1	48	128.0	6144.0	64	1	1	0
205	1	49	128.0	6272.0	62	6	6	0
206	1	50	128.0	6400.0	23	0	0	0
207	1	51	128.0	6528.0	0	0	0	0
208	1	52	128.0	6656.0	8	2	2	0
209	1	53	128.0	6784.0	0	0	0	0
210	1	54	128.0	6912.0	0	0	0	0
211	1	55	128.0	7040.0	0	0	0	0
212	1	56	128.0	7168.0	0	0	0	0
213	1	57	128.0	7296.0	0	0	0	0
214	1	58	128.0	7424.0	0	0	0	0
215	2	6	256.0	768.0	0	0	0	0
216	2	7	256.0	896.0	0	0	0	0
217	2	8	256.0	1024.0	0	0	0	0
218	2	9	256.0	1152.0	0	0	0	0
219	2	10	256.0	1280.0	0	0	0	0
220	2	11	256.0	1408.0	0	0	0	0
221	2	12	256.0	1536.0	0	0	0	0
222	2	13	256.0	1664.0	0	0	0	0
223	2	14	256.0	1792.0	0	0	0	0
224	2	15	256.0	1920.0	0	0	0	0
225	2	16	256.0	2048.0	0	0	0	0
226	2	17	256.0	2176.0	0	0	0	0
227	2	18	256.0	2304.0	0	0	0	0
228	2	19	256.0	2432.0	0	0	0	0
229	2	20	256.0	2560.0	0	0	0	0
230	2	21	256.0	2688.0	0	0	0	0
231	2	22	256.0	2816.0	0	0	0	0
232	2	23	256.0	2944.0	0	0	0	0
233	2	24	256.0	3072.0	0	0	0	0
234	2	25	256.0	3200.0	0	0	0	0
235	2	26	256.0	3328.0	0	0	0	0
236	2	27	256.0	3456.0	0	0	0	0
237	2	28	256.0	3584.0	0	0	0	0
238	2	29	256.0	3712.0	0	0	0	0
239	2	30	256.0	3840.0	0	0	0	0
240	2	31	256.0	3968.0	0	0	0	0
241	2	32	256.0	4096.0	0	1	1	0
242	2	33	256.0	4224.0	4	0	0	0
243	2	34	256.0	4352.0	15	5	5	0
244	2	35	256.0	4480.0	37	32	32	1
245	2	36	256.0	4608.0	52	73	73	1
246	2	37	256.0	4736.0	63	130	130	1
247	2	38	256.0	4864.0	64	123	123	1
248	2	39	256.0	4992.0	61	58	58	1
249	2	40	256.0	5120.0	64	73	73	1
250	2	41	256.0	5248.0	64	45	45	1
251	2	42	256.0	5376.0	64	111	111	1
252	2	43	256.0	5504.0	64	80	80	1
253	2	44	256.0	5632.0	64	3	3	0
254	2	45	256.0	5760.0	64	51	51	1
255	2	46	256.0	5888.0	64	131	131	1
256	2	47	256.0	6016.0	64	99	99	1
257	2	48	256.0	6144.0	64	81	81	1
258	2	49	256.0	6272.0	64	106	106	1
259	2	50	256.0	6400.0	64	20	20	1
260	2	51	256.0	6528.0	46	5	5	0
261	2	52	256.0	6656.0	26	0	0	0
262	2	53	256.0	6784.0	0	0	0	0
263	2	54	256.0	6912.0	0	0	0	0
264	2	55	256.0	7040.0	0	0	0	0
265	2	56	256.0	7168.0	0	0	0	0
266	2	57	256.0	7296.0	0	0	0	0
267	2	58	256.0	7424.0	0	0	0	0
268	3	6	384.0	768.0	5	0	0	0
269	3	7	384.0	896.0	0	0	0	0
270	3	8	384.0	1024.0	0	0	0	0
271	3	9	384.0	1152.0	0	0	0	0
272	3	10	384.0	1280.0	0	0	0	0
273	3	11	384.0	1408.0	0	0	0	0
274	3	12	384.0	1536.0	0	0	0	0
275	3	13	384.0	1664.0	0	0	0	0
276	3	14	384.0	1792.0	0	0	0	0
277	3	15	384.0	1920.0	0	0	0	0
278	3	16	384.0	2048.0	0	0	0	0
279	3	17	384.0	2176.0	0	0	0	0
280	3	18	384.0	2304.0	0	0	0	0
281	3	19	384.0	2432.0	0	0	0	0
282	3	20	384.0	2560.0	0	0	0	0
283	3	21	384.0	2688.0	0	0	0	0
284	3	22	384.0	2816.0	0	0	0	0
285	3	23	384.0	2944.0	0	0	0	0
286	3	24	384.0	3072.0	0	0	0	0
287	3	25	384.0	3200.0	0	0	0	0
288	3	26	384.0	3328.0	0	0	0	0
289	3	27	384.0	3456.0	0	0	0	0
290	3	28	384.0	3584.0	0	2	2	0
291	3	29	384.0	3712.0	0	0	0	0
292	3	30	384.0	3840.0	0	1	1	0
293	3	31	384.0	3968.0	1	1	1	0
294	3	32	384.0	4096.0	16	14	14	1
295	3	33	384.0	4224.0	58	86	86	1
296	3	34	384.0	4352.0	64	136	136	1
297	3	35	384.0	4480.0	64	162	162	1
298	3	36	384.0	4608.0	64	166	166	1
299	3	37	384.0	4736.0	64	107	107	1
300	3	38	384.0	4864.0	64	51	51	1
301	3	39	384.0	4992.0	18	8	8	0
302	3	40	384.0	5120.0	35	49	49	1
303	3	41	384.0	5248.0	64	33	33	1
304	3	42	384.0	5376.0	64	78	78	1
305	3	43	384.0	5504.0	64	63	63	1
306	3	44	384.0	5632.0	64	5	5	0
307	3	45	384.0	5760.0	59	2	2	0
308	3	46	384.0	5888.0	18	30	30	1
309	3	47	384.0	6016.0	56	115	115	1
310	3	48	384.0	6144.0	64	144	144	1
311	3	49	384.0	6272.0	64	161	161	1
312	3	50	384.0	6400.0	59	159	159	1
313	3	51	384.0	6528.0	48	38	38	1
314	3	52	384.0	6656.0	31	0	0	0
315	3	53	384.0	6784.0	6	0	0	0
316	3	54	384.0	6912.0	0	0	0	0
317	3	55	384.0	7040.0	0	0	0	0
318	3	56	384.0	7168.0	0	0	0	0
319	3	57	384.0	7296.0	0	0	0	0
320	3	58	384.0	7424.0	0	0	0	0
321	4	6	512.0	768.0	0	0	0	0
322	4	7	512.0	896.0	0	0	0	0
323	4	8	512.0	1024.0	0	0	0	0
324	4	9	512.0	1152.0	0	0	0	0
325	4	10	512.0	1280.0	0	0	0	0
326	4	11	512.0	1408.0	0	0	0	0
327	4	12	512.0	1536.0	0	0	0	0
328	4	13	512.0	1664.0	0	0	0	0
329	4	14	512.0	1792.0	0	0	0	0
330	4	15	512.0	1920.0	0	0	0	0
331	4	16	512.0	2048.0	0	0	0	0
332	4	17	512.0	2176.0	0	0	0	0
333	4	18	512.0	2304.0	9	0	0	0
334	4	19	512.0	2432.0	0	0	0	0
335	4	20	512.0	2560.0	9	0	0	0
336	4	21	512.0	2688.0	0	0	0	0
337	4	22	512.0	2816.0	0	0	0	0
338	4	23	512.0	2944.0	0	1	0	0
339	4	24	512.0	3072.0	0	1	0	0
340	4	25	512.0	3200.0	0	0	0	0
341	4	26	512.0	3328.0	0	0	0	0
342	4	27	512.0	3456.0	0	4	4	0
343	4	28	512.0	3584.0	7	25	25	0
344	4	29	512.0	3712.0	31	87	87	1
345	4	30	512.0	3840.0	35	102	102	1
346	4	31	512.0	3968.0	54	119	119	1
347	4	32	512.0	4096.0	64	186	186	1
348	4	33	512.0	4224.0	64	184	184	1
349	4	34	512.0	4352.0	64	142	142	1
350	4	35	512.0	4480.0	64	67	67	1
351	4	36	512.0	4608.0	64	117	117	1
352	4	37	512.0	4736.0	64	110	110	1
353	4	38	512.0	4864.0	45	69	69	1
354	4	39	512.0	4992.0	18	5	5	0
355	4	40	512.0	5120.0	32	17	17	1
356	4	41	512.0	5248.0	61	49	49	1
357	4	42	512.0	5376.0	64	39	39	1
358	4	43	512.0	5504.0	64	89	89	1
359	4	44	512.0	5632.0	58	98	98	1
360	4	45	512.0	5760.0	6	1	1	0
361	4	46	512.0	5888.0	0	2	2	0
362	4	47	512.0	6016.0	41	51	51	1
363	4	48	512.0	6144.0	63	118	118	1
364	4	49	512.0	6272.0	64	155	155	1
365	4	50	512.0	6400.0	59	176	176	1
366	4	51	512.0	6528.0	27	171	171	1
367	4	52	512.0	6656.0	13	16	16	0
368	4	53	512.0	6784.0	5	0	0	0
369	4	54	512.0	6912.0	0	0	0	0
370	4	55	512.0	7040.0	0	0	0	0
371	4	56	512.0	7168.0	0	0	0	0
372	4	57	512.0	7296.0	0	0	0	0
373	4	58	512.0	7424.0	0	0	0	0
374	5	6	640.0	768.0	0	0	0	0
375	5	7	640.0	896.0	0	0	0	0
376	5	8	640.0	1024.0	0	0	0	0
377	5	9	640.0	1152.0	0	0	0	0
378	5	10	640.0	1280.0	0	0	0	0
379	5	11	640.0	1408.0	0	0	0	0
380	5	12	640.0	1536.0	0	0	0	0
381	5	13	640.0	1664.0	0	0	0	0
382	5	14	640.0	1792.0	0	0	0	0
383	5	15	640.0	1920.0	0	0	0	0
384	5	16	640.0	2048.0	0	0	0	0
385	5	17	640.0	2176.0	0	0	0	0
386	5	18	640.0	2304.0	6	0	0	0
387	5	19	640.0	2432.0	0	0	0	0
388	5	20	640.0	2560.0	0	0	0	0
389	5	21	640.0	2688.0	0	0	0	0
390	5	22	640.0	2816.0	0	0	0	0
391	5	23	640.0	2944.0	0	0	0	0
392	5	24	640.0	3072.0	0	0	0	0
393	5	25	640.0	3200.0	0	0	0	0
394	5	26	640.0	3328.0	5	25	25	0
395	5	27	640.0	3456.0	30	81	81	1
396	5	28	640.0	3584.0	61	178	178	1
397	5	29	640.0	3712.0	64	120	120	1
398	5	30	640.0	3840.0	64	124	124	1
399	5	31	640.0	3968.0	64	83	83	1
400	5	32	640.0	4096.0	64	94	94	1
401	5	33	640.0	4224.0	64	27	27	1
402	5	34	640.0	4352.0	64	101	101	1
403	5	35	640.0	4480.0	64	99	99	1
404	5	36	640.0	4608.0	64	134	134	1
405	5	37	640.0	4736.0	64	108	108	1
406	5	38	640.0	4864.0	64	101	101	1
407	5	39	640.0	4992.0	64	106	106	1
408	5	40	640.0	5120.0	64	79	79	1
409	5	41	640.0	5248.0	64	129	129	1
410	5	42	640.0	5376.0	64	78	78	1
411	5	43	640.0	5504.0	64	18	18	1
412	5	44	640.0	5632.0	39	109	109	1
413	5	45	640.0	5760.0	0	114	114	0
414	5	46	640.0	5888.0	0	44	44	0
415	5	47	640.0	6016.0	39	155	155	1
416	5	48	640.0	6144.0	64	122	122	1
417	5	49	640.0	6272.0	64	130	130	1
418	5	50	640.0	6400.0	64	159	159	1
419	5	51	640.0	6528.0	64	172	172	1
420	5	52	640.0	6656.0	64	56	56	1
421	5	53	640.0	6784.0	46	0	0	0
422	5	54	640.0	6912.0	0	1	1	0
423	5	55	640.0	7040.0	0	0	0	0
424	5	56	640.0	7168.0	0	0	0	0
425	5	57	640.0	7296.0	0	0	0	0
426	5	58	640.0	7424.0	0	0	0	0
427	6	6	768.0	768.0	0	0	0	0
428	6	7	768.0	896.0	0	0	0	0
429	6	8	768.0	1024.0	0	0	0	0
430	6	9	768.0	1152.0	0	0	0	0
431	6	10	768.0	1280.0	0	0	0	0
432	6	11	768.0	1408.0	0	0	0	0
433	6	12	768.0	1536.0	0	0	0	0
434	6	13	768.0	1664.0	0	0	0	0
435	6	14	768.0	1792.0	0	0	0	0
436	6	15	768.0	1920.0	0	0	0	0
437	6	16	768.0	2048.0	0	0	0	0
438	6	17	768.0	2176.0	0	0	0	0
439	6	18	768.0	2304.0	5	0	0	0
440	6	19	768.0	2432.0	0	0	0	0
441	6	20	768.0	2560.0	0	0	0	0
442	6	21	768.0	2688.0	0	0	0	0
443	6	22	768.0	2816.0	0	1	1	0
444	6	23	768.0	2944.0	0	1	0	0
445	6	24	768.0	3072.0	0	1	1	0
446	6	25	768.0	3200.0	4	35	35	0
447	6	26	768.0	3328.0	56	130	129	1
448	6	27	768.0	3456.0	64	123	123	1
449	6	28	768.0	3584.0	64	94	94	1
450	6	29	768.0	3712.0	64	119	119	1
451	6	30	768.0	3840.0	64	114	114	1
452	6	31	768.0	3968.0	64	67	67	1
453	6	32	768.0	4096.0	64	105	105	1
454	6	33	768.0	4224.0	64	180	180	1
455	6	34	768.0	4352.0	64	104	104	1
456	6	35	768.0	4480.0	64	55	55	1
457	6	36	768.0	4608.0	60	84	84	1
458	6	37	768.0	4736.0	45	17	17	1
459	6	38	768.0	4864.0	29	13	13	1
460	6	39	768.0	4992.0	14	43	43	0
461	6	40	768.0	5120.0	28	113	113	1
462	6	41	768.0	5248.0	63	69	69	1
463	6	42	768.0	5376.0	64	115	115	1
464	6	43	768.0	5504.0	64	137	137	1
465	6	44	768.0	5632.0	52	96	96	1
466	6	45	768.0	5760.0	35	34	34	1
467	6	46	768.0	5888.0	31	163	163	1
468	6	47	768.0	6016.0	51	122	122	1
469	6	48	768.0	6144.0	64	102	102	1
470	6	49	768.0	6272.0	64	89	89	1
471	6	50	768.0	6400.0	64	161	161	1
472	6	51	768.0	6528.0	64	113	113	1
473	6	52	768.0	6656.0	64	117	117	1
474	6	53	768.0	6784.0	64	1	1	0
475	6	54	768.0	6912.0	1	2	2	0
476	6	55	768.0	7040.0	0	0	0	0
477	6	56	768.0	7168.0	0	0	0	0
478	6	57	768.0	7296.0	0	0	0	0
479	6	58	768.0	7424.0	0	0	0	0
480	7	6	896.0	768.0	0	0	0	0
481	7	7	896.0	896.0	0	0	0	0
482	7	8	896.0	1024.0	0	0	0	0
483	7	9	896.0	1152.0	0	0	0	0
484	7	10	896.0	1280.0	0	0	0	0
485	7	11	896.0	1408.0	0	0	0	0
486	7	12	896.0	1536.0	0	0	0	0
487	7	13	896.0	1664.0	0	0	0	0
488	7	14	896.0	1792.0	0	0	0	0
489	7	15	896.0	1920.0	0	0	0	0
490	7	16	896.0	2048.0	0	0	0	0
491	7	17	896.0	2176.0	0	0	0	0
492	7	18	896.0	2304.0	0	0	0	0
493	7	19	896.0	2432.0	0	0	0	0
494	7	20	896.0	2560.0	0	0	0	0
495	7	21	896.0	2688.0	0	0	0	0
496	7	22	896.0	2816.0	0	0	0	0
497	7	23	896.0	2944.0	0	5	5	0
498	7	24	896.0	3072.0	22	74	74	1
499	7	25	896.0	3200.0	55	148	148	1
500	7	26	896.0	3328.0	64	109	109	1
501	7	27	896.0	3456.0	64	67	67	1
502	7	28	896.0	3584.0	64	89	89	1
503	7	29	896.0	3712.0	64	66	66	1
504	7	30	896.0	3840.0	64	141	141	1
505	7	31	896.0	3968.0	64	55	55	1
506	7	32	896.0	4096.0	64	108	108	1
507	7	33	896.0	4224.0	64	136	136	1
508	7	34	896.0	4352.0	64	140	140	1
509	7	35	896.0	4480.0	64	77	77	1
510	7	36	896.0	4608.0	62	40	40	1
511	7	37	896.0	4736.0	3	3	3	0
512	7	38	896.0	4864.0	0	8	8	0
513	7	39	896.0	4992.0	27	91	91	1
514	7	40	896.0	5120.0	40	95	95	1
515	7	41	896.0	5248.0	64	80	80	1
516	7	42	896.0	5376.0	64	130	130	1
517	7	43	896.0	5504.0	64	89	89	1
518	7	44	896.0	5632.0	64	171	171	1
519	7	45	896.0	5760.0	64	55	55	1
520	7	46	896.0	5888.0	51	191	191	1
521	7	47	896.0	6016.0	61	131	131	1
522	7	48	896.0	6144.0	64	90	90	1
523	7	49	896.0	6272.0	64	135	135	1
524	7	50	896.0	6400.0	64	113	113	1
525	7	51	896.0	6528.0	64	126	126	1
526	7	52	896.0	6656.0	64	159	159	1
527	7	53	896.0	6784.0	64	71	71	1
528	7	54	896.0	6912.0	21	1	1	0
529	7	55	896.0	7040.0	0	0	0	0
530	7	56	896.0	7168.0	0	0	0	0
531	7	57	896.0	7296.0	0	0	0	0
532	7	58	896.0	7424.0	0	0	0	0
533	8	6	1024.0	768.0	0	0	0	0
534	8	7	1024.0	896.0	0	0	0	0
535	8	8	1024.0	1024.0	0	0	0	0
536	8	9	1024.0	1152.0	0	0	0	0
537	8	10	1024.0	1280.0	0	0	0	0
538	8	11	1024.0	1408.0	0	0	0	0
539	8	12	1024.0	1536.0	0	0	0	0
540	8	13	1024.0	1664.0	0	0	0	0
541	8	14	1024.0	1792.0	0	0	0	0
542	8	15	1024.0	1920.0	2	0	0	0
543	8	16	1024.0	2048.0	2	0	0	0
544	8	17	1024.0	2176.0	0	0	0	0
545	8	18	1024.0	2304.0	0	0	0	0
546	8	19	1024.0	2432.0	0	0	0	0
547	8	20	1024.0	2560.0	1	0	0	0
548	8	21	1024.0	2688.0	9	0	0	0
549	8	22	1024.0	2816.0	18	17	17	1
550	8	23	1024.0	2944.0	53	123	123	1
551	8	24	1024.0	3072.0	64	136	136	1
552	8	25	1024.0	3200.0	64	111	111	1
553	8	26	1024.0	3328.0	64	115	115	1
554	8	27	1024.0	3456.0	64	44	44	1
555	8	28	1024.0	3584.0	64	114	114	1
556	8	29	1024.0	3712.0	64	162	162	1
557	8	30	1024.0	3840.0	64	117	117	1
558	8	31	1024.0	3968.0	64	83	83	1
559	8	32	1024.0	4096.0	64	107	107	1
560	8	33	1024.0	4224.0	64	113	113	1
561	8	34	1024.0	4352.0	64	91	91	1
562	8	35	1024.0	4480.0	64	146	146	1
563	8	36	1024.0	4608.0	64	86	86	1
564	8	37	1024.0	4736.0	9	17	17	0
565	8	38	1024.0	4864.0	23	71	71	1
566	8	39	1024.0	4992.0	64	78	78	1
567	8	40	1024.0	5120.0	64	99	99	1
568	8	41	1024.0	5248.0	64	57	57	1
569	8	42	1024.0	5376.0	64	94	94	1
570	8	43	1024.0	5504.0	64	100	100	1
571	8	44	1024.0	5632.0	64	95	95	1
572	8	45	1024.0	5760.0	64	111	111	1
573	8	46	1024.0	5888.0	64	182	182	1
574	8	47	1024.0	6016.0	64	82	82	1
575	8	48	1024.0	6144.0	64	81	81	1
576	8	49	1024.0	6272.0	64	136	136	1
577	8	50	1024.0	6400.0	64	65	65	1
578	8	51	1024.0	6528.0	64	106	106	1
579	8	52	1024.0	6656.0	64	140	140	1
580	8	53	1024.0	6784.0	64	112	112	1
581	8	54	1024.0	6912.0	51	2	2	0
582	8	55	1024.0	7040.0	0	0	0	0
583	8	56	1024.0	7168.0	0	0	0	0
584	8	57	1024.0	7296.0	0	0	0	0
585	8	58	1024.0	7424.0	0	0	0	0
586	9	6	1152.0	768.0	0	0	0	0
587	9	7	1152.0	896.0	0	0	0	0
588	9	8	1152.0	1024.0	0	0	0	0
589	9	9	1152.0	1152.0	0	0	0	0
590	9	10	1152.0	1280.0	0	0	0	0
591	9	11	1152.0	1408.0	0	0	0	0
592	9	12	1152.0	1536.0	0	0	0	0
593	9	13	1152.0	1664.0	5	0	0	0
594	9	14	1152.0	1792.0	3	0	0	0
595	9	15	1152.0	1920.0	0	0	0	0
596	9	16	1152.0	2048.0	10	0	0	0
597	9	17	1152.0	2176.0	0	0	0	0
598	9	18	1152.0	2304.0	18	0	0	0
599	9	19	1152.0	2432.0	58	1	0	0
600	9	20	1152.0	2560.0	64	2	2	0
601	9	21	1152.0	2688.0	64	60	60	1
602	9	22	1152.0	2816.0	64	135	135	1
603	9	23	1152.0	2944.0	64	117	117	1
604	9	24	1152.0	3072.0	64	94	94	1
605	9	25	1152.0	3200.0	64	134	134	1
606	9	26	1152.0	3328.0	64	112	112	1
607	9	27	1152.0	3456.0	64	98	98	1
608	9	28	1152.0	3584.0	64	131	131	1
609	9	29	1152.0	3712.0	64	90	90	1
610	9	30	1152.0	3840.0	64	59	59	1
611	9	31	1152.0	3968.0	64	88	88	1
612	9	32	1152.0	4096.0	64	84	84	1
613	9	33	1152.0	4224.0	64	41	41	1
614	9	34	1152.0	4352.0	64	135	135	1
615	9	35	1152.0	4480.0	64	122	122	1
616	9	36	1152.0	4608.0	64	59	59	1
617	9	37	1152.0	4736.0	43	77	77	1
618	9	38	1152.0	4864.0	61	68	68	1
619	9	39	1152.0	4992.0	64	59	59	1
620	9	40	1152.0	5120.0	59	90	90	1
621	9	41	1152.0	5248.0	64	137	137	1
622	9	42	1152.0	5376.0	64	91	91	1
623	9	43	1152.0	5504.0	64	33	33	1
624	9	44	1152.0	5632.0	64	73	73	1
625	9	45	1152.0	5760.0	64	87	87	1
626	9	46	1152.0	5888.0	64	113	113	1
627	9	47	1152.0	6016.0	64	165	165	1
628	9	48	1152.0	6144.0	64	53	53	1
629	9	49	1152.0	6272.0	64	81	81	1
630	9	50	1152.0	6400.0	64	102	102	1
631	9	51	1152.0	6528.0	64	95	95	1
632	9	52	1152.0	6656.0	64	166	166	1
633	9	53	1152.0	6784.0	64	135	135	1
634	9	54	1152.0	6912.0	63	63	63	1
635	9	55	1152.0	7040.0	9	0	0	0
636	9	56	1152.0	7168.0	0	0	0	0
637	9	57	1152.0	7296.0	0	1	1	0
638	9	58	1152.0	7424.0	0	0	0	0
639	10	6	1280.0	768.0	0	0	0	0
640	10	7	1280.0	896.0	0	0	0	0
641	10	8	1280.0	1024.0	0	0	0	0
642	10	9	1280.0	1152.0	0	0	0	0
643	10	10	1280.0	1280.0	0	0	0	0
644	10	11	1280.0	1408.0	0	0	0	0
645	10	12	1280.0	1536.0	4	0	0	0
646	10	13	1280.0	1664.0	8	0	0	0
647	10	14	1280.0	1792.0	3	0	0	0
648	10	15	1280.0	1920.0	0	0	0	0
649	10	16	1280.0	2048.0	20	0	0	0
650	10	17	1280.0	2176.0	36	1	1	0
651	10	18	1280.0	2304.0	63	0	0	0
652	10	19	1280.0	2432.0	64	0	0	0
653	10	20	1280.0	2560.0	64	63	63	1
654	10	21	1280.0	2688.0	64	94	94	1
655	10	22	1280.0	2816.0	64	77	77	1
656	10	23	1280.0	2944.0	64	99	99	1
657	10	24	1280.0	3072.0	64	91	91	1
658	10	25	1280.0	3200.0	64	85	85	1
659	10	26	1280.0	3328.0	64	41	41	1
660	10	27	1280.0	3456.0	64	100	100	1
661	10	28	1280.0	3584.0	64	11	11	1
662	10	29	1280.0	3712.0	64	0	0	0
663	10	30	1280.0	3840.0	64	44	44	1
664	10	31	1280.0	3968.0	64	103	103	1
665	10	32	1280.0	4096.0	64	125	125	1
666	10	33	1280.0	4224.0	64	103	103	1
667	10	34	1280.0	4352.0	64	140	140	1
668	10	35	1280.0	4480.0	64	141	141	1
669	10	36	1280.0	4608.0	64	103	103	1
670	10	37	1280.0	4736.0	64	28	28	1
671	10	38	1280.0	4864.0	64	56	56	1
672	10	39	1280.0	4992.0	41	44	44	1
673	10	40	1280.0	5120.0	43	79	79	1
674	10	41	1280.0	5248.0	64	170	170	1
675	10	42	1280.0	5376.0	64	114	114	1
676	10	43	1280.0	5504.0	64	121	121	1
677	10	44	1280.0	5632.0	64	91	91	1
678	10	45	1280.0	5760.0	64	73	73	1
679	10	46	1280.0	5888.0	64	104	104	1
680	10	47	1280.0	6016.0	64	93	93	1
681	10	48	1280.0	6144.0	64	42	42	1
682	10	49	1280.0	6272.0	64	67	67	1
683	10	50	1280.0	6400.0	64	102	102	1
684	10	51	1280.0	6528.0	64	120	120	1
685	10	52	1280.0	6656.0	64	143	143	1
686	10	53	1280.0	6784.0	64	122	122	1
687	10	54	1280.0	6912.0	64	119	119	1
688	10	55	1280.0	7040.0	33	2	2	0
689	10	56	1280.0	7168.0	0	0	0	0
690	10	57	1280.0	7296.0	0	3	2	0
691	10	58	1280.0	7424.0	0	1	1	0
692	11	6	1408.0	768.0	0	0	0	0
693	11	7	1408.0	896.0	0	0	0	0
694	11	8	1408.0	1024.0	0	0	0	0
695	11	9	1408.0	1152.0	0	0	0	0
696	11	10	1408.0	1280.0	0	0	0	0
697	11	11	1408.0	1408.0	0	0	0	0
698	11	12	1408.0	1536.0	0	0	0	0
699	11	13	1408.0	1664.0	0	0	0	0
700	11	14	1408.0	1792.0	0	0	0	0
701	11	15	1408.0	1920.0	3	0	0	0
702	11	16	1408.0	2048.0	50	0	0	0
703	11	17	1408.0	2176.0	64	0	0	0
704	11	18	1408.0	2304.0	64	4	4	0
705	11	19	1408.0	2432.0	64	82	82	1
706	11	20	1408.0	2560.0	64	84	83	1
707	11	21	1408.0	2688.0	64	55	55	1
708	11	22	1408.0	2816.0	64	92	92	1
709	11	23	1408.0	2944.0	64	106	106	1
710	11	24	1408.0	3072.0	64	82	82	1
711	11	25	1408.0	3200.0	64	67	67	1
712	11	26	1408.0	3328.0	64	117	117	1
713	11	27	1408.0	3456.0	64	123	123	1
714	11	28	1408.0	3584.0	64	78	78	1
715	11	29	1408.0	3712.0	64	63	63	1
716	11	30	1408.0	3840.0	64	109	109	1
717	11	31	1408.0	3968.0	64	113	113	1
718	11	32	1408.0	4096.0	64	84	84	1
719	11	33	1408.0	4224.0	64	143	143	1
720	11	34	1408.0	4352.0	64	114	114	1
721	11	35	1408.0	4480.0	64	125	125	1
722	11	36	1408.0	4608.0	64	108	108	1
723	11	37	1408.0	4736.0	64	65	65	1
724	11	38	1408.0	4864.0	64	19	19	1
725	11	39	1408.0	4992.0	28	16	16	1
726	11	40	1408.0	5120.0	51	31	31	1
727	11	41	1408.0	5248.0	64	51	51	1
728	11	42	1408.0	5376.0	64	0	0	0
729	11	43	1408.0	5504.0	64	79	79	1
730	11	44	1408.0	5632.0	64	82	82	1
731	11	45	1408.0	5760.0	64	36	36	1
732	11	46	1408.0	5888.0	64	64	64	1
733	11	47	1408.0	6016.0	64	96	96	1
734	11	48	1408.0	6144.0	64	105	105	1
735	11	49	1408.0	6272.0	64	100	100	1
736	11	50	1408.0	6400.0	64	80	80	1
737	11	51	1408.0	6528.0	64	134	134	1
738	11	52	1408.0	6656.0	64	97	97	1
739	11	53	1408.0	6784.0	64	98	98	1
740	11	54	1408.0	6912.0	64	149	149	1
741	11	55	1408.0	7040.0	40	80	80	1
742	11	56	1408.0	7168.0	0	2	2	0
743	11	57	1408.0	7296.0	0	1	1	0
744	11	58	1408.0	7424.0	0	0	0	0
745	12	6	1536.0	768.0	0	0	0	0
746	12	7	1536.0	896.0	0	0	0	0
747	12	8	1536.0	1024.0	0	0	0	0
748	12	9	1536.0	1152.0	0	0	0	0
749	12	10	1536.0	1280.0	0	0	0	0
750	12	11	1536.0	1408.0	0	0	0	0
751	12	12	1536.0	1536.0	0	0	0	0
752	12	13	1536.0	1664.0	0	0	0	0
753	12	14	1536.0	1792.0	0	0	0	0
754	12	15	1536.0	1920.0	10	0	0	0
755	12	16	1536.0	2048.0	46	0	0	0
756	12	17	1536.0	2176.0	64	3	3	0
757	12	18	1536.0	2304.0	64	101	101	1
758	12	19	1536.0	2432.0	64	81	81	1
759	12	20	1536.0	2560.0	64	72	72	1
760	12	21	1536.0	2688.0	64	92	92	1
761	12	22	1536.0	2816.0	64	98	98	1
762	12	23	1536.0	2944.0	64	134	134	1
763	12	24	1536.0	3072.0	64	71	71	1
764	12	25	1536.0	3200.0	64	130	130	1
765	12	26	1536.0	3328.0	64	133	133	1
766	12	27	1536.0	3456.0	64	117	117	1
767	12	28	1536.0	3584.0	64	73	73	1
768	12	29	1536.0	3712.0	64	93	93	1
769	12	30	1536.0	3840.0	64	91	91	1
770	12	31	1536.0	3968.0	64	80	80	1
771	12	32	1536.0	4096.0	64	110	110	1
772	12	33	1536.0	4224.0	64	94	94	1
773	12	34	1536.0	4352.0	64	83	83	1
774	12	35	1536.0	4480.0	64	83	83	1
775	12	36	1536.0	4608.0	64	84	84	1
776	12	37	1536.0	4736.0	64	152	152	1
777	12	38	1536.0	4864.0	54	32	32	1
778	12	39	1536.0	4992.0	50	6	6	0
779	12	40	1536.0	5120.0	64	98	98	1
780	12	41	1536.0	5248.0	64	75	75	1
781	12	42	1536.0	5376.0	64	129	129	1
782	12	43	1536.0	5504.0	64	61	60	1
783	12	44	1536.0	5632.0	64	139	139	1
784	12	45	1536.0	5760.0	64	99	99	1
785	12	46	1536.0	5888.0	64	90	90	1
786	12	47	1536.0	6016.0	64	15	15	1
787	12	48	1536.0	6144.0	64	112	112	1
788	12	49	1536.0	6272.0	64	97	97	1
789	12	50	1536.0	6400.0	64	111	111	1
790	12	51	1536.0	6528.0	64	95	95	1
791	12	52	1536.0	6656.0	64	141	141	1
792	12	53	1536.0	6784.0	64	160	160	1
793	12	54	1536.0	6912.0	64	112	112	1
794	12	55	1536.0	7040.0	53	43	43	1
795	12	56	1536.0	7168.0	4	1	1	0
796	12	57	1536.0	7296.0	0	0	0	0
797	12	58	1536.0	7424.0	0	0	0	0
798	13	6	1664.0	768.0	0	0	0	0
799	13	7	1664.0	896.0	0	0	0	0
800	13	8	1664.0	1024.0	0	0	0	0
801	13	9	1664.0	1152.0	0	0	0	0
802	13	10	1664.0	1280.0	0	0	0	0
803	13	11	1664.0	1408.0	0	0	0	0
804	13	12	1664.0	1536.0	0	0	0	0
805	13	13	1664.0	1664.0	0	0	0	0
806	13	14	1664.0	1792.0	6	0	0	0
807	13	15	1664.0	1920.0	55	0	0	0
808	13	16	1664.0	2048.0	62	1	1	0
809	13	17	1664.0	2176.0	64	68	68	1
810	13	18	1664.0	2304.0	64	116	114	1
811	13	19	1664.0	2432.0	64	49	49	1
812	13	20	1664.0	2560.0	64	53	53	1
813	13	21	1664.0	2688.0	64	52	52	1
814	13	22	1664.0	2816.0	64	78	77	1
815	13	23	1664.0	2944.0	64	48	48	1
816	13	24	1664.0	3072.0	64	86	86	1
817	13	25	1664.0	3200.0	64	142	142	1
818	13	26	1664.0	3328.0	64	134	134	1
819	13	27	1664.0	3456.0	64	90	90	1
820	13	28	1664.0	3584.0	64	42	42	1
821	13	29	1664.0	3712.0	64	124	124	1
822	13	30	1664.0	3840.0	64	112	112	1
823	13	31	1664.0	3968.0	64	59	59	1
824	13	32	1664.0	4096.0	64	86	86	1
825	13	33	1664.0	4224.0	64	108	108	1
826	13	34	1664.0	4352.0	64	95	95	1
827	13	35	1664.0	4480.0	64	101	101	1
828	13	36	1664.0	4608.0	64	54	54	1
829	13	37	1664.0	4736.0	63	63	63	1
830	13	38	1664.0	4864.0	42	33	33	1
831	13	39	1664.0	4992.0	62	29	29	1
832	13	40	1664.0	5120.0	64	73	73	1
833	13	41	1664.0	5248.0	64	151	151	1
834	13	42	1664.0	5376.0	64	49	49	1
835	13	43	1664.0	5504.0	64	87	87	1
836	13	44	1664.0	5632.0	64	108	108	1
837	13	45	1664.0	5760.0	64	121	121	1
838	13	46	1664.0	5888.0	64	65	65	1
839	13	47	1664.0	6016.0	64	85	85	1
840	13	48	1664.0	6144.0	64	81	81	1
841	13	49	1664.0	6272.0	64	68	68	1
842	13	50	1664.0	6400.0	64	110	110	1
843	13	51	1664.0	6528.0	64	99	99	1
844	13	52	1664.0	6656.0	64	134	134	1
845	13	53	1664.0	6784.0	64	129	129	1
846	13	54	1664.0	6912.0	64	98	98	1
847	13	55	1664.0	7040.0	59	18	18	1
848	13	56	1664.0	7168.0	1	2	2	0
849	13	57	1664.0	7296.0	0	0	0	0
850	13	58	1664.0	7424.0	0	0	0	0
851	14	6	1792.0	768.0	0	0	0	0
852	14	7	1792.0	896.0	0	0	0	0
853	14	8	1792.0	1024.0	0	0	0	0
854	14	9	1792.0	1152.0	0	0	0	0
855	14	10	1792.0	1280.0	0	0	0	0
856	14	11	1792.0	1408.0	0	0	0	0
857	14	12	1792.0	1536.0	0	0	0	0
858	14	13	1792.0	1664.0	11	0	0	0
859	14	14	1792.0	1792.0	61	0	0	0
860	14	15	1792.0	1920.0	64	1	1	0
861	14	16	1792.0	2048.0	64	51	51	1
862	14	17	1792.0	2176.0	64	116	115	1
863	14	18	1792.0	2304.0	64	73	72	1
864	14	19	1792.0	2432.0	64	46	45	1
865	14	20	1792.0	2560.0	64	82	81	1
866	14	21	1792.0	2688.0	64	104	104	1
867	14	22	1792.0	2816.0	64	27	27	1
868	14	23	1792.0	2944.0	64	72	72	1
869	14	24	1792.0	3072.0	64	108	108	1
870	14	25	1792.0	3200.0	64	131	131	1
871	14	26	1792.0	3328.0	64	152	152	1
872	14	27	1792.0	3456.0	64	63	63	1
873	14	28	1792.0	3584.0	64	117	117	1
874	14	29	1792.0	3712.0	64	102	102	1
875	14	30	1792.0	3840.0	64	102	102	1
876	14	31	1792.0	3968.0	64	111	111	1
877	14	32	1792.0	4096.0	64	68	68	1
878	14	33	1792.0	4224.0	64	54	54	1
879	14	34	1792.0	4352.0	64	125	125	1
880	14	35	1792.0	4480.0	64	80	80	1
881	14	36	1792.0	4608.0	64	130	130	1
882	14	37	1792.0	4736.0	64	49	49	1
883	14	38	1792.0	4864.0	64	28	28	1
884	14	39	1792.0	4992.0	64	50	50	1
885	14	40	1792.0	5120.0	64	54	54	1
886	14	41	1792.0	5248.0	64	66	66	1
887	14	42	1792.0	5376.0	64	33	33	1
888	14	43	1792.0	5504.0	64	137	137	1
889	14	44	1792.0	5632.0	64	148	148	1
890	14	45	1792.0	5760.0	64	71	71	1
891	14	46	1792.0	5888.0	64	128	128	1
892	14	47	1792.0	6016.0	64	181	181	1
893	14	48	1792.0	6144.0	64	90	90	1
894	14	49	1792.0	6272.0	64	91	91	1
895	14	50	1792.0	6400.0	64	90	90	1
896	14	51	1792.0	6528.0	64	71	71	1
897	14	52	1792.0	6656.0	64	118	118	1
898	14	53	1792.0	6784.0	64	152	152	1
899	14	54	1792.0	6912.0	64	148	148	1
900	14	55	1792.0	7040.0	64	46	46	1
901	14	56	1792.0	7168.0	17	6	6	0
902	14	57	1792.0	7296.0	0	0	0	0
903	14	58	1792.0	7424.0	0	0	0	0
904	15	6	1920.0	768.0	0	0	0	0
905	15	7	1920.0	896.0	0	0	0	0
906	15	8	1920.0	1024.0	0	0	0	0
907	15	9	1920.0	1152.0	0	0	0	0
908	15	10	1920.0	1280.0	0	0	0	0
909	15	11	1920.0	1408.0	0	0	0	0
910	15	12	1920.0	1536.0	0	0	0	0
911	15	13	1920.0	1664.0	34	1	1	0
912	15	14	1920.0	1792.0	64	0	0	0
913	15	15	1920.0	1920.0	64	25	24	1
914	15	16	1920.0	2048.0	64	180	180	1
915	15	17	1920.0	2176.0	64	38	37	1
916	15	18	1920.0	2304.0	64	73	73	1
917	15	19	1920.0	2432.0	64	72	71	1
918	15	20	1920.0	2560.0	64	116	116	1
919	15	21	1920.0	2688.0	64	77	77	1
920	15	22	1920.0	2816.0	64	40	40	1
921	15	23	1920.0	2944.0	64	96	96	1
922	15	24	1920.0	3072.0	64	111	111	1
923	15	25	1920.0	3200.0	64	123	123	1
924	15	26	1920.0	3328.0	64	135	135	1
925	15	27	1920.0	3456.0	64	140	140	1
926	15	28	1920.0	3584.0	64	119	119	1
927	15	29	1920.0	3712.0	64	31	31	1
928	15	30	1920.0	3840.0	64	120	120	1
929	15	31	1920.0	3968.0	64	75	75	1
930	15	32	1920.0	4096.0	64	41	41	1
931	15	33	1920.0	4224.0	64	65	65	1
932	15	34	1920.0	4352.0	64	123	123	1
933	15	35	1920.0	4480.0	64	109	109	1
934	15	36	1920.0	4608.0	64	148	148	1
935	15	37	1920.0	4736.0	64	83	83	1
936	15	38	1920.0	4864.0	64	75	75	1
937	15	39	1920.0	4992.0	64	113	113	1
938	15	40	1920.0	5120.0	64	152	152	1
939	15	41	1920.0	5248.0	64	55	55	1
940	15	42	1920.0	5376.0	64	73	73	1
941	15	43	1920.0	5504.0	64	127	127	1
942	15	44	1920.0	5632.0	64	195	195	1
943	15	45	1920.0	5760.0	64	106	106	1
944	15	46	1920.0	5888.0	64	114	114	1
945	15	47	1920.0	6016.0	64	145	145	1
946	15	48	1920.0	6144.0	64	135	135	1
947	15	49	1920.0	6272.0	64	89	89	1
948	15	50	1920.0	6400.0	64	98	98	1
949	15	51	1920.0	6528.0	64	108	108	1
950	15	52	1920.0	6656.0	64	118	118	1
951	15	53	1920.0	6784.0	64	166	166	1
952	15	54	1920.0	6912.0	64	156	156	1
953	15	55	1920.0	7040.0	64	137	137	1
954	15	56	1920.0	7168.0	17	10	10	1
955	15	57	1920.0	7296.0	0	3	3	0
956	15	58	1920.0	7424.0	0	1	1	0
957	16	6	2048.0	768.0	0	0	0	0
958	16	7	2048.0	896.0	0	0	0	0
959	16	8	2048.0	1024.0	0	0	0	0
960	16	9	2048.0	1152.0	0	0	0	0
961	16	10	2048.0	1280.0	0	0	0	0
962	16	11	2048.0	1408.0	0	0	0	0
963	16	12	2048.0	1536.0	5	0	0	0
964	16	13	2048.0	1664.0	53	0	0	0
965	16	14	2048.0	1792.0	64	9	9	0
966	16	15	2048.0	1920.0	64	115	115	1
967	16	16	2048.0	2048.0	64	73	73	1
968	16	17	2048.0	2176.0	64	49	47	1
969	16	18	2048.0	2304.0	64	87	87	1
970	16	19	2048.0	2432.0	64	131	131	1
971	16	20	2048.0	2560.0	64	103	103	1
972	16	21	2048.0	2688.0	64	94	94	1
973	16	22	2048.0	2816.0	64	89	89	1
974	16	23	2048.0	2944.0	64	94	94	1
975	16	24	2048.0	3072.0	64	126	126	1
976	16	25	2048.0	3200.0	64	134	134	1
977	16	26	2048.0	3328.0	64	88	88	1
978	16	27	2048.0	3456.0	64	68	68	1
979	16	28	2048.0	3584.0	64	82	82	1
980	16	29	2048.0	3712.0	64	77	77	1
981	16	30	2048.0	3840.0	64	166	166	1
982	16	31	2048.0	3968.0	64	99	99	1
983	16	32	2048.0	4096.0	64	122	122	1
984	16	33	2048.0	4224.0	64	78	78	1
985	16	34	2048.0	4352.0	64	97	97	1
986	16	35	2048.0	4480.0	64	103	103	1
987	16	36	2048.0	4608.0	64	34	34	1
988	16	37	2048.0	4736.0	64	59	59	1
989	16	38	2048.0	4864.0	64	122	122	1
990	16	39	2048.0	4992.0	64	165	165	1
991	16	40	2048.0	5120.0	64	154	154	1
992	16	41	2048.0	5248.0	56	59	59	1
993	16	42	2048.0	5376.0	48	71	71	1
994	16	43	2048.0	5504.0	61	118	118	1
995	16	44	2048.0	5632.0	64	120	120	1
996	16	45	2048.0	5760.0	64	123	123	1
997	16	46	2048.0	5888.0	64	99	99	1
998	16	47	2048.0	6016.0	64	146	146	1
999	16	48	2048.0	6144.0	64	78	78	1
1000	16	49	2048.0	6272.0	64	102	102	1
1001	16	50	2048.0	6400.0	64	115	115	1
1002	16	51	2048.0	6528.0	64	129	129	1
1003	16	52	2048.0	6656.0	64	124	124	1
1004	16	53	2048.0	6784.0	64	96	96	1
1005	16	54	2048.0	6912.0	64	93	93	1
1006	16	55	2048.0	7040.0	54	44	44	1
1007	16	56	2048.0	7168.0	2	1	1	0
1008	16	57	2048.0	7296.0	0	1	1	0
1009	16	58	2048.0	7424.0	0	0	0	0
1010	17	6	2176.0	768.0	0	0	0	0
1011	17	7	2176.0	896.0	0	0	0	0
1012	17	8	2176.0	1024.0	0	0	0	0
1013	17	9	2176.0	1152.0	0	0	0	0
1014	17	10	2176.0	1280.0	0	0	0	0
1015	17	11	2176.0	1408.0	0	0	0	0
1016	17	12	2176.0	1536.0	36	0	0	0
1017	17	13	2176.0	1664.0	64	0	0	0
1018	17	14	2176.0	1792.0	64	27	27	1
1019	17	15	2176.0	1920.0	64	30	30	1
1020	17	16	2176.0	2048.0	64	36	36	1
1021	17	17	2176.0	2176.0	64	52	52	1
1022	17	18	2176.0	2304.0	64	97	97	1
1023	17	19	2176.0	2432.0	64	95	95	1
1024	17	20	2176.0	2560.0	64	98	98	1
1025	17	21	2176.0	2688.0	64	120	120	1
1026	17	22	2176.0	2816.0	64	124	124	1
1027	17	23	2176.0	2944.0	64	110	110	1
1028	17	24	2176.0	3072.0	64	131	131	1
1029	17	25	2176.0	3200.0	64	52	52	1
1030	17	26	2176.0	3328.0	64	54	54	1
1031	17	27	2176.0	3456.0	64	59	59	1
1032	17	28	2176.0	3584.0	64	118	118	1
1033	17	29	2176.0	3712.0	64	137	137	1
1034	17	30	2176.0	3840.0	64	132	132	1
1035	17	31	2176.0	3968.0	64	115	115	1
1036	17	32	2176.0	4096.0	64	111	111	1
1037	17	33	2176.0	4224.0	64	108	108	1
1038	17	34	2176.0	4352.0	64	100	100	1
1039	17	35	2176.0	4480.0	64	106	106	1
1040	17	36	2176.0	4608.0	64	129	128	1
1041	17	37	2176.0	4736.0	64	147	147	1
1042	17	38	2176.0	4864.0	64	118	118	1
1043	17	39	2176.0	4992.0	64	142	141	1
1044	17	40	2176.0	5120.0	64	113	113	1
1045	17	41	2176.0	5248.0	22	61	61	1
1046	17	42	2176.0	5376.0	12	81	81	0
1047	17	43	2176.0	5504.0	64	76	76	1
1048	17	44	2176.0	5632.0	64	66	66	1
1049	17	45	2176.0	5760.0	64	118	118	1
1050	17	46	2176.0	5888.0	64	133	133	1
1051	17	47	2176.0	6016.0	64	95	95	1
1052	17	48	2176.0	6144.0	64	111	111	1
1053	17	49	2176.0	6272.0	64	60	60	1
1054	17	50	2176.0	6400.0	64	73	73	1
1055	17	51	2176.0	6528.0	64	123	123	1
1056	17	52	2176.0	6656.0	64	126	126	1
1057	17	53	2176.0	6784.0	64	70	70	1
1058	17	54	2176.0	6912.0	62	87	87	1
1059	17	55	2176.0	7040.0	7	3	3	0
1060	17	56	2176.0	7168.0	0	7	7	0
1061	17	57	2176.0	7296.0	0	1	1	0
1062	17	58	2176.0	7424.0	0	1	1	0
1063	18	6	2304.0	768.0	0	0	0	0
1064	18	7	2304.0	896.0	0	0	0	0
1065	18	8	2304.0	1024.0	0	0	0	0
1066	18	9	2304.0	1152.0	0	0	0	0
1067	18	10	2304.0	1280.0	0	0	0	0
1068	18	11	2304.0	1408.0	0	0	0	0
1069	18	12	2304.0	1536.0	62	0	0	0
1070	18	13	2304.0	1664.0	64	10	10	1
1071	18	14	2304.0	1792.0	64	35	35	1
1072	18	15	2304.0	1920.0	64	41	41	1
1073	18	16	2304.0	2048.0	64	63	63	1
1074	18	17	2304.0	2176.0	64	75	75	1
1075	18	18	2304.0	2304.0	64	105	105	1
1076	18	19	2304.0	2432.0	64	121	121	1
1077	18	20	2304.0	2560.0	64	111	111	1
1078	18	21	2304.0	2688.0	64	140	140	1
1079	18	22	2304.0	2816.0	64	126	126	1
1080	18	23	2304.0	2944.0	64	110	110	1
1081	18	24	2304.0	3072.0	64	107	107	1
1082	18	25	2304.0	3200.0	64	98	98	1
1083	18	26	2304.0	3328.0	64	119	119	1
1084	18	27	2304.0	3456.0	64	144	144	1
1085	18	28	2304.0	3584.0	64	178	178	1
1086	18	29	2304.0	3712.0	64	110	110	1
1087	18	30	2304.0	3840.0	64	76	76	1
1088	18	31	2304.0	3968.0	64	3	3	0
1089	18	32	2304.0	4096.0	64	57	57	1
1090	18	33	2304.0	4224.0	64	135	135	1
1091	18	34	2304.0	4352.0	64	93	93	1
1092	18	35	2304.0	4480.0	64	77	77	1
1093	18	36	2304.0	4608.0	64	116	116	1
1094	18	37	2304.0	4736.0	64	90	90	1
1095	18	38	2304.0	4864.0	64	74	74	1
1096	18	39	2304.0	4992.0	64	139	139	1
1097	18	40	2304.0	5120.0	64	106	106	1
1098	18	41	2304.0	5248.0	15	212	212	0
1099	18	42	2304.0	5376.0	25	128	128	1
1100	18	43	2304.0	5504.0	64	109	109	1
1101	18	44	2304.0	5632.0	64	47	47	1
1102	18	45	2304.0	5760.0	64	84	84	1
1103	18	46	2304.0	5888.0	64	101	101	1
1104	18	47	2304.0	6016.0	64	192	192	1
1105	18	48	2304.0	6144.0	64	97	97	1
1106	18	49	2304.0	6272.0	64	22	22	1
1107	18	50	2304.0	6400.0	64	56	56	1
1108	18	51	2304.0	6528.0	64	97	97	1
1109	18	52	2304.0	6656.0	64	126	126	1
1110	18	53	2304.0	6784.0	64	57	57	1
1111	18	54	2304.0	6912.0	58	75	75	1
1112	18	55	2304.0	7040.0	0	2	2	0
1113	18	56	2304.0	7168.0	0	4	4	0
1114	18	57	2304.0	7296.0	0	0	0	0
1115	18	58	2304.0	7424.0	0	0	0	0
1116	19	6	2432.0	768.0	0	0	0	0
1117	19	7	2432.0	896.0	0	0	0	0
1118	19	8	2432.0	1024.0	0	0	0	0
1119	19	9	2432.0	1152.0	0	0	0	0
1120	19	10	2432.0	1280.0	0	0	0	0
1121	19	11	2432.0	1408.0	0	1	1	0
1122	19	12	2432.0	1536.0	31	3	3	0
1123	19	13	2432.0	1664.0	64	18	18	1
1124	19	14	2432.0	1792.0	64	85	85	1
1125	19	15	2432.0	1920.0	64	120	120	1
1126	19	16	2432.0	2048.0	64	91	91	1
1127	19	17	2432.0	2176.0	64	131	131	1
1128	19	18	2432.0	2304.0	64	106	106	1
1129	19	19	2432.0	2432.0	64	113	113	1
1130	19	20	2432.0	2560.0	64	123	123	1
1131	19	21	2432.0	2688.0	64	102	102	1
1132	19	22	2432.0	2816.0	64	102	102	1
1133	19	23	2432.0	2944.0	64	111	111	1
1134	19	24	2432.0	3072.0	64	99	99	1
1135	19	25	2432.0	3200.0	64	24	24	1
1136	19	26	2432.0	3328.0	64	103	103	1
1137	19	27	2432.0	3456.0	64	80	80	1
1138	19	28	2432.0	3584.0	64	54	54	1
1139	19	29	2432.0	3712.0	64	93	93	1
1140	19	30	2432.0	3840.0	64	110	110	1
1141	19	31	2432.0	3968.0	64	78	78	1
1142	19	32	2432.0	4096.0	64	112	112	1
1143	19	33	2432.0	4224.0	64	103	103	1
1144	19	34	2432.0	4352.0	64	122	122	1
1145	19	35	2432.0	4480.0	64	121	121	1
1146	19	36	2432.0	4608.0	64	119	119	1
1147	19	37	2432.0	4736.0	64	171	171	1
1148	19	38	2432.0	4864.0	64	112	112	1
1149	19	39	2432.0	4992.0	64	119	119	1
1150	19	40	2432.0	5120.0	64	89	89	1
1151	19	41	2432.0	5248.0	59	99	99	1
1152	19	42	2432.0	5376.0	62	101	101	1
1153	19	43	2432.0	5504.0	64	71	71	1
1154	19	44	2432.0	5632.0	64	96	96	1
1155	19	45	2432.0	5760.0	64	68	68	1
1156	19	46	2432.0	5888.0	64	115	115	1
1157	19	47	2432.0	6016.0	64	156	156	1
1158	19	48	2432.0	6144.0	64	88	88	1
1159	19	49	2432.0	6272.0	64	100	100	1
1160	19	50	2432.0	6400.0	64	97	97	1
1161	19	51	2432.0	6528.0	64	110	110	1
1162	19	52	2432.0	6656.0	64	114	114	1
1163	19	53	2432.0	6784.0	64	110	110	1
1164	19	54	2432.0	6912.0	64	91	91	1
1165	19	55	2432.0	7040.0	12	1	1	0
1166	19	56	2432.0	7168.0	2	5	5	0
1167	19	57	2432.0	7296.0	0	0	0	0
1168	19	58	2432.0	7424.0	0	0	0	0
1169	20	6	2560.0	768.0	0	0	0	0
1170	20	7	2560.0	896.0	0	0	0	0
1171	20	8	2560.0	1024.0	0	0	0	0
1172	20	9	2560.0	1152.0	0	0	0	0
1173	20	10	2560.0	1280.0	0	0	0	0
1174	20	11	2560.0	1408.0	0	1	1	0
1175	20	12	2560.0	1536.0	40	3	3	0
1176	20	13	2560.0	1664.0	64	73	73	1
1177	20	14	2560.0	1792.0	64	91	91	1
1178	20	15	2560.0	1920.0	64	130	130	1
1179	20	16	2560.0	2048.0	64	127	127	1
1180	20	17	2560.0	2176.0	64	126	126	1
1181	20	18	2560.0	2304.0	64	103	103	1
1182	20	19	2560.0	2432.0	64	119	119	1
1183	20	20	2560.0	2560.0	64	104	104	1
1184	20	21	2560.0	2688.0	64	145	145	1
1185	20	22	2560.0	2816.0	64	137	137	1
1186	20	23	2560.0	2944.0	64	135	135	1
1187	20	24	2560.0	3072.0	64	102	102	1
1188	20	25	2560.0	3200.0	64	131	131	1
1189	20	26	2560.0	3328.0	64	134	134	1
1190	20	27	2560.0	3456.0	64	136	136	1
1191	20	28	2560.0	3584.0	64	95	95	1
1192	20	29	2560.0	3712.0	64	92	92	1
1193	20	30	2560.0	3840.0	64	94	94	1
1194	20	31	2560.0	3968.0	64	130	130	1
1195	20	32	2560.0	4096.0	64	105	105	1
1196	20	33	2560.0	4224.0	64	107	107	1
1197	20	34	2560.0	4352.0	64	116	116	1
1198	20	35	2560.0	4480.0	64	125	125	1
1199	20	36	2560.0	4608.0	64	133	133	1
1200	20	37	2560.0	4736.0	64	104	104	1
1201	20	38	2560.0	4864.0	64	105	105	1
1202	20	39	2560.0	4992.0	64	127	127	1
1203	20	40	2560.0	5120.0	64	131	131	1
1204	20	41	2560.0	5248.0	64	135	135	1
1205	20	42	2560.0	5376.0	64	117	117	1
1206	20	43	2560.0	5504.0	64	93	93	1
1207	20	44	2560.0	5632.0	64	102	102	1
1208	20	45	2560.0	5760.0	64	83	83	1
1209	20	46	2560.0	5888.0	64	99	99	1
1210	20	47	2560.0	6016.0	64	89	89	1
1211	20	48	2560.0	6144.0	64	115	115	1
1212	20	49	2560.0	6272.0	64	136	136	1
1213	20	50	2560.0	6400.0	64	118	118	1
1214	20	51	2560.0	6528.0	64	124	124	1
1215	20	52	2560.0	6656.0	64	96	96	1
1216	20	53	2560.0	6784.0	64	95	95	1
1217	20	54	2560.0	6912.0	64	127	127	1
1218	20	55	2560.0	7040.0	63	49	49	1
1219	20	56	2560.0	7168.0	32	36	36	1
1220	20	57	2560.0	7296.0	0	0	0	0
1221	20	58	2560.0	7424.0	0	2	2	0
1222	21	6	2688.0	768.0	0	0	0	0
1223	21	7	2688.0	896.0	4	0	0	0
1224	21	8	2688.0	1024.0	0	0	0	0
1225	21	9	2688.0	1152.0	0	3	2	0
1226	21	10	2688.0	1280.0	0	2	2	0
1227	21	11	2688.0	1408.0	34	2	2	0
1228	21	12	2688.0	1536.0	59	42	42	1
1229	21	13	2688.0	1664.0	63	108	108	1
1230	21	14	2688.0	1792.0	63	118	118	1
1231	21	15	2688.0	1920.0	63	143	143	1
1232	21	16	2688.0	2048.0	64	138	138	1
1233	21	17	2688.0	2176.0	64	115	115	1
1234	21	18	2688.0	2304.0	64	87	87	1
1235	21	19	2688.0	2432.0	64	124	124	1
1236	21	20	2688.0	2560.0	64	123	123	1
1237	21	21	2688.0	2688.0	64	137	137	1
1238	21	22	2688.0	2816.0	64	137	137	1
1239	21	23	2688.0	2944.0	64	179	179	1
1240	21	24	2688.0	3072.0	64	121	121	1
1241	21	25	2688.0	3200.0	64	123	123	1
1242	21	26	2688.0	3328.0	64	18	18	1
1243	21	27	2688.0	3456.0	64	41	41	1
1244	21	28	2688.0	3584.0	64	120	120	1
1245	21	29	2688.0	3712.0	64	130	130	1
1246	21	30	2688.0	3840.0	64	145	145	1
1247	21	31	2688.0	3968.0	64	128	128	1
1248	21	32	2688.0	4096.0	64	83	83	1
1249	21	33	2688.0	4224.0	64	114	114	1
1250	21	34	2688.0	4352.0	64	109	109	1
1251	21	35	2688.0	4480.0	64	91	91	1
1252	21	36	2688.0	4608.0	64	90	90	1
1253	21	37	2688.0	4736.0	64	106	106	1
1254	21	38	2688.0	4864.0	64	140	140	1
1255	21	39	2688.0	4992.0	64	102	102	1
1256	21	40	2688.0	5120.0	64	117	117	1
1257	21	41	2688.0	5248.0	64	103	103	1
1258	21	42	2688.0	5376.0	64	127	127	1
1259	21	43	2688.0	5504.0	64	72	72	1
1260	21	44	2688.0	5632.0	64	44	44	1
1261	21	45	2688.0	5760.0	64	90	90	1
1262	21	46	2688.0	5888.0	64	83	83	1
1263	21	47	2688.0	6016.0	64	145	145	1
1264	21	48	2688.0	6144.0	64	145	145	1
1265	21	49	2688.0	6272.0	64	155	155	1
1266	21	50	2688.0	6400.0	64	143	143	1
1267	21	51	2688.0	6528.0	64	139	139	1
1268	21	52	2688.0	6656.0	64	133	133	1
1269	21	53	2688.0	6784.0	64	111	111	1
1270	21	54	2688.0	6912.0	64	151	151	1
1271	21	55	2688.0	7040.0	64	126	126	1
1272	21	56	2688.0	7168.0	38	33	33	1
1273	21	57	2688.0	7296.0	0	0	0	0
1274	21	58	2688.0	7424.0	0	0	0	0
1275	22	6	2816.0	768.0	0	0	0	0
1276	22	7	2816.0	896.0	10	0	0	0
1277	22	8	2816.0	1024.0	38	1	1	0
1278	22	9	2816.0	1152.0	34	2	1	0
1279	22	10	2816.0	1280.0	32	34	34	1
1280	22	11	2816.0	1408.0	64	102	102	1
1281	22	12	2816.0	1536.0	64	72	72	1
1282	22	13	2816.0	1664.0	64	114	114	1
1283	22	14	2816.0	1792.0	64	133	133	1
1284	22	15	2816.0	1920.0	63	131	131	1
1285	22	16	2816.0	2048.0	63	106	106	1
1286	22	17	2816.0	2176.0	62	114	114	1
1287	22	18	2816.0	2304.0	63	85	85	1
1288	22	19	2816.0	2432.0	62	89	89	1
1289	22	20	2816.0	2560.0	63	130	130	1
1290	22	21	2816.0	2688.0	64	157	157	1
1291	22	22	2816.0	2816.0	64	122	122	1
1292	22	23	2816.0	2944.0	64	161	161	1
1293	22	24	2816.0	3072.0	64	75	75	1
1294	22	25	2816.0	3200.0	64	78	78	1
1295	22	26	2816.0	3328.0	64	132	132	1
1296	22	27	2816.0	3456.0	64	105	105	1
1297	22	28	2816.0	3584.0	64	119	119	1
1298	22	29	2816.0	3712.0	64	90	90	1
1299	22	30	2816.0	3840.0	64	97	97	1
1300	22	31	2816.0	3968.0	64	72	72	1
1301	22	32	2816.0	4096.0	64	88	88	1
1302	22	33	2816.0	4224.0	64	116	116	1
1303	22	34	2816.0	4352.0	64	137	137	1
1304	22	35	2816.0	4480.0	64	106	106	1
1305	22	36	2816.0	4608.0	64	117	117	1
1306	22	37	2816.0	4736.0	64	103	103	1
1307	22	38	2816.0	4864.0	64	89	89	1
1308	22	39	2816.0	4992.0	64	78	78	1
1309	22	40	2816.0	5120.0	64	99	99	1
1310	22	41	2816.0	5248.0	64	117	117	1
1311	22	42	2816.0	5376.0	64	92	92	1
1312	22	43	2816.0	5504.0	64	83	83	1
1313	22	44	2816.0	5632.0	64	94	94	1
1314	22	45	2816.0	5760.0	64	59	59	1
1315	22	46	2816.0	5888.0	64	80	80	1
1316	22	47	2816.0	6016.0	64	135	135	1
1317	22	48	2816.0	6144.0	64	171	171	1
1318	22	49	2816.0	6272.0	64	154	154	1
1319	22	50	2816.0	6400.0	64	174	174	1
1320	22	51	2816.0	6528.0	64	111	111	1
1321	22	52	2816.0	6656.0	64	86	86	1
1322	22	53	2816.0	6784.0	64	135	135	1
1323	22	54	2816.0	6912.0	64	141	141	1
1324	22	55	2816.0	7040.0	64	135	135	1
1325	22	56	2816.0	7168.0	49	61	61	1
1326	22	57	2816.0	7296.0	0	0	0	0
1327	22	58	2816.0	7424.0	0	0	0	0
1328	23	6	2944.0	768.0	0	0	0	0
1329	23	7	2944.0	896.0	0	0	0	0
1330	23	8	2944.0	1024.0	0	0	0	0
1331	23	9	2944.0	1152.0	57	7	7	0
1332	23	10	2944.0	1280.0	64	115	115	1
1333	23	11	2944.0	1408.0	64	103	103	1
1334	23	12	2944.0	1536.0	64	111	111	1
1335	23	13	2944.0	1664.0	64	97	97	1
1336	23	14	2944.0	1792.0	64	119	119	1
1337	23	15	2944.0	1920.0	64	125	125	1
1338	23	16	2944.0	2048.0	64	121	121	1
1339	23	17	2944.0	2176.0	64	82	82	1
1340	23	18	2944.0	2304.0	64	103	103	1
1341	23	19	2944.0	2432.0	64	130	130	1
1342	23	20	2944.0	2560.0	64	156	156	1
1343	23	21	2944.0	2688.0	62	108	108	1
1344	23	22	2944.0	2816.0	63	88	88	1
1345	23	23	2944.0	2944.0	63	130	130	1
1346	23	24	2944.0	3072.0	62	118	118	1
1347	23	25	2944.0	3200.0	63	106	106	1
1348	23	26	2944.0	3328.0	63	86	86	1
1349	23	27	2944.0	3456.0	64	123	123	1
1350	23	28	2944.0	3584.0	64	35	35	1
1351	23	29	2944.0	3712.0	64	103	103	1
1352	23	30	2944.0	3840.0	64	108	108	1
1353	23	31	2944.0	3968.0	64	61	61	1
1354	23	32	2944.0	4096.0	64	111	111	1
1355	23	33	2944.0	4224.0	64	71	71	1
1356	23	34	2944.0	4352.0	64	82	82	1
1357	23	35	2944.0	4480.0	64	89	89	1
1358	23	36	2944.0	4608.0	64	117	117	1
1359	23	37	2944.0	4736.0	64	120	120	1
1360	23	38	2944.0	4864.0	64	119	119	1
1361	23	39	2944.0	4992.0	64	69	69	1
1362	23	40	2944.0	5120.0	64	83	83	1
1363	23	41	2944.0	5248.0	64	98	98	1
1364	23	42	2944.0	5376.0	64	113	113	1
1365	23	43	2944.0	5504.0	64	70	70	1
1366	23	44	2944.0	5632.0	64	90	90	1
1367	23	45	2944.0	5760.0	64	96	96	1
1368	23	46	2944.0	5888.0	64	86	86	1
1369	23	47	2944.0	6016.0	64	114	114	1
1370	23	48	2944.0	6144.0	64	149	149	1
1371	23	49	2944.0	6272.0	64	199	199	1
1372	23	50	2944.0	6400.0	64	146	146	1
1373	23	51	2944.0	6528.0	64	118	118	1
1374	23	52	2944.0	6656.0	64	101	101	1
1375	23	53	2944.0	6784.0	64	100	100	1
1376	23	54	2944.0	6912.0	63	155	155	1
1377	23	55	2944.0	7040.0	40	83	83	1
1378	23	56	2944.0	7168.0	7	11	11	0
1379	23	57	2944.0	7296.0	0	0	0	0
1380	23	58	2944.0	7424.0	0	0	0	0
1381	24	6	3072.0	768.0	0	0	0	0
1382	24	7	3072.0	896.0	0	0	0	0
1383	24	8	3072.0	1024.0	35	14	14	1
1384	24	9	3072.0	1152.0	64	86	86	1
1385	24	10	3072.0	1280.0	64	97	97	1
1386	24	11	3072.0	1408.0	64	119	119	1
1387	24	12	3072.0	1536.0	64	141	141	1
1388	24	13	3072.0	1664.0	64	92	92	1
1389	24	14	3072.0	1792.0	64	89	89	1
1390	24	15	3072.0	1920.0	64	142	142	1
1391	24	16	3072.0	2048.0	64	119	119	1
1392	24	17	3072.0	2176.0	64	124	124	1
1393	24	18	3072.0	2304.0	64	157	157	1
1394	24	19	3072.0	2432.0	64	129	129	1
1395	24	20	3072.0	2560.0	64	125	125	1
1396	24	21	3072.0	2688.0	64	134	134	1
1397	24	22	3072.0	2816.0	64	91	91	1
1398	24	23	3072.0	2944.0	64	110	110	1
1399	24	24	3072.0	3072.0	64	137	137	1
1400	24	25	3072.0	3200.0	64	88	88	1
1401	24	26	3072.0	3328.0	64	99	99	1
1402	24	27	3072.0	3456.0	62	130	130	1
1403	24	28	3072.0	3584.0	63	94	94	1
1404	24	29	3072.0	3712.0	62	129	129	1
1405	24	30	3072.0	3840.0	63	106	106	1
1406	24	31	3072.0	3968.0	63	96	96	1
1407	24	32	3072.0	4096.0	63	100	100	1
1408	24	33	3072.0	4224.0	64	100	100	1
1409	24	34	3072.0	4352.0	64	125	125	1
1410	24	35	3072.0	4480.0	64	111	111	1
1411	24	36	3072.0	4608.0	64	99	99	1
1412	24	37	3072.0	4736.0	64	123	123	1
1413	24	38	3072.0	4864.0	64	120	120	1
1414	24	39	3072.0	4992.0	51	54	54	1
1415	24	40	3072.0	5120.0	30	58	58	1
1416	24	41	3072.0	5248.0	54	96	96	1
1417	24	42	3072.0	5376.0	64	92	92	1
1418	24	43	3072.0	5504.0	64	113	113	1
1419	24	44	3072.0	5632.0	64	96	96	1
1420	24	45	3072.0	5760.0	64	77	77	1
1421	24	46	3072.0	5888.0	64	102	102	1
1422	24	47	3072.0	6016.0	64	96	96	1
1423	24	48	3072.0	6144.0	64	95	95	1
1424	24	49	3072.0	6272.0	64	150	150	1
1425	24	50	3072.0	6400.0	64	173	173	1
1426	24	51	3072.0	6528.0	64	176	176	1
1427	24	52	3072.0	6656.0	64	147	147	1
1428	24	53	3072.0	6784.0	64	135	135	1
1429	24	54	3072.0	6912.0	17	91	91	1
1430	24	55	3072.0	7040.0	14	14	14	0
1431	24	56	3072.0	7168.0	0	1	1	0
1432	24	57	3072.0	7296.0	0	0	0	0
1433	24	58	3072.0	7424.0	0	0	0	0
1434	25	2	3200.0	256.0	0	1	0	0
1435	25	6	3200.0	768.0	0	1	1	0
1436	25	7	3200.0	896.0	22	11	11	1
1437	25	8	3200.0	1024.0	64	83	83	1
1438	25	9	3200.0	1152.0	64	98	98	1
1439	25	10	3200.0	1280.0	64	82	82	1
1440	25	11	3200.0	1408.0	64	145	145	1
1441	25	12	3200.0	1536.0	64	112	112	1
1442	25	13	3200.0	1664.0	64	154	154	1
1443	25	14	3200.0	1792.0	64	122	122	1
1444	25	15	3200.0	1920.0	64	97	97	1
1445	25	16	3200.0	2048.0	64	106	106	1
1446	25	17	3200.0	2176.0	64	120	120	1
1447	25	18	3200.0	2304.0	64	128	128	1
1448	25	19	3200.0	2432.0	64	135	135	1
1449	25	20	3200.0	2560.0	64	142	142	1
1450	25	21	3200.0	2688.0	64	123	123	1
1451	25	22	3200.0	2816.0	64	127	127	1
1452	25	23	3200.0	2944.0	64	129	129	1
1453	25	24	3200.0	3072.0	64	91	91	1
1454	25	25	3200.0	3200.0	64	78	78	1
1455	25	26	3200.0	3328.0	64	74	74	1
1456	25	27	3200.0	3456.0	64	159	159	1
1457	25	28	3200.0	3584.0	64	125	125	1
1458	25	29	3200.0	3712.0	64	93	93	1
1459	25	30	3200.0	3840.0	64	108	108	1
1460	25	31	3200.0	3968.0	64	89	89	1
1461	25	32	3200.0	4096.0	63	93	93	1
1462	25	33	3200.0	4224.0	63	93	93	1
1463	25	34	3200.0	4352.0	63	123	123	1
1464	25	35	3200.0	4480.0	62	144	144	1
1465	25	36	3200.0	4608.0	63	90	90	1
1466	25	37	3200.0	4736.0	63	94	94	1
1467	25	38	3200.0	4864.0	63	134	134	1
1468	25	39	3200.0	4992.0	45	28	28	1
1469	25	40	3200.0	5120.0	0	50	50	0
1470	25	41	3200.0	5248.0	57	95	95	1
1471	25	42	3200.0	5376.0	64	96	96	1
1472	25	43	3200.0	5504.0	64	103	103	1
1473	25	44	3200.0	5632.0	64	84	84	1
1474	25	45	3200.0	5760.0	64	91	91	1
1475	25	46	3200.0	5888.0	64	100	100	1
1476	25	47	3200.0	6016.0	64	105	105	1
1477	25	48	3200.0	6144.0	64	114	114	1
1478	25	49	3200.0	6272.0	64	132	132	1
1479	25	50	3200.0	6400.0	64	136	136	1
1480	25	51	3200.0	6528.0	64	146	146	1
1481	25	52	3200.0	6656.0	64	155	155	1
1482	25	53	3200.0	6784.0	64	115	115	1
1483	25	54	3200.0	6912.0	53	80	80	1
1484	25	55	3200.0	7040.0	0	56	56	0
1485	25	56	3200.0	7168.0	0	2	2	0
1486	25	57	3200.0	7296.0	0	1	1	0
1487	25	58	3200.0	7424.0	0	0	0	0
1488	26	5	3328.0	640.0	0	4	3	0
1489	26	6	3328.0	768.0	22	23	23	1
1490	26	7	3328.0	896.0	57	90	90	1
1491	26	8	3328.0	1024.0	64	91	91	1
1492	26	9	3328.0	1152.0	64	87	87	1
1493	26	10	3328.0	1280.0	64	112	112	1
1494	26	11	3328.0	1408.0	64	100	100	1
1495	26	12	3328.0	1536.0	64	143	143	1
1496	26	13	3328.0	1664.0	64	115	115	1
1497	26	14	3328.0	1792.0	64	126	126	1
1498	26	15	3328.0	1920.0	64	110	110	1
1499	26	16	3328.0	2048.0	64	111	111	1
1500	26	17	3328.0	2176.0	64	107	107	1
1501	26	18	3328.0	2304.0	64	113	113	1
1502	26	19	3328.0	2432.0	64	115	115	1
1503	26	20	3328.0	2560.0	64	125	125	1
1504	26	21	3328.0	2688.0	64	86	86	1
1505	26	22	3328.0	2816.0	64	120	120	1
1506	26	23	3328.0	2944.0	64	102	102	1
1507	26	24	3328.0	3072.0	64	123	123	1
1508	26	25	3328.0	3200.0	64	119	119	1
1509	26	26	3328.0	3328.0	64	88	88	1
1510	26	27	3328.0	3456.0	64	83	83	1
1511	26	28	3328.0	3584.0	64	141	141	1
1512	26	29	3328.0	3712.0	64	96	96	1
1513	26	30	3328.0	3840.0	64	125	125	1
1514	26	31	3328.0	3968.0	64	105	105	1
1515	26	32	3328.0	4096.0	64	116	116	1
1516	26	33	3328.0	4224.0	64	103	103	1
1517	26	34	3328.0	4352.0	64	93	93	1
1518	26	35	3328.0	4480.0	64	57	57	1
1519	26	36	3328.0	4608.0	64	123	123	1
1520	26	37	3328.0	4736.0	64	120	120	1
1521	26	38	3328.0	4864.0	64	87	87	1
1522	26	39	3328.0	4992.0	21	53	53	1
1523	26	40	3328.0	5120.0	13	122	122	0
1524	26	41	3328.0	5248.0	63	113	113	1
1525	26	42	3328.0	5376.0	62	37	37	1
1526	26	43	3328.0	5504.0	63	70	70	1
1527	26	44	3328.0	5632.0	63	73	73	1
1528	26	45	3328.0	5760.0	64	105	105	1
1529	26	46	3328.0	5888.0	64	91	91	1
1530	26	47	3328.0	6016.0	64	99	99	1
1531	26	48	3328.0	6144.0	64	124	124	1
1532	26	49	3328.0	6272.0	64	128	128	1
1533	26	50	3328.0	6400.0	64	130	130	1
1534	26	51	3328.0	6528.0	64	150	150	1
1535	26	52	3328.0	6656.0	64	103	103	1
1536	26	53	3328.0	6784.0	64	107	107	1
1537	26	54	3328.0	6912.0	61	128	128	1
1538	26	55	3328.0	7040.0	11	138	138	0
1539	26	56	3328.0	7168.0	0	2	2	0
1540	26	57	3328.0	7296.0	0	0	0	0
1541	26	58	3328.0	7424.0	0	0	0	0
1542	27	3	3456.0	384.0	0	1	1	0
1543	27	4	3456.0	512.0	0	1	1	0
1544	27	5	3456.0	640.0	0	20	20	0
1545	27	6	3456.0	768.0	40	85	85	1
1546	27	7	3456.0	896.0	64	91	91	1
1547	27	8	3456.0	1024.0	64	119	119	1
1548	27	9	3456.0	1152.0	64	120	120	1
1549	27	10	3456.0	1280.0	64	130	130	1
1550	27	11	3456.0	1408.0	64	136	136	1
1551	27	12	3456.0	1536.0	64	125	125	1
1552	27	13	3456.0	1664.0	64	128	128	1
1553	27	14	3456.0	1792.0	64	112	112	1
1554	27	15	3456.0	1920.0	64	103	103	1
1555	27	16	3456.0	2048.0	64	106	106	1
1556	27	17	3456.0	2176.0	64	139	139	1
1557	27	18	3456.0	2304.0	64	86	86	1
1558	27	19	3456.0	2432.0	64	104	104	1
1559	27	20	3456.0	2560.0	64	120	120	1
1560	27	21	3456.0	2688.0	64	100	100	1
1561	27	22	3456.0	2816.0	64	58	58	1
1562	27	23	3456.0	2944.0	64	32	32	1
1563	27	24	3456.0	3072.0	64	82	82	1
1564	27	25	3456.0	3200.0	64	97	97	1
1565	27	26	3456.0	3328.0	64	67	67	1
1566	27	27	3456.0	3456.0	64	29	29	1
1567	27	28	3456.0	3584.0	64	67	67	1
1568	27	29	3456.0	3712.0	64	101	101	1
1569	27	30	3456.0	3840.0	64	100	100	1
1570	27	31	3456.0	3968.0	64	70	70	1
1571	27	32	3456.0	4096.0	64	69	69	1
1572	27	33	3456.0	4224.0	64	117	117	1
1573	27	34	3456.0	4352.0	64	131	131	1
1574	27	35	3456.0	4480.0	64	122	122	1
1575	27	36	3456.0	4608.0	64	105	105	1
1576	27	37	3456.0	4736.0	64	105	105	1
1577	27	38	3456.0	4864.0	59	89	89	1
1578	27	39	3456.0	4992.0	41	75	75	1
1579	27	40	3456.0	5120.0	64	95	95	1
1580	27	41	3456.0	5248.0	64	119	119	1
1581	27	42	3456.0	5376.0	64	143	143	1
1582	27	43	3456.0	5504.0	64	101	101	1
1583	27	44	3456.0	5632.0	64	77	77	1
1584	27	45	3456.0	5760.0	63	94	94	1
1585	27	46	3456.0	5888.0	62	110	110	1
1586	27	47	3456.0	6016.0	63	51	51	1
1587	27	48	3456.0	6144.0	63	53	53	1
1588	27	49	3456.0	6272.0	63	82	82	1
1589	27	50	3456.0	6400.0	62	98	98	1
1590	27	51	3456.0	6528.0	64	134	134	1
1591	27	52	3456.0	6656.0	64	109	109	1
1592	27	53	3456.0	6784.0	64	94	94	1
1593	27	54	3456.0	6912.0	64	78	78	1
1594	27	55	3456.0	7040.0	24	104	104	1
1595	27	56	3456.0	7168.0	0	1	1	0
1596	27	57	3456.0	7296.0	0	1	1	0
1597	27	58	3456.0	7424.0	0	1	1	0
1598	27	59	3456.0	7552.0	0	1	1	0
1599	28	4	3584.0	512.0	0	1	1	0
1600	28	5	3584.0	640.0	0	46	46	0
1601	28	6	3584.0	768.0	40	125	125	1
1602	28	7	3584.0	896.0	64	119	119	1
1603	28	8	3584.0	1024.0	64	120	120	1
1604	28	9	3584.0	1152.0	64	134	134	1
1605	28	10	3584.0	1280.0	64	134	134	1
1606	28	11	3584.0	1408.0	64	151	151	1
1607	28	12	3584.0	1536.0	64	102	102	1
1608	28	13	3584.0	1664.0	64	139	139	1
1609	28	14	3584.0	1792.0	64	115	115	1
1610	28	15	3584.0	1920.0	64	105	105	1
1611	28	16	3584.0	2048.0	64	87	87	1
1612	28	17	3584.0	2176.0	64	97	97	1
1613	28	18	3584.0	2304.0	64	106	106	1
1614	28	19	3584.0	2432.0	62	94	94	1
1615	28	20	3584.0	2560.0	29	30	30	1
1616	28	21	3584.0	2688.0	6	27	27	0
1617	28	22	3584.0	2816.0	35	65	65	1
1618	28	23	3584.0	2944.0	64	46	46	1
1619	28	24	3584.0	3072.0	64	92	92	1
1620	28	25	3584.0	3200.0	64	51	51	1
1621	28	26	3584.0	3328.0	64	99	99	1
1622	28	27	3584.0	3456.0	64	65	65	1
1623	28	28	3584.0	3584.0	61	100	100	1
1624	28	29	3584.0	3712.0	30	32	32	1
1625	28	30	3584.0	3840.0	46	34	34	1
1626	28	31	3584.0	3968.0	42	38	38	1
1627	28	32	3584.0	4096.0	64	110	110	1
1628	28	33	3584.0	4224.0	64	123	123	1
1629	28	34	3584.0	4352.0	64	80	80	1
1630	28	35	3584.0	4480.0	64	35	35	1
1631	28	36	3584.0	4608.0	64	65	65	1
1632	28	37	3584.0	4736.0	64	88	88	1
1633	28	38	3584.0	4864.0	64	81	81	1
1634	28	39	3584.0	4992.0	64	65	65	1
1635	28	40	3584.0	5120.0	64	91	91	1
1636	28	41	3584.0	5248.0	64	74	74	1
1637	28	42	3584.0	5376.0	64	100	100	1
1638	28	43	3584.0	5504.0	64	73	73	1
1639	28	44	3584.0	5632.0	64	124	124	1
1640	28	45	3584.0	5760.0	64	107	107	1
1641	28	46	3584.0	5888.0	64	112	112	1
1642	28	47	3584.0	6016.0	64	80	80	1
1643	28	48	3584.0	6144.0	64	109	109	1
1644	28	49	3584.0	6272.0	64	74	74	1
1645	28	50	3584.0	6400.0	64	90	90	1
1646	28	51	3584.0	6528.0	63	117	117	1
1647	28	52	3584.0	6656.0	63	119	119	1
1648	28	53	3584.0	6784.0	63	133	133	1
1649	28	54	3584.0	6912.0	46	172	172	1
1650	28	55	3584.0	7040.0	0	13	13	0
1651	28	56	3584.0	7168.0	0	0	0	0
1652	28	57	3584.0	7296.0	0	0	0	0
1653	28	58	3584.0	7424.0	6	0	0	0
1654	29	3	3712.0	384.0	0	1	1	0
1655	29	5	3712.0	640.0	0	119	119	0
1656	29	6	3712.0	768.0	40	143	143	1
1657	29	7	3712.0	896.0	64	120	120	1
1658	29	8	3712.0	1024.0	64	133	133	1
1659	29	9	3712.0	1152.0	64	153	153	1
1660	29	10	3712.0	1280.0	64	180	180	1
1661	29	11	3712.0	1408.0	64	122	122	1
1662	29	12	3712.0	1536.0	64	117	117	1
1663	29	13	3712.0	1664.0	64	113	113	1
1664	29	14	3712.0	1792.0	64	134	134	1
1665	29	15	3712.0	1920.0	64	142	142	1
1666	29	16	3712.0	2048.0	64	122	122	1
1667	29	17	3712.0	2176.0	64	111	111	1
1668	29	18	3712.0	2304.0	64	126	126	1
1669	29	19	3712.0	2432.0	64	139	139	1
1670	29	20	3712.0	2560.0	62	100	100	1
1671	29	21	3712.0	2688.0	52	122	122	1
1672	29	22	3712.0	2816.0	32	77	77	1
1673	29	23	3712.0	2944.0	62	27	27	1
1674	29	24	3712.0	3072.0	64	127	127	1
1675	29	25	3712.0	3200.0	64	92	92	1
1676	29	26	3712.0	3328.0	64	91	91	1
1677	29	27	3712.0	3456.0	64	125	125	1
1678	29	28	3712.0	3584.0	49	52	52	1
1679	29	29	3712.0	3712.0	1	26	26	0
1680	29	30	3712.0	3840.0	0	21	21	0
1681	29	31	3712.0	3968.0	13	43	43	0
1682	29	32	3712.0	4096.0	57	49	49	1
1683	29	33	3712.0	4224.0	64	29	29	1
1684	29	34	3712.0	4352.0	64	102	101	1
1685	29	35	3712.0	4480.0	64	96	96	1
1686	29	36	3712.0	4608.0	64	129	129	1
1687	29	37	3712.0	4736.0	64	83	83	1
1688	29	38	3712.0	4864.0	64	52	52	1
1689	29	39	3712.0	4992.0	64	105	105	1
1690	29	40	3712.0	5120.0	64	85	85	1
1691	29	41	3712.0	5248.0	64	76	76	1
1692	29	42	3712.0	5376.0	64	100	100	1
1693	29	43	3712.0	5504.0	64	115	115	1
1694	29	44	3712.0	5632.0	64	121	121	1
1695	29	45	3712.0	5760.0	64	123	123	1
1696	29	46	3712.0	5888.0	64	128	128	1
1697	29	47	3712.0	6016.0	64	68	68	1
1698	29	48	3712.0	6144.0	64	151	151	1
1699	29	49	3712.0	6272.0	64	100	100	1
1700	29	50	3712.0	6400.0	64	133	133	1
1701	29	51	3712.0	6528.0	64	90	90	1
1702	29	52	3712.0	6656.0	64	90	90	1
1703	29	53	3712.0	6784.0	64	138	138	1
1704	29	54	3712.0	6912.0	39	141	141	1
1705	29	55	3712.0	7040.0	0	29	29	0
1706	29	56	3712.0	7168.0	0	0	0	0
1707	29	57	3712.0	7296.0	17	0	0	0
1708	29	58	3712.0	7424.0	24	0	0	0
1709	30	3	3840.0	384.0	0	5	3	0
1710	30	4	3840.0	512.0	0	10	10	0
1711	30	5	3840.0	640.0	0	105	105	0
1712	30	6	3840.0	768.0	40	139	139	1
1713	30	7	3840.0	896.0	64	120	120	1
1714	30	8	3840.0	1024.0	64	154	154	1
1715	30	9	3840.0	1152.0	64	154	154	1
1716	30	10	3840.0	1280.0	64	132	132	1
1717	30	11	3840.0	1408.0	64	82	82	1
1718	30	12	3840.0	1536.0	64	101	101	1
1719	30	13	3840.0	1664.0	64	100	100	1
1720	30	14	3840.0	1792.0	64	136	136	1
1721	30	15	3840.0	1920.0	64	150	150	1
1722	30	16	3840.0	2048.0	64	124	124	1
1723	30	17	3840.0	2176.0	64	124	124	1
1724	30	18	3840.0	2304.0	64	127	127	1
1725	30	19	3840.0	2432.0	64	112	112	1
1726	30	20	3840.0	2560.0	64	107	107	1
1727	30	21	3840.0	2688.0	64	60	60	1
1728	30	22	3840.0	2816.0	64	118	118	1
1729	30	23	3840.0	2944.0	64	125	125	1
1730	30	24	3840.0	3072.0	64	84	84	1
1731	30	25	3840.0	3200.0	64	96	96	1
1732	30	26	3840.0	3328.0	64	170	170	1
1733	30	27	3840.0	3456.0	64	143	143	1
1734	30	28	3840.0	3584.0	59	85	85	1
1735	30	29	3840.0	3712.0	24	35	35	1
1736	30	30	3840.0	3840.0	25	45	45	1
1737	30	31	3840.0	3968.0	54	74	74	1
1738	30	32	3840.0	4096.0	64	107	107	1
1739	30	33	3840.0	4224.0	64	88	88	1
1740	30	34	3840.0	4352.0	64	119	119	1
1741	30	35	3840.0	4480.0	64	84	84	1
1742	30	36	3840.0	4608.0	64	143	143	1
1743	30	37	3840.0	4736.0	64	125	125	1
1744	30	38	3840.0	4864.0	64	87	87	1
1745	30	39	3840.0	4992.0	64	90	90	1
1746	30	40	3840.0	5120.0	64	91	91	1
1747	30	41	3840.0	5248.0	64	125	125	1
1748	30	42	3840.0	5376.0	64	136	136	1
1749	30	43	3840.0	5504.0	64	88	88	1
1750	30	44	3840.0	5632.0	64	102	102	1
1751	30	45	3840.0	5760.0	64	112	112	1
1752	30	46	3840.0	5888.0	64	104	104	1
1753	30	47	3840.0	6016.0	64	105	105	1
1754	30	48	3840.0	6144.0	64	90	90	1
1755	30	49	3840.0	6272.0	64	89	89	1
1756	30	50	3840.0	6400.0	64	37	37	1
1757	30	51	3840.0	6528.0	64	89	89	1
1758	30	52	3840.0	6656.0	64	118	118	1
1759	30	53	3840.0	6784.0	64	92	92	1
1760	30	54	3840.0	6912.0	45	175	175	1
1761	30	55	3840.0	7040.0	0	25	25	0
1762	30	56	3840.0	7168.0	31	0	0	0
1763	30	57	3840.0	7296.0	15	0	0	0
1764	30	58	3840.0	7424.0	5	1	1	0
1765	31	2	3968.0	256.0	0	1	1	0
1766	31	4	3968.0	512.0	0	80	80	0
1767	31	5	3968.0	640.0	0	148	148	0
1768	31	6	3968.0	768.0	40	156	156	1
1769	31	7	3968.0	896.0	64	172	172	1
1770	31	8	3968.0	1024.0	64	147	147	1
1771	31	9	3968.0	1152.0	64	176	176	1
1772	31	10	3968.0	1280.0	64	201	201	1
1773	31	11	3968.0	1408.0	64	150	150	1
1774	31	12	3968.0	1536.0	64	109	109	1
1775	31	13	3968.0	1664.0	64	146	146	1
1776	31	14	3968.0	1792.0	64	107	107	1
1777	31	15	3968.0	1920.0	64	113	113	1
1778	31	16	3968.0	2048.0	64	100	100	1
1779	31	17	3968.0	2176.0	64	156	156	1
1780	31	18	3968.0	2304.0	64	142	142	1
1781	31	19	3968.0	2432.0	64	114	114	1
1782	31	20	3968.0	2560.0	64	123	123	1
1783	31	21	3968.0	2688.0	64	121	121	1
1784	31	22	3968.0	2816.0	64	117	117	1
1785	31	23	3968.0	2944.0	64	88	88	1
1786	31	24	3968.0	3072.0	64	122	122	1
1787	31	25	3968.0	3200.0	64	99	99	1
1788	31	26	3968.0	3328.0	64	173	173	1
1789	31	27	3968.0	3456.0	64	136	136	1
1790	31	28	3968.0	3584.0	61	73	73	1
1791	31	29	3968.0	3712.0	47	54	54	1
1792	31	30	3968.0	3840.0	64	88	88	1
1793	31	31	3968.0	3968.0	64	107	107	1
1794	31	32	3968.0	4096.0	64	84	84	1
1795	31	33	3968.0	4224.0	64	79	79	1
1796	31	34	3968.0	4352.0	64	110	110	1
1797	31	35	3968.0	4480.0	64	105	105	1
1798	31	36	3968.0	4608.0	64	132	132	1
1799	31	37	3968.0	4736.0	64	100	100	1
1800	31	38	3968.0	4864.0	64	69	69	1
1801	31	39	3968.0	4992.0	64	80	80	1
1802	31	40	3968.0	5120.0	64	78	78	1
1803	31	41	3968.0	5248.0	64	107	107	1
1804	31	42	3968.0	5376.0	64	65	65	1
1805	31	43	3968.0	5504.0	64	88	88	1
1806	31	44	3968.0	5632.0	64	54	54	1
1807	31	45	3968.0	5760.0	64	136	136	1
1808	31	46	3968.0	5888.0	64	110	110	1
1809	31	47	3968.0	6016.0	64	124	124	1
1810	31	48	3968.0	6144.0	64	91	91	1
1811	31	49	3968.0	6272.0	64	75	75	1
1812	31	50	3968.0	6400.0	64	114	114	1
1813	31	51	3968.0	6528.0	64	104	103	1
1814	31	52	3968.0	6656.0	64	97	97	1
1815	31	53	3968.0	6784.0	63	66	66	1
1816	31	54	3968.0	6912.0	9	112	112	0
1817	31	55	3968.0	7040.0	0	0	0	0
1818	31	56	3968.0	7168.0	0	0	0	0
1819	31	57	3968.0	7296.0	0	0	0	0
1820	31	58	3968.0	7424.0	0	0	0	0
1821	32	3	4096.0	384.0	0	17	17	0
1822	32	4	4096.0	512.0	0	135	135	0
1823	32	5	4096.0	640.0	0	123	123	0
1824	32	6	4096.0	768.0	40	142	142	1
1825	32	7	4096.0	896.0	64	139	139	1
1826	32	8	4096.0	1024.0	64	131	131	1
1827	32	9	4096.0	1152.0	64	128	128	1
1828	32	10	4096.0	1280.0	64	144	144	1
1829	32	11	4096.0	1408.0	64	143	143	1
1830	32	12	4096.0	1536.0	64	123	123	1
1831	32	13	4096.0	1664.0	64	85	85	1
1832	32	14	4096.0	1792.0	64	135	135	1
1833	32	15	4096.0	1920.0	64	136	136	1
1834	32	16	4096.0	2048.0	64	105	105	1
1835	32	17	4096.0	2176.0	64	115	115	1
1836	32	18	4096.0	2304.0	54	142	142	1
1837	32	19	4096.0	2432.0	33	62	62	1
1838	32	20	4096.0	2560.0	64	107	107	1
1839	32	21	4096.0	2688.0	64	104	104	1
1840	32	22	4096.0	2816.0	64	105	105	1
1841	32	23	4096.0	2944.0	64	55	55	1
1842	32	24	4096.0	3072.0	64	104	104	1
1843	32	25	4096.0	3200.0	64	77	77	1
1844	32	26	4096.0	3328.0	64	118	118	1
1845	32	27	4096.0	3456.0	64	141	141	1
1846	32	28	4096.0	3584.0	64	8	8	0
1847	32	29	4096.0	3712.0	61	32	32	1
1848	32	30	4096.0	3840.0	48	67	67	1
1849	32	31	4096.0	3968.0	42	97	97	1
1850	32	32	4096.0	4096.0	64	125	125	1
1851	32	33	4096.0	4224.0	64	112	112	1
1852	32	34	4096.0	4352.0	64	65	65	1
1853	32	35	4096.0	4480.0	64	112	112	1
1854	32	36	4096.0	4608.0	64	102	102	1
1855	32	37	4096.0	4736.0	64	132	132	1
1856	32	38	4096.0	4864.0	64	150	150	1
1857	32	39	4096.0	4992.0	64	108	108	1
1858	32	40	4096.0	5120.0	64	94	94	1
1859	32	41	4096.0	5248.0	64	57	57	1
1860	32	42	4096.0	5376.0	64	32	32	1
1861	32	43	4096.0	5504.0	64	61	61	1
1862	32	44	4096.0	5632.0	64	100	100	1
1863	32	45	4096.0	5760.0	64	111	111	1
1864	32	46	4096.0	5888.0	64	118	118	1
1865	32	47	4096.0	6016.0	64	94	94	1
1866	32	48	4096.0	6144.0	64	144	144	1
1867	32	49	4096.0	6272.0	64	114	114	1
1868	32	50	4096.0	6400.0	64	126	126	1
1869	32	51	4096.0	6528.0	64	132	132	1
1870	32	52	4096.0	6656.0	64	115	115	1
1871	32	53	4096.0	6784.0	48	90	90	1
1872	32	54	4096.0	6912.0	0	48	48	0
1873	32	55	4096.0	7040.0	0	0	0	0
1874	32	56	4096.0	7168.0	0	0	0	0
1875	32	57	4096.0	7296.0	0	0	0	0
1876	32	58	4096.0	7424.0	0	0	0	0
1877	33	2	4224.0	256.0	0	2	2	0
1878	33	3	4224.0	384.0	0	32	32	0
1879	33	4	4224.0	512.0	0	107	107	0
1880	33	5	4224.0	640.0	0	108	108	0
1881	33	6	4224.0	768.0	40	138	138	1
1882	33	7	4224.0	896.0	64	127	127	1
1883	33	8	4224.0	1024.0	64	119	119	1
1884	33	9	4224.0	1152.0	64	113	113	1
1885	33	10	4224.0	1280.0	64	147	147	1
1886	33	11	4224.0	1408.0	64	128	128	1
1887	33	12	4224.0	1536.0	64	127	127	1
1888	33	13	4224.0	1664.0	64	161	161	1
1889	33	14	4224.0	1792.0	64	139	139	1
1890	33	15	4224.0	1920.0	64	134	134	1
1891	33	16	4224.0	2048.0	64	111	111	1
1892	33	17	4224.0	2176.0	64	107	107	1
1893	33	18	4224.0	2304.0	64	93	93	1
1894	33	19	4224.0	2432.0	41	95	95	1
1895	33	20	4224.0	2560.0	64	112	112	1
1896	33	21	4224.0	2688.0	64	117	117	1
1897	33	22	4224.0	2816.0	64	134	134	1
1898	33	23	4224.0	2944.0	64	82	82	1
1899	33	24	4224.0	3072.0	64	54	54	1
1900	33	25	4224.0	3200.0	64	69	69	1
1901	33	26	4224.0	3328.0	64	139	139	1
1902	33	27	4224.0	3456.0	64	46	46	1
1903	33	28	4224.0	3584.0	64	59	59	1
1904	33	29	4224.0	3712.0	28	74	74	1
1905	33	30	4224.0	3840.0	0	20	20	0
1906	33	31	4224.0	3968.0	7	50	50	0
1907	33	32	4224.0	4096.0	64	83	83	1
1908	33	33	4224.0	4224.0	64	63	63	1
1909	33	34	4224.0	4352.0	64	25	25	1
1910	33	35	4224.0	4480.0	64	75	75	1
1911	33	36	4224.0	4608.0	64	123	123	1
1912	33	37	4224.0	4736.0	64	124	124	1
1913	33	38	4224.0	4864.0	64	146	146	1
1914	33	39	4224.0	4992.0	64	145	145	1
1915	33	40	4224.0	5120.0	64	47	47	1
1916	33	41	4224.0	5248.0	64	69	69	1
1917	33	42	4224.0	5376.0	64	59	59	1
1918	33	43	4224.0	5504.0	64	94	94	1
1919	33	44	4224.0	5632.0	64	57	57	1
1920	33	45	4224.0	5760.0	64	69	69	1
1921	33	46	4224.0	5888.0	64	81	81	1
1922	33	47	4224.0	6016.0	64	115	115	1
1923	33	48	4224.0	6144.0	64	121	121	1
1924	33	49	4224.0	6272.0	64	132	132	1
1925	33	50	4224.0	6400.0	64	117	117	1
1926	33	51	4224.0	6528.0	64	123	123	1
1927	33	52	4224.0	6656.0	64	131	131	1
1928	33	53	4224.0	6784.0	34	125	125	1
1929	33	54	4224.0	6912.0	0	0	0	0
1930	33	55	4224.0	7040.0	8	0	0	0
1931	33	56	4224.0	7168.0	0	0	0	0
1932	33	57	4224.0	7296.0	0	0	0	0
1933	33	58	4224.0	7424.0	0	0	0	0
1934	34	3	4352.0	384.0	0	34	34	0
1935	34	4	4352.0	512.0	0	114	114	0
1936	34	5	4352.0	640.0	0	131	131	0
1937	34	6	4352.0	768.0	40	157	157	1
1938	34	7	4352.0	896.0	64	128	128	1
1939	34	8	4352.0	1024.0	64	134	134	1
1940	34	9	4352.0	1152.0	64	140	140	1
1941	34	10	4352.0	1280.0	64	116	116	1
1942	34	11	4352.0	1408.0	64	168	168	1
1943	34	12	4352.0	1536.0	64	109	109	1
1944	34	13	4352.0	1664.0	64	111	111	1
1945	34	14	4352.0	1792.0	64	134	134	1
1946	34	15	4352.0	1920.0	64	155	155	1
1947	34	16	4352.0	2048.0	64	95	95	1
1948	34	17	4352.0	2176.0	64	108	108	1
1949	34	18	4352.0	2304.0	64	81	81	1
1950	34	19	4352.0	2432.0	50	38	38	1
1951	34	20	4352.0	2560.0	59	92	92	1
1952	34	21	4352.0	2688.0	64	113	113	1
1953	34	22	4352.0	2816.0	64	106	106	1
1954	34	23	4352.0	2944.0	64	109	109	1
1955	34	24	4352.0	3072.0	64	139	139	1
1956	34	25	4352.0	3200.0	64	148	148	1
1957	34	26	4352.0	3328.0	64	49	49	1
1958	34	27	4352.0	3456.0	64	29	29	1
1959	34	28	4352.0	3584.0	64	95	95	1
1960	34	29	4352.0	3712.0	45	82	82	1
1961	34	30	4352.0	3840.0	0	13	13	0
1962	34	31	4352.0	3968.0	6	6	6	0
1963	34	32	4352.0	4096.0	52	85	85	1
1964	34	33	4352.0	4224.0	64	110	110	1
1965	34	34	4352.0	4352.0	64	59	59	1
1966	34	35	4352.0	4480.0	64	148	148	1
1967	34	36	4352.0	4608.0	64	132	132	1
1968	34	37	4352.0	4736.0	64	109	109	1
1969	34	38	4352.0	4864.0	64	143	143	1
1970	34	39	4352.0	4992.0	64	136	136	1
1971	34	40	4352.0	5120.0	64	139	139	1
1972	34	41	4352.0	5248.0	64	124	124	1
1973	34	42	4352.0	5376.0	64	121	121	1
1974	34	43	4352.0	5504.0	64	136	136	1
1975	34	44	4352.0	5632.0	64	96	96	1
1976	34	45	4352.0	5760.0	64	122	122	1
1977	34	46	4352.0	5888.0	64	98	98	1
1978	34	47	4352.0	6016.0	64	97	97	1
1979	34	48	4352.0	6144.0	64	148	148	1
1980	34	49	4352.0	6272.0	64	140	140	1
1981	34	50	4352.0	6400.0	64	129	129	1
1982	34	51	4352.0	6528.0	64	113	113	1
1983	34	52	4352.0	6656.0	64	143	143	1
1984	34	53	4352.0	6784.0	24	22	22	1
1985	34	54	4352.0	6912.0	0	1	1	0
1986	34	55	4352.0	7040.0	13	0	0	0
1987	34	56	4352.0	7168.0	0	0	0	0
1988	34	57	4352.0	7296.0	0	0	0	0
1989	34	58	4352.0	7424.0	0	0	0	0
1990	35	3	4480.0	384.0	0	83	83	0
1991	35	4	4480.0	512.0	0	116	116	0
1992	35	5	4480.0	640.0	0	172	172	0
1993	35	6	4480.0	768.0	40	101	101	1
1994	35	7	4480.0	896.0	64	121	121	1
1995	35	8	4480.0	1024.0	64	156	156	1
1996	35	9	4480.0	1152.0	64	170	170	1
1997	35	10	4480.0	1280.0	64	123	123	1
1998	35	11	4480.0	1408.0	64	109	109	1
1999	35	12	4480.0	1536.0	64	112	112	1
2000	35	13	4480.0	1664.0	64	142	142	1
2001	35	14	4480.0	1792.0	64	116	116	1
2002	35	15	4480.0	1920.0	64	122	122	1
2003	35	16	4480.0	2048.0	64	61	61	1
2004	35	17	4480.0	2176.0	64	148	148	1
2005	35	18	4480.0	2304.0	64	40	40	1
2006	35	19	4480.0	2432.0	49	91	91	1
2007	35	20	4480.0	2560.0	60	101	101	1
2008	35	21	4480.0	2688.0	64	143	143	1
2009	35	22	4480.0	2816.0	64	96	96	1
2010	35	23	4480.0	2944.0	64	151	151	1
2011	35	24	4480.0	3072.0	64	84	84	1
2012	35	25	4480.0	3200.0	64	121	121	1
2013	35	26	4480.0	3328.0	64	95	95	1
2014	35	27	4480.0	3456.0	64	140	140	1
2015	35	28	4480.0	3584.0	64	147	147	1
2016	35	29	4480.0	3712.0	63	50	50	1
2017	35	30	4480.0	3840.0	37	80	80	1
2018	35	31	4480.0	3968.0	0	96	96	0
2019	35	32	4480.0	4096.0	7	71	71	0
2020	35	33	4480.0	4224.0	60	120	120	1
2021	35	34	4480.0	4352.0	64	115	115	1
2022	35	35	4480.0	4480.0	64	95	95	1
2023	35	36	4480.0	4608.0	64	150	150	1
2024	35	37	4480.0	4736.0	64	100	100	1
2025	35	38	4480.0	4864.0	64	69	69	1
2026	35	39	4480.0	4992.0	64	59	59	1
2027	35	40	4480.0	5120.0	64	70	70	1
2028	35	41	4480.0	5248.0	64	39	39	1
2029	35	42	4480.0	5376.0	64	51	51	1
2030	35	43	4480.0	5504.0	64	45	45	1
2031	35	44	4480.0	5632.0	64	46	46	1
2032	35	45	4480.0	5760.0	64	27	27	1
2033	35	46	4480.0	5888.0	64	5	5	0
2034	35	47	4480.0	6016.0	64	102	102	1
2035	35	48	4480.0	6144.0	64	171	171	1
2036	35	49	4480.0	6272.0	64	150	150	1
2037	35	50	4480.0	6400.0	64	168	168	1
2038	35	51	4480.0	6528.0	64	153	153	1
2039	35	52	4480.0	6656.0	64	105	105	1
2040	35	53	4480.0	6784.0	7	1	1	0
2041	35	54	4480.0	6912.0	1	0	0	0
2042	35	55	4480.0	7040.0	3	0	0	0
2043	35	56	4480.0	7168.0	0	0	0	0
2044	35	57	4480.0	7296.0	0	0	0	0
2045	35	58	4480.0	7424.0	0	0	0	0
2046	36	3	4608.0	384.0	0	140	140	0
2047	36	4	4608.0	512.0	0	145	145	0
2048	36	5	4608.0	640.0	0	134	134	0
2049	36	6	4608.0	768.0	40	138	138	1
2050	36	7	4608.0	896.0	64	124	124	1
2051	36	8	4608.0	1024.0	64	104	104	1
2052	36	9	4608.0	1152.0	64	127	127	1
2053	36	10	4608.0	1280.0	64	133	133	1
2054	36	11	4608.0	1408.0	64	126	126	1
2055	36	12	4608.0	1536.0	64	123	123	1
2056	36	13	4608.0	1664.0	64	56	56	1
2057	36	14	4608.0	1792.0	64	91	91	1
2058	36	15	4608.0	1920.0	64	134	134	1
2059	36	16	4608.0	2048.0	64	151	151	1
2060	36	17	4608.0	2176.0	64	139	139	1
2061	36	18	4608.0	2304.0	64	128	128	1
2062	36	19	4608.0	2432.0	64	99	99	1
2063	36	20	4608.0	2560.0	64	135	135	1
2064	36	21	4608.0	2688.0	64	120	120	1
2065	36	22	4608.0	2816.0	64	83	83	1
2066	36	23	4608.0	2944.0	64	99	99	1
2067	36	24	4608.0	3072.0	64	136	136	1
2068	36	25	4608.0	3200.0	64	94	94	1
2069	36	26	4608.0	3328.0	64	93	93	1
2070	36	27	4608.0	3456.0	64	126	126	1
2071	36	28	4608.0	3584.0	64	129	129	1
2072	36	29	4608.0	3712.0	64	119	119	1
2073	36	30	4608.0	3840.0	64	147	147	1
2074	36	31	4608.0	3968.0	57	138	138	1
2075	36	32	4608.0	4096.0	42	134	134	1
2076	36	33	4608.0	4224.0	53	98	98	1
2077	36	34	4608.0	4352.0	64	71	71	1
2078	36	35	4608.0	4480.0	64	104	104	1
2079	36	36	4608.0	4608.0	64	31	31	1
2080	36	37	4608.0	4736.0	64	6	6	0
2081	36	38	4608.0	4864.0	64	0	0	0
2082	36	39	4608.0	4992.0	64	1	1	0
2083	36	40	4608.0	5120.0	64	2	2	0
2084	36	41	4608.0	5248.0	64	0	0	0
2085	36	42	4608.0	5376.0	64	0	0	0
2086	36	43	4608.0	5504.0	64	0	0	0
2087	36	44	4608.0	5632.0	64	0	0	0
2088	36	45	4608.0	5760.0	64	0	0	0
2089	36	46	4608.0	5888.0	64	0	0	0
2090	36	47	4608.0	6016.0	64	1	1	0
2091	36	48	4608.0	6144.0	64	10	10	1
2092	36	49	4608.0	6272.0	64	63	63	1
2093	36	50	4608.0	6400.0	64	161	161	1
2094	36	51	4608.0	6528.0	64	117	117	1
2095	36	52	4608.0	6656.0	43	24	24	1
2096	36	53	4608.0	6784.0	0	1	1	0
2097	36	54	4608.0	6912.0	2	0	0	0
2098	36	55	4608.0	7040.0	9	0	0	0
2099	36	56	4608.0	7168.0	0	0	0	0
2100	36	57	4608.0	7296.0	0	0	0	0
2101	36	58	4608.0	7424.0	0	0	0	0
2102	37	1	4736.0	128.0	0	2	2	0
2103	37	3	4736.0	384.0	0	94	94	0
2104	37	4	4736.0	512.0	0	151	151	0
2105	37	5	4736.0	640.0	0	132	132	0
2106	37	6	4736.0	768.0	40	128	128	1
2107	37	7	4736.0	896.0	64	112	112	1
2108	37	8	4736.0	1024.0	64	102	102	1
2109	37	9	4736.0	1152.0	64	106	106	1
2110	37	10	4736.0	1280.0	64	116	116	1
2111	37	11	4736.0	1408.0	64	168	168	1
2112	37	12	4736.0	1536.0	64	136	136	1
2113	37	13	4736.0	1664.0	64	128	128	1
2114	37	14	4736.0	1792.0	64	90	90	1
2115	37	15	4736.0	1920.0	64	162	162	1
2116	37	16	4736.0	2048.0	64	141	141	1
2117	37	17	4736.0	2176.0	64	134	134	1
2118	37	18	4736.0	2304.0	64	134	134	1
2119	37	19	4736.0	2432.0	64	98	98	1
2120	37	20	4736.0	2560.0	63	59	59	1
2121	37	21	4736.0	2688.0	64	62	62	1
2122	37	22	4736.0	2816.0	64	124	124	1
2123	37	23	4736.0	2944.0	64	80	80	1
2124	37	24	4736.0	3072.0	64	94	94	1
2125	37	25	4736.0	3200.0	64	103	103	1
2126	37	26	4736.0	3328.0	64	133	133	1
2127	37	27	4736.0	3456.0	64	106	106	1
2128	37	28	4736.0	3584.0	64	80	80	1
2129	37	29	4736.0	3712.0	64	126	126	1
2130	37	30	4736.0	3840.0	64	70	70	1
2131	37	31	4736.0	3968.0	64	84	84	1
2132	37	32	4736.0	4096.0	64	112	112	1
2133	37	33	4736.0	4224.0	64	147	147	1
2134	37	34	4736.0	4352.0	64	69	69	1
2135	37	35	4736.0	4480.0	64	83	83	1
2136	37	36	4736.0	4608.0	64	116	116	1
2137	37	37	4736.0	4736.0	64	143	143	1
2138	37	38	4736.0	4864.0	64	156	156	1
2139	37	39	4736.0	4992.0	64	33	33	1
2140	37	40	4736.0	5120.0	64	0	0	0
2141	37	41	4736.0	5248.0	64	0	0	0
2142	37	42	4736.0	5376.0	64	2	2	0
2143	37	43	4736.0	5504.0	64	2	2	0
2144	37	44	4736.0	5632.0	64	0	0	0
2145	37	45	4736.0	5760.0	64	0	0	0
2146	37	46	4736.0	5888.0	64	0	0	0
2147	37	47	4736.0	6016.0	64	0	0	0
2148	37	48	4736.0	6144.0	64	0	0	0
2149	37	49	4736.0	6272.0	64	0	0	0
2150	37	50	4736.0	6400.0	64	95	95	1
2151	37	51	4736.0	6528.0	64	95	95	1
2152	37	52	4736.0	6656.0	26	0	0	0
2153	37	53	4736.0	6784.0	0	0	0	0
2154	37	54	4736.0	6912.0	0	0	0	0
2155	37	55	4736.0	7040.0	0	0	0	0
2156	37	56	4736.0	7168.0	0	0	0	0
2157	37	57	4736.0	7296.0	0	0	0	0
2158	37	58	4736.0	7424.0	0	0	0	0
2159	38	2	4864.0	256.0	0	16	16	0
2160	38	3	4864.0	384.0	0	111	111	0
2161	38	4	4864.0	512.0	0	163	163	0
2162	38	5	4864.0	640.0	0	146	146	0
2163	38	6	4864.0	768.0	40	139	139	1
2164	38	7	4864.0	896.0	64	101	101	1
2165	38	8	4864.0	1024.0	64	110	110	1
2166	38	9	4864.0	1152.0	64	117	117	1
2167	38	10	4864.0	1280.0	64	83	83	1
2168	38	11	4864.0	1408.0	64	79	79	1
2169	38	12	4864.0	1536.0	64	128	128	1
2170	38	13	4864.0	1664.0	53	43	43	1
2171	38	14	4864.0	1792.0	19	59	59	1
2172	38	15	4864.0	1920.0	62	121	121	1
2173	38	16	4864.0	2048.0	64	112	112	1
2174	38	17	4864.0	2176.0	64	99	99	1
2175	38	18	4864.0	2304.0	64	125	125	1
2176	38	19	4864.0	2432.0	62	89	89	1
2177	38	20	4864.0	2560.0	25	17	17	1
2178	38	21	4864.0	2688.0	59	91	91	1
2179	38	22	4864.0	2816.0	64	59	59	1
2180	38	23	4864.0	2944.0	64	88	88	1
2181	38	24	4864.0	3072.0	64	118	118	1
2182	38	25	4864.0	3200.0	64	107	107	1
2183	38	26	4864.0	3328.0	64	161	161	1
2184	38	27	4864.0	3456.0	64	140	140	1
2185	38	28	4864.0	3584.0	64	118	118	1
2186	38	29	4864.0	3712.0	64	55	55	1
2187	38	30	4864.0	3840.0	64	95	95	1
2188	38	31	4864.0	3968.0	64	140	140	1
2189	38	32	4864.0	4096.0	64	124	124	1
2190	38	33	4864.0	4224.0	64	83	83	1
2191	38	34	4864.0	4352.0	64	93	93	1
2192	38	35	4864.0	4480.0	64	95	95	1
2193	38	36	4864.0	4608.0	64	161	161	1
2194	38	37	4864.0	4736.0	64	141	141	1
2195	38	38	4864.0	4864.0	64	152	152	1
2196	38	39	4864.0	4992.0	64	75	75	1
2197	38	40	4864.0	5120.0	64	9	9	0
2198	38	41	4864.0	5248.0	64	0	0	0
2199	38	42	4864.0	5376.0	64	0	0	0
2200	38	43	4864.0	5504.0	64	0	0	0
2201	38	44	4864.0	5632.0	64	18	18	1
2202	38	45	4864.0	5760.0	64	37	37	1
2203	38	46	4864.0	5888.0	64	9	9	0
2204	38	47	4864.0	6016.0	64	0	0	0
2205	38	48	4864.0	6144.0	64	23	23	1
2206	38	49	4864.0	6272.0	64	105	105	1
2207	38	50	4864.0	6400.0	64	132	132	1
2208	38	51	4864.0	6528.0	62	52	52	1
2209	38	52	4864.0	6656.0	8	0	0	0
2210	38	53	4864.0	6784.0	0	0	0	0
2211	38	54	4864.0	6912.0	0	0	0	0
2212	38	55	4864.0	7040.0	18	0	0	0
2213	38	56	4864.0	7168.0	12	0	0	0
2214	38	57	4864.0	7296.0	0	0	0	0
2215	38	58	4864.0	7424.0	0	0	0	0
2216	39	2	4992.0	256.0	0	63	63	0
2217	39	3	4992.0	384.0	0	80	80	0
2218	39	4	4992.0	512.0	0	142	142	0
2219	39	5	4992.0	640.0	0	150	150	0
2220	39	6	4992.0	768.0	40	167	167	1
2221	39	7	4992.0	896.0	64	135	135	1
2222	39	8	4992.0	1024.0	64	125	125	1
2223	39	9	4992.0	1152.0	64	123	123	1
2224	39	10	4992.0	1280.0	64	145	145	1
2225	39	11	4992.0	1408.0	64	124	124	1
2226	39	12	4992.0	1536.0	64	112	112	1
2227	39	13	4992.0	1664.0	51	29	29	1
2228	39	14	4992.0	1792.0	60	35	35	1
2229	39	15	4992.0	1920.0	64	7	7	0
2230	39	16	4992.0	2048.0	64	51	51	1
2231	39	17	4992.0	2176.0	64	93	93	1
2232	39	18	4992.0	2304.0	64	85	85	1
2233	39	19	4992.0	2432.0	59	117	117	1
2234	39	20	4992.0	2560.0	0	12	12	0
2235	39	21	4992.0	2688.0	25	64	64	1
2236	39	22	4992.0	2816.0	64	133	133	1
2237	39	23	4992.0	2944.0	64	131	131	1
2238	39	24	4992.0	3072.0	64	80	80	1
2239	39	25	4992.0	3200.0	64	124	124	1
2240	39	26	4992.0	3328.0	64	139	139	1
2241	39	27	4992.0	3456.0	64	90	90	1
2242	39	28	4992.0	3584.0	64	104	104	1
2243	39	29	4992.0	3712.0	64	124	124	1
2244	39	30	4992.0	3840.0	64	151	151	1
2245	39	31	4992.0	3968.0	64	135	135	1
2246	39	32	4992.0	4096.0	64	118	118	1
2247	39	33	4992.0	4224.0	64	127	127	1
2248	39	34	4992.0	4352.0	64	120	120	1
2249	39	35	4992.0	4480.0	64	116	116	1
2250	39	36	4992.0	4608.0	64	105	105	1
2251	39	37	4992.0	4736.0	64	131	131	1
2252	39	38	4992.0	4864.0	64	103	103	1
2253	39	39	4992.0	4992.0	64	104	104	1
2254	39	40	4992.0	5120.0	64	103	103	1
2255	39	41	4992.0	5248.0	64	79	79	1
2256	39	42	4992.0	5376.0	64	95	95	1
2257	39	43	4992.0	5504.0	64	136	136	1
2258	39	44	4992.0	5632.0	64	127	127	1
2259	39	45	4992.0	5760.0	64	143	143	1
2260	39	46	4992.0	5888.0	64	98	98	1
2261	39	47	4992.0	6016.0	64	87	87	1
2262	39	48	4992.0	6144.0	64	130	130	1
2263	39	49	4992.0	6272.0	64	162	162	1
2264	39	50	4992.0	6400.0	64	117	117	1
2265	39	51	4992.0	6528.0	31	11	11	1
2266	39	52	4992.0	6656.0	5	0	0	0
2267	39	53	4992.0	6784.0	0	0	0	0
2268	39	54	4992.0	6912.0	0	0	0	0
2269	39	55	4992.0	7040.0	15	0	0	0
2270	39	56	4992.0	7168.0	26	0	0	0
2271	39	57	4992.0	7296.0	0	0	0	0
2272	39	58	4992.0	7424.0	0	0	0	0
2273	40	-2	5120.0	-256.0	0	1	1	0
2274	40	1	5120.0	128.0	0	6	6	0
2275	40	2	5120.0	256.0	0	142	142	0
2276	40	3	5120.0	384.0	0	120	120	0
2277	40	4	5120.0	512.0	0	171	171	0
2278	40	5	5120.0	640.0	0	125	125	0
2279	40	6	5120.0	768.0	40	142	142	1
2280	40	7	5120.0	896.0	64	139	139	1
2281	40	8	5120.0	1024.0	64	142	142	1
2282	40	9	5120.0	1152.0	64	118	118	1
2283	40	10	5120.0	1280.0	64	139	139	1
2284	40	11	5120.0	1408.0	64	138	138	1
2285	40	12	5120.0	1536.0	60	80	80	1
2286	40	13	5120.0	1664.0	45	61	61	1
2287	40	14	5120.0	1792.0	64	135	135	1
2288	40	15	5120.0	1920.0	64	153	153	1
2289	40	16	5120.0	2048.0	64	99	99	1
2290	40	17	5120.0	2176.0	64	144	144	1
2291	40	18	5120.0	2304.0	64	81	81	1
2292	40	19	5120.0	2432.0	59	101	101	1
2293	40	20	5120.0	2560.0	0	24	24	0
2294	40	21	5120.0	2688.0	17	64	64	1
2295	40	22	5120.0	2816.0	64	88	88	1
2296	40	23	5120.0	2944.0	64	176	176	1
2297	40	24	5120.0	3072.0	64	74	74	1
2298	40	25	5120.0	3200.0	64	116	116	1
2299	40	26	5120.0	3328.0	64	119	119	1
2300	40	27	5120.0	3456.0	64	92	92	1
2301	40	28	5120.0	3584.0	64	11	11	1
2302	40	29	5120.0	3712.0	64	29	29	1
2303	40	30	5120.0	3840.0	64	116	116	1
2304	40	31	5120.0	3968.0	64	90	90	1
2305	40	32	5120.0	4096.0	64	166	166	1
2306	40	33	5120.0	4224.0	64	63	63	1
2307	40	34	5120.0	4352.0	64	19	19	1
2308	40	35	5120.0	4480.0	64	108	108	1
2309	40	36	5120.0	4608.0	64	110	110	1
2310	40	37	5120.0	4736.0	64	151	151	1
2311	40	38	5120.0	4864.0	64	120	120	1
2312	40	39	5120.0	4992.0	64	99	99	1
2313	40	40	5120.0	5120.0	57	120	120	1
2314	40	41	5120.0	5248.0	52	145	145	1
2315	40	42	5120.0	5376.0	64	157	157	1
2316	40	43	5120.0	5504.0	64	135	135	1
2317	40	44	5120.0	5632.0	64	115	115	1
2318	40	45	5120.0	5760.0	64	196	196	1
2319	40	46	5120.0	5888.0	64	175	175	1
2320	40	47	5120.0	6016.0	64	149	149	1
2321	40	48	5120.0	6144.0	64	116	116	1
2322	40	49	5120.0	6272.0	64	152	152	1
2323	40	50	5120.0	6400.0	43	50	50	1
2324	40	51	5120.0	6528.0	0	0	0	0
2325	40	52	5120.0	6656.0	0	0	0	0
2326	40	53	5120.0	6784.0	0	0	0	0
2327	40	54	5120.0	6912.0	0	0	0	0
2328	40	55	5120.0	7040.0	0	0	0	0
2329	40	56	5120.0	7168.0	0	0	0	0
2330	40	57	5120.0	7296.0	0	0	0	0
2331	40	58	5120.0	7424.0	0	0	0	0
2332	41	-1	5248.0	-128.0	0	2	1	0
2333	41	0	5248.0	0.0	0	1	1	0
2334	41	1	5248.0	128.0	0	68	68	0
2335	41	2	5248.0	256.0	0	142	142	0
2336	41	3	5248.0	384.0	0	114	114	0
2337	41	4	5248.0	512.0	0	125	125	0
2338	41	5	5248.0	640.0	0	156	156	0
2339	41	6	5248.0	768.0	40	112	112	1
2340	41	7	5248.0	896.0	64	96	96	1
2341	41	8	5248.0	1024.0	64	156	156	1
2342	41	9	5248.0	1152.0	64	145	145	1
2343	41	10	5248.0	1280.0	64	113	113	1
2344	41	11	5248.0	1408.0	64	69	69	1
2345	41	12	5248.0	1536.0	57	102	102	1
2346	41	13	5248.0	1664.0	42	70	70	1
2347	41	14	5248.0	1792.0	64	109	109	1
2348	41	15	5248.0	1920.0	64	58	58	1
2349	41	16	5248.0	2048.0	64	50	50	1
2350	41	17	5248.0	2176.0	64	12	12	1
2351	41	18	5248.0	2304.0	64	26	25	1
2352	41	19	5248.0	2432.0	64	9	8	0
2353	41	20	5248.0	2560.0	15	40	40	0
2354	41	21	5248.0	2688.0	31	30	30	1
2355	41	22	5248.0	2816.0	54	135	135	1
2356	41	23	5248.0	2944.0	42	171	171	1
2357	41	24	5248.0	3072.0	64	170	170	1
2358	41	25	5248.0	3200.0	64	68	68	1
2359	41	26	5248.0	3328.0	64	92	92	1
2360	41	27	5248.0	3456.0	64	122	122	1
2361	41	28	5248.0	3584.0	64	108	108	1
2362	41	29	5248.0	3712.0	64	113	113	1
2363	41	30	5248.0	3840.0	64	109	109	1
2364	41	31	5248.0	3968.0	62	70	70	1
2365	41	32	5248.0	4096.0	64	100	100	1
2366	41	33	5248.0	4224.0	64	124	124	1
2367	41	34	5248.0	4352.0	64	109	109	1
2368	41	35	5248.0	4480.0	64	140	140	1
2369	41	36	5248.0	4608.0	64	122	122	1
2370	41	37	5248.0	4736.0	64	167	167	1
2371	41	38	5248.0	4864.0	64	107	107	1
2372	41	39	5248.0	4992.0	64	111	111	1
2373	41	40	5248.0	5120.0	51	87	87	1
2374	41	41	5248.0	5248.0	19	44	44	1
2375	41	42	5248.0	5376.0	64	137	137	1
2376	41	43	5248.0	5504.0	64	132	132	1
2377	41	44	5248.0	5632.0	64	145	145	1
2378	41	45	5248.0	5760.0	64	131	131	1
2379	41	46	5248.0	5888.0	64	162	162	1
2380	41	47	5248.0	6016.0	64	137	137	1
2381	41	48	5248.0	6144.0	63	143	143	1
2382	41	49	5248.0	6272.0	63	46	46	1
2383	41	50	5248.0	6400.0	9	0	0	0
2384	41	51	5248.0	6528.0	0	0	0	0
2385	41	52	5248.0	6656.0	0	0	0	0
2386	41	53	5248.0	6784.0	0	0	0	0
2387	41	54	5248.0	6912.0	0	0	0	0
2388	41	55	5248.0	7040.0	0	0	0	0
2389	41	56	5248.0	7168.0	0	0	0	0
2390	41	57	5248.0	7296.0	0	0	0	0
2391	41	58	5248.0	7424.0	0	0	0	0
2392	42	-1	5376.0	-128.0	0	2	2	0
2393	42	0	5376.0	0.0	0	11	11	0
2394	42	1	5376.0	128.0	0	87	87	0
2395	42	2	5376.0	256.0	0	129	129	0
2396	42	3	5376.0	384.0	0	104	104	0
2397	42	4	5376.0	512.0	0	48	48	0
2398	42	5	5376.0	640.0	0	97	97	0
2399	42	6	5376.0	768.0	40	107	107	1
2400	42	7	5376.0	896.0	64	64	64	1
2401	42	8	5376.0	1024.0	64	7	7	0
2402	42	9	5376.0	1152.0	64	49	47	1
2403	42	10	5376.0	1280.0	64	65	59	1
2404	42	11	5376.0	1408.0	64	66	66	1
2405	42	12	5376.0	1536.0	64	99	99	1
2406	42	13	5376.0	1664.0	36	12	12	1
2407	42	14	5376.0	1792.0	28	8	8	0
2408	42	15	5376.0	1920.0	57	25	25	1
2409	42	16	5376.0	2048.0	64	29	29	1
2410	42	17	5376.0	2176.0	64	32	32	1
2411	42	18	5376.0	2304.0	64	31	31	1
2412	42	19	5376.0	2432.0	64	35	34	1
2413	42	20	5376.0	2560.0	55	30	30	1
2414	42	21	5376.0	2688.0	37	105	105	1
2415	42	22	5376.0	2816.0	45	96	96	1
2416	42	23	5376.0	2944.0	64	134	134	1
2417	42	24	5376.0	3072.0	64	146	146	1
2418	42	25	5376.0	3200.0	64	94	94	1
2419	42	26	5376.0	3328.0	64	90	90	1
2420	42	27	5376.0	3456.0	64	159	159	1
2421	42	28	5376.0	3584.0	64	101	101	1
2422	42	29	5376.0	3712.0	64	92	92	1
2423	42	30	5376.0	3840.0	64	110	110	1
2424	42	31	5376.0	3968.0	49	162	162	1
2425	42	32	5376.0	4096.0	43	112	112	1
2426	42	33	5376.0	4224.0	64	102	102	1
2427	42	34	5376.0	4352.0	41	33	33	1
2428	42	35	5376.0	4480.0	47	35	35	1
2429	42	36	5376.0	4608.0	63	89	89	1
2430	42	37	5376.0	4736.0	64	117	117	1
2431	42	38	5376.0	4864.0	64	62	62	1
2432	42	39	5376.0	4992.0	64	126	126	1
2433	42	40	5376.0	5120.0	64	92	92	1
2434	42	41	5376.0	5248.0	26	66	66	1
2435	42	42	5376.0	5376.0	41	102	102	1
2436	42	43	5376.0	5504.0	56	136	136	1
2437	42	44	5376.0	5632.0	64	119	119	1
2438	42	45	5376.0	5760.0	64	144	144	1
2439	42	46	5376.0	5888.0	64	150	150	1
2440	42	47	5376.0	6016.0	64	145	145	1
2441	42	48	5376.0	6144.0	36	116	116	1
2442	42	49	5376.0	6272.0	16	9	9	0
2443	42	50	5376.0	6400.0	0	3	3	0
2444	42	51	5376.0	6528.0	0	0	0	0
2445	42	52	5376.0	6656.0	0	0	0	0
2446	42	53	5376.0	6784.0	0	0	0	0
2447	42	54	5376.0	6912.0	0	0	0	0
2448	42	55	5376.0	7040.0	0	0	0	0
2449	42	56	5376.0	7168.0	0	0	0	0
2450	42	57	5376.0	7296.0	0	0	0	0
2451	42	58	5376.0	7424.0	0	0	0	0
2452	43	-2	5504.0	-256.0	0	2	2	0
2453	43	-1	5504.0	-128.0	0	3	3	0
2454	43	0	5504.0	0.0	0	37	37	0
2455	43	1	5504.0	128.0	0	137	137	0
2456	43	2	5504.0	256.0	0	88	88	0
2457	43	3	5504.0	384.0	0	104	104	0
2458	43	4	5504.0	512.0	0	54	54	0
2459	43	5	5504.0	640.0	0	77	77	0
2460	43	6	5504.0	768.0	40	107	107	1
2461	43	7	5504.0	896.0	64	104	104	1
2462	43	8	5504.0	1024.0	64	130	130	1
2463	43	9	5504.0	1152.0	64	115	115	1
2464	43	10	5504.0	1280.0	64	103	103	1
2465	43	11	5504.0	1408.0	64	132	132	1
2466	43	12	5504.0	1536.0	64	92	92	1
2467	43	13	5504.0	1664.0	12	0	0	0
2468	43	14	5504.0	1792.0	0	107	107	0
2469	43	15	5504.0	1920.0	36	89	89	1
2470	43	16	5504.0	2048.0	64	66	66	1
2471	43	17	5504.0	2176.0	62	102	102	1
2472	43	18	5504.0	2304.0	61	0	0	0
2473	43	19	5504.0	2432.0	29	8	8	0
2474	43	20	5504.0	2560.0	57	137	137	1
2475	43	21	5504.0	2688.0	39	122	122	1
2476	43	22	5504.0	2816.0	60	108	108	1
2477	43	23	5504.0	2944.0	64	134	134	1
2478	43	24	5504.0	3072.0	64	150	150	1
2479	43	25	5504.0	3200.0	64	144	144	1
2480	43	26	5504.0	3328.0	64	124	124	1
2481	43	27	5504.0	3456.0	64	78	78	1
2482	43	28	5504.0	3584.0	64	129	129	1
2483	43	29	5504.0	3712.0	64	96	96	1
2484	43	30	5504.0	3840.0	64	97	97	1
2485	43	31	5504.0	3968.0	64	4	4	0
2486	43	32	5504.0	4096.0	58	0	0	0
2487	43	33	5504.0	4224.0	46	32	32	1
2488	43	34	5504.0	4352.0	12	107	107	0
2489	43	35	5504.0	4480.0	11	89	89	0
2490	43	36	5504.0	4608.0	48	82	82	1
2491	43	37	5504.0	4736.0	64	120	120	1
2492	43	38	5504.0	4864.0	64	99	99	1
2493	43	39	5504.0	4992.0	64	114	114	1
2494	43	40	5504.0	5120.0	64	119	119	1
2495	43	41	5504.0	5248.0	60	48	48	1
2496	43	42	5504.0	5376.0	39	49	49	1
2497	43	43	5504.0	5504.0	10	63	63	0
2498	43	44	5504.0	5632.0	46	77	77	1
2499	43	45	5504.0	5760.0	64	58	58	1
2500	43	46	5504.0	5888.0	64	54	54	1
2501	43	47	5504.0	6016.0	64	107	107	1
2502	43	48	5504.0	6144.0	44	5	5	0
2503	43	49	5504.0	6272.0	0	2	2	0
2504	43	50	5504.0	6400.0	0	2	2	0
2505	43	51	5504.0	6528.0	0	0	0	0
2506	43	52	5504.0	6656.0	0	0	0	0
2507	43	53	5504.0	6784.0	0	0	0	0
2508	43	54	5504.0	6912.0	0	0	0	0
2509	43	55	5504.0	7040.0	0	0	0	0
2510	43	56	5504.0	7168.0	0	0	0	0
2511	43	57	5504.0	7296.0	0	0	0	0
2512	43	58	5504.0	7424.0	0	0	0	0
2513	44	-1	5632.0	-128.0	0	3	3	0
2514	44	0	5632.0	0.0	0	53	53	0
2515	44	1	5632.0	128.0	0	123	123	0
2516	44	2	5632.0	256.0	0	89	89	0
2517	44	3	5632.0	384.0	0	95	95	0
2518	44	4	5632.0	512.0	0	118	118	0
2519	44	5	5632.0	640.0	0	103	103	0
2520	44	6	5632.0	768.0	40	100	100	1
2521	44	7	5632.0	896.0	64	108	108	1
2522	44	8	5632.0	1024.0	64	122	122	1
2523	44	9	5632.0	1152.0	64	121	121	1
2524	44	10	5632.0	1280.0	64	97	97	1
2525	44	11	5632.0	1408.0	64	112	112	1
2526	44	12	5632.0	1536.0	64	28	28	1
2527	44	13	5632.0	1664.0	20	15	15	1
2528	44	14	5632.0	1792.0	0	62	62	0
2529	44	15	5632.0	1920.0	49	23	23	1
2530	44	16	5632.0	2048.0	19	79	79	1
2531	44	17	5632.0	2176.0	6	13	13	0
2532	44	18	5632.0	2304.0	42	25	25	1
2533	44	19	5632.0	2432.0	24	60	60	1
2534	44	20	5632.0	2560.0	38	117	117	1
2535	44	21	5632.0	2688.0	62	81	81	1
2536	44	22	5632.0	2816.0	64	82	82	1
2537	44	23	5632.0	2944.0	64	105	105	1
2538	44	24	5632.0	3072.0	64	119	119	1
2539	44	25	5632.0	3200.0	64	128	128	1
2540	44	26	5632.0	3328.0	64	110	110	1
2541	44	27	5632.0	3456.0	64	115	115	1
2542	44	28	5632.0	3584.0	64	40	40	1
2543	44	29	5632.0	3712.0	64	22	22	1
2544	44	30	5632.0	3840.0	64	31	31	1
2545	44	31	5632.0	3968.0	64	101	101	1
2546	44	32	5632.0	4096.0	64	116	116	1
2547	44	33	5632.0	4224.0	64	130	130	1
2548	44	34	5632.0	4352.0	64	92	92	1
2549	44	35	5632.0	4480.0	60	79	79	1
2550	44	36	5632.0	4608.0	64	111	111	1
2551	44	37	5632.0	4736.0	64	88	88	1
2552	44	38	5632.0	4864.0	64	91	91	1
2553	44	39	5632.0	4992.0	64	98	98	1
2554	44	40	5632.0	5120.0	64	99	99	1
2555	44	41	5632.0	5248.0	61	128	128	1
2556	44	42	5632.0	5376.0	18	152	152	1
2557	44	43	5632.0	5504.0	38	92	92	1
2558	44	44	5632.0	5632.0	31	143	143	1
2559	44	45	5632.0	5760.0	54	143	143	1
2560	44	46	5632.0	5888.0	60	97	97	1
2561	44	47	5632.0	6016.0	45	10	10	1
2562	44	48	5632.0	6144.0	6	1	1	0
2563	44	49	5632.0	6272.0	12	0	0	0
2564	44	50	5632.0	6400.0	0	0	0	0
2565	44	51	5632.0	6528.0	0	0	0	0
2566	44	52	5632.0	6656.0	0	0	0	0
2567	44	53	5632.0	6784.0	0	0	0	0
2568	44	54	5632.0	6912.0	0	0	0	0
2569	44	55	5632.0	7040.0	0	0	0	0
2570	44	56	5632.0	7168.0	0	0	0	0
2571	44	57	5632.0	7296.0	0	0	0	0
2572	44	58	5632.0	7424.0	0	0	0	0
2573	45	-2	5760.0	-256.0	0	12	12	0
2574	45	-1	5760.0	-128.0	0	7	7	0
2575	45	0	5760.0	0.0	0	37	37	0
2576	45	1	5760.0	128.0	0	122	122	0
2577	45	2	5760.0	256.0	0	96	96	0
2578	45	3	5760.0	384.0	0	57	57	0
2579	45	4	5760.0	512.0	0	106	106	0
2580	45	5	5760.0	640.0	0	106	106	0
2581	45	6	5760.0	768.0	40	136	136	1
2582	45	7	5760.0	896.0	64	127	127	1
2583	45	8	5760.0	1024.0	64	122	122	1
2584	45	9	5760.0	1152.0	64	137	137	1
2585	45	10	5760.0	1280.0	64	121	121	1
2586	45	11	5760.0	1408.0	64	56	56	1
2587	45	12	5760.0	1536.0	58	53	53	1
2588	45	13	5760.0	1664.0	5	56	56	0
2589	45	14	5760.0	1792.0	1	18	18	0
2590	45	15	5760.0	1920.0	57	28	28	1
2591	45	16	5760.0	2048.0	30	72	72	1
2592	45	17	5760.0	2176.0	22	0	0	0
2593	45	18	5760.0	2304.0	56	70	70	1
2594	45	19	5760.0	2432.0	6	38	38	0
2595	45	20	5760.0	2560.0	12	109	109	0
2596	45	21	5760.0	2688.0	59	123	123	1
2597	45	22	5760.0	2816.0	64	26	26	1
2598	45	23	5760.0	2944.0	64	52	52	1
2599	45	24	5760.0	3072.0	64	110	110	1
2600	45	25	5760.0	3200.0	64	135	135	1
2601	45	26	5760.0	3328.0	64	131	131	1
2602	45	27	5760.0	3456.0	64	69	69	1
2603	45	28	5760.0	3584.0	64	59	59	1
2604	45	29	5760.0	3712.0	64	98	98	1
2605	45	30	5760.0	3840.0	64	129	129	1
2606	45	31	5760.0	3968.0	64	94	94	1
2607	45	32	5760.0	4096.0	64	68	68	1
2608	45	33	5760.0	4224.0	64	78	78	1
2609	45	34	5760.0	4352.0	64	92	92	1
2610	45	35	5760.0	4480.0	64	70	70	1
2611	45	36	5760.0	4608.0	64	111	111	1
2612	45	37	5760.0	4736.0	64	116	116	1
2613	45	38	5760.0	4864.0	64	144	144	1
2614	45	39	5760.0	4992.0	64	167	167	1
2615	45	40	5760.0	5120.0	64	82	82	1
2616	45	41	5760.0	5248.0	64	102	102	1
2617	45	42	5760.0	5376.0	64	95	95	1
2618	45	43	5760.0	5504.0	60	71	71	1
2619	45	44	5760.0	5632.0	63	41	41	1
2620	45	45	5760.0	5760.0	64	6	6	0
2621	45	46	5760.0	5888.0	34	3	3	0
2622	45	47	5760.0	6016.0	2	0	0	0
2623	45	48	5760.0	6144.0	0	1	1	0
2624	45	49	5760.0	6272.0	0	0	0	0
2625	45	50	5760.0	6400.0	0	0	0	0
2626	45	51	5760.0	6528.0	0	0	0	0
2627	45	52	5760.0	6656.0	0	0	0	0
2628	45	53	5760.0	6784.0	0	0	0	0
2629	45	54	5760.0	6912.0	0	0	0	0
2630	45	55	5760.0	7040.0	0	0	0	0
2631	45	56	5760.0	7168.0	0	0	0	0
2632	45	57	5760.0	7296.0	0	0	0	0
2633	45	58	5760.0	7424.0	0	0	0	0
2634	46	-2	5888.0	-256.0	0	1	1	0
2635	46	-1	5888.0	-128.0	0	2	2	0
2636	46	0	5888.0	0.0	0	3	3	0
2637	46	1	5888.0	128.0	0	67	67	0
2638	46	2	5888.0	256.0	0	107	107	0
2639	46	3	5888.0	384.0	0	121	121	0
2640	46	4	5888.0	512.0	0	136	136	0
2641	46	5	5888.0	640.0	0	104	104	0
2642	46	6	5888.0	768.0	40	142	142	1
2643	46	7	5888.0	896.0	64	128	128	1
2644	46	8	5888.0	1024.0	64	125	125	1
2645	46	9	5888.0	1152.0	64	82	82	1
2646	46	10	5888.0	1280.0	64	47	47	1
2647	46	11	5888.0	1408.0	64	29	29	1
2648	46	12	5888.0	1536.0	16	18	18	1
2649	46	13	5888.0	1664.0	0	7	7	0
2650	46	14	5888.0	1792.0	35	35	35	1
2651	46	15	5888.0	1920.0	35	57	57	1
2652	46	16	5888.0	2048.0	35	20	20	1
2653	46	17	5888.0	2176.0	55	15	15	1
2654	46	18	5888.0	2304.0	33	114	114	1
2655	46	19	5888.0	2432.0	49	120	120	1
2656	46	20	5888.0	2560.0	64	25	25	1
2657	46	21	5888.0	2688.0	64	68	68	1
2658	46	22	5888.0	2816.0	64	28	28	1
2659	46	23	5888.0	2944.0	64	34	34	1
2660	46	24	5888.0	3072.0	64	15	15	1
2661	46	25	5888.0	3200.0	64	47	47	1
2662	46	26	5888.0	3328.0	64	130	130	1
2663	46	27	5888.0	3456.0	64	144	144	1
2664	46	28	5888.0	3584.0	64	146	146	1
2665	46	29	5888.0	3712.0	64	67	67	1
2666	46	30	5888.0	3840.0	64	59	59	1
2667	46	31	5888.0	3968.0	64	105	105	1
2668	46	32	5888.0	4096.0	64	70	70	1
2669	46	33	5888.0	4224.0	64	35	35	1
2670	46	34	5888.0	4352.0	64	83	83	1
2671	46	35	5888.0	4480.0	64	106	106	1
2672	46	36	5888.0	4608.0	64	55	55	1
2673	46	37	5888.0	4736.0	64	91	91	1
2674	46	38	5888.0	4864.0	64	109	109	1
2675	46	39	5888.0	4992.0	64	88	88	1
2676	46	40	5888.0	5120.0	64	15	15	1
2677	46	41	5888.0	5248.0	64	0	0	0
2678	46	42	5888.0	5376.0	64	0	0	0
2679	46	43	5888.0	5504.0	61	0	0	0
2680	46	44	5888.0	5632.0	62	0	0	0
2681	46	45	5888.0	5760.0	27	0	0	0
2682	46	46	5888.0	5888.0	0	1	1	0
2683	46	47	5888.0	6016.0	0	0	0	0
2684	46	48	5888.0	6144.0	0	0	0	0
2685	46	49	5888.0	6272.0	0	0	0	0
2686	46	50	5888.0	6400.0	0	0	0	0
2687	46	51	5888.0	6528.0	0	0	0	0
2688	46	52	5888.0	6656.0	0	0	0	0
2689	46	53	5888.0	6784.0	0	0	0	0
2690	46	54	5888.0	6912.0	0	0	0	0
2691	46	55	5888.0	7040.0	0	0	0	0
2692	46	56	5888.0	7168.0	0	0	0	0
2693	46	57	5888.0	7296.0	0	0	0	0
2694	46	58	5888.0	7424.0	0	0	0	0
2695	47	0	6016.0	0.0	0	2	2	0
2696	47	1	6016.0	128.0	0	12	12	0
2697	47	2	6016.0	256.0	0	12	12	0
2698	47	3	6016.0	384.0	0	86	86	0
2699	47	4	6016.0	512.0	0	57	57	0
2700	47	5	6016.0	640.0	0	36	36	0
2701	47	6	6016.0	768.0	40	125	125	1
2702	47	7	6016.0	896.0	64	127	127	1
2703	47	8	6016.0	1024.0	64	77	77	1
2704	47	9	6016.0	1152.0	64	7	7	0
2705	47	10	6016.0	1280.0	55	8	8	0
2706	47	11	6016.0	1408.0	63	0	0	0
2707	47	12	6016.0	1536.0	50	9	9	0
2708	47	13	6016.0	1664.0	42	8	8	0
2709	47	14	6016.0	1792.0	25	49	49	1
2710	47	15	6016.0	1920.0	38	29	29	1
2711	47	16	6016.0	2048.0	41	1	1	0
2712	47	17	6016.0	2176.0	1	16	15	0
2713	47	18	6016.0	2304.0	0	41	41	0
2714	47	19	6016.0	2432.0	40	69	68	1
2715	47	20	6016.0	2560.0	64	89	89	1
2716	47	21	6016.0	2688.0	64	99	99	1
2717	47	22	6016.0	2816.0	64	76	76	1
2718	47	23	6016.0	2944.0	64	88	88	1
2719	47	24	6016.0	3072.0	64	11	11	1
2720	47	25	6016.0	3200.0	64	3	3	0
2721	47	26	6016.0	3328.0	64	1	1	0
2722	47	27	6016.0	3456.0	64	1	1	0
2723	47	28	6016.0	3584.0	64	41	41	1
2724	47	29	6016.0	3712.0	64	124	124	1
2725	47	30	6016.0	3840.0	64	124	124	1
2726	47	31	6016.0	3968.0	64	95	94	1
2727	47	32	6016.0	4096.0	64	81	81	1
2728	47	33	6016.0	4224.0	64	73	73	1
2729	47	34	6016.0	4352.0	64	73	73	1
2730	47	35	6016.0	4480.0	64	32	32	1
2731	47	36	6016.0	4608.0	48	45	45	1
2732	47	37	6016.0	4736.0	37	56	56	1
2733	47	38	6016.0	4864.0	31	93	93	1
2734	47	39	6016.0	4992.0	34	15	15	1
2735	47	40	6016.0	5120.0	40	1	1	0
2736	47	41	6016.0	5248.0	40	1	1	0
2737	47	42	6016.0	5376.0	40	0	0	0
2738	47	43	6016.0	5504.0	40	0	0	0
2739	47	44	6016.0	5632.0	39	0	0	0
2740	47	45	6016.0	5760.0	2	0	0	0
2741	47	46	6016.0	5888.0	0	0	0	0
2742	47	47	6016.0	6016.0	0	0	0	0
2743	47	48	6016.0	6144.0	0	0	0	0
2744	47	49	6016.0	6272.0	0	0	0	0
2745	47	50	6016.0	6400.0	0	0	0	0
2746	47	51	6016.0	6528.0	0	0	0	0
2747	47	52	6016.0	6656.0	0	0	0	0
2748	47	53	6016.0	6784.0	17	0	0	0
2749	47	54	6016.0	6912.0	0	0	0	0
2750	47	55	6016.0	7040.0	0	0	0	0
2751	47	56	6016.0	7168.0	0	0	0	0
2752	47	57	6016.0	7296.0	0	0	0	0
2753	47	58	6016.0	7424.0	0	0	0	0
2754	48	1	6144.0	128.0	0	1	1	0
2755	48	3	6144.0	384.0	0	15	15	0
2756	48	4	6144.0	512.0	0	35	35	0
2757	48	5	6144.0	640.0	0	133	133	0
2758	48	6	6144.0	768.0	40	152	152	1
2759	48	7	6144.0	896.0	59	70	70	1
2760	48	8	6144.0	1024.0	54	74	74	1
2761	48	9	6144.0	1152.0	28	0	0	0
2762	48	10	6144.0	1280.0	1	24	23	0
2763	48	11	6144.0	1408.0	51	83	83	1
2764	48	12	6144.0	1536.0	12	93	93	0
2765	48	13	6144.0	1664.0	1	22	22	0
2766	48	14	6144.0	1792.0	20	60	60	1
2767	48	15	6144.0	1920.0	54	19	19	1
2768	48	16	6144.0	2048.0	7	7	6	0
2769	48	17	6144.0	2176.0	0	7	7	0
2770	48	18	6144.0	2304.0	0	7	7	0
2771	48	19	6144.0	2432.0	58	15	14	1
2772	48	20	6144.0	2560.0	64	70	70	1
2773	48	21	6144.0	2688.0	64	136	136	1
2774	48	22	6144.0	2816.0	64	19	19	1
2775	48	23	6144.0	2944.0	64	39	39	1
2776	48	24	6144.0	3072.0	64	134	134	1
2777	48	25	6144.0	3200.0	64	42	42	1
2778	48	26	6144.0	3328.0	64	40	40	1
2779	48	27	6144.0	3456.0	64	68	68	1
2780	48	28	6144.0	3584.0	64	56	56	1
2781	48	29	6144.0	3712.0	64	77	77	1
2782	48	30	6144.0	3840.0	64	157	157	1
2783	48	31	6144.0	3968.0	50	99	99	1
2784	48	32	6144.0	4096.0	51	131	131	1
2785	48	33	6144.0	4224.0	64	69	69	1
2786	48	34	6144.0	4352.0	56	67	67	1
2787	48	35	6144.0	4480.0	28	90	90	1
2788	48	36	6144.0	4608.0	3	82	82	0
2789	48	37	6144.0	4736.0	0	112	112	0
2790	48	38	6144.0	4864.0	0	76	76	0
2791	48	39	6144.0	4992.0	0	67	67	0
2792	48	40	6144.0	5120.0	0	2	2	0
2793	48	41	6144.0	5248.0	0	1	1	0
2794	48	42	6144.0	5376.0	0	0	0	0
2795	48	43	6144.0	5504.0	0	0	0	0
2796	48	44	6144.0	5632.0	0	0	0	0
2797	48	45	6144.0	5760.0	0	0	0	0
2798	48	46	6144.0	5888.0	0	0	0	0
2799	48	47	6144.0	6016.0	0	0	0	0
2800	48	48	6144.0	6144.0	0	0	0	0
2801	48	49	6144.0	6272.0	0	0	0	0
2802	48	50	6144.0	6400.0	0	0	0	0
2803	48	51	6144.0	6528.0	0	0	0	0
2804	48	52	6144.0	6656.0	0	0	0	0
2805	48	53	6144.0	6784.0	52	0	0	0
2806	48	54	6144.0	6912.0	0	0	0	0
2807	48	55	6144.0	7040.0	0	0	0	0
2808	48	56	6144.0	7168.0	0	0	0	0
2809	48	57	6144.0	7296.0	0	0	0	0
2810	48	58	6144.0	7424.0	0	0	0	0
2811	49	3	6272.0	384.0	0	6	6	0
2812	49	4	6272.0	512.0	0	87	87	0
2813	49	5	6272.0	640.0	0	60	60	0
2814	49	6	6272.0	768.0	4	73	73	0
2815	49	7	6272.0	896.0	2	3	3	0
2816	49	8	6272.0	1024.0	0	1	0	0
2817	49	9	6272.0	1152.0	0	5	5	0
2818	49	10	6272.0	1280.0	0	3	3	0
2819	49	11	6272.0	1408.0	27	1	1	0
2820	49	12	6272.0	1536.0	64	75	75	1
2821	49	13	6272.0	1664.0	53	50	50	1
2822	49	14	6272.0	1792.0	59	25	25	1
2823	49	15	6272.0	1920.0	62	43	43	1
2824	49	16	6272.0	2048.0	48	108	108	1
2825	49	17	6272.0	2176.0	23	69	69	1
2826	49	18	6272.0	2304.0	26	5	5	0
2827	49	19	6272.0	2432.0	56	0	0	0
2828	49	20	6272.0	2560.0	64	17	17	1
2829	49	21	6272.0	2688.0	64	57	57	1
2830	49	22	6272.0	2816.0	64	63	63	1
2831	49	23	6272.0	2944.0	64	2	2	0
2832	49	24	6272.0	3072.0	46	25	25	1
2833	49	25	6272.0	3200.0	64	86	86	1
2834	49	26	6272.0	3328.0	64	79	79	1
2835	49	27	6272.0	3456.0	64	82	82	1
2836	49	28	6272.0	3584.0	64	51	51	1
2837	49	29	6272.0	3712.0	64	70	70	1
2838	49	30	6272.0	3840.0	33	140	140	1
2839	49	31	6272.0	3968.0	16	106	106	1
2840	49	32	6272.0	4096.0	4	97	97	0
2841	49	33	6272.0	4224.0	7	69	69	0
2842	49	34	6272.0	4352.0	2	89	89	0
2843	49	35	6272.0	4480.0	14	121	121	0
2844	49	36	6272.0	4608.0	36	54	54	1
2845	49	37	6272.0	4736.0	44	46	46	1
2846	49	38	6272.0	4864.0	37	67	67	1
2847	49	39	6272.0	4992.0	4	68	68	0
2848	49	40	6272.0	5120.0	4	4	4	0
2849	49	41	6272.0	5248.0	0	9	9	0
2850	49	42	6272.0	5376.0	0	0	0	0
2851	49	43	6272.0	5504.0	0	0	0	0
2852	49	44	6272.0	5632.0	0	0	0	0
2853	49	45	6272.0	5760.0	0	0	0	0
2854	49	46	6272.0	5888.0	0	0	0	0
2855	49	47	6272.0	6016.0	0	0	0	0
2856	49	48	6272.0	6144.0	0	0	0	0
2857	49	49	6272.0	6272.0	0	0	0	0
2858	49	50	6272.0	6400.0	0	0	0	0
2859	49	51	6272.0	6528.0	0	0	0	0
2860	49	52	6272.0	6656.0	0	0	0	0
2861	49	53	6272.0	6784.0	8	0	0	0
2862	49	54	6272.0	6912.0	8	0	0	0
2863	49	55	6272.0	7040.0	0	0	0	0
2864	49	56	6272.0	7168.0	0	0	0	0
2865	49	57	6272.0	7296.0	0	0	0	0
2866	49	58	6272.0	7424.0	0	0	0	0
2867	50	3	6400.0	384.0	0	13	13	0
2868	50	4	6400.0	512.0	0	10	10	0
2869	50	6	6400.0	768.0	0	2	2	0
2870	50	7	6400.0	896.0	0	1	1	0
2871	50	8	6400.0	1024.0	0	2	2	0
2872	50	9	6400.0	1152.0	0	3	3	0
2873	50	10	6400.0	1280.0	0	4	4	0
2874	50	11	6400.0	1408.0	2	11	11	0
2875	50	12	6400.0	1536.0	40	64	64	1
2876	50	13	6400.0	1664.0	26	20	20	1
2877	50	14	6400.0	1792.0	37	42	42	1
2878	50	15	6400.0	1920.0	40	74	74	1
2879	50	16	6400.0	2048.0	40	100	100	1
2880	50	17	6400.0	2176.0	40	33	33	1
2881	50	18	6400.0	2304.0	40	70	70	1
2882	50	19	6400.0	2432.0	40	48	48	1
2883	50	20	6400.0	2560.0	40	34	34	1
2884	50	21	6400.0	2688.0	40	81	81	1
2885	50	22	6400.0	2816.0	40	56	56	1
2886	50	23	6400.0	2944.0	40	9	9	0
2887	50	24	6400.0	3072.0	40	0	0	0
2888	50	25	6400.0	3200.0	40	26	26	1
2889	50	26	6400.0	3328.0	40	58	58	1
2890	50	27	6400.0	3456.0	40	39	39	1
2891	50	28	6400.0	3584.0	40	87	87	1
2892	50	29	6400.0	3712.0	40	62	62	1
2893	50	30	6400.0	3840.0	40	1	1	0
2894	50	31	6400.0	3968.0	40	0	0	0
2895	50	32	6400.0	4096.0	40	0	0	0
2896	50	33	6400.0	4224.0	37	25	25	1
2897	50	34	6400.0	4352.0	36	102	102	1
2898	50	35	6400.0	4480.0	40	99	99	1
2899	50	36	6400.0	4608.0	40	0	0	0
2900	50	37	6400.0	4736.0	40	3	3	0
2901	50	38	6400.0	4864.0	40	23	23	1
2902	50	39	6400.0	4992.0	26	12	12	1
2903	50	40	6400.0	5120.0	0	3	3	0
2904	50	41	6400.0	5248.0	0	1	1	0
2905	50	42	6400.0	5376.0	0	0	0	0
2906	50	43	6400.0	5504.0	3	0	0	0
2907	50	44	6400.0	5632.0	1	0	0	0
2908	50	45	6400.0	5760.0	0	0	0	0
2909	50	46	6400.0	5888.0	0	0	0	0
2910	50	47	6400.0	6016.0	0	0	0	0
2911	50	48	6400.0	6144.0	0	0	0	0
2912	50	49	6400.0	6272.0	0	0	0	0
2913	50	50	6400.0	6400.0	0	0	0	0
2914	50	51	6400.0	6528.0	0	0	0	0
2915	50	52	6400.0	6656.0	0	0	0	0
2916	50	53	6400.0	6784.0	0	0	0	0
2917	50	54	6400.0	6912.0	2	0	0	0
2918	50	55	6400.0	7040.0	0	0	0	0
2919	50	56	6400.0	7168.0	0	0	0	0
2920	50	57	6400.0	7296.0	0	0	0	0
2921	50	58	6400.0	7424.0	0	0	0	0
2922	51	3	6528.0	384.0	0	8	8	0
2923	51	4	6528.0	512.0	0	1	1	0
2924	51	7	6528.0	896.0	0	9	9	0
2925	51	8	6528.0	1024.0	0	1	1	0
2926	51	9	6528.0	1152.0	0	8	8	0
2927	51	10	6528.0	1280.0	0	5	5	0
2928	51	11	6528.0	1408.0	0	5	5	0
2929	51	12	6528.0	1536.0	0	70	70	0
2930	51	13	6528.0	1664.0	0	109	109	0
2931	51	14	6528.0	1792.0	0	125	125	0
2932	51	15	6528.0	1920.0	0	135	135	0
2933	51	16	6528.0	2048.0	0	91	91	0
2934	51	17	6528.0	2176.0	0	23	23	0
2935	51	18	6528.0	2304.0	0	88	88	0
2936	51	19	6528.0	2432.0	0	16	16	0
2937	51	20	6528.0	2560.0	0	5	5	0
2938	51	21	6528.0	2688.0	0	64	64	0
2939	51	22	6528.0	2816.0	0	40	40	0
2940	51	23	6528.0	2944.0	0	53	53	0
2941	51	24	6528.0	3072.0	0	104	104	0
2942	51	25	6528.0	3200.0	0	127	127	0
2943	51	26	6528.0	3328.0	0	138	138	0
2944	51	27	6528.0	3456.0	0	113	113	0
2945	51	28	6528.0	3584.0	0	120	120	0
2946	51	29	6528.0	3712.0	0	146	146	0
2947	51	30	6528.0	3840.0	0	94	94	0
2948	51	31	6528.0	3968.0	0	47	47	0
2949	51	32	6528.0	4096.0	0	96	96	0
2950	51	33	6528.0	4224.0	0	96	96	0
2951	51	34	6528.0	4352.0	0	50	50	0
2952	51	35	6528.0	4480.0	0	4	4	0
2953	51	36	6528.0	4608.0	0	1	1	0
2954	51	38	6528.0	4864.0	0	2	2	0
2955	51	40	6528.0	5120.0	0	1	1	0
2956	52	4	6656.0	512.0	0	1	1	0
2957	52	6	6656.0	768.0	0	2	2	0
2958	52	7	6656.0	896.0	0	1	1	0
2959	52	8	6656.0	1024.0	0	3	3	0
2960	52	9	6656.0	1152.0	0	1	1	0
2961	52	11	6656.0	1408.0	0	5	5	0
2962	52	12	6656.0	1536.0	0	3	2	0
2963	52	14	6656.0	1792.0	0	46	46	0
2964	52	15	6656.0	1920.0	0	67	67	0
2965	52	16	6656.0	2048.0	0	76	76	0
2966	52	17	6656.0	2176.0	0	62	62	0
2967	52	18	6656.0	2304.0	0	112	112	0
2968	52	19	6656.0	2432.0	0	67	67	0
2969	52	20	6656.0	2560.0	0	12	12	0
2970	52	21	6656.0	2688.0	0	18	18	0
2971	52	22	6656.0	2816.0	0	49	49	0
2972	52	23	6656.0	2944.0	0	38	38	0
2973	52	24	6656.0	3072.0	0	97	97	0
2974	52	25	6656.0	3200.0	0	108	108	0
2975	52	26	6656.0	3328.0	0	141	141	0
2976	52	27	6656.0	3456.0	0	134	134	0
2977	52	28	6656.0	3584.0	0	90	90	0
2978	52	29	6656.0	3712.0	0	84	84	0
2979	52	30	6656.0	3840.0	0	60	60	0
2980	52	31	6656.0	3968.0	0	61	61	0
2981	52	32	6656.0	4096.0	0	55	55	0
2982	52	33	6656.0	4224.0	0	10	10	0
2983	52	35	6656.0	4480.0	0	2	2	0
2984	52	37	6656.0	4736.0	0	17	17	0
2985	52	38	6656.0	4864.0	0	52	52	0
2986	52	40	6656.0	5120.0	0	1	1	0
2987	53	4	6784.0	512.0	0	2	2	0
2988	53	8	6784.0	1024.0	0	1	1	0
2989	53	11	6784.0	1408.0	0	7	7	0
2990	53	12	6784.0	1536.0	0	10	10	0
2991	53	14	6784.0	1792.0	0	1	1	0
2992	53	15	6784.0	1920.0	0	1	1	0
2993	53	16	6784.0	2048.0	0	1	1	0
2994	53	17	6784.0	2176.0	0	1	1	0
2995	53	19	6784.0	2432.0	0	17	17	0
2996	53	20	6784.0	2560.0	0	17	17	0
2997	53	21	6784.0	2688.0	0	21	21	0
2998	53	22	6784.0	2816.0	0	29	29	0
2999	53	23	6784.0	2944.0	0	9	9	0
3000	53	24	6784.0	3072.0	0	50	50	0
3001	53	25	6784.0	3200.0	0	23	23	0
