gene_id	gene_name	xenium_cohort_counts	split_half_spatial_pearson	spearman_brown_reliability
ENSG00000166535	A2ML1	2099.0	0.2614590136324624	0.4145342984701061
ENSG00000127837	AAMP	147310.0	0.22911031994647832	0.372806763117008
ENSG00000131043	AAR2	23494.0	0.07274915959682104	0.13563125908047857
ENSG00000266967	AARSD1	16104.0	0.26119077523094275	0.4141970911309827
ENSG00000183044	ABAT	18772.0	0.2984527550466758	0.4597052205198598
ENSG00000165029	ABCA1	106283.0	0.5238355365739622	0.6875224051431443
ENSG00000167972	ABCA3	13169.0	0.10741764112187677	0.19399662265278095
ENSG00000198691	ABCA4	5018.0	0.13500708095691696	0.2378964558407748
ENSG00000064687	ABCA7	15793.0	0.3315148645753993	0.4979514287001438
ENSG00000085563	ABCB1	2941.0	0.6457514730575014	0.7847496825967468
ENSG00000005471	ABCB4	1591.0	0.36245118038747576	0.5320574940298354
ENSG00000115657	ABCB6	19366.0	0.31301307653802324	0.47678592411788334
ENSG00000103222	ABCC1	248231.0	0.5008594029084722	0.6674301429405995
ENSG00000140798	ABCC12	220.0	0.24825773124812217	0.3977667833066676
ENSG00000023839	ABCC2	3474.0	0.13555115735908846	0.23874073216452008
ENSG00000108846	ABCC3	15622.0	0.7202731550374756	0.8373939370364525
ENSG00000125257	ABCC4	43695.0	0.6322389662966854	0.7746892205755195
ENSG00000091262	ABCC6	9638.0	0.3101392970953515	0.47344476695408927
ENSG00000006071	ABCC8	105.0	-0.01352332330706889	0.0
ENSG00000069431	ABCC9	1216.0	0.2785037170068063	0.4356713450295329
ENSG00000101986	ABCD1	28097.0	0.07200814440626127	0.1343425323436203
ENSG00000117528	ABCD3	85435.0	0.32503866667379483	0.49061008534902567
ENSG00000119688	ABCD4	51009.0	0.21689695212788615	0.35647546285429765
ENSG00000161204	ABCF3	64183.0	0.15778464302585526	0.2725630262524249
ENSG00000160179	ABCG1	8019.0	0.3710230395250117	0.5412353094424319
ENSG00000118777	ABCG2	9372.0	0.7599738417727785	0.8636194740340861
ENSG00000106077	ABHD11	117284.0	0.576668378331929	0.7315024341923162
ENSG00000163686	ABHD6	7045.0	0.11348960805217102	0.20384493439628693
ENSG00000108798	ABI3	7491.0	0.44622939567380204	0.6170935219663443
ENSG00000154175	ABI3BP	10034.0	0.5849630340773392	0.7381409174856447
ENSG00000097007	ABL1	114569.0	0.3510557059998386	0.5196761383573631
ENSG00000143322	ABL2	44834.0	0.17268075056732937	0.2945059863629354
ENSG00000175164	ABO	37170.0	0.5762266430175572	0.7311469395218677
ENSG00000114626	ABTB1	2305.0	0.07209534406530696	0.1344942769584778
ENSG00000166016	ABTB2	28639.0	0.3857260642115151	0.5567132987875134
ENSG00000167315	ACAA2	27318.0	0.137221102170517	0.24132704169596358
ENSG00000278540	ACACA	59179.0	0.18925915507092111	0.3182807620423737
ENSG00000076555	ACACB	49412.0	0.29530146839297383	0.45595789952950794
ENSG00000072818	ACAP1	1494.0	0.6246720538883616	0.768982333872637
ENSG00000114331	ACAP2	55177.0	0.21255989600521064	0.35059694239516104
ENSG00000075239	ACAT1	15693.0	0.14978135638195078	0.2605388503659026
ENSG00000159640	ACE	20490.0	0.7718178070986077	0.8712157694841967
ENSG00000130234	ACE2	1741.0	0.0842829446991031	0.1554630091917424
ENSG00000087085	ACHE	5804.0	0.3947863565375102	0.5660886410124462
ENSG00000144476	ACKR3	72673.0	0.6898430886227733	0.816458159064931
ENSG00000131473	ACLY	104160.0	0.5182915961566685	0.6827299808134977
ENSG00000102794	ACOD1	74.0	-0.0063814954045904445	0.0
ENSG00000102575	ACP5	36987.0	0.5902534734977272	0.7423388577161574
ENSG00000014257	ACPP	10547.0	0.20543819017927553	0.34085230060401905
ENSG00000111644	ACRBP	6447.0	0.13631309223248733	0.23992171376759594
ENSG00000134940	ACRV1	456.0	-0.0031986500841233033	0.0
ENSG00000068366	ACSL4	52814.0	0.43480078559106344	0.6060782653000125
ENSG00000169067	ACTBL2	384.0	0.0619942776545698	0.11675068116465766
ENSG00000136518	ACTL6A	72508.0	0.09776438731259603	0.17811542885250647
ENSG00000072110	ACTN1	211819.0	0.5146236163261504	0.6795399342503508
ENSG00000077522	ACTN2	354.0	0.13503080244969373	0.23793328279419712
ENSG00000130402	ACTN4	735587.0	0.802509124293175	0.890435575029742
ENSG00000115170	ACVR1	44517.0	0.09828570830709409	0.17898021901530964
ENSG00000135503	ACVR1B	99889.0	0.28784746322889204	0.44702105093595584
ENSG00000121989	ACVR2A	15941.0	0.11350363389611873	0.20386755901096185
ENSG00000139567	ACVRL1	5602.0	0.5462928929861515	0.7065839796122558
ENSG00000170634	ACYP2	28780.0	0.14053178774700642	0.24643204031096988
ENSG00000196839	ADA	14861.0	0.1907704647316388	0.3204151772014807
ENSG00000137845	ADAM10	116348.0	0.3954039134537085	0.5667232399758146
ENSG00000148848	ADAM12	21233.0	0.900677594785045	0.9477436859952106
ENSG00000151694	ADAM17	131029.0	0.2491280613769567	0.39888313949545623
ENSG00000042980	ADAM28	1497.0	0.23785773893478362	0.3843054519972026
ENSG00000149451	ADAM33	2527.0	0.10509111595245242	0.19019448158693564
ENSG00000151651	ADAM8	26886.0	0.5093565470420112	0.674932040464835
ENSG00000168615	ADAM9	45346.0	0.4099105703411848	0.581470313031259
ENSG00000134028	ADAMDEC1	1496.0	0.7828887046645873	0.8782249869173647
ENSG00000154734	ADAMTS1	493820.0	0.9043054571911993	0.949748322966029
ENSG00000151388	ADAMTS12	32800.0	0.738084921841266	0.8493082387014379
ENSG00000145808	ADAMTS19	233.0	0.07770199250977866	0.14419940400931128
ENSG00000087116	ADAMTS2	30288.0	0.6289513913090001	0.7722162793373282
ENSG00000158859	ADAMTS4	3818.0	0.5111610563868335	0.6765143321109836
ENSG00000154736	ADAMTS5	5173.0	0.49867066311817404	0.6654839857619239
ENSG00000156218	ADAMTSL3	4674.0	0.29065365677599575	0.45039760318354916
ENSG00000160710	ADAR	495602.0	0.23432654048158844	0.37968322448962805
ENSG00000078295	ADCY2	91.0	0.04304890842398689	0.08254437174769186
ENSG00000141433	ADCYAP1	40.0	-0.006359542002248408	0.0
ENSG00000078549	ADCYAP1R1	11959.0	0.6650519740532277	0.7988362939017393
ENSG00000087274	ADD1	181979.0	0.2809774804524073	0.438692302932872
ENSG00000197177	ADGRA1	66.0	-0.004598083524675528	0.0
ENSG00000020181	ADGRA2	28966.0	0.9035207181185754	0.9493153497290095
ENSG00000152990	ADGRA3	41749.0	0.19500907976930865	0.3263725490804711
ENSG00000181790	ADGRB1	2303.0	0.20680868800068894	0.34273649180187354
ENSG00000121753	ADGRB2	17262.0	0.37669128416357794	0.5472414745364504
ENSG00000111452	ADGRD1	2902.0	0.19958386187026889	0.3327551632098452
ENSG00000180264	ADGRD2	380.0	0.03692717279385116	0.07122423592074688
ENSG00000174837	ADGRE1	380.0	0.019139612182056624	0.03756033413533448
ENSG00000127507	ADGRE2	1603.0	0.2789102184326455	0.43616856666367226
ENSG00000123146	ADGRE5	150897.0	0.3960128688669813	0.5673484502881259
ENSG00000159618	ADGRG5	1083.0	0.004971011234100001	0.009892845024446269
ENSG00000112414	ADGRG6	1208.0	0.33895782384978634	0.5063009720130109
ENSG00000072071	ADGRL1	82269.0	0.27704478873839766	0.43388421640574143
ENSG00000162618	ADGRL4	3569.0	0.5655181407205871	0.7224676942552536
ENSG00000181092	ADIPOQ	53.0	-0.009481143290279038	0.0
ENSG00000159346	ADIPOR1	115390.0	0.3800612027996582	0.5507889099826122
ENSG00000006831	ADIPOR2	5976.0	0.05997065008194616	0.11315530307808021
ENSG00000148926	ADM	9169.0	0.715029434445532	0.8338392567317081
ENSG00000101126	ADNP	208931.0	0.39824205222540465	0.5696324918730248
ENSG00000163485	ADORA1	27491.0	0.45135610208905785	0.6219784399423179
ENSG00000128271	ADORA2A	1727.0	0.12694447733567363	0.22528967467110048
ENSG00000170425	ADORA2B	418.0	0.046656332180966396	0.08915310736953444
ENSG00000282608	ADORA3	1620.0	0.2655526336384047	0.4196627253264896
ENSG00000120907	ADRA1A	131.0	0.7453554425090549	0.8541016051579282
ENSG00000170214	ADRA1B	19254.0	0.5649067032200796	0.721968539156592
ENSG00000171873	ADRA1D	214.0	0.0511529026225305	0.09732723468661633
ENSG00000150594	ADRA2A	5159.0	0.6959346678980438	0.8207092891857577
ENSG00000274286	ADRA2B	11512.0	0.19575847569265428	0.32742143112012545
ENSG00000184160	ADRA2C	5643.0	0.22695616339356334	0.36994991372118646
ENSG00000043591	ADRB1	340.0	0.01586841696644997	0.031241087332620633
ENSG00000169252	ADRB2	934.0	0.2415644304919095	0.38912910930639555
ENSG00000188778	ADRB3	108.0	-0.0018977808212333152	0.0
ENSG00000111863	ADTRP	5310.0	0.3269846675925298	0.49282358052525027
ENSG00000106624	AEBP1	41405.0	0.8095992006569434	0.8947828893414989
ENSG00000169129	AFAP1L2	189845.0	0.7198870553633443	0.8371329420945732
ENSG00000172493	AFF1	109572.0	0.45685741341025565	0.6271820552991937
ENSG00000155966	AFF2	9455.0	0.20611589678598072	0.34178456205615365
ENSG00000135537	AFG1L	12933.0	0.04687029156887605	0.08954364632629819
ENSG00000079557	AFM	284.0	0.08434370296084197	0.1555663628248834
ENSG00000157985	AGAP1	75524.0	0.18696397471552867	0.31502889506033577
ENSG00000133612	AGAP3	73687.0	0.2174691951073295	0.3572479632031394
ENSG00000204305	AGER	29924.0	0.29496403107313424	0.4555555582940757
ENSG00000116771	AGMAT	9320.0	0.14564572239119766	0.2542596189111677
ENSG00000092847	AGO1	108284.0	0.31485447009923684	0.47891911577936624
ENSG00000173467	AGR3	8420.0	0.36124039402885366	0.5307517990407161
ENSG00000159723	AGRP	568.0	0.035361847691491026	0.06830819151842626
ENSG00000144891	AGTR1	606.0	0.1208094611211206	0.21557537710339741
ENSG00000172482	AGXT	47.0	-0.011401029733988677	0.0
ENSG00000101444	AHCY	320074.0	0.6307657501415639	0.773582288059224
ENSG00000106546	AHR	23903.0	0.26793044022479756	0.422626402403108
ENSG00000063438	AHRR	3079.0	0.12455454296899138	0.22151801128320348
ENSG00000145192	AHSG	40.0	-0.009612464095981316	0.0
ENSG00000111732	AICDA	155.0	0.022280434961743225	0.04358967304813385
ENSG00000126878	AIF1L	38086.0	0.2429488508157872	0.390923328271042
ENSG00000156709	AIFM1	120967.0	0.5003999449315316	0.6670220785090293
ENSG00000163568	AIM2	358.0	0.202724014779567	0.3371081183852837
ENSG00000106305	AIMP2	99986.0	0.19232156004358772	0.32260015500609923
ENSG00000110711	AIP	58729.0	0.0850924992015995	0.15683916212527454
ENSG00000160224	AIRE	120.0	0.042217722600378274	0.08101516925857531
ENSG00000196581	AJAP1	122.0	0.33839608590752235	0.5056740519052955
ENSG00000023516	AKAP11	29229.0	0.20545706022706162	0.3408782726584412
ENSG00000147081	AKAP4	119.0	0.013820297949885837	0.027263802032436696
ENSG00000105127	AKAP8	93410.0	0.22739300446301747	0.3705300643496849
ENSG00000085662	AKR1B1	42873.0	0.36869964654128984	0.5387590293794486
ENSG00000196139	AKR1C3	36123.0	0.3732971933523048	0.5436509958067604
ENSG00000142208	AKT1	262790.0	0.4316605223858001	0.6030207799073157
ENSG00000105221	AKT2	177469.0	0.3090253241693433	0.4721456773427035
ENSG00000117020	AKT3	4987.0	0.5831452403450558	0.7366920298708106
ENSG00000166971	AKTIP	57685.0	0.2503470123502765	0.4004440525349829
ENSG00000148218	ALAD	15977.0	0.045783504720029844	0.08755828431676534
ENSG00000170017	ALCAM	11763.0	0.4425464607764227	0.6135628526491003
ENSG00000137124	ALDH1B1	23056.0	0.3828062573893544	0.5536657870091896
ENSG00000111275	ALDH2	41754.0	0.31717597358388966	0.4815999987015995
ENSG00000072210	ALDH3A2	57628.0	0.26088336358596287	0.4138104619669315
ENSG00000164904	ALDH7A1	119328.0	0.3973462589955829	0.5687155297945932
ENSG00000149925	ALDOA	162333.0	0.5431769368599267	0.7039723363999841
ENSG00000253710	ALG11	31990.0	0.08890211823511515	0.16328762107508263
ENSG00000101901	ALG13	36812.0	0.09901349902206914	0.18018613804138697
ENSG00000119523	ALG2	71339.0	0.23319771121971972	0.3782000389687242
ENSG00000088035	ALG6	34026.0	0.33306093875862497	0.4996934934854193
ENSG00000086848	ALG9	14212.0	0.11778205913042337	0.21074243975977167
ENSG00000171094	ALK	12079.0	0.3869963101897402	0.5580350969164429
ENSG00000091542	ALKBH5	85747.0	0.2829537341091753	0.4410973312387535
ENSG00000108839	ALOX12	269.0	-0.021942805832782433	0.0
ENSG00000161905	ALOX15	782.0	0.22475237017154545	0.36701683645660615
ENSG00000012779	ALOX5	19244.0	0.5743535381163632	0.7296373072639695
ENSG00000073331	ALPK1	11600.0	0.08843172535599025	0.16249384007447437
ENSG00000136383	ALPK3	75560.0	0.7293813822972045	0.8435170978056198
ENSG00000162551	ALPL	70315.0	0.679893463842649	0.8094483114273642
ENSG00000180318	ALX1	279.0	0.0037624236460273713	0.007496641749869238
ENSG00000183684	ALYREF	178028.0	0.3749552294952325	0.54540718337845
ENSG00000242110	AMACR	16292.0	0.1702028382276842	0.29089459137778667
ENSG00000184675	AMER1	51724.0	0.3321091248420978	0.4986214997685937
ENSG00000159461	AMFR	50005.0	0.1411140098006769	0.24732675015588645
ENSG00000104899	AMH	49.0	-0.009832387275819076	0.0
ENSG00000181754	AMIGO1	6362.0	0.10138097177662769	0.18409791774973372
ENSG00000176020	AMIGO3	7653.0	0.043688398986886375	0.08371923848017268
ENSG00000126016	AMOT	221597.0	0.705854358132878	0.8275669663915063
ENSG00000153107	ANAPC1	190453.0	0.48978047623503235	0.657520331415275
ENSG00000154188	ANGPT1	845.0	0.17366412254331773	0.2959349599389464
ENSG00000091879	ANGPT2	5181.0	0.7576112509951033	0.8620919450375253
ENSG00000136859	ANGPTL2	10800.0	0.33540460654634024	0.5023265681459236
ENSG00000132855	ANGPTL3	406.0	-0.014342669275144923	0.0
ENSG00000167772	ANGPTL4	33982.0	0.6369786454150937	0.7782369638103288
ENSG00000130812	ANGPTL6	23542.0	0.561520385099456	0.7191969960272939
ENSG00000130173	ANGPTL8	1472.0	0.008319055097886082	0.016500838808562398
ENSG00000029534	ANK1	393.0	0.07501061845951847	0.1395532605380365
ENSG00000131503	ANKHD1	79721.0	0.17901954073789966	0.3036752734833533
ENSG00000170209	ANKK1	1472.0	0.1436671557255948	0.25123945372803114
ENSG00000076513	ANKRD13A	176047.0	0.5879965682504529	0.7405514344382591
ENSG00000172932	ANKRD13D	26048.0	0.12756840157519442	0.2262716858631077
ENSG00000132466	ANKRD17	130113.0	0.44902948996534287	0.6197658406194101
ENSG00000148513	ANKRD30A	109.0	0.0051470982345711855	0.010241482552377636
ENSG00000154945	ANKRD40	114070.0	0.40780472590288747	0.5793484258143036
ENSG00000065413	ANKRD44	11728.0	0.14076800599352748	0.24679515072993058
ENSG00000135299	ANKRD6	42371.0	0.24353871873178654	0.3916865877407623
ENSG00000064999	ANKS1A	102909.0	0.4495695761856639	0.6202800935828721
ENSG00000165138	ANKS6	48315.0	0.2839556019529153	0.44231373969787535
ENSG00000163516	ANKZF1	54846.0	0.25392327600843245	0.4050060811004913
ENSG00000131620	ANO1	79250.0	0.7663309593157474	0.8677093670062983
ENSG00000134343	ANO3	566.0	0.03161464546018001	0.061291579368917215
ENSG00000143401	ANP32E	46022.0	0.31053745538268285	0.47390855424579154
ENSG00000166825	ANPEP	166306.0	0.8745495395931726	0.9330770098324244
ENSG00000109511	ANXA10	109.0	-0.007292452738669371	0.0
ENSG00000182718	ANXA2	815520.0	0.7510503556919508	0.8578283922567872
ENSG00000138772	ANXA3	33791.0	0.5405051253537467	0.7017245401629292
ENSG00000164111	ANXA5	93855.0	0.509865272482805	0.6753785013471943
ENSG00000265190	ANXA8	2002.0	0.52475240043752	0.6883116239553976
ENSG00000136250	AOAH	2080.0	0.5306375278408801	0.6933549167442645
ENSG00000131471	AOC3	2570.0	0.6998360231697839	0.8234159220425964
ENSG00000138356	AOX1	637.0	0.12593024114128587	0.2236910183949552
ENSG00000100280	AP1B1	98926.0	0.2758460705579414	0.4324127759978301
ENSG00000072958	AP1M1	32949.0	0.21582770825859937	0.35503008656995355
ENSG00000152056	AP1S3	3726.0	0.10458518176772974	0.18936553467131653
ENSG00000196961	AP2A1	70373.0	0.42952960033381715	0.6009383789374007
ENSG00000183020	AP2A2	60953.0	0.26436822312273706	0.4181823274074388
ENSG00000161203	AP2M1	340899.0	0.4480157972032733	0.618799598828383
ENSG00000103723	AP3B2	10303.0	0.15199424232803235	0.2638802117984054
ENSG00000065000	AP3D1	80593.0	0.24835881721573197	0.39789652428563327
ENSG00000070718	AP3M2	10125.0	0.2013270484336519	0.33517442014837145
ENSG00000254470	AP5B1	30727.0	0.2761044151584069	0.4327301306674551
ENSG00000120868	APAF1	11879.0	0.08887947953148297	0.16324943430787317
ENSG00000134982	APC	17053.0	0.12401138953069407	0.22065859952268327
ENSG00000154856	APCDD1	29156.0	0.70096005368305	0.824193433779091
ENSG00000248329	APELA	61.0	-0.01369921820389289	0.0
ENSG00000100823	APEX1	306522.0	0.5208543289805044	0.6849496615887676
ENSG00000169188	APEX2	49018.0	0.17450847901007813	0.29716001566401756
ENSG00000138613	APH1B	33819.0	0.31788787008244357	0.4824202078171602
ENSG00000166181	API5	124415.0	0.45345480321675435	0.6239682200136917
ENSG00000169621	APLF	15737.0	0.09469587831335294	0.17300855916120764
ENSG00000171388	APLN	5055.0	0.7658541496812828	0.8674036299311707
ENSG00000134817	APLNR	7184.0	0.7864072153218132	0.8804344368707059
ENSG00000101474	APMAP	90541.0	0.23993660676179737	0.3870143125920167
ENSG00000084674	APOB	123.0	0.0730306849440364	0.13612040357978264
ENSG00000179750	APOBEC3B	85.0	-0.017602071101925288	0.0
ENSG00000244509	APOBEC3C	33726.0	0.35162711093638	0.5203019502809171
ENSG00000243811	APOBEC3D	4460.0	0.17908726561209673	0.3037727076445484
ENSG00000128394	APOBEC3F	6904.0	0.02573801855558468	0.05018439034136266
ENSG00000239713	APOBEC3G	9013.0	0.25475567778119895	0.40606419606992616
ENSG00000100342	APOL1	27331.0	0.7290065990847099	0.8432664160687722
ENSG00000128335	APOL2	17580.0	0.5040614204895902	0.6702670697125016
ENSG00000128284	APOL3	4516.0	0.549525475464162	0.7092822727545685
ENSG00000221963	APOL6	42817.0	0.6193139245988849	0.7649090336233515
ENSG00000204444	APOM	8413.0	0.03508605787992372	0.06779350878667505
ENSG00000142192	APP	679543.0	0.7075285187172319	0.8287164881424732
ENSG00000062725	APPBP2	52435.0	0.21327048221669673	0.35156296199845316
ENSG00000137074	APTX	43854.0	0.21731614024700147	0.35704141769270653
ENSG00000171885	AQP4	148.0	0.010426569470592858	0.020637955860673376
ENSG00000161798	AQP5	24966.0	0.49490319552333667	0.6621207272890746
ENSG00000165269	AQP7	2555.0	0.12180091283304473	0.21715245805147979
ENSG00000103375	AQP8	173.0	-0.0003342363519050745	0.0
ENSG00000103569	AQP9	1187.0	0.527608572486987	0.6907640896882719
ENSG00000169083	AR	51915.0	0.6862760273939658	0.8139545557728914
ENSG00000198576	ARC	2044.0	0.44315693984602195	0.61414933831563
ENSG00000143761	ARF1	184278.0	0.3426240300549375	0.5103797077740639
ENSG00000165527	ARF6	263957.0	0.5539570761775093	0.712963163101206
ENSG00000164144	ARFIP1	33112.0	0.16498625222980798	0.2832415436903583
ENSG00000118520	ARG1	182.0	0.05576949549227366	0.1056471052258808
ENSG00000081181	ARG2	1361.0	0.030436975691372478	0.059075860842339754
ENSG00000160007	ARHGAP35	64386.0	0.35372067294499226	0.5225903393725679
ENSG00000147256	ARHGAP36	141.0	0.053924333436456875	0.1023305596534233
ENSG00000116584	ARHGEF2	217116.0	0.413336184474663	0.5849085150654373
ENSG00000102606	ARHGEF7	21989.0	0.3193736888400265	0.48412923729108925
ENSG00000117713	ARID1A	148297.0	0.1514537839796562	0.26306532852096143
ENSG00000179361	ARID3B	16259.0	0.03725978033791613	0.07184271682794395
ENSG00000175906	ARL4D	14626.0	0.20431756204763418	0.3393084490111468
ENSG00000134108	ARL8B	35634.0	0.23295080913603922	0.3778752686804657
ENSG00000140691	ARMC5	14397.0	0.027115736073615136	0.05279976758465651
ENSG00000125449	ARMC7	6428.0	0.023222052246169484	0.04539005428038344
ENSG00000120029	ARMH3	35823.0	0.05518501189791004	0.1045977933265967
ENSG00000143437	ARNT	48190.0	0.07534340360034258	0.14012901059900745
ENSG00000133794	ARNTL	5681.0	0.11579478779911287	0.2075557065964006
ENSG00000120500	ARR3	55.0	-0.01347989018097155	0.0
ENSG00000137486	ARRB1	9188.0	0.42264683849061047	0.5941697223170681
ENSG00000141480	ARRB2	59927.0	0.2664397572290385	0.42076972980066085
ENSG00000113369	ARRDC3	139306.0	0.302003469180057	0.46390578263243054
ENSG00000129744	ART1	169.0	0.083734827557569	0.15453010354254937
ENSG00000156219	ART3	119.0	0.047683907668603434	0.09102727897140994
ENSG00000111339	ART4	138.0	-0.006191747371825485	0.0
ENSG00000004848	ARX	1782.0	0.5688267192371694	0.7251619471572454
ENSG00000100325	ASCC2	54422.0	0.20048101948095398	0.3340011482524479
ENSG00000112249	ASCC3	50359.0	0.24569522631991345	0.3944708482920929
ENSG00000139352	ASCL1	7379.0	0.14214978698211683	0.2489161905072308
ENSG00000183734	ASCL2	1687.0	0.05208603968024423	0.09901479102616836
ENSG00000105011	ASF1B	62582.0	0.45673100229457186	0.6270629259281931
ENSG00000129691	ASH2L	23952.0	0.23290958490777616	0.37782103044514526
ENSG00000110881	ASIC1	3536.0	0.24473576419681822	0.3932332808879114
ENSG00000066279	ASPM	26345.0	0.4613868815502486	0.6314370101102953
ENSG00000106819	ASPN	470.0	0.6003194431339742	0.7502495151322325
ENSG00000148219	ASTN2	3458.0	0.08300796378532443	0.15329151134807056
ENSG00000171456	ASXL1	124807.0	0.19381082367664396	0.3246926897173779
ENSG00000197785	ATAD3A	30267.0	0.26375153560132797	0.41741042945728674
ENSG00000123268	ATF1	54437.0	0.16943596121319301	0.2897738171783553
ENSG00000115966	ATF2	47313.0	0.17724516553514055	0.3011185277699912
ENSG00000162772	ATF3	4807.0	0.6624605220987879	0.7969639137805916
ENSG00000128272	ATF4	282207.0	0.2942942350917875	0.4547563098292206
ENSG00000118217	ATF6	87273.0	0.11781241490257117	0.21079102957152204
ENSG00000152348	ATG10	8697.0	0.057486926385658436	0.10872366352961103
ENSG00000085978	ATG16L1	21752.0	0.05702146650150557	0.10789083913353874
ENSG00000110046	ATG2A	33309.0	0.21105709658683855	0.34855019995616654
ENSG00000057663	ATG5	29903.0	0.05938260093848852	0.11210794076829751
ENSG00000197548	ATG7	15589.0	0.03231598511176247	0.0626087081432994
ENSG00000138363	ATIC	111905.0	0.31575648028532016	0.47996188506987064
ENSG00000198513	ATL1	5157.0	0.07155163354504517	0.1335477102644673
ENSG00000119787	ATL2	121759.0	0.6092643906576484	0.7571961378063724
ENSG00000184743	ATL3	67824.0	0.25939355609313974	0.41193406912105246
ENSG00000149311	ATM	51926.0	0.27594787860467546	0.4325378539857613
ENSG00000172238	ATOH1	84.0	0.008793065180138749	0.017432842242167047
ENSG00000179774	ATOH7	2346.0	0.009479807298608008	0.018781568942872067
ENSG00000168874	ATOH8	1576.0	0.3362030424742431	0.503221489230704
ENSG00000145246	ATP10D	11569.0	0.426206957690687	0.5976789769428708
ENSG00000159363	ATP13A2	31730.0	0.06562784451515875	0.12317216531634123
ENSG00000163399	ATP1A1	659700.0	0.7201805636776006	0.837331357980136
ENSG00000174437	ATP2A2	148535.0	0.3242670193302313	0.48973056732053083
ENSG00000070961	ATP2B1	62974.0	0.3722798759322857	0.5425713551025733
ENSG00000152234	ATP5F1A	501458.0	0.6357654117022128	0.7773307922443738
ENSG00000165629	ATP5F1C	245503.0	0.4505790222674224	0.6212402293852498
ENSG00000116039	ATP6V1B1	41277.0	0.603198999508724	0.7524942314629253
ENSG00000047249	ATP6V1H	76536.0	0.2991181853999502	0.4604941856123165
ENSG00000165240	ATP7A	13446.0	0.3480209088317983	0.5163434877777897
ENSG00000123191	ATP7B	129585.0	0.7653109518308302	0.8670551225404396
ENSG00000123472	ATPAF1	71964.0	0.30543268607081686	0.4679409200180665
ENSG00000150756	ATPSCKMT	30325.0	0.3776693338175062	0.5482728323072834
ENSG00000175054	ATR	54396.0	0.029092027165016666	0.05653921398100913
ENSG00000085224	ATRX	146074.0	0.6213692364704256	0.7664746838580586
ENSG00000124788	ATXN1	73681.0	0.2857628743963274	0.44450322852959123
ENSG00000224470	ATXN1L	18287.0	0.09375658479176549	0.17143958005905915
ENSG00000204842	ATXN2	161905.0	0.32996331786232547	0.49619912584157816
ENSG00000168488	ATXN2L	261536.0	0.27713721497307675	0.43399755597744294
ENSG00000066427	ATXN3	75782.0	0.3041134353279449	0.46639107778453276
ENSG00000162650	ATXN7L2	23131.0	0.2507918516781456	0.4010129284767351
ENSG00000127423	AUNIP	15712.0	0.21984676566113162	0.36044980705749424
ENSG00000087586	AURKA	25835.0	0.4179433206719538	0.5895063851690394
ENSG00000178999	AURKB	69094.0	0.5656865013291452	0.7226050692126702
ENSG00000105146	AURKC	1069.0	0.07463936068226432	0.13891052833739026
ENSG00000166148	AVPR1A	1479.0	0.35196176253776845	0.5206682204933085
ENSG00000198049	AVPR1B	308.0	0.06384211986022005	0.12002179396433066
ENSG00000126895	AVPR2	1083.0	0.2952670483344573	0.45591686859344077
ENSG00000103126	AXIN1	70735.0	0.3670576686261658	0.537003927559315
ENSG00000168646	AXIN2	19799.0	0.43060902525824446	0.6019940006746618
ENSG00000167601	AXL	15159.0	0.5970393534480289	0.7476827069527286
ENSG00000109956	B3GAT1	1361.0	0.22700935285335105	0.37002057453833054
ENSG00000174684	B4GAT1	18673.0	0.39331949510506864	0.5645790452037116
ENSG00000164929	BAALC	26435.0	0.5867526566953432	0.7395641081419028
ENSG00000136881	BAAT	79.0	-0.004262712600228996	0.0
ENSG00000186318	BACE1	53114.0	0.33314552956856053	0.4997886910011614
ENSG00000182240	BACE2	31306.0	0.3534757316684481	0.5223229695189492
ENSG00000112182	BACH2	5354.0	0.14313970736305892	0.2504325699493842
ENSG00000002330	BAD	20853.0	0.6945781965943847	0.8197652937943936
ENSG00000112208	BAG2	20600.0	0.3054357310689561	0.46794449362719687
ENSG00000151929	BAG3	81006.0	0.2900674845720007	0.4496935052482699
ENSG00000204463	BAG6	498884.0	0.5743651284498555	0.7296466595590623
ENSG00000175866	BAIAP2	34382.0	0.19720543346029146	0.32944293092674526
ENSG00000030110	BAK1	55263.0	0.24165594456936726	0.3892478357250223
ENSG00000153064	BANK1	2412.0	0.054269456750619054	0.10295177651809022
ENSG00000163930	BAP1	134879.0	0.14021166471163207	0.24593971286391397
ENSG00000138376	BARD1	13377.0	0.2520343267524896	0.4025997073198671
ENSG00000143032	BARHL2	176.0	0.017252609864331307	0.03392001101207742
ENSG00000043039	BARX2	808.0	0.124037265854074	0.22069956152179193
ENSG00000156127	BATF	6591.0	0.5087052852053979	0.6743600492340581
ENSG00000123685	BATF3	2104.0	0.13839087321112908	0.2431341931278164
ENSG00000087088	BAX	8930.0	0.17473007967202966	0.29748123878944543
ENSG00000123636	BAZ2B	81307.0	0.4821679997696111	0.6506253000261233
ENSG00000105327	BBC3	7872.0	0.21129322161097908	0.34887212747705504
ENSG00000187244	BCAM	485687.0	0.7840209176446904	0.87893691143462
ENSG00000132692	BCAN	2226.0	0.23996221722953867	0.3870476275731835
ENSG00000050820	BCAR1	13597.0	0.1632076347577259	0.28061651227335516
ENSG00000137936	BCAR3	36981.0	0.30881718100569144	0.4719027003731678
ENSG00000262117	BCAR4	737.0	0.13307808417197742	0.2348965813229496
ENSG00000141376	BCAS3	35867.0	0.19965022412953673	0.3328473918710805
ENSG00000107949	BCCIP	119941.0	0.36160585798067074	0.5311461549041074
ENSG00000114200	BCHE	91.0	0.22981248718422817	0.37373581676732776
ENSG00000103507	BCKDK	93682.0	0.1262065656040293	0.2241268510743226
ENSG00000142867	BCL10	43757.0	0.19022165089394796	0.3196407169220571
ENSG00000119866	BCL11A	67888.0	0.5523969837920237	0.7116697462818943
ENSG00000127152	BCL11B	1518.0	0.04231318655374434	0.08119092629662815
ENSG00000171791	BCL2	4001.0	0.12173906636620974	0.2170541617322367
ENSG00000140379	BCL2A1	1003.0	0.5858693318336908	0.738862048812393
ENSG00000171552	BCL2L1	380832.0	0.6870931316140917	0.814528989228626
ENSG00000153094	BCL2L11	50863.0	0.5229527381929845	0.6867616112808319
ENSG00000126453	BCL2L12	9536.0	0.10702721494167082	0.19335968167198142
ENSG00000099968	BCL2L13	30061.0	0.16837473819781415	0.2882204359493899
ENSG00000129473	BCL2L2	84626.0	0.32013260259752957	0.4850006763981554
ENSG00000069399	BCL3	24112.0	0.5043325020210226	0.6705066883065652
ENSG00000113916	BCL6	29661.0	0.3671689282641978	0.5371229855704334
ENSG00000161940	BCL6B	2182.0	0.3061136627186256	0.4687396992409707
ENSG00000106635	BCL7B	40581.0	0.05963004137857841	0.11254879354118678
ENSG00000099385	BCL7C	15070.0	0.13244785832442996	0.23391427225691402
ENSG00000183337	BCOR	52867.0	0.1785826521350899	0.3030464631590736
ENSG00000085185	BCORL1	40302.0	0.1929946015358626	0.3235464792336883
ENSG00000186716	BCR	174282.0	0.5329158699747605	0.6952969571429056
ENSG00000100739	BDKRB1	121.0	-0.003125986339246049	0.0
ENSG00000168398	BDKRB2	1318.0	0.31844841765822013	0.48306541749101806
ENSG00000176697	BDNF	1554.0	0.27276443100178416	0.42861730632603107
ENSG00000166546	BEAN1	350.0	-0.0025955584331643733	0.0
ENSG00000126581	BECN1	35854.0	0.21101487990525836	0.3484926294576442
ENSG00000133134	BEX2	10154.0	0.21191028876003523	0.34971283060374214
ENSG00000125864	BFSP1	1884.0	0.03637140237196964	0.07018989966092365
ENSG00000170819	BFSP2	288.0	0.01515600295761082	0.029859455913090197
ENSG00000145692	BHMT	582.0	0.03917599419577929	0.07539818936271268
ENSG00000112624	BICRAL	53530.0	0.21707244832075678	0.35671245145720004
ENSG00000015475	BID	11089.0	0.0770436391045444	0.14306502783600966
ENSG00000100290	BIK	16876.0	0.3881234381129036	0.5592059430111509
ENSG00000110330	BIRC2	71012.0	0.29488417449686105	0.4554603111300529
ENSG00000089685	BIRC5	45300.0	0.4329269379476658	0.6042554250082461
ENSG00000101197	BIRC7	1424.0	0.5059414734049277	0.6719271397194421
ENSG00000136573	BLK	291.0	0.011331168746070213	0.022408423860048748
ENSG00000197299	BLM	9898.0	0.23582609762167564	0.38164932440821336
ENSG00000095585	BLNK	4214.0	0.3151672099028501	0.47928082076518796
ENSG00000196072	BLOC1S2	14846.0	0.12254851102712	0.21833980415686338
ENSG00000106605	BLVRA	63012.0	0.1878555824202017	0.31629363905914304
ENSG00000168283	BMI1	125731.0	0.3917215997276986	0.5629309767188238
ENSG00000125845	BMP2	1378.0	0.2887762664798927	0.44814026141037433
ENSG00000138756	BMP2K	27737.0	0.1911014727042695	0.32088193505527934
ENSG00000125378	BMP4	4084.0	0.23170399841286468	0.3762332487536474
ENSG00000112175	BMP5	410.0	0.058945273316246743	0.11132827125551206
ENSG00000153162	BMP6	7610.0	0.6812793554549754	0.810429692417906
ENSG00000101144	BMP7	167803.0	0.7232144031914743	0.8393783174653684
ENSG00000183682	BMP8A	7648.0	0.6850064636523564	0.8130609329148355
ENSG00000116985	BMP8B	11740.0	0.5844026871654722	0.7376946427817289
ENSG00000164619	BMPER	1579.0	0.4032549249448317	0.574742219359302
ENSG00000107779	BMPR1A	89997.0	0.4146870795103653	0.586259796270836
ENSG00000138696	BMPR1B	26706.0	0.308779938783442	0.47185921732642705
ENSG00000204217	BMPR2	91552.0	0.262201976339605	0.4154675420490034
ENSG00000169594	BNC1	248.0	0.4078442101120721	0.5793882692170969
ENSG00000173068	BNC2	24270.0	0.26675325047342063	0.4211605541548483
ENSG00000176171	BNIP3	16272.0	0.5320181443720122	0.6945324326952944
ENSG00000152430	BOLL	168.0	0.022451466999743125	0.04391693439616096
ENSG00000157764	BRAF	102406.0	0.12515568858284273	0.22246821458189306
ENSG00000012048	BRCA1	6948.0	0.10883421642266082	0.19630385644805148
ENSG00000139618	BRCA2	21191.0	0.20692119577579218	0.3428909799579518
ENSG00000169925	BRD3	104822.0	0.23999478337010996	0.3870899887463108
ENSG00000141867	BRD4	467541.0	0.514485948418087	0.6794199034404758
ENSG00000137948	BRDT	828.0	0.04260666889183684	0.08173104999821748
ENSG00000184992	BRI3BP	33351.0	0.38102734897621915	0.5518027564894812
ENSG00000078725	BRINP1	38.0	-0.007905576765260307	0.0
ENSG00000136492	BRIP1	17158.0	0.26703892675887114	0.42151653136966494
ENSG00000113460	BRIX1	34598.0	0.12885940186078407	0.22830017918684187
ENSG00000174672	BRSK2	315.0	0.01809982288040472	0.035556086885855175
ENSG00000160058	BSDC1	40844.0	0.16535877246187727	0.28379032512459457
ENSG00000109743	BST1	2429.0	0.2377678009558347	0.38418805332021816
ENSG00000095564	BTAF1	114138.0	0.29925423396248463	0.46065539159309055
ENSG00000183826	BTBD9	34857.0	0.1125928301326152	0.20239718805161586
ENSG00000010671	BTK	2392.0	0.3141932005563308	0.4781537454665341
ENSG00000186265	BTLA	374.0	0.09753833742938499	0.17774019203344785
ENSG00000026950	BTN3A1	24758.0	0.4322566140173671	0.6036021894217982
ENSG00000204290	BTNL2	60.0	-0.010802829622109923	0.0
ENSG00000166167	BTRC	47510.0	0.16612927746205328	0.284924288709421
ENSG00000169679	BUB1	67120.0	0.5871031406696929	0.739842453366905
ENSG00000156970	BUB1B	31412.0	0.43459075171855116	0.6058741856490267
ENSG00000112276	BVES	534.0	0.12038153982952886	0.21489382955710865
ENSG00000108561	C1QBP	179301.0	0.45443932483421723	0.6248996669366267
ENSG00000165985	C1QL3	98.0	-0.00815164458630117	0.0
ENSG00000173918	C1QTNF1	18124.0	0.8657561598223191	0.9280485611847235
ENSG00000133466	C1QTNF6	50579.0	0.5027663153824156	0.6691210872057302
ENSG00000240654	C1QTNF9	98.0	0.0383011516648827	0.07377657552140442
ENSG00000139178	C1RL	293628.0	0.7374018039688378	0.8488558055878062
ENSG00000171860	C3AR1	2849.0	0.4035477543665904	0.5750395782560433
ENSG00000244731	C4A	86588.0	0.8303393132560499	0.9073064291876378
ENSG00000224389	C4B	146748.0	0.885134997891774	0.9390680231194666
ENSG00000106804	C5	4388.0	0.09669029565700475	0.176331086433257
ENSG00000197405	C5AR1	8414.0	0.5847271592304473	0.7379530991497542
ENSG00000039537	C6	164.0	0.17270572325668487	0.2945423047430333
ENSG00000021852	C8B	66.0	-0.012326706250161305	0.0
ENSG00000176919	C8G	833.0	0.00023464057620341592	0.0004691710658376057
ENSG00000113600	C9	33.0	-0.0074591085001333305	0.0
ENSG00000154975	CA10	97.0	-0.010606624330710596	0.0
ENSG00000074410	CA12	55267.0	0.6754723317563693	0.8063067577466745
ENSG00000118298	CA14	8631.0	0.25977279755349697	0.41241213980486124
ENSG00000167434	CA4	1917.0	0.5285711699357581	0.6915885636623286
ENSG00000107159	CA9	1173.0	0.6592904295755657	0.794665500173116
ENSG00000183346	CABCOCO1	2420.0	0.124028441115874	0.22068559224844048
ENSG00000175544	CABP4	5435.0	0.07169381009316446	0.13379532366046226
ENSG00000154040	CABYR	34777.0	0.3898380741450236	0.5609834431753317
ENSG00000148408	CACNA1B	4042.0	0.22619561782964248	0.3689388781702011
ENSG00000151067	CACNA1C	6564.0	0.5632088681664756	0.7205804414698294
ENSG00000157388	CACNA1D	3742.0	0.2039536537024363	0.3388064865706941
ENSG00000006283	CACNA1G	1120.0	0.22695091881710996	0.36994294610563705
ENSG00000196557	CACNA1H	15135.0	0.8545018908127034	0.9215432942354486
ENSG00000153956	CACNA2D1	30670.0	0.4367811161681525	0.6079995223392596
ENSG00000006116	CACNG3	46.0	-0.008010025620832497	0.0
ENSG00000075461	CACNG4	37347.0	0.7484170861711662	0.8561081816125627
ENSG00000075429	CACNG5	7154.0	0.47387803430357195	0.6430356152603712
ENSG00000151893	CACUL1	61429.0	0.2210662154192959	0.3620871868007339
ENSG00000116161	CACYBP	54877.0	0.22659444445679877	0.3694692169540142
ENSG00000084774	CAD	120927.0	0.2975241801453978	0.45860290651702207
ENSG00000162706	CADM3	467.0	0.6734168181599803	0.8048405045916074
ENSG00000105767	CADM4	85826.0	0.44058760013309894	0.611677623897904
ENSG00000104327	CALB1	130.0	0.003988231421879141	0.007944777233555586
ENSG00000172137	CALB2	3795.0	0.7674335486909811	0.8684157311140409
ENSG00000110680	CALCA	52.0	0.02921270088513385	0.05676708198414305
ENSG00000175868	CALCB	260.0	0.21086870515682288	0.3482932612904761
ENSG00000004948	CALCR	267.0	-0.0013914106053305644	0.0
ENSG00000064989	CALCRL	6749.0	0.6459675225060798	0.7849091961699916
ENSG00000160014	CALM3	64506.0	0.5380939778083628	0.699689337026201
ENSG00000178363	CALML3	73.0	0.019872033262481076	0.03896966014238509
ENSG00000269058	CALR3	199.0	-0.004903150543150183	0.0
ENSG00000134072	CAMK1	31909.0	0.22668168876017902	0.36958518389442785
ENSG00000070808	CAMK2A	126.0	-0.007262243267113951	0.0
ENSG00000058404	CAMK2B	892.0	0.02278184994292756	0.044548795902467006
ENSG00000145349	CAMK2D	17997.0	0.1540434519853875	0.2669630016449987
ENSG00000148660	CAMK2G	65424.0	0.43577295951203476	0.6070221014054167
ENSG00000164076	CAMKV	100.0	0.013949340982677697	0.0275148676938013
ENSG00000164047	CAMP	348.0	0.07845261175804069	0.14549106915351817
ENSG00000118200	CAMSAP2	54540.0	0.16748799480299598	0.28692028620175786
ENSG00000111530	CAND1	155100.0	0.17518978744693645	0.2981472257813453
ENSG00000127022	CANX	258211.0	0.36792399399049414	0.5379304633983207
ENSG00000014216	CAPN1	85833.0	0.37409236655868283	0.5444937700884995
ENSG00000092529	CAPN3	10725.0	0.13823663035335712	0.24289611960641713
ENSG00000100065	CARD10	61937.0	0.3566548991103854	0.5257857386491711
ENSG00000198286	CARD11	1874.0	0.45811260371576273	0.6283638212142701
ENSG00000141527	CARD14	12624.0	0.35340875572860203	0.5222498439332851
ENSG00000105483	CARD8	16679.0	0.3282846559919254	0.49429864978267285
ENSG00000187796	CARD9	3487.0	0.22122110547567117	0.3622949267479365
ENSG00000138380	CARF	22698.0	0.08017229377042039	0.14844352930137308
ENSG00000142453	CARM1	197419.0	0.47825738264361933	0.6470556322043661
ENSG00000246228	CASC8	791.0	0.15858033810356684	0.2737494032794317
ENSG00000147044	CASK	27758.0	0.12412446801719368	0.22083758791610109
ENSG00000137752	CASP1	4438.0	0.3646351381723463	0.5344067846013427
ENSG00000003400	CASP10	18160.0	0.21554700304972157	0.3546502151030431
ENSG00000106144	CASP2	68806.0	0.2804620784589601	0.43806385706712536
ENSG00000164305	CASP3	47428.0	0.20182248981075185	0.3358607307182816
ENSG00000138794	CASP6	30059.0	0.14131083202420372	0.24762900352672187
ENSG00000165806	CASP7	9420.0	0.13305427137564438	0.23485948508733445
ENSG00000064012	CASP8	20052.0	0.24445081623358042	0.3928653716880967
ENSG00000118412	CASP8AP2	45903.0	0.22834801626527798	0.3717969390459181
ENSG00000132906	CASP9	23912.0	0.14491927804663884	0.2531519572172589
ENSG00000118729	CASQ2	186.0	0.059997630806419164	0.1132033300126803
ENSG00000036828	CASR	541.0	0.5534440171030393	0.7125380908610234
ENSG00000087589	CASS4	5321.0	0.24806318559775264	0.3975170303239803
ENSG00000130940	CASZ1	39645.0	0.2719397255672138	0.4275984468461254
ENSG00000121691	CAT	58790.0	0.27947869114384216	0.43686337737128045
ENSG00000166762	CATSPER2	2891.0	0.07148442990691471	0.13343064614224012
ENSG00000105971	CAV2	4327.0	0.48880989975268646	0.6566451497049893
ENSG00000168497	CAVIN2	2679.0	0.33054377386836437	0.49685516607598107
ENSG00000170955	CAVIN3	12834.0	0.3452579521864132	0.5132962813938758
ENSG00000099625	CBARP	916.0	-0.014381374204992628	0.0
ENSG00000067955	CBFB	70145.0	0.33324873667817806	0.49990482272419096
ENSG00000110395	CBL	20489.0	0.05908748889974852	0.11158188444116658
ENSG00000114423	CBLB	131940.0	0.5627344717683618	0.72019205045318
ENSG00000134812	CBLIF	61.0	0.01109224659158404	0.021941116903974423
ENSG00000102924	CBLN1	253.0	0.4600079131733742	0.6301444108936809
ENSG00000139899	CBLN3	26409.0	0.25706901322146675	0.4089974544240509
ENSG00000054803	CBLN4	330.0	0.2662231620001044	0.4204995927883405
ENSG00000159228	CBR1	24363.0	0.16012466955692256	0.2760473486320703
ENSG00000160200	CBS	8885.0	0.191822346463119	0.3218975496346006
ENSG00000136682	CBWD2	92468.0	0.2144727571535002	0.35319484260179657
ENSG00000108468	CBX1	88632.0	0.21276297106942182	0.3508731320874781
ENSG00000122565	CBX3	130187.0	0.3702875523974028	0.5404523331611119
ENSG00000094916	CBX5	137118.0	0.4545026275364989	0.6249595139010413
ENSG00000100307	CBX7	15444.0	0.2575422192292421	0.40959613966216074
ENSG00000132024	CC2D1A	83899.0	0.19647274060076775	0.3284199195413607
ENSG00000158941	CCAR2	104376.0	0.23587440247860406	0.38171257856873947
ENSG00000183287	CCBE1	2053.0	0.6054041960939394	0.7542078157848723
ENSG00000150636	CCDC102B	1381.0	0.5319245463361865	0.6944526708033486
ENSG00000167131	CCDC103	4043.0	0.06816698277363104	0.12763357016826493
ENSG00000103021	CCDC113	12257.0	0.21837816164355917	0.35847353230457274
ENSG00000007080	CCDC124	90930.0	0.28645008854959814	0.4453341658556763
ENSG00000128596	CCDC136	3967.0	0.2941884666842731	0.4546300237676938
ENSG00000185298	CCDC137	52652.0	0.19915714821098757	0.33216188304945427
ENSG00000175455	CCDC14	81455.0	0.37719982041234473	0.5477779111231775
ENSG00000163492	CCDC141	256.0	-0.008090041702150677	0.0
ENSG00000120262	CCDC170	13785.0	0.3993327193355661	0.570747348100569
ENSG00000162592	CCDC27	125.0	-0.013838247630061288	0.0
ENSG00000140481	CCDC33	17472.0	0.29792626289508267	0.4590804137525421
ENSG00000180329	CCDC43	12789.0	0.06365853823086606	0.11969732003796323
ENSG00000152492	CCDC50	184620.0	0.398139121991708	0.5695271890032547
ENSG00000164051	CCDC51	9803.0	0.03231101745317293	0.06259938508239084
ENSG00000176155	CCDC57	35212.0	0.27859106330521227	0.4357782113462338
ENSG00000108091	CCDC6	208588.0	0.3993100213409493	0.5707241644111049
ENSG00000104983	CCDC61	5650.0	0.10805157270836663	0.19502986209253861
ENSG00000130783	CCDC62	1586.0	0.026503705086321355	0.051638790887934674
ENSG00000216937	CCDC7	13006.0	0.1204770932415768	0.21504606201815804
ENSG00000120647	CCDC77	19292.0	0.17241072175817512	0.2941131781866066
ENSG00000091986	CCDC80	13865.0	0.50776549010889	0.6735337735740583
ENSG00000110104	CCDC86	17593.0	0.09579919977710771	0.17484809223550055
ENSG00000105321	CCDC9	53112.0	0.4384090418149719	0.6095749248931184
ENSG00000123106	CCDC91	23883.0	0.04956544022179314	0.09444945178705393
ENSG00000187094	CCK	291.0	0.19551947008332043	0.32708705291047063
ENSG00000163394	CCKAR	147.0	-0.01766780398857067	0.0
ENSG00000110148	CCKBR	2830.0	0.07387367731912813	0.13758355173310524
ENSG00000108702	CCL1	73.0	0.6357983610526046	0.7773554200695991
ENSG00000172156	CCL11	172.0	0.06936747559316937	0.12973552530142513
ENSG00000181374	CCL13	621.0	0.4818252786363498	0.6503132124723229
ENSG00000276409	CCL14	2045.0	0.5775977276132873	0.7322496952212554
ENSG00000275718	CCL15	120.0	-0.009056078541203102	0.0
ENSG00000275152	CCL16	101.0	0.009759896715296259	0.019331123660277588
ENSG00000102970	CCL17	386.0	0.045872382789150457	0.08772080331027997
ENSG00000275385	CCL18	1228.0	0.7619463786388283	0.8648916764736749
ENSG00000115009	CCL20	83.0	0.26318271815832356	0.4166977815244889
ENSG00000102962	CCL22	325.0	0.7988345482000913	0.8881690080940493
ENSG00000274736	CCL23	139.0	0.005840391354670401	0.011612958486991233
ENSG00000106178	CCL24	478.0	-0.023588299336622792	0.0
ENSG00000131142	CCL25	594.0	-0.01657451551805889	0.0
ENSG00000006606	CCL26	784.0	0.020158871730385698	0.039521043807995065
ENSG00000213927	CCL27	1301.0	-0.01950455301360139	0.0
ENSG00000151882	CCL28	27636.0	0.486187111343006	0.6542744283438964
ENSG00000108688	CCL7	2432.0	0.865076023348002	0.927657653112823
ENSG00000108700	CCL8	3625.0	0.8295909406274582	0.9068594757503008
ENSG00000142871	CCN1	176525.0	0.898405043417023	0.946484046207488
ENSG00000118523	CCN2	169478.0	0.9104278825925616	0.9531141069371937
ENSG00000136999	CCN3	27405.0	0.503368878217873	0.6696545146186312
ENSG00000104415	CCN4	6799.0	0.6833831406378075	0.8119163417294109
ENSG00000064205	CCN5	4413.0	0.43209530698588533	0.6034449032520208
ENSG00000133101	CCNA1	31528.0	0.6856402885730823	0.8135072390248649
ENSG00000145386	CCNA2	20663.0	0.33026122833615973	0.49653590031972583
ENSG00000134057	CCNB1	164686.0	0.7106742388879229	0.8308703349036447
ENSG00000157456	CCNB2	23243.0	0.28333291410152	0.441557932455719
ENSG00000147082	CCNB3	1560.0	0.04232295937777359	0.08120891705779705
ENSG00000110092	CCND1	22546.0	0.3612550471205777	0.5307676146137783
ENSG00000118971	CCND2	124635.0	0.8187911538154071	0.9003685245529932
ENSG00000112576	CCND3	13466.0	0.10968997379674741	0.19769480915727983
ENSG00000166946	CCNDBP1	29867.0	0.07558518984209368	0.14054710041738364
ENSG00000105173	CCNE1	152829.0	0.6268387560117081	0.7706218624253095
ENSG00000152669	CCNO	44283.0	0.8015647149624492	0.8898539234313951
ENSG00000129315	CCNT1	59293.0	0.043558777527898725	0.08348121536783148
ENSG00000108100	CCNY	89966.0	0.20596488827159973	0.34157692363131825
ENSG00000163823	CCR1	4460.0	0.5300246536656097	0.6928315205846974
ENSG00000121807	CCR2	390.0	0.16097461676721248	0.27730945094295645
ENSG00000183625	CCR3	79.0	-0.01184483212069458	0.0
ENSG00000183813	CCR4	305.0	0.5517716284822528	0.7111505563765541
ENSG00000160791	CCR5	508.0	0.1863467259381682	0.3141522151389669
ENSG00000112486	CCR6	1112.0	0.009160480870471081	0.018154656358658695
ENSG00000126353	CCR7	206.0	0.35868251376158394	0.5279857658115472
ENSG00000173585	CCR9	97.0	-0.0014391008913986949	0.0
ENSG00000121797	CCRL2	348.0	0.03813065019625753	0.0734602146445613
ENSG00000166226	CCT2	198400.0	0.2166856585522783	0.35619004305534485
ENSG00000163468	CCT3	552993.0	0.5615803080745161	0.7192461446532513
ENSG00000150753	CCT5	332980.0	0.42872590413973893	0.600151369688901
ENSG00000146731	CCT6A	365877.0	0.6075344341118906	0.7558586879633881
ENSG00000135624	CCT7	332992.0	0.569686849650446	0.7258605113208533
ENSG00000156261	CCT8	188304.0	0.31467669930302	0.4787134349758338
ENSG00000134256	CD101	1173.0	-0.0026405463559967335	0.0
ENSG00000156535	CD109	30854.0	0.4718485060895591	0.6411645004731866
ENSG00000170458	CD14	30741.0	0.8709431892436403	0.9310204545502352
ENSG00000177697	CD151	122401.0	0.164075418091341	0.2818982611287588
ENSG00000117281	CD160	165.0	0.0024860914375205217	0.004959852228883449
ENSG00000177575	CD163	9717.0	0.7716344330622275	0.8710989340261082
ENSG00000204936	CD177	299.0	0.1801425841901199	0.3052895245090132
ENSG00000134061	CD180	516.0	0.08403491398610519	0.15504097313083834
ENSG00000177455	CD19	889.0	0.07556077694210055	0.14050489486410145
ENSG00000158477	CD1A	52.0	-0.00571836918042606	0.0
ENSG00000158481	CD1C	202.0	0.41685570149209544	0.5884236497098516
ENSG00000158473	CD1D	3079.0	0.38105042836802205	0.5518269580037085
ENSG00000158488	CD1E	77.0	0.14127671968195965	0.24757662580084752
ENSG00000116824	CD2	688.0	0.5648855951062839	0.7219513003030972
ENSG00000091972	CD200	181134.0	0.9037702209519045	0.9494530495387308
ENSG00000116031	CD207	3689.0	0.12405048931483352	0.22072049341920336
ENSG00000090659	CD209	1874.0	0.46951742868993723	0.639008996454718
ENSG00000012124	CD22	131547.0	0.7410062317091126	0.8512390343160127
ENSG00000150637	CD226	361.0	0.10734372876750557	0.19387607655841635
ENSG00000122223	CD244	201.0	0.014915285149955567	0.02939217758997847
ENSG00000198821	CD247	1879.0	0.48776948634448647	0.6557057270248996
ENSG00000174807	CD248	4764.0	0.5490656027744889	0.7088990960629074
ENSG00000139193	CD27	1757.0	0.1548059527377839	0.2681072995350846
ENSG00000120217	CD274	1843.0	0.5123889546314337	0.6775888610695414
ENSG00000103855	CD276	68734.0	0.23396431398849937	0.3792075853997183
ENSG00000178562	CD28	982.0	0.26005993183068893	0.4127739090201188
ENSG00000198087	CD2AP	132127.0	0.29317423075876997	0.45341799084064643
ENSG00000169217	CD2BP2	49136.0	0.08166553816407868	0.15099961177036364
ENSG00000167851	CD300A	4895.0	0.4662355076110917	0.635962647461348
ENSG00000167850	CD300C	556.0	0.04483511767519067	0.08582237889352533
ENSG00000186407	CD300E	435.0	0.4062806378280853	0.5778087629160009
ENSG00000241399	CD302	5746.0	0.33002582476692643	0.49626979961048523
ENSG00000167775	CD320	15195.0	0.1697836405062549	0.290282125047973
ENSG00000105383	CD33	923.0	0.07719252420517259	0.14332168571654466
ENSG00000174059	CD34	29272.0	0.8809833872808939	0.9367263881627611
ENSG00000135218	CD36	1882.0	0.451511915318359	0.6221263643148658
ENSG00000004468	CD38	2732.0	0.5878102488224294	0.7404036461641033
ENSG00000198851	CD3E	2095.0	0.7025560512204317	0.8252956496989609
ENSG00000117877	CD3EAP	11961.0	0.23703671507234506	0.38323311213682537
ENSG00000160654	CD3G	948.0	0.22341371517775838	0.3652300320097311
ENSG00000010610	CD4	22102.0	0.7222112330205193	0.8387022673796652
ENSG00000101017	CD40	5711.0	0.37322283957671243	0.5435721411271548
ENSG00000102245	CD40LG	217.0	0.4882827582522346	0.6561693408659113
ENSG00000026508	CD44	24116.0	0.7107769674672291	0.8309405386951405
ENSG00000117335	CD46	226809.0	0.5160539323179124	0.680785717865474
ENSG00000196776	CD47	284709.0	0.723903461821483	0.8398422276576948
ENSG00000110448	CD5	678.0	0.3326418864225472	0.4992217186201738
ENSG00000196352	CD55	65121.0	0.36994928538933225	0.5400919425775599
ENSG00000116815	CD58	25691.0	0.24956578111929267	0.399444006694462
ENSG00000085063	CD59	39536.0	0.20391977983570345	0.3387597467059341
ENSG00000073754	CD5L	71.0	0.05234917852694601	0.09949013045313186
ENSG00000013725	CD6	940.0	0.2991717335241053	0.4605576396164016
ENSG00000129226	CD68	15508.0	0.7869854627269626	0.8807967150734541
ENSG00000173762	CD7	3142.0	0.38049459148557546	0.5512438713376171
ENSG00000125726	CD70	319.0	0.18974140910869244	0.3189624361328051
ENSG00000137101	CD72	2178.0	0.15360693154102845	0.26630722708268567
ENSG00000105369	CD79A	894.0	0.7994814831133539	0.8885687245085061
ENSG00000007312	CD79B	2501.0	0.20422567727444288	0.3391817349994936
ENSG00000121594	CD80	795.0	0.18559669613081342	0.3130857174897787
ENSG00000085117	CD82	94032.0	0.5859984493626631	0.7389647191624278
ENSG00000112149	CD83	19895.0	0.38271406708592515	0.5535693549317776
ENSG00000066294	CD84	2803.0	0.44849310049277064	0.6192547280207208
ENSG00000114013	CD86	2811.0	0.3700818053728001	0.5402331509279485
ENSG00000153563	CD8A	2283.0	0.41487745144949995	0.5864500151931467
ENSG00000172116	CD8B	1024.0	0.24161948834340538	0.38920054108651136
ENSG00000125810	CD93	3488.0	0.43261938739241484	0.6039557906302635
ENSG00000153283	CD96	1960.0	0.1287331482166275	0.22810200696244803
ENSG00000002586	CD99	90010.0	0.4934279500808122	0.6607991367164541
ENSG00000158825	CDA	3344.0	0.21651735103269648	0.3559626187803993
ENSG00000140326	CDAN1	50375.0	0.0935772144573764	0.17113965656976243
ENSG00000151465	CDC123	81233.0	0.19634932266924937	0.3282474757977247
ENSG00000079335	CDC14A	20281.0	0.1299137956099402	0.2299534639097158
ENSG00000117399	CDC20	161231.0	0.7587632273701517	0.8628372660539614
ENSG00000164045	CDC25A	17310.0	0.24112879260453546	0.3885636914417584
ENSG00000158402	CDC25C	14654.0	0.3098458160274925	0.4731027304682235
ENSG00000004897	CDC27	51252.0	0.07259458007294317	0.1353625711366289
ENSG00000099804	CDC34	64768.0	0.13162726859280977	0.23263361045813194
ENSG00000105401	CDC37	595265.0	0.5650739967662431	0.722105150215005
ENSG00000070831	CDC42	116687.0	0.08591823911508478	0.15824071466945724
ENSG00000171219	CDC42BPG	97890.0	0.6028239570854841	0.7522023294206769
ENSG00000094804	CDC6	17625.0	0.3154694068874144	0.4796301688746368
ENSG00000134371	CDC73	124483.0	0.22060969000566064	0.36147458407386157
ENSG00000184661	CDCA2	16778.0	0.34864598417181314	0.5170311382878024
ENSG00000111665	CDCA3	105401.0	0.6813176819053652	0.810456809248871
ENSG00000164649	CDCA7L	94496.0	0.5725186132372442	0.7281549590801173
ENSG00000163814	CDCP1	16691.0	0.32193520460291264	0.4870665422661417
ENSG00000039068	CDH1	437518.0	0.7090331067708936	0.8297476555156562
ENSG00000140937	CDH11	37199.0	0.9202993304799856	0.9584957051981615
ENSG00000140945	CDH13	1037.0	0.34512526457084136	0.513149628010225
ENSG00000166589	CDH16	2693.0	0.25778186689033833	0.4098991624480359
ENSG00000170558	CDH2	43687.0	0.5911039785779912	0.7430111250256258
ENSG00000149654	CDH22	1726.0	0.16810809437033478	0.28782968833197403
ENSG00000107736	CDH23	108441.0	0.7925009700180716	0.8842404922214149
ENSG00000062038	CDH3	183265.0	0.5909056292756448	0.7428544074543127
ENSG00000179776	CDH5	12368.0	0.84038604157336	0.9132714795586122
ENSG00000113361	CDH6	268065.0	0.8513616626193868	0.9197140459469637
ENSG00000081138	CDH7	76.0	-0.017180557564036886	0.0
ENSG00000148600	CDHR1	10781.0	0.6101200345919244	0.7578565839615253
ENSG00000074276	CDHR2	2897.0	0.14074033938340483	0.24675262989205426
ENSG00000170312	CDK1	33247.0	0.47039775062879047	0.6398238169605917
ENSG00000185324	CDK10	134038.0	0.3343962555871271	0.5011948350229664
ENSG00000058091	CDK14	27677.0	0.2140705462571721	0.3526492705339485
ENSG00000102225	CDK16	197144.0	0.37085500352447043	0.5410564976908595
ENSG00000059758	CDK17	66080.0	0.25428186757446214	0.405462080172129
ENSG00000117266	CDK18	99874.0	0.5509585502983464	0.7104748868915453
ENSG00000123374	CDK2	133201.0	0.6024179368862925	0.7518861628032812
ENSG00000250506	CDK3	23195.0	0.12282524681873265	0.21877891892212034
ENSG00000135446	CDK4	171770.0	0.46315662869918484	0.6330923424253668
ENSG00000164885	CDK5	32159.0	0.19049951061638076	0.32003290873719
ENSG00000101391	CDK5RAP1	51710.0	0.013389551011146519	0.026425279395838656
ENSG00000105810	CDK6	18642.0	0.34612966952182017	0.5142590306991366
ENSG00000134058	CDK7	50934.0	0.14540406410772036	0.2538913011819831
ENSG00000132964	CDK8	19664.0	0.07870546586611828	0.14592577558309447
ENSG00000136807	CDK9	57229.0	0.1174722998240059	0.2102464639929007
ENSG00000145996	CDKAL1	93334.0	0.2701493314408853	0.42538199998014714
ENSG00000100490	CDKL1	2529.0	0.09297600483204276	0.17013366152778506
ENSG00000006837	CDKL3	3390.0	-0.01881998267827464	0.0
ENSG00000124762	CDKN1A	246213.0	0.814811891257	0.8979574083489544
ENSG00000111276	CDKN1B	95369.0	0.2515278813384805	0.4019533005840464
ENSG00000129757	CDKN1C	16038.0	0.16722102531367444	0.2865284666522112
ENSG00000147889	CDKN2A	40305.0	0.37300849677262954	0.5433447755777433
ENSG00000168564	CDKN2AIP	22086.0	0.057557009552447934	0.10884899638045183
ENSG00000147883	CDKN2B	4583.0	0.2910937853074366	0.4509258562314604
ENSG00000100526	CDKN3	8912.0	0.24030850632351158	0.387497957320034
ENSG00000109089	CDR2L	96877.0	0.4989501120179294	0.6657327792533783
ENSG00000204539	CDSN	1574.0	0.18071379768743445	0.3061094027043361
ENSG00000091527	CDV3	81504.0	0.2919164193666546	0.4519122367215719
ENSG00000113722	CDX1	394.0	0.2668519863994596	0.421283605763423
ENSG00000165556	CDX2	148.0	0.005240218196505513	0.01042580291088423
ENSG00000079385	CEACAM1	2531.0	0.2847895968640147	0.4433248799011837
ENSG00000170956	CEACAM3	82.0	0.0019401336060999557	0.003872753552883818
ENSG00000245848	CEBPA	9369.0	0.2884538816305244	0.4477519696172425
ENSG00000075275	CELSR1	181208.0	0.7767154566787017	0.8743273479824987
ENSG00000143126	CELSR2	363793.0	0.7606141457293022	0.8640327553590473
ENSG00000008300	CELSR3	5680.0	0.21191804240948223	0.34972338886572907
ENSG00000135048	CEMIP2	16746.0	0.2524450849393548	0.40312359875096404
ENSG00000115163	CENPA	21728.0	0.4482461028514031	0.6190192426119655
ENSG00000125817	CENPB	63595.0	0.17040696145076892	0.2911926655657316
ENSG00000117724	CENPF	71173.0	0.6728751352976354	0.8044535077364497
ENSG00000166582	CENPV	5220.0	0.11641385286840708	0.2085496387729415
ENSG00000154240	CEP112	76062.0	0.5122166787276233	0.6774382083374475
ENSG00000100629	CEP128	20052.0	0.21357513334602773	0.35197677915032044
ENSG00000143702	CEP170	32835.0	0.26816826847873165	0.422922218043542
ENSG00000174007	CEP19	6451.0	0.12338874419757873	0.21967238827145918
ENSG00000164118	CEP44	23962.0	0.09345853126196987	0.1709411533953804
ENSG00000138180	CEP55	62811.0	0.5686122703293742	0.7249876608576804
ENSG00000130695	CEP85	68195.0	0.2806473647519833	0.43828984071088906
ENSG00000198848	CES1	2132.0	0.1967023806103119	0.328740685733398
ENSG00000087237	CETP	504.0	0.16626412788748984	0.28512259600859374
ENSG00000070761	CFAP20	33070.0	0.12727323741483998	0.22580725451570893
ENSG00000197748	CFAP43	81942.0	0.6253251221152499	0.769476966308663
ENSG00000171811	CFAP46	19886.0	0.6531620959997352	0.7901972802065016
ENSG00000165164	CFAP47	28995.0	0.6340289829307093	0.776031501954816
ENSG00000243649	CFB	159352.0	0.848403418169198	0.9179851214617667
ENSG00000136698	CFC1	45.0	0.02041927450717694	0.04002134224098944
ENSG00000153774	CFDP1	46054.0	0.1060527137984587	0.19176791933224854
ENSG00000000971	CFH	11530.0	0.7083609728102176	0.8292872338859144
ENSG00000244414	CFHR1	1229.0	0.2707216466899001	0.4260911858944125
ENSG00000165410	CFL2	11664.0	0.09695963377225064	0.17677885454877418
ENSG00000003402	CFLAR	111602.0	0.4742420260066005	0.6433706510066308
ENSG00000126759	CFP	6907.0	0.6433113344529747	0.7829451680464677
ENSG00000001626	CFTR	5484.0	0.45237155687697594	0.6229419114344366
ENSG00000164430	CGAS	51890.0	0.398477744385009	0.5698735585674158
ENSG00000128849	CGNL1	26413.0	0.41298314263490143	0.5845549464444129
ENSG00000100532	CGRRF1	4745.0	0.030230591030020484	0.05868703820917618
ENSG00000138135	CH25H	312.0	0.5095207392829109	0.6750761695728086
ENSG00000136457	CHAD	77.0	0.019772095389430252	0.03877747876966508
ENSG00000167670	CHAF1A	33743.0	0.34226241492838727	0.5099783933779413
ENSG00000198824	CHAMP1	22309.0	0.05400333931457999	0.1024728049717536
ENSG00000170004	CHD3	324266.0	0.3915645322882287	0.5627687731367469
ENSG00000116254	CHD5	597.0	-0.008258392569697822	0.0
ENSG00000171316	CHD7	158781.0	0.7062848637747683	0.8278627780970561
ENSG00000149554	CHEK1	45918.0	0.4702343117946184	0.6396726127560365
ENSG00000183765	CHEK2	63905.0	0.5015154956554234	0.6680124142661718
ENSG00000072609	CHFR	71677.0	0.1766073906144396	0.30019765645397306
ENSG00000133063	CHIT1	403.0	0.805860912232434	0.8924949942420713
ENSG00000110721	CHKA	63207.0	0.26420603507552237	0.41797939219573327
ENSG00000154645	CHODL	1998.0	0.6233253979696515	0.7679611231971925
ENSG00000104472	CHRAC1	50838.0	0.22962427008017855	0.37348688647013406
ENSG00000054938	CHRDL2	208.0	0.006763091558059464	0.01343531882479512
ENSG00000168539	CHRM1	124.0	0.005520755627678388	0.010980888453629493
ENSG00000181072	CHRM2	66.0	0.010811976318505735	0.02139265574965624
ENSG00000133019	CHRM3	5445.0	0.06728632052276177	0.12608860289674587
ENSG00000180720	CHRM4	2090.0	0.31409901717223876	0.4780446725363768
ENSG00000184984	CHRM5	164.0	0.011431759749905082	0.022605103388748226
ENSG00000120903	CHRNA2	73.0	-0.018240711227738633	0.0
ENSG00000080644	CHRNA3	765.0	0.1530069120132848	0.2654050212866753
ENSG00000101204	CHRNA4	76.0	-0.0175195896959783	0.0
ENSG00000169684	CHRNA5	5273.0	0.14913291994568062	0.2595573016091648
ENSG00000147434	CHRNA6	291.0	0.02596513897356968	0.05061602580287784
ENSG00000175344	CHRNA7	336.0	0.07651441156694086	0.14215213608811583
ENSG00000170175	CHRNB1	6774.0	0.13629111793914336	0.23988767629607177
ENSG00000160716	CHRNB2	472.0	0.06728547250379381	0.12608711396763556
ENSG00000147432	CHRNB3	77.0	-0.004191843068172287	0.0
ENSG00000117971	CHRNB4	3139.0	0.11099976024443917	0.19981959351641496
ENSG00000124302	CHST8	408.0	0.022298739313341413	0.04362470275238538
ENSG00000213341	CHUK	17653.0	0.1294427743259666	0.22921528610108818
ENSG00000187288	CIDEC	1446.0	0.013855499565151258	0.02733229650792241
ENSG00000179583	CIITA	34865.0	0.6787117577384478	0.8086102389046288
ENSG00000160161	CILP2	15939.0	0.4151165751784531	0.5866888742026145
ENSG00000100865	CINP	19725.0	0.0765524361765333	0.14221775661651137
ENSG00000163507	CIP2A	48882.0	0.42311311126915235	0.5946303324994513
ENSG00000145354	CISD2	21588.0	0.07154826982376374	0.13354185124209328
ENSG00000136108	CKAP2	51367.0	0.22423107395348163	0.366321487379599
ENSG00000136026	CKAP4	207741.0	0.3787094327890777	0.5493680158885439
ENSG00000175216	CKAP5	146994.0	0.30825570671654356	0.4712468749556658
ENSG00000123975	CKS2	63433.0	0.5202188746765526	0.6843999681127972
ENSG00000109572	CLCN3	66749.0	0.28183420825786476	0.4397358198778365
ENSG00000073464	CLCN4	8702.0	0.19760388323388575	0.32999873497453375
ENSG00000171365	CLCN5	43139.0	0.7848150570605268	0.8794357196348015
ENSG00000163347	CLDN1	98674.0	0.8653732405094353	0.9278285135827304
ENSG00000066405	CLDN18	87.0	-0.018593611356247104	0.0
ENSG00000184113	CLDN5	7129.0	0.8584727926473728	0.9238475764011463
ENSG00000181885	CLDN7	36523.0	0.37036857095122716	0.5405386241369206
ENSG00000132514	CLEC10A	498.0	0.6492970020239771	0.7873621321413615
ENSG00000172322	CLEC12A	1199.0	0.10260818619003491	0.18611903571038851
ENSG00000176435	CLEC14A	9524.0	0.8311617993754508	0.9077972243183894
ENSG00000038532	CLEC16A	61652.0	0.1279293828635823	0.22683934793647403
ENSG00000188393	CLEC2A	72.0	-0.008669831800419595	0.0
ENSG00000111729	CLEC4A	3570.0	0.08870480747990822	0.16295474562152193
ENSG00000198178	CLEC4C	29516.0	0.2900167201464242	0.44963249796251575
ENSG00000166527	CLEC4D	545.0	0.011108625263618424	0.021973158938728587
ENSG00000104938	CLEC4M	2107.0	0.6574429239228297	0.7933219472400247
ENSG00000258227	CLEC5A	1564.0	0.42653749611275504	0.5980039042437354
ENSG00000205846	CLEC6A	1014.0	0.02126416104441654	0.041642822406830204
ENSG00000172243	CLEC7A	1622.0	0.26008992327570757	0.4128116866446838
ENSG00000197992	CLEC9A	90.0	0.09942899699805835	0.18087388502494434
ENSG00000153132	CLGN	14339.0	0.3785936390985	0.549246171404175
ENSG00000169583	CLIC3	28455.0	0.44209904222915214	0.6131327034872294
ENSG00000169504	CLIC4	95397.0	0.5207844738424928	0.6848892565646095
ENSG00000159212	CLIC6	15262.0	0.3559831875069245	0.5250554590745715
ENSG00000176444	CLK2	185044.0	0.3586358425384754	0.5279351998669491
ENSG00000179335	CLK3	59060.0	0.10809727538446161	0.19510430678923302
ENSG00000113240	CLK4	27042.0	0.17303093506299005	0.29501512686653664
ENSG00000188603	CLN3	18957.0	0.17646276185480161	0.29998869080495477
ENSG00000102805	CLN5	21057.0	0.15956198139045438	0.27521078467771143
ENSG00000109684	CLNK	173.0	0.0900969025311763	0.1653007220220031
ENSG00000134852	CLOCK	56390.0	0.24737142540695176	0.39662833438123285
ENSG00000049656	CLPTM1L	195689.0	0.3654616964604791	0.5352939557481856
ENSG00000166855	CLPX	84862.0	0.291215926798342	0.451072389604784
ENSG00000171603	CLSTN1	99260.0	0.38570080963501285	0.5566869947006882
ENSG00000139182	CLSTN3	78779.0	0.6076798263695521	0.7559712032237279
ENSG00000141367	CLTC	184183.0	0.3189540469232324	0.48364694382987344
ENSG00000092009	CMA1	69.0	0.22132351397166475	0.3624322490147349
ENSG00000174600	CMKLR1	3428.0	0.4536796386082361	0.6241810458906784
ENSG00000184220	CMSS1	34952.0	0.20535766306969178	0.34074145684975554
ENSG00000166091	CMTM5	39.0	-0.006141408674295428	0.0
ENSG00000170293	CMTM8	22858.0	0.2714599031508437	0.427005055335415
ENSG00000164309	CMYA5	1158.0	-0.001625361070537639	0.0
ENSG00000150656	CNDP1	378.0	0.024977469433551537	0.04873759702709408
ENSG00000070729	CNGB1	2305.0	0.04584208533556919	0.08766540566372462
ENSG00000170289	CNGB3	1519.0	0.03186739525018843	0.06176645448219014
ENSG00000143771	CNIH4	22709.0	0.06788212104270125	0.12713410910264103
ENSG00000153721	CNKSR3	14207.0	0.16705811995786096	0.28628928945525517
ENSG00000136110	CNMD	106.0	0.004151311354857502	0.008268298428563161
ENSG00000119946	CNNM1	953.0	0.09374703284149026	0.17142361081051988
ENSG00000168763	CNNM3	54394.0	0.30506567065396817	0.46751006867125666
ENSG00000125107	CNOT1	174656.0	0.4587987979110464	0.6290090155928724
ENSG00000173786	CNP	87077.0	0.4283875452394436	0.5998197711358959
ENSG00000118432	CNR1	280.0	0.07812913215283061	0.14493464618068663
ENSG00000188822	CNR2	208.0	0.03329738161500034	0.06444878736256533
ENSG00000119865	CNRIP1	3365.0	0.5968438517136087	0.7475293856354486
ENSG00000162852	CNST	18863.0	0.09643835571500389	0.17591204323040122
ENSG00000242689	CNTF	3532.0	0.06104161784794184	0.11505979939175154
ENSG00000044459	CNTLN	15686.0	0.24508198484585667	0.39368007541479
ENSG00000184144	CNTN2	555.0	0.11896143692581444	0.21262830514095976
ENSG00000134115	CNTN6	185.0	0.018329563743485756	0.03599927645447976
ENSG00000108797	CNTNAP1	4926.0	0.5411014558556563	0.7022269089418567
ENSG00000106714	CNTNAP3	189.0	0.29560068753655777	0.45631449624901016
ENSG00000152910	CNTNAP4	47.0	-0.005888534023269525	0.0
ENSG00000170037	CNTROB	35511.0	0.18716848553715665	0.31531916120982395
ENSG00000068120	COASY	40478.0	0.15339642437981366	0.26599080964256605
ENSG00000082438	COBLL1	15245.0	0.34292677350139883	0.5107155211557656
ENSG00000100473	COCH	4832.0	0.3638722584157324	0.5335870073908604
ENSG00000121058	COIL	50887.0	0.28617994755923165	0.4450076338109794
ENSG00000123500	COL10A1	430.0	0.3645081942982773	0.5342704365153808
ENSG00000060718	COL11A1	2562.0	0.449567421339998	0.6202780425686062
ENSG00000065618	COL17A1	1818.0	0.42205548251883646	0.5935851135305418
ENSG00000182871	COL18A1	613015.0	0.7921267324873493	0.8840074958180347
ENSG00000050767	COL23A1	7408.0	0.3455454188875235	0.5136139056134057
ENSG00000188517	COL25A1	841.0	0.11434199932229247	0.20521886349402904
ENSG00000139219	COL2A1	46892.0	0.8349108449022152	0.9100287866538919
ENSG00000187498	COL4A1	283197.0	0.9578360627477025	0.9784640103149785
ENSG00000134871	COL4A2	173248.0	0.9169719921655217	0.9566879390132951
ENSG00000169031	COL4A3	471.0	0.14153551314432622	0.24797391148081022
ENSG00000081052	COL4A4	1964.0	0.3968534773827895	0.5682106016249505
ENSG00000188153	COL4A5	65302.0	0.5454040474304259	0.7058400660167549
ENSG00000130635	COL5A1	157473.0	0.9528366884986957	0.9758488194230094
ENSG00000204262	COL5A2	34554.0	0.8582710242903973	0.923730729340881
ENSG00000114270	COL7A1	16590.0	0.730089042748345	0.843990135430899
ENSG00000158270	COLEC12	8170.0	0.5582444233331085	0.716504310843629
ENSG00000206561	COLQ	7167.0	0.10435633363139435	0.1889903293953051
ENSG00000105664	COMP	2170.0	0.3544549699816376	0.5233912944133432
ENSG00000093010	COMT	155844.0	0.621062789988798	0.7662414976449983
ENSG00000121022	COPS5	70903.0	0.3145824079112464	0.4786043172616156
ENSG00000163050	COQ8A	20278.0	0.15156423685654574	0.26323192750458196
ENSG00000145244	CORIN	443.0	0.086767845090866	0.15968055271935513
ENSG00000172725	CORO1B	75055.0	0.15664476511378075	0.27086063039998526
ENSG00000110880	CORO1C	76639.0	0.26374238938287775	0.417398975611906
ENSG00000241563	CORT	4413.0	0.07207461484679568	0.1344582062641143
ENSG00000047457	CP	287306.0	0.7988382100002049	0.8881712713897866
ENSG00000128510	CPA4	1267.0	0.46451681948752344	0.6343618773187887
ENSG00000158525	CPA5	206.0	0.004499405786682753	0.008958503630291355
ENSG00000165078	CPA6	118.0	-0.0007250776914253174	0.0
ENSG00000080618	CPB2	456.0	0.015399477986768693	0.030331861145529083
ENSG00000214575	CPEB1	1624.0	0.045920160910937986	0.08780815711773658
ENSG00000137449	CPEB2	6137.0	0.3046131148438388	0.46697846492260775
ENSG00000107864	CPEB3	24002.0	0.3000658780248856	0.4616164197475257
ENSG00000213578	CPLX3	155.0	0.011676717294516975	0.0230838905253123
ENSG00000144550	CPNE9	481.0	0.10353092218482152	0.18763574287496396
ENSG00000021826	CPS1	482.0	0.13044877619288892	0.230791131699417
ENSG00000111605	CPSF6	421621.0	0.3810180254284426	0.5517929794004489
ENSG00000110090	CPT1A	89101.0	0.47403066358188656	0.6431761228494319
ENSG00000106066	CPVL	29394.0	0.43310068640467286	0.6044246444277757
ENSG00000121898	CPXM2	1834.0	0.595717244220172	0.7466451169565437
ENSG00000109625	CPZ	17338.0	0.7387078751085338	0.8497205145084215
ENSG00000203710	CR1	828.0	0.4575726271971597	0.6278556809577981
ENSG00000117322	CR2	1841.0	0.1107011936818362	0.1993356886830661
ENSG00000148204	CRB2	4967.0	0.42694706706811375	0.5984063136207896
ENSG00000118260	CREB1	97594.0	0.15656009296701584	0.2707340395350833
ENSG00000107175	CREB3	69234.0	0.24843061029494973	0.3979886559113709
ENSG00000146592	CREB5	3451.0	0.1567247477331231	0.2709801930671276
ENSG00000005339	CREBBP	254358.0	0.20000847603578617	0.33334510552210733
ENSG00000143162	CREG1	170431.0	0.535480515647479	0.6974761453377067
ENSG00000175874	CREG2	279.0	0.02468060068104001	0.0481722805421248
ENSG00000120088	CRHR1	344.0	0.029909521976782334	0.058081843770848435
ENSG00000106113	CRHR2	332.0	0.20487697673203478	0.34007949473434
ENSG00000119878	CRIPT	28732.0	0.1778868085672542	0.3020439778651232
ENSG00000167193	CRK	48631.0	0.29175862805307157	0.4517231342093807
ENSG00000099942	CRKL	75354.0	0.3581594133171826	0.5274188137347005
ENSG00000245694	CRNDE	12801.0	0.22523736000042985	0.36766322567955456
ENSG00000143536	CRNN	129.0	0.060596793901652284	0.11426923831955567
ENSG00000095713	CRTAC1	81166.0	0.7583248545570864	0.862553756880272
ENSG00000109943	CRTAM	552.0	0.13684691525118933	0.24074818414923113
ENSG00000121671	CRY2	21323.0	0.1481104261895479	0.25800728363927516
ENSG00000160202	CRYAA	312.0	-0.0019618740069934416	0.0
ENSG00000100053	CRYBB3	3259.0	0.0802367514394857	0.1485540115767493
ENSG00000112297	CRYBG1	10166.0	0.29385345380052835	0.4542298866032649
ENSG00000080200	CRYBG3	37794.0	0.314041257900684	0.47797777430884814
ENSG00000163254	CRYGC	98.0	0.00748693116907734	0.01486258717101091
ENSG00000213139	CRYGS	2832.0	0.036489829216166926	0.07041039513868057
ENSG00000116791	CRYZ	21907.0	0.04450765613978176	0.0852222688424708
ENSG00000205758	CRYZL1	29914.0	0.14047721532909144	0.24634813118744492
ENSG00000124207	CSE1L	147438.0	0.5084974238786524	0.6741773845011979
ENSG00000184371	CSF1	15411.0	0.48454979778687496	0.6527902243619287
ENSG00000182578	CSF1R	10265.0	0.6964698970375155	0.8210813504604307
ENSG00000164400	CSF2	139.0	0.4482606507351972	0.6190331146643272
ENSG00000198223	CSF2RA	1134.0	0.059071888261597934	0.11155406713431106
ENSG00000100368	CSF2RB	1124.0	0.41569169002493683	0.5872630219615326
ENSG00000108342	CSF3	96.0	-0.011744586966384174	0.0
ENSG00000119535	CSF3R	2804.0	0.472051270967733	0.6413516706621291
ENSG00000103653	CSK	111806.0	0.22032208629578368	0.3610884188199174
ENSG00000113712	CSNK1A1	48281.0	0.22793027038399868	0.3712430190563187
ENSG00000213923	CSNK1E	146236.0	0.34626939760647396	0.5144132344122279
ENSG00000169118	CSNK1G1	47742.0	0.07635347359166887	0.1418743479070793
ENSG00000101266	CSNK2A1	217763.0	0.1386879676179719	0.2435925759505373
ENSG00000070770	CSNK2A2	93718.0	0.14027459462227765	0.24603651661421852
ENSG00000204435	CSNK2B	407637.0	0.2789658054300696	0.43623653462144524
ENSG00000173546	CSPG4	17480.0	0.6157215207382097	0.7621629257706387
ENSG00000104218	CSPP1	31114.0	0.23804448902159728	0.3845491678731501
ENSG00000159176	CSRP1	65448.0	0.38179079307218067	0.5526028903743565
ENSG00000129170	CSRP3	101.0	0.007876922887755156	0.01563072376969661
ENSG00000170373	CST1	342.0	0.5396399571641081	0.7009950016601038
ENSG00000170369	CST2	240.0	0.036290875841546534	0.07003994088450427
ENSG00000101441	CST4	896.0	0.21420268974648257	0.35282855417032005
ENSG00000170367	CST5	1303.0	0.2697230237542322	0.4248533242419014
ENSG00000077984	CST7	640.0	0.5518807948745664	0.711241219940702
ENSG00000184033	CTAG1B	144232.0	0.6572641835844816	0.7931918038111352
ENSG00000159692	CTBP1	316666.0	0.13660836839771281	0.24037895936010198
ENSG00000175029	CTBP2	103055.0	0.2687912509036413	0.42369657059379384
ENSG00000102974	CTCF	89059.0	0.16698761781240903	0.2861857576954205
ENSG00000124092	CTCFL	8665.0	0.26112184199684796	0.41411041074887767
ENSG00000144677	CTDSPL	29925.0	0.22856536091684898	0.3720849833276695
ENSG00000116761	CTH	2800.0	0.048113982439215226	0.0918105916824854
ENSG00000164932	CTHRC1	36441.0	0.5805278182214187	0.7345999374749274
ENSG00000163599	CTLA4	953.0	0.720358808940123	0.8374518213254839
ENSG00000044115	CTNNA1	268561.0	0.3374388084911913	0.5046044818631622
ENSG00000119326	CTNNAL1	111083.0	0.4430524311446553	0.6140489722791542
ENSG00000168036	CTNNB1	346556.0	0.3293302374779876	0.4954829555412727
ENSG00000198561	CTNND1	232403.0	0.3137037302085833	0.47758672369572247
ENSG00000169862	CTNND2	450.0	0.1905623771753331	0.3201216178650825
ENSG00000141086	CTRL	1781.0	0.17451886965426344	0.29717508021924854
ENSG00000064601	CTSA	165302.0	0.4649731072009961	0.6347872256704863
ENSG00000109861	CTSC	17611.0	0.44768119145789664	0.6184803589346304
ENSG00000100448	CTSG	78.0	0.06947447462340087	0.1299226419552748
ENSG00000103811	CTSH	28492.0	0.5508951282452088	0.7104221532612977
ENSG00000143387	CTSK	7119.0	0.48496893451027945	0.6531704781692487
ENSG00000135047	CTSL	142387.0	0.7208890812753931	0.8378100472822159
ENSG00000085733	CTTN	309186.0	0.334100999479836	0.5008631274695117
ENSG00000143079	CTTNBP2NL	73401.0	0.21279379231480705	0.3509150420512241
ENSG00000107611	CUBN	1606.0	0.14856991749425502	0.25870417678773683
ENSG00000107874	CUEDC2	116497.0	0.3252303259043435	0.49082837835363413
ENSG00000055130	CUL1	114224.0	0.2067216565072752	0.3426169662117586
ENSG00000108094	CUL2	40344.0	0.14938011983860736	0.2599316227247482
ENSG00000036257	CUL3	55088.0	0.20302504166467092	0.33752421542902805
ENSG00000139842	CUL4A	139381.0	0.43636794072388907	0.6075991093256674
ENSG00000158290	CUL4B	120204.0	0.39536024291625566	0.5666783827665408
ENSG00000166266	CUL5	61667.0	0.30217488924959707	0.46410799615976484
ENSG00000112514	CUTA	262349.0	0.6170914150753486	0.7632115405752682
ENSG00000111249	CUX2	12446.0	0.4985607598421863	0.6653861133994857
ENSG00000138161	CUZD1	2223.0	0.06233204637014059	0.11734946071357182
ENSG00000006210	CX3CL1	23116.0	0.3161721140548182	0.480441897649337
ENSG00000168329	CX3CR1	1116.0	0.35140617928622264	0.5200600451180801
ENSG00000154639	CXADR	70016.0	0.41844124234210384	0.5900015169485363
ENSG00000169245	CXCL10	8357.0	0.8696469533447477	0.930279325504714
ENSG00000169248	CXCL11	1449.0	0.7693471037397691	0.8696395434379649
ENSG00000107562	CXCL12	21627.0	0.7379570940505155	0.8492236046295236
ENSG00000156234	CXCL13	393.0	0.5866635156603168	0.7394932950432995
ENSG00000161921	CXCL16	22969.0	0.45706311191418925	0.6273758606293055
ENSG00000081041	CXCL2	826.0	0.7595331329397537	0.863334845727807
ENSG00000163735	CXCL5	42.0	-0.004552588689726599	0.0
ENSG00000124875	CXCL6	65.0	0.7561169315484866	0.8611236734466963
ENSG00000138755	CXCL9	1489.0	0.8030734535755247	0.8907828485667256
ENSG00000163464	CXCR1	177.0	0.0036408967050189454	0.007255377330621163
ENSG00000180871	CXCR2	76.0	0.1262235378413616	0.2241536135593381
ENSG00000186810	CXCR3	1067.0	0.5853477506790467	0.7384471330385736
ENSG00000121966	CXCR4	338021.0	0.8709512246234838	0.9310250456141708
ENSG00000160683	CXCR5	110.0	0.014507313284878816	0.028599721450810456
ENSG00000172215	CXCR6	226.0	0.13146943059419078	0.23238706595042458
ENSG00000051523	CYBA	461530.0	0.6864542967601119	0.8140799286157661
ENSG00000165168	CYBB	7130.0	0.622122622525486	0.7670475880015803
ENSG00000178927	CYBC1	55529.0	0.17357243571092837	0.29580182770019037
ENSG00000172115	CYCS	30816.0	0.2534481203869211	0.40440145270421785
ENSG00000055163	CYFIP2	39711.0	0.3302410944929961	0.49651314466249163
ENSG00000187954	CYHR1	75102.0	0.26777094701770937	0.4224279593212178
ENSG00000083799	CYLD	26186.0	0.25944011697339836	0.4119927791356486
ENSG00000140459	CYP11A1	4417.0	0.8033193826317986	0.8909341189017987
ENSG00000148795	CYP17A1	24153.0	0.6967658229246119	0.8212869607706255
ENSG00000137869	CYP19A1	1701.0	0.8408870333660978	0.9135672294117032
ENSG00000140465	CYP1A1	720.0	0.10516365302789629	0.190313267613845
ENSG00000140505	CYP1A2	103.0	0.010501005076403112	0.020783759785788912
ENSG00000138061	CYP1B1	12487.0	0.2724734083966194	0.4282579213029679
ENSG00000119004	CYP20A1	23088.0	0.14774798033744735	0.257457182009605
ENSG00000019186	CYP24A1	726.0	0.301594713549795	0.4634233842687729
ENSG00000135929	CYP27A1	10614.0	0.35629623622755024	0.525395893184169
ENSG00000111012	CYP27B1	2411.0	0.30873648820093147	0.47180848243230294
ENSG00000255974	CYP2A6	14.0	-0.0034437554903431885	0.0
ENSG00000165841	CYP2C19	80.0	-0.012702155900932733	0.0
ENSG00000138115	CYP2C8	561.0	0.059858480903893424	0.11295561055065298
ENSG00000138109	CYP2C9	84.0	-0.013019228335668697	0.0
ENSG00000100197	CYP2D6	11605.0	0.15905079310538803	0.27445008286349737
ENSG00000134716	CYP2J2	3719.0	0.2651038339209529	0.41910209551624406
ENSG00000106258	CYP3A5	1643.0	0.1982915760404268	0.3309571393227203
ENSG00000036530	CYP46A1	2825.0	0.11259820478148792	0.2024058717650043
ENSG00000186115	CYP4F2	429.0	0.13878588195278807	0.2437435942124577
ENSG00000167910	CYP7A1	151.0	0.03627235679094003	0.0700054508898913
ENSG00000122783	CYREN	147651.0	0.35268326275286094	0.521457273057569
ENSG00000173198	CYSLTR1	132.0	0.014797108411234416	0.029162693288318012
ENSG00000152207	CYSLTR2	155.0	0.03693973852663159	0.07124760900593621
ENSG00000105443	CYTH2	31783.0	0.32437641484254826	0.48985531787971703
ENSG00000222041	CYTOR	19052.0	0.5988260290954815	0.7490821617837444
ENSG00000173406	DAB1	278.0	0.12506479471703064	0.22232460797688752
ENSG00000153071	DAB2	8090.0	0.6231986741594708	0.7678649373985933
ENSG00000276644	DACH1	42088.0	0.5335366502141324	0.6958251048511075
ENSG00000126733	DACH2	186.0	0.11239270619356725	0.20207379204805723
ENSG00000164488	DACT2	14227.0	0.26572542741171085	0.4198784691480747
ENSG00000173402	DAG1	151662.0	0.43320113084121564	0.6045224519003118
ENSG00000110887	DAO	60.0	0.27332311620058514	0.42930676860111106
ENSG00000182346	DAOA	56.0	-0.0005006007630134371	0.0
ENSG00000112977	DAP	73960.0	0.25476760316261565	0.4060793449248757
ENSG00000132676	DAP3	145843.0	0.20638573079454878	0.3421554574565785
ENSG00000196730	DAPK1	44101.0	0.3998314065379992	0.5712565165641547
ENSG00000204209	DAXX	46425.0	0.14061765309532046	0.24656404837102613
ENSG00000071626	DAZAP1	86918.0	0.28440830366362724	0.44286276077846154
ENSG00000183283	DAZAP2	62826.0	0.24963082164219652	0.3995273120970966
ENSG00000092345	DAZL	216.0	-0.003883859486354948	0.0
ENSG00000113758	DBN1	92411.0	0.29171065245656125	0.45166562945314276
ENSG00000138231	DBR1	37868.0	0.10113297527021738	0.18368894137494957
ENSG00000145041	DCAF1	42978.0	0.08396810819012455	0.15492726687379038
ENSG00000170959	DCDC1	2223.0	0.05936504727607412	0.11207665842613626
ENSG00000133083	DCLK1	305.0	0.13625359418466867	0.23982955016734436
ENSG00000080166	DCT	24.0	-0.005891351805106878	0.0
ENSG00000204843	DCTN1	211000.0	0.3761677545433844	0.5466888078164537
ENSG00000077279	DCX	56.0	0.09156390539966393	0.1677664586502406
ENSG00000167986	DDB1	225511.0	0.3619129298673155	0.5314773388671402
ENSG00000134574	DDB2	53213.0	0.2821626229181534	0.4401354678019891
ENSG00000132437	DDC	705.0	0.053828777251128224	0.10215848800701481
ENSG00000197312	DDI2	54371.0	0.1845091481606657	0.3115368901070556
ENSG00000175197	DDIT3	29776.0	0.3603874101594607	0.5298305577779746
ENSG00000145358	DDIT4L	886.0	0.05544850629501539	0.10507098350000717
ENSG00000204580	DDR1	538488.0	0.8077040993235242	0.8936242381989196
ENSG00000162733	DDR2	14916.0	0.4993620498688137	0.6660993586072227
ENSG00000079785	DDX1	115238.0	0.15341075563986784	0.2660123549043228
ENSG00000178105	DDX10	54467.0	0.19845413546749616	0.33118352983960064
ENSG00000168872	DDX19A	17108.0	0.08809342678088923	0.16192254196684658
ENSG00000064703	DDX20	11068.0	0.0802860957664803	0.14863858024483045
ENSG00000165732	DDX21	49157.0	0.2209616580313916	0.36194692368580594
ENSG00000109832	DDX25	3640.0	0.123257665515882	0.21946463273726796
ENSG00000124228	DDX27	164859.0	0.07462297014462581	0.13888214232863985
ENSG00000182810	DDX28	23619.0	0.13897735430031052	0.24403883672592636
ENSG00000125485	DDX31	44719.0	0.166719705581979	0.28579221690408746
ENSG00000198563	DDX39B	954068.0	0.6037125160031791	0.7528936888361634
ENSG00000215301	DDX3X	238713.0	0.41705706274306575	0.5886242321614745
ENSG00000067048	DDX3Y	55.0	-0.014259695063515803	0.0
ENSG00000080007	DDX43	164.0	0.3013256715419289	0.4631057054071497
ENSG00000107625	DDX50	81569.0	0.13174884943531243	0.2328234740438193
ENSG00000185163	DDX51	30579.0	0.22682089422355847	0.3697701845339224
ENSG00000184735	DDX53	99.0	0.017105806289992136	0.03363623761501763
ENSG00000111364	DDX55	75659.0	0.21657035021275475	0.356034240313157
ENSG00000107201	DDX58	92128.0	0.637782056645604	0.778836297610766
ENSG00000110367	DDX6	228902.0	0.4070394012880569	0.5785756971914755
ENSG00000177243	DEFB103B	112.0	-0.016271706300257788	0.0
ENSG00000124795	DEK	114910.0	0.3605172794947884	0.5299708940538589
ENSG00000121690	DEPDC7	735.0	0.3150803911451869	0.4791804261803513
ENSG00000155792	DEPTOR	313105.0	0.8486896616249652	0.9181526561672683
ENSG00000099958	DERL3	6902.0	0.5773214829692735	0.7320276674130861
ENSG00000185000	DGAT1	108890.0	0.4568731992086033	0.6271969303255549
ENSG00000116133	DHCR24	1629605.0	0.9438577499141475	0.9711181283258344
ENSG00000172893	DHCR7	17645.0	0.2770810015965076	0.4339286251226389
ENSG00000117682	DHDDS	28348.0	0.07997424285575112	0.14810398189548868
ENSG00000228716	DHFR	45291.0	0.28657122870683005	0.4454805490946212
ENSG00000102967	DHODH	11991.0	0.1825317296397974	0.30871345785435644
ENSG00000157379	DHRS1	25740.0	0.1572435214173949	0.2717552848769507
ENSG00000100867	DHRS2	2229.0	0.6683956546096415	0.8012435812367632
ENSG00000067248	DHX29	38210.0	0.2533820174096873	0.4043173013337808
ENSG00000132153	DHX30	137421.0	0.18672044191785134	0.3146831137687215
ENSG00000134815	DHX34	30669.0	0.2013285482666912	0.33517649864755716
ENSG00000163214	DHX57	33105.0	0.20251155209806476	0.33681431458140365
ENSG00000135829	DHX9	231119.0	0.4975276158109563	0.6644653635205653
ENSG00000184047	DIABLO	7701.0	0.08357688050899574	0.1542610995349709
ENSG00000100697	DICER1	97722.0	0.3033332308490349	0.46547302511642935
ENSG00000211448	DIO2	127.0	0.05803630997651298	0.10970570561571998
ENSG00000160305	DIP2A	132191.0	0.3828099486884085	0.5536696478811173
ENSG00000066084	DIP2B	109060.0	0.43040800379319605	0.6017975328043859
ENSG00000162595	DIRAS3	6758.0	0.4312318766290473	0.6026023926251829
ENSG00000083520	DIS3	29927.0	0.12407103885825024	0.22075302106221437
ENSG00000144535	DIS3L2	111460.0	0.20981170833878018	0.34685018650857224
ENSG00000162946	DISC1	12398.0	0.40699425144036927	0.5785300842895709
ENSG00000154309	DISP1	7254.0	0.2418979631835471	0.3895617359150071
ENSG00000130826	DKC1	99065.0	0.3986339157721345	0.5700332464082474
ENSG00000107984	DKK1	116.0	0.01570548555561993	0.030925274656813693
ENSG00000050165	DKK3	8686.0	0.779245379037846	0.8759279503754954
ENSG00000091140	DLD	132634.0	0.25821980347450474	0.4104526137030191
ENSG00000008226	DLEC1	8816.0	0.47862232101366187	0.6473895520331991
ENSG00000176124	DLEU1	59103.0	0.3760044667976695	0.5465163462335737
ENSG00000231607	DLEU2	49304.0	0.3067810783637857	0.46952176373399107
ENSG00000075711	DLG1	97176.0	0.3997095627715585	0.5711321454146464
ENSG00000132535	DLG4	19978.0	0.46168483578197184	0.6317159821049656
ENSG00000185559	DLK1	39902.0	0.9484616597113926	0.9735492150786066
ENSG00000171462	DLK2	381.0	0.03249379432099777	0.06294235277678695
ENSG00000198719	DLL1	6653.0	0.19692709717777776	0.32905445560069646
ENSG00000090932	DLL3	640.0	0.045913763902061075	0.08779646178623274
ENSG00000128917	DLL4	10298.0	0.7179776957496449	0.8358405321861331
ENSG00000108813	DLX4	6210.0	0.12751926475536518	0.22619438752211954
ENSG00000197587	DMBX1	9837.0	0.4089721099536028	0.580525486721054
ENSG00000198947	DMD	25543.0	0.29243038931230864	0.452527875745646
ENSG00000161249	DMKN	94195.0	0.5949554475327293	0.7460464785434335
ENSG00000104936	DMPK	28512.0	0.4527713178940814	0.6233208383414575
ENSG00000173253	DMRT2	154.0	0.09527154846951316	0.17396881823989976
ENSG00000185800	DMWD	35255.0	0.47531709109604725	0.6443592282157095
ENSG00000172869	DMXL1	39040.0	0.1468986036100309	0.256166679683184
ENSG00000104093	DMXL2	64592.0	0.3597367131396401	0.529127013580454
ENSG00000114841	DNAH1	113799.0	0.32449682167863914	0.4899926015184827
ENSG00000197653	DNAH10	5983.0	0.5551759408281215	0.7139718745037861
ENSG00000105877	DNAH11	13224.0	0.5181453978161871	0.6826031268961797
ENSG00000174844	DNAH12	983.0	0.1874639382551282	0.3157383263875611
ENSG00000185842	DNAH14	26666.0	0.23536110224099288	0.38104017005884144
ENSG00000183914	DNAH2	4902.0	0.16603672539440498	0.28478815765986104
ENSG00000039139	DNAH5	1108.0	0.23074945594687812	0.37497389063536224
ENSG00000118997	DNAH7	24310.0	0.43727513118392286	0.6084779757146808
ENSG00000124721	DNAH8	297.0	0.020004717073415702	0.039224754039987146
ENSG00000007174	DNAH9	859.0	0.3439374878988025	0.5118355444292818
ENSG00000122735	DNAI1	25967.0	0.6168097329568816	0.7629960661219388
ENSG00000086061	DNAJA1	133622.0	0.2412232231273895	0.38868628725718296
ENSG00000103423	DNAJA3	30294.0	0.13915302044087766	0.24430961941710397
ENSG00000148719	DNAJB12	80161.0	0.3061608940026405	0.4687950702067514
ENSG00000135924	DNAJB2	41516.0	0.13930321667190965	0.2445410749893905
ENSG00000162616	DNAJB4	18416.0	0.15952713418099795	0.2751589496759398
ENSG00000137094	DNAJB5	19960.0	0.31391669318753046	0.4778334803342457
ENSG00000077232	DNAJC10	321825.0	0.5245092744106478	0.6881024382267732
ENSG00000104129	DNAJC17	13321.0	0.09406340263370229	0.1719523793726517
ENSG00000213551	DNAJC9	119320.0	0.3666568745013705	0.5365748804141443
ENSG00000163687	DNASE1L3	144.0	0.10253886560398862	0.18600499048678193
ENSG00000106976	DNM1	96900.0	0.6587341799869949	0.7942612962761274
ENSG00000079805	DNM2	764513.0	0.6032837050838362	0.7525601403805078
ENSG00000130816	DNMT1	388495.0	0.5504594475108654	0.710059780530968
ENSG00000119772	DNMT3A	266739.0	0.4409959453771389	0.6120710426589313
ENSG00000088305	DNMT3B	61097.0	0.44644377917461564	0.617298488337196
ENSG00000123992	DNPEP	33021.0	0.16128906642992896	0.2777759148732345
ENSG00000107447	DNTT	158.0	0.011494360937606304	0.02272748397124347
ENSG00000149927	DOC2A	14754.0	0.3257033564443491	0.49136687308073757
ENSG00000088387	DOCK9	18142.0	0.11402474523652179	0.2047077423083863
ENSG00000101134	DOK5	10941.0	0.3909589273742388	0.5621430218824153
ENSG00000175920	DOK7	40058.0	0.4462672849762162	0.617129751342685
ENSG00000104885	DOT1L	43785.0	0.5226540423780087	0.6865039960906056
ENSG00000172269	DPAGT1	21041.0	0.15743325346528295	0.2720385870959515
ENSG00000133884	DPF2	40068.0	0.23634060853972041	0.3823228112176458
ENSG00000205683	DPF3	10742.0	0.5319724091683502	0.694493459522731
ENSG00000000419	DPM1	44602.0	0.13785991703325004	0.24231439207858407
ENSG00000197635	DPP4	6662.0	0.48770496223618415	0.6556474228641543
ENSG00000074603	DPP8	36753.0	0.18752998216930514	0.3158319957980971
ENSG00000163530	DPPA2	131.0	0.004083707077678853	0.00813419647962264
ENSG00000143196	DPT	555.0	0.23729626220496497	0.3835722606679232
ENSG00000177990	DPY19L2	3458.0	0.27944816135237993	0.4368260782945712
ENSG00000188641	DPYD	4462.0	0.5826394428119598	0.73628828784496
ENSG00000092964	DPYSL2	7387.0	0.49042186344902006	0.6580980532775108
ENSG00000136048	DRAM1	5880.0	0.3451522473040898	0.5131794531003203
ENSG00000157856	DRC1	19039.0	0.45928336808923076	0.629464267369279
ENSG00000171962	DRC3	13826.0	0.2736634998068516	0.4297265327119009
ENSG00000184845	DRD1	54.0	-0.013281346727771757	0.0
ENSG00000149295	DRD2	10436.0	0.3137734335443108	0.4776674965908083
ENSG00000151577	DRD3	74.0	-0.001021137682771805	0.0
ENSG00000169676	DRD5	225.0	-0.0004572502587396619	0.0
ENSG00000185721	DRG1	107681.0	0.33983997173380304	0.5072844203834842
ENSG00000134760	DSG1	78.0	-0.00707303101768671	0.0
ENSG00000046604	DSG2	78246.0	0.5064062256455334	0.6723368730483378
ENSG00000134757	DSG3	126.0	0.0048592610128772445	0.009671525558672187
ENSG00000151914	DST	61202.0	0.6723775111137087	0.8040977669760021
ENSG00000134769	DTNA	8377.0	0.34992824668423395	0.5184397726971732
ENSG00000047579	DTNBP1	26776.0	0.05111679948938366	0.09726188281685806
ENSG00000135144	DTX1	14889.0	0.6252560484852004	0.7694246688919724
ENSG00000140279	DUOX2	1378.0	0.20222160873916456	0.3364131991459468
ENSG00000140254	DUOXA1	2629.0	0.15950046364537868	0.27511927531951424
ENSG00000140274	DUOXA2	230.0	0.17554316978350892	0.2986588230797809
ENSG00000079393	DUSP13	126.0	0.06862714355727739	0.12843982856139952
ENSG00000158716	DUSP23	57280.0	0.15088283740128455	0.2622036448853141
ENSG00000188542	DUSP28	5026.0	0.060466327646106106	0.11403724205052675
ENSG00000138166	DUSP5	8188.0	0.6209459772783156	0.7661525874180315
ENSG00000139318	DUSP6	81560.0	0.5044288422664618	0.6705918260733773
ENSG00000260596	DUX4	1393.0	0.21641574056443522	0.3558252879299557
ENSG00000107404	DVL1	191594.0	0.3794359940144118	0.5501320766760384
ENSG00000004975	DVL2	49313.0	0.11937478545193489	0.21328832309500106
ENSG00000161202	DVL3	130306.0	0.34612264236205587	0.5142512746902627
ENSG00000170788	DYDC1	14770.0	0.3113354116815408	0.4748371910163117
ENSG00000197102	DYNC1H1	216215.0	0.4528310230754089	0.6233774140048837
ENSG00000157540	DYRK1A	51365.0	0.152612086051592	0.2648108377457373
ENSG00000105204	DYRK1B	100280.0	0.2864326667325234	0.44531311142781915
ENSG00000158163	DZIP1L	10484.0	0.44166534942277236	0.6127154954506058
ENSG00000101412	E2F1	83402.0	0.6407781871708935	0.7810661942986373
ENSG00000112242	E2F3	93213.0	0.2153340182498337	0.3543618709199464
ENSG00000205250	E2F4	24964.0	0.06557971300181734	0.12308739027524163
ENSG00000167967	E4F1	44132.0	0.11494612099717846	0.20619134652780113
ENSG00000164330	EBF1	1720.0	0.5365001884096702	0.6983405436024919
ENSG00000221818	EBF2	62.0	0.32464922252647305	0.49016632781813296
ENSG00000105246	EBI3	844.0	0.3536449047686186	0.522507643655731
ENSG00000147155	EBP	102226.0	0.5627895047169028	0.7202371183300867
ENSG00000122882	ECD	82668.0	0.26401354469864874	0.4177384740945822
ENSG00000117298	ECE1	206231.0	0.6397904452658872	0.7803319590170524
ENSG00000171551	ECEL1	42686.0	0.7599679515042546	0.863615670790716
ENSG00000093144	ECHDC1	86208.0	0.2895028568542356	0.4490146808367417
ENSG00000127884	ECHS1	115325.0	0.35688175662699606	0.5260322130266537
ENSG00000136813	ECPAS	193464.0	0.14286051313522002	0.2500051607230867
ENSG00000119147	ECRG4	107347.0	0.67530815701352	0.8061897796968348
ENSG00000130159	ECSIT	38949.0	0.19382997239809274	0.3247195612097742
ENSG00000158813	EDA	5802.0	0.07500034323014303	0.13953547773721311
ENSG00000164176	EDIL3	4751.0	0.5329662165962635	0.6953398070045408
ENSG00000078401	EDN1	3198.0	0.5439761904574877	0.7046432371425427
ENSG00000151617	EDNRA	3672.0	0.46747934222973947	0.6371188047109884
ENSG00000136160	EDNRB	690.0	0.26929135795384673	0.42431764191313204
ENSG00000107938	EDRF1	50754.0	0.15959763570341767	0.2752638170163308
ENSG00000074266	EED	31549.0	0.18496832290224663	0.312191168873137
ENSG00000101210	EEF1A2	631.0	0.16629995357488844	0.2851752725620087
ENSG00000010165	EEF1AKNMT	75964.0	0.21678262862046432	0.3563210445669217
ENSG00000254772	EEF1G	2763519.0	0.9130239146795117	0.9545347631814319
ENSG00000096093	EFHC1	66560.0	0.5940833237987044	0.7453604399837801
ENSG00000183690	EFHC2	15862.0	0.323454665893334	0.4888035445853396
ENSG00000125266	EFNB2	7832.0	0.6966440218872921	0.8212023416819845
ENSG00000132294	EFR3A	40661.0	0.24300844550886808	0.3910004737085825
ENSG00000084710	EFR3B	8371.0	0.29554111124833177	0.45624350888187587
ENSG00000100842	EFS	80087.0	0.39837882587127416	0.5697723942910251
ENSG00000108883	EFTUD2	32318.0	0.15967777428847438	0.2753830035010293
ENSG00000138798	EGF	1799.0	0.2014169560585169	0.33529900679828023
ENSG00000198759	EGFL6	45658.0	0.7034616898260039	0.825920176576272
ENSG00000172889	EGFL7	16546.0	0.7436007184197772	0.8529483964582228
ENSG00000241404	EGFL8	52464.0	0.4306754902871075	0.602058947973841
ENSG00000146648	EGFR	63265.0	0.5031742660768304	0.6694822781793313
ENSG00000135766	EGLN1	20600.0	0.16378497675588818	0.2814694810934017
ENSG00000129521	EGLN3	4368.0	0.26632989180617495	0.420632717476655
ENSG00000122877	EGR2	2679.0	0.5876599137368866	0.7402843753278462
ENSG00000179388	EGR3	17345.0	0.7045276468389176	0.8266544085048768
ENSG00000135625	EGR4	312.0	0.2529132604044635	0.4037203027491599
ENSG00000115504	EHBP1	15684.0	0.1847271376103701	0.31184756682955744
ENSG00000135373	EHF	47504.0	0.6426410463020172	0.7824485425452601
ENSG00000181090	EHMT1	67667.0	0.27147937378427855	0.42702914318819024
ENSG00000204371	EHMT2	158287.0	0.451407933076589	0.6220276502412762
ENSG00000255302	EID1	10121.0	0.23526702405029598	0.3809168697451066
ENSG00000175376	EIF1AD	39325.0	0.15311986023910873	0.2655749250686882
ENSG00000114784	EIF1B	51474.0	0.24251450542686573	0.39036084386564146
ENSG00000055332	EIF2AK2	163108.0	0.4042144082126776	0.5757160813172011
ENSG00000172071	EIF2AK3	46230.0	0.2871543998701406	0.4461848553663977
ENSG00000128829	EIF2AK4	66906.0	0.15953258416496569	0.2751670566978549
ENSG00000134001	EIF2S1	47578.0	0.21273807367695113	0.35083927567630774
ENSG00000107581	EIF3A	410099.0	0.2665799491545905	0.4209445275563153
ENSG00000184110	EIF3C	346400.0	0.2749961435729098	0.43136780445827966
ENSG00000161960	EIF4A1	513434.0	0.5170439862706702	0.6816466641045956
ENSG00000141543	EIF4A3	104366.0	0.40371836343315437	0.5752127690995753
ENSG00000151247	EIF4E	43933.0	0.12240083690677171	0.2181053913753247
ENSG00000187840	EIF4EBP1	36848.0	0.3014841040726256	0.4632927949395872
ENSG00000148730	EIF4EBP2	148003.0	0.4070824510851118	0.5786191857785996
ENSG00000243056	EIF4EBP3	13623.0	0.06755722683949435	0.12656413190981372
ENSG00000184708	EIF4ENIF1	35747.0	0.11095109569249496	0.19974073768447068
ENSG00000114867	EIF4G1	878085.0	0.5543661176973841	0.7133018551879067
ENSG00000132507	EIF5A	168786.0	0.297858120823781	0.4589995101078128
ENSG00000253626	EIF5AL1	471.0	0.0217626924505253	0.042598330534717725
ENSG00000032389	EIPR1	50607.0	0.3192789757046257	0.4840204105187064
ENSG00000141642	ELAC1	12421.0	0.1117893760353379	0.20109811884330275
ENSG00000006744	ELAC2	76701.0	0.18967703242334646	0.31887147058219395
ENSG00000197561	ELANE	207.0	0.14769587920367871	0.2573780770323172
ENSG00000066044	ELAVL1	116131.0	0.20429027916366918	0.3392708264747275
ENSG00000102034	ELF4	81164.0	0.38547316297277223	0.5564498443920384
ENSG00000225968	ELFN1	1077.0	0.2956554859896154	0.4563797848836261
ENSG00000126767	ELK1	42789.0	0.769708486806213	0.869870368532055
ENSG00000111145	ELK3	10425.0	0.3393146994564469	0.506698985076705
ENSG00000158711	ELK4	30131.0	0.118481569019913	0.21186145986068294
ENSG00000110675	ELMOD1	65.0	0.0469332442751793	0.08965852318057295
ENSG00000179387	ELMOD2	32705.0	0.251734143628063	0.402216628681917
ENSG00000049540	ELN	2118.0	0.2270600437630568	0.370087910395527
ENSG00000103363	ELOB	4183.0	0.054847688041953606	0.10399167323154279
ENSG00000154582	ELOC	23082.0	0.1542434405278531	0.2672632741275363
ENSG00000169393	ELSPBP1	490.0	0.10512641140173636	0.19025228302777525
ENSG00000127463	EMC1	99383.0	0.3526648127963057	0.5214371061626966
ENSG00000128463	EMC4	36384.0	0.242162611335127	0.3899048467975393
ENSG00000102119	EMD	106044.0	0.2466939881392588	0.39575708311140495
ENSG00000134531	EMP1	169053.0	0.671253870103788	0.8032937210934947
ENSG00000213853	EMP2	31126.0	0.20872925603684173	0.3453697426356986
ENSG00000158636	EMSY	42534.0	0.13448157226768934	0.23708022334620596
ENSG00000170370	EMX2	74642.0	0.5671628097499467	0.7238084087006148
ENSG00000164778	EN2	116.0	0.007682229990872887	0.015247326512729054
ENSG00000106991	ENG	93418.0	0.9273870089583929	0.9623256820222894
ENSG00000151023	ENKUR	4553.0	0.3353300570939407	0.5022429553090636
ENSG00000111674	ENO2	13923.0	0.5285789113000182	0.6915951900062197
ENSG00000132199	ENOSF1	70581.0	0.3303763852191176	0.4966660396105925
ENSG00000120658	ENOX1	1006.0	0.11171383962768021	0.20097589081933864
ENSG00000165675	ENOX2	7002.0	0.038206439814434265	0.07360085306591464
ENSG00000138792	ENPEP	21443.0	0.31776198941291645	0.4822752393313217
ENSG00000197594	ENPP1	6177.0	0.3543907354176325	0.5233212634289831
ENSG00000136960	ENPP2	23025.0	0.9263097566167756	0.9617453822625867
ENSG00000154269	ENPP3	2549.0	0.6264163200853672	0.7703025508899073
ENSG00000138185	ENTPD1	24587.0	0.5680987131712233	0.7245700903897007
ENSG00000054179	ENTPD2	23157.0	0.3779015881607811	0.5485175304358318
ENSG00000163508	EOMES	185.0	-0.021316709348206567	0.0
ENSG00000100393	EP300	193254.0	0.27420875940930217	0.4303984843683227
ENSG00000116016	EPAS1	55246.0	0.8537114803183412	0.9210834473245338
ENSG00000082397	EPB41L3	2417.0	0.43493912003166374	0.6062126454843133
ENSG00000119888	EPCAM	1180481.0	0.8953514414652092	0.9447867259626047
ENSG00000086289	EPDR1	39630.0	0.6769746599714255	0.807376135287531
ENSG00000152223	EPG5	48439.0	0.2519231239796289	0.40245781734394764
ENSG00000146904	EPHA1	157058.0	0.7478647625016345	0.8557467128420756
ENSG00000183317	EPHA10	14315.0	0.3545586484594764	0.5235043146529119
ENSG00000142627	EPHA2	28091.0	0.3698818506071437	0.5400200761010284
ENSG00000044524	EPHA3	614.0	0.25634781958288566	0.40808415565682205
ENSG00000116106	EPHA4	14746.0	0.28142664187473093	0.43923956733567354
ENSG00000135333	EPHA7	3383.0	0.49160562787787787	0.6591630102352054
ENSG00000070886	EPHA8	1133.0	0.04800349897900539	0.09160942501770605
ENSG00000154928	EPHB1	664.0	0.13251872309776863	0.23402478103901242
ENSG00000133216	EPHB2	58608.0	0.44828013004468265	0.6190516886133792
ENSG00000196411	EPHB4	21436.0	0.09220263094470153	0.1688379579619778
ENSG00000106123	EPHB6	81750.0	0.5881426314641374	0.740667267299434
ENSG00000143819	EPHX1	92316.0	0.6229567879867756	0.767681299462733
ENSG00000120915	EPHX2	8950.0	0.17867653590464513	0.30318162865184933
ENSG00000178567	EPM2AIP1	24780.0	0.1513797335058451	0.26295361834259107
ENSG00000130427	EPO	502.0	-0.01651409117049544	0.0
ENSG00000187266	EPOR	665233.0	0.8615709626849868	0.9256385923019803
ENSG00000136628	EPRS	116698.0	0.3308099619063879	0.4971558244612206
ENSG00000198758	EPS8L3	405.0	0.08011150367660748	0.14833932127176638
ENSG00000164307	ERAP1	65993.0	0.21098956664127977	0.3484581080685384
ENSG00000187682	ERAS	1405.0	0.1445972377917554	0.25266046958268645
ENSG00000141736	ERBB2	1879702.0	0.9366842781078296	0.9673071534643577
ENSG00000065361	ERBB3	485300.0	0.8352219618679958	0.9102135645955961
ENSG00000082805	ERC1	46455.0	0.22262955093494644	0.36418153113459645
ENSG00000012061	ERCC1	13194.0	0.3493671377263385	0.5178236937280337
ENSG00000104884	ERCC2	25280.0	0.4349003530164428	0.6061749892279233
ENSG00000163161	ERCC3	110226.0	0.341352679319664	0.5089678271531073
ENSG00000175595	ERCC4	12441.0	0.03195052138511893	0.06192258392821753
ENSG00000134899	ERCC5	20244.0	0.11805483081827986	0.2111789646879449
ENSG00000225830	ERCC6	50429.0	0.2174279232193784	0.3571922724499531
ENSG00000124882	EREG	57.0	-0.004138294066441126	0.0
ENSG00000178752	ERFE	12117.0	0.38599796189182417	0.5569964350668374
ENSG00000157554	ERG	22767.0	0.5318791634651809	0.6944139931534102
ENSG00000133935	ERG28	24494.0	0.21446682650183424	0.35318680069605063
ENSG00000087502	ERGIC2	19112.0	0.09958166808882123	0.18112646105114455
ENSG00000147475	ERLIN2	35480.0	0.1971791117804556	0.3294062013614806
ENSG00000164010	ERMAP	65978.0	0.24689075879283634	0.3960102471717104
ENSG00000178607	ERN1	12381.0	0.1905270572939846	0.32007178018623816
ENSG00000139055	ERP27	55142.0	0.6421584987477267	0.7820907655837391
ENSG00000116285	ERRFI1	64167.0	0.36031489059536204	0.5297521817726554
ENSG00000244476	ERVFRD-1	60.0	-0.013657365894484033	0.0
ENSG00000089048	ESF1	47100.0	0.26375030163505303	0.4174088841661366
ENSG00000164283	ESM1	13777.0	0.8396355396576085	0.912828135309759
ENSG00000091831	ESR1	161184.0	0.7239361811775944	0.8398642468111374
ENSG00000140009	ESR2	17647.0	0.9049928642362002	0.9501273009744882
ENSG00000173153	ESRRA	29113.0	0.09584970271012017	0.17493220552613467
ENSG00000196482	ESRRG	9332.0	0.24453117553528128	0.39296914427251173
ENSG00000134954	ETS1	4572.0	0.5298788181392953	0.6927069148963796
ENSG00000006468	ETV1	4521.0	0.5286779904955108	0.6916799924935707
ENSG00000117036	ETV3	28442.0	0.05101589681389991	0.09707921063525672
ENSG00000244405	ETV5	63111.0	0.6160903674769739	0.7624454422543322
ENSG00000139083	ETV6	59092.0	0.17187095862397125	0.2933274476326041
ENSG00000185862	EVI2B	1570.0	0.3114805907579478	0.475006024416927
ENSG00000067208	EVI5	98056.0	0.25467622943646423	0.4059632652016555
ENSG00000182944	EWSR1	367255.0	0.6009414569769119	0.7507350807339089
ENSG00000174371	EXO1	12276.0	0.21946238810500876	0.3599330167879039
ENSG00000171824	EXOSC10	64290.0	0.1768833424351594	0.30059622064011804
ENSG00000104313	EYA1	84.0	-0.01894889988246207	0.0
ENSG00000112319	EYA4	7995.0	0.2536042680600177	0.4046001988370322
ENSG00000108799	EZH1	19583.0	0.14083113092838567	0.24689215977789825
ENSG00000106462	EZH2	116509.0	0.5841773362220302	0.737515078476233
ENSG00000187690	EZHIP	180.0	0.05556382607761779	0.10527800348007012
ENSG00000088926	F11	142.0	0.08993814139932019	0.1650334784758571
ENSG00000158769	F11R	189501.0	0.4627877006474881	0.6327475961722125
ENSG00000131187	F12	418.0	0.013090150826879384	0.02584202564045315
ENSG00000124491	F13A1	5393.0	0.6759008414931817	0.8066119722106859
ENSG00000180210	F2	151.0	-0.02616092562529828	0.0
ENSG00000181104	F2R	9267.0	0.47746325433499376	0.646328432106963
ENSG00000164251	F2RL1	11882.0	0.1873876411379031	0.3156301019915027
ENSG00000127533	F2RL3	9746.0	0.17342133662488643	0.29558238155733296
ENSG00000198734	F5	185.0	0.29596122932461144	0.45674395595746525
ENSG00000057593	F7	2744.0	0.17995556157543727	0.3050209133895968
ENSG00000185010	F8	1852.0	0.08747308730197889	0.16087402681200993
ENSG00000117480	FAAH	50460.0	0.39589787773184126	0.5672304314626878
ENSG00000145384	FABP2	89.0	-0.012707256953500936	0.0
ENSG00000121769	FABP3	6751.0	0.4525892681572737	0.6231483022470895
ENSG00000164434	FABP7	104.0	-0.0182854347855269	0.0
ENSG00000168040	FADD	29596.0	0.1138058183435679	0.2043548641410724
ENSG00000149485	FADS1	9831.0	0.12449626949373778	0.22142584705912374
ENSG00000134824	FADS2	114818.0	0.5427906543184995	0.7036478381550317
ENSG00000185104	FAF1	73282.0	0.17235555069233663	0.2940328991329495
ENSG00000113194	FAF2	76141.0	0.16099112174024563	0.27733394119143834
ENSG00000158234	FAIM	29419.0	0.36635923121418085	0.5362560926069565
ENSG00000135472	FAIM2	2831.0	0.2375426610776269	0.3838940968237485
ENSG00000168309	FAM107A	16031.0	0.4843148103475105	0.6525769425343426
ENSG00000125898	FAM110A	14494.0	0.1729001953662011	0.2948250772730385
ENSG00000138439	FAM117B	100488.0	0.2605939393206259	0.41344628304506725
ENSG00000155744	FAM126B	25427.0	0.1602494346280215	0.2762327303859412
ENSG00000185519	FAM131C	5019.0	0.0719910800626011	0.13431283412992026
ENSG00000170264	FAM161A	9609.0	0.09896617628517068	0.18010777478103193
ENSG00000054965	FAM168A	73465.0	0.47260848743131384	0.6418657660403543
ENSG00000125386	FAM193A	137642.0	0.27360706219464864	0.4296569488601541
ENSG00000071889	FAM3A	41885.0	0.10413226980414746	0.18862281748656543
ENSG00000120709	FAM53C	68995.0	0.268881633476588	0.42380885085377684
ENSG00000077458	FAM76B	19761.0	0.09608535001599872	0.17532457671219895
ENSG00000119812	FAM98A	55699.0	0.4674849154417429	0.6371239806591408
ENSG00000177138	FAM9B	141.0	-0.007781460193381979	0.0
ENSG00000187741	FANCA	18210.0	0.33766155483071086	0.5048534939369532
ENSG00000158169	FANCC	16767.0	0.13183469549959198	0.23295750876659624
ENSG00000144554	FANCD2	24542.0	0.343329874354657	0.5111624194609602
ENSG00000140525	FANCI	61270.0	0.5057522061983605	0.6717602061168558
ENSG00000078098	FAP	1138.0	0.4631732108140685	0.6331078335645196
ENSG00000197601	FAR1	57083.0	0.10997912898850068	0.1981643187988989
ENSG00000026103	FAS	15284.0	0.5449613026659886	0.7054691942453215
ENSG00000117560	FASLG	317.0	0.3400945949042248	0.5075680421329227
ENSG00000169710	FASN	76451.0	0.3391577618980715	0.5065239832794042
ENSG00000083857	FAT1	9238.0	0.7445788354653221	0.8535915033804989
ENSG00000086570	FAT2	125457.0	0.787042510456256	0.8808324433819019
ENSG00000165323	FAT3	635.0	0.22626241640511696	0.36902772747194307
ENSG00000196159	FAT4	5706.0	0.6302358850704628	0.7731836734083699
ENSG00000105202	FBL	297649.0	0.5479019183082782	0.7079284699215144
ENSG00000163520	FBLN2	32044.0	0.3828239239735442	0.5536842649836426
ENSG00000140092	FBLN5	15258.0	0.619125290602596	0.7647651410252183
ENSG00000165140	FBP1	8294.0	0.42641690048713365	0.5978853732615038
ENSG00000214050	FBXO16	12087.0	0.17964056095656133	0.3045683014000336
ENSG00000147364	FBXO25	16225.0	0.04939172630456941	0.09413401128766712
ENSG00000165355	FBXO33	13908.0	0.02628224841309639	0.051218363084299064
ENSG00000037637	FBXO42	35377.0	0.10794694744308767	0.19485941577294272
ENSG00000156509	FBXO43	2853.0	0.13481167743624378	0.2375930387688803
ENSG00000174013	FBXO45	14708.0	0.07142928079150208	0.1333345692003765
ENSG00000072803	FBXW11	37280.0	0.16965591645270878	0.29009542732402066
ENSG00000109670	FBXW7	3900.0	0.06781237061719908	0.12701177188648471
ENSG00000186431	FCAR	223.0	0.02343211240954655	0.045791239351242345
ENSG00000179639	FCER1A	146.0	0.1482550624860814	0.2582267082107961
ENSG00000104921	FCER2	132.0	0.486004682352905	0.6541092206834458
ENSG00000275395	FCGBP	22386.0	0.7049127396058903	0.8269194349135297
ENSG00000150337	FCGR1A	1453.0	0.2776194321417004	0.4345886187349563
ENSG00000143226	FCGR2A	7597.0	0.6239421929443244	0.7684290680483794
ENSG00000072694	FCGR2B	1451.0	0.45901588281304956	0.6292130033952007
ENSG00000203747	FCGR3A	4525.0	0.5414455834442973	0.7025166366683658
ENSG00000162747	FCGR3B	980.0	0.2853469583101127	0.44399989662754963
ENSG00000162894	FCMR	1207.0	0.2835657950274853	0.441840684951274
ENSG00000085265	FCN1	232.0	0.6193046387198454	0.7649019510120613
ENSG00000160339	FCN2	122.0	0.04174428015999442	0.08014304653265426
ENSG00000163534	FCRL1	75.0	0.034203801859529745	0.06614518685394558
ENSG00000132704	FCRL2	51.0	-0.010639368001332802	0.0
ENSG00000160856	FCRL3	302.0	0.2815196439194634	0.4393528343560146
ENSG00000163518	FCRL4	57.0	-0.010967213414964356	0.0
ENSG00000143297	FCRL5	184.0	0.6202317488554308	0.7656086844287268
ENSG00000132185	FCRLA	37.0	-0.00559133229554098	0.0
ENSG00000079459	FDFT1	65391.0	0.23603772969527437	0.38192641539100225
ENSG00000160752	FDPS	123212.0	0.36436136890871873	0.5341127024142471
ENSG00000137714	FDX1	18407.0	0.402339535738638	0.5738118700714209
ENSG00000066926	FECH	18754.0	0.22497069488646254	0.3673078806302614
ENSG00000168496	FEN1	51294.0	0.2947555962394716	0.45530692757083874
ENSG00000268388	FENDRR	461.0	0.12077554507028693	0.21552137821264247
ENSG00000151422	FER	8300.0	0.0148829240261231	0.029329341688165037
ENSG00000149781	FERMT3	6846.0	0.4405486449157783	0.6116400809797505
ENSG00000182511	FES	17980.0	0.34422336372794676	0.5121520321939785
ENSG00000090512	FETUB	80.0	-0.010819983676814294	0.0
ENSG00000149557	FEZ1	2534.0	0.2281531276783979	0.3715385688259904
ENSG00000126266	FFAR1	11508.0	0.3885881730907085	0.5596881503402007
ENSG00000113578	FGF1	585.0	0.15064454890368234	0.2618437623455729
ENSG00000070193	FGF10	73.0	0.010080970563232443	0.01996071771872146
ENSG00000129682	FGF13	4536.0	0.32530100534178846	0.4909088637684916
ENSG00000162344	FGF19	1076.0	0.36712890514686347	0.5370801593978803
ENSG00000138685	FGF2	1278.0	0.2161466723174909	0.3554615199589396
ENSG00000105550	FGF21	165.0	0.4161041508665624	0.5876745020653094
ENSG00000118972	FGF23	75.0	0.0014178244683048285	0.0028316341763890847
ENSG00000075388	FGF4	111.0	0.010409602229117694	0.020604717544553265
ENSG00000140285	FGF7	379.0	0.006513308571592668	0.012942319820561777
ENSG00000102678	FGF9	3037.0	0.10853172456137465	0.19581167080142634
ENSG00000137441	FGFBP2	1682.0	0.30502069525581366	0.4674572539189084
ENSG00000077782	FGFR1	51986.0	0.4086683179274732	0.5802193642414465
ENSG00000066468	FGFR2	66655.0	0.664744313569076	0.7986143074955678
ENSG00000068078	FGFR3	86051.0	0.65429451758893	0.7910254318469709
ENSG00000160867	FGFR4	16773.0	0.5368294185098633	0.6986193939863313
ENSG00000000938	FGR	960.0	0.3934441151316006	0.5647074193491322
ENSG00000091483	FH	55667.0	0.17209682298116047	0.2936563253254832
ENSG00000142621	FHAD1	8890.0	0.2983803314674741	0.45961930296685005
ENSG00000022267	FHL1	5908.0	0.5048614025243064	0.6709739537175112
ENSG00000115641	FHL2	14578.0	0.6524447863863346	0.7896721170492359
ENSG00000183386	FHL3	31558.0	0.4198568103564872	0.5914072564135149
ENSG00000135723	FHOD1	55268.0	0.5293619535217252	0.6922651008843805
ENSG00000130720	FIBCD1	1387.0	0.17807193854481998	0.3023108058490525
ENSG00000172500	FIBP	85413.0	0.18200565143799743	0.30796071273698916
ENSG00000168386	FILIP1L	15796.0	0.7281084854937914	0.842665251175757
ENSG00000145216	FIP1L1	310614.0	0.5670180525167322	0.7236905172931027
ENSG00000134285	FKBP11	48854.0	0.2194380302401565	0.35990025700107175
ENSG00000119321	FKBP15	37257.0	0.19504489697986307	0.32642271009697416
ENSG00000106692	FKTN	7459.0	0.08695788343738008	0.16000230507990928
ENSG00000154803	FLCN	74448.0	0.2709296396240807	0.42634876263365307
ENSG00000151702	FLI1	3804.0	0.4956297163119399	0.6627706188321918
ENSG00000177731	FLII	434947.0	0.43971830333333006	0.6108393597765138
ENSG00000136068	FLNB	140642.0	0.37627898620114975	0.5468062652613295
ENSG00000128591	FLNC	11825.0	0.7342421066813349	0.8467584818204983
ENSG00000132589	FLOT2	92797.0	0.270461980327786	0.425769498836959
ENSG00000125848	FLRT3	5764.0	0.18805044962471945	0.3165698050686664
ENSG00000122025	FLT3	489.0	0.029484023979411477	0.057279225889184125
ENSG00000090554	FLT3LG	4387.0	0.536075552434239	0.697980710108579
ENSG00000037280	FLT4	18285.0	0.6915914230481512	0.8176814018150351
ENSG00000059122	FLYWCH1	5813.0	0.2728769266408842	0.42875618361785384
ENSG00000164898	FMC1	111679.0	0.48408689935264704	0.652370018984473
ENSG00000248905	FMN1	37233.0	0.5299487244049988	0.6927666476026474
ENSG00000155816	FMN2	261.0	0.024689274673658963	0.04818880275978678
ENSG00000007933	FMO3	261.0	0.1468666314979305	0.25611806545649857
ENSG00000131781	FMO5	989.0	0.0028639591049462437	0.005711560534097408
ENSG00000122176	FMOD	29684.0	0.4531965084119775	0.6237236406619516
ENSG00000141560	FN3KRP	15687.0	0.1256337876740711	0.22322319932075196
ENSG00000102531	FNDC3A	46256.0	0.1665878271701223	0.2855984320944384
ENSG00000075420	FNDC3B	201697.0	0.44802373240148363	0.6188071678334388
ENSG00000160097	FNDC5	3979.0	0.2325562019855874	0.377355939811833
ENSG00000168522	FNTA	26825.0	0.10444773239089424	0.18914019980789334
ENSG00000086205	FOLH1	12723.0	0.2627930728706102	0.4162092404786842
ENSG00000110195	FOLR1	201011.0	0.7755599493374579	0.873594777384852
ENSG00000165457	FOLR2	4279.0	0.5648018981171523	0.7218829409610892
ENSG00000175592	FOSL1	6040.0	0.09053273631897867	0.16603396359208059
ENSG00000129514	FOXA1	70.0	-0.015911794789984984	0.0
ENSG00000125798	FOXA2	3132.0	0.1582742594831246	0.27329323463296834
ENSG00000171956	FOXB1	77.0	-0.01528901757438188	0.0
ENSG00000054598	FOXC1	9543.0	0.3702402657776649	0.5404019645671981
ENSG00000176692	FOXC2	72.0	0.01391215603074108	0.02744252733926049
ENSG00000186564	FOXD2	608.0	0.05394108317942015	0.10236071833673337
ENSG00000178919	FOXE1	184.0	0.05312218160159685	0.10088512525832133
ENSG00000186790	FOXE3	107.0	-0.001993899062840265	0.0
ENSG00000103241	FOXF1	473.0	0.04752155400054821	0.0907314103830332
ENSG00000176165	FOXG1	61.0	-0.013055923240451826	0.0
ENSG00000168269	FOXI1	601.0	0.4355782801166577	0.6068331990663189
ENSG00000129654	FOXJ1	132639.0	0.7663834954616603	0.867743043830195
ENSG00000065970	FOXJ2	90761.0	0.2077494970988719	0.3440274619826475
ENSG00000183770	FOXL2	31619.0	0.9237960301576694	0.9603887477426153
ENSG00000111206	FOXM1	51602.0	0.4679113489511137	0.6375199010287054
ENSG00000109101	FOXN1	3333.0	0.125660292711595	0.22326503568655304
ENSG00000150907	FOXO1	16824.0	0.37547898273515895	0.5459610614893058
ENSG00000118689	FOXO3	52108.0	0.3051933885562074	0.46766002836378057
ENSG00000184481	FOXO4	14191.0	0.19410902415951672	0.3251110580897618
ENSG00000114861	FOXP1	14417.0	0.31906228970164	0.48377137636738754
ENSG00000128573	FOXP2	102.0	0.005737478156693775	0.011409494587413352
ENSG00000049768	FOXP3	3663.0	0.4063448693405405	0.5778737181742379
ENSG00000137166	FOXP4	181524.0	0.6739137061530969	0.8051952781984814
ENSG00000110074	FOXRED1	56963.0	0.13785833065032058	0.24231194154289903
ENSG00000171051	FPR1	1511.0	0.3781767310045399	0.5488073082309125
ENSG00000171049	FPR2	230.0	0.1355657998434512	0.23876344261537338
ENSG00000148690	FRA10AC1	28529.0	0.17082305285335111	0.2917999478009034
ENSG00000138759	FRAS1	23983.0	0.31887826000442476	0.48355980938430954
ENSG00000164946	FREM1	9118.0	0.3293656252520237	0.4955230058541373
ENSG00000150893	FREM2	11265.0	0.31823686386593236	0.4828219762154941
ENSG00000139926	FRMD6	5143.0	0.28527947774990875	0.4439182025209598
ENSG00000165694	FRMD7	656.0	0.06253037794982264	0.1177008756596239
ENSG00000162998	FRZB	11627.0	0.5726615152195959	0.7282705269730381
ENSG00000075618	FSCN1	153514.0	0.6923025874872772	0.8181782532344937
ENSG00000170820	FSHR	232.0	0.004419586392447829	0.008800279190734546
ENSG00000150667	FSIP1	2291.0	0.03862028620032179	0.07436844189055822
ENSG00000134363	FST	2813.0	0.6727425231601438	0.8043587268759081
ENSG00000163430	FSTL1	82489.0	0.7633169254881162	0.8657739450630147
ENSG00000070404	FSTL3	2800.0	0.04781571011463165	0.09126740447401878
ENSG00000140718	FTO	39237.0	0.1715668878901036	0.2928844945406089
ENSG00000107164	FUBP3	51041.0	0.12061971005282515	0.21527322600302867
ENSG00000179163	FUCA1	25169.0	0.18776226840034083	0.3161613622450156
ENSG00000140564	FURIN	118102.0	0.3500980977287939	0.5186261625251488
ENSG00000089280	FUS	220362.0	0.1642978246786055	0.2822264564892724
ENSG00000176920	FUT2	6033.0	0.36867175476774844	0.5387292511641095
ENSG00000171124	FUT3	13652.0	0.41852372476534844	0.5900835036574104
ENSG00000196371	FUT4	2433.0	0.04890485087476545	0.09324935590483692
ENSG00000180549	FUT7	1521.0	0.22171371409465232	0.3629552677305463
ENSG00000033170	FUT8	80131.0	0.4753714849705842	0.6444092078681622
ENSG00000129245	FXR2	37490.0	0.1382152876795745	0.24286317215321793
ENSG00000221946	FXYD7	505.0	0.031888347290214274	0.061805809463697355
ENSG00000010810	FYN	122201.0	0.5272821399658506	0.6904842611171247
ENSG00000157240	FZD1	5618.0	0.08121267006440072	0.15022515424197427
ENSG00000111432	FZD10	46073.0	0.6894269497276101	0.8161666295648567
ENSG00000104290	FZD3	50537.0	0.4442783396631714	0.6152253723707913
ENSG00000174804	FZD4	56143.0	0.5737778864588564	0.7291726378871786
ENSG00000164930	FZD6	23924.0	0.20774848295900553	0.3440260714714673
ENSG00000188763	FZD9	335.0	-0.014253566237863767	0.0
ENSG00000105325	FZR1	10058.0	0.19591544967909866	0.3276409711600747
ENSG00000160211	G6PD	33099.0	0.0963700669720118	0.1757984276936155
ENSG00000171298	GAA	186891.0	0.6056561351987798	0.7544032896231542
ENSG00000109458	GAB1	20155.0	0.23333457412715802	0.3783800098076242
ENSG00000033327	GAB2	13267.0	0.23459713085986472	0.38003835420624044
ENSG00000204681	GABBR1	137702.0	0.43862369682897584	0.6097823882587131
ENSG00000136928	GABBR2	576.0	0.052503596950232344	0.0997689644051924
ENSG00000022355	GABRA1	101.0	0.009164830227230365	0.018163197829965495
ENSG00000151834	GABRA2	88.0	-0.008763998192995637	0.0
ENSG00000011677	GABRA3	484.0	0.03047923059492445	0.0591554486301057
ENSG00000109158	GABRA4	83.0	-0.013019716301759892	0.0
ENSG00000186297	GABRA5	66.0	-0.014387379496972613	0.0
ENSG00000145863	GABRA6	70.0	0.008980175755836522	0.017800499894082434
ENSG00000145864	GABRB2	232.0	0.07699864310097629	0.14298744681660125
ENSG00000166206	GABRB3	139.0	0.00463847369682421	0.009234115193211266
ENSG00000187730	GABRD	1735.0	0.5925047836338386	0.744116802314199
ENSG00000163285	GABRG1	424.0	0.2736463676291801	0.4297054105191807
ENSG00000113327	GABRG2	222.0	-0.0029374535588199057	0.0
ENSG00000182256	GABRG3	43.0	0.024143022952688813	0.047147756537133816
ENSG00000094755	GABRP	1008.0	0.09759045575485112	0.17782672078308986
ENSG00000268089	GABRQ	152.0	0.13402817933318842	0.2363753948548216
ENSG00000183185	GABRR3	80.0	-0.01756680111258368	0.0
ENSG00000128683	GAD1	34538.0	0.5139118758522402	0.6789191419255353
ENSG00000136750	GAD2	57.0	0.03789745466658035	0.0730273583313772
ENSG00000116717	GADD45A	30231.0	0.26997460921701144	0.4251653651303489
ENSG00000130222	GADD45G	12356.0	0.493174733017494	0.660572031005183
ENSG00000205777	GAGE1	40.0	0.027706579060214443	0.053919240422788194
ENSG00000069482	GAL	12290.0	0.717019866971065	0.8351911131184927
ENSG00000117308	GALE	72270.0	0.49026191460162083	0.6579540278095054
ENSG00000108479	GALK1	13797.0	0.20592714416203786	0.3415250169281667
ENSG00000141012	GALNS	18674.0	0.11947956271574083	0.21345554969470967
ENSG00000197487	GALP	108.0	0.03095099149591568	0.06004357481824741
ENSG00000166573	GALR1	66.0	-0.01468594843133365	0.0
ENSG00000089597	GANAB	500040.0	0.5445968763875928	0.7051637675990413
ENSG00000214013	GANC	16860.0	0.11448498409771354	0.20544912803899376
ENSG00000172020	GAP43	124.0	-0.015448856160549185	0.0
ENSG00000159131	GART	85438.0	0.28873086667324493	0.4480855920190388
ENSG00000185340	GAS2L1	25707.0	0.21608805398051673	0.3553822492922519
ENSG00000183087	GAS6	169824.0	0.8048739180112102	0.8918893557928971
ENSG00000102145	GATA1	149.0	0.055451383338916714	0.10507614886722012
ENSG00000179348	GATA2	4848.0	0.6167513910225944	0.7629514277176523
ENSG00000107485	GATA3	241.0	0.14178611879639402	0.24835845604053566
ENSG00000136574	GATA4	23302.0	0.9010596083861465	0.9479551345063577
ENSG00000141448	GATA6	18525.0	0.7545391483924643	0.8600995299350084
ENSG00000177628	GBA	67396.0	0.17808963690945503	0.30233631012432466
ENSG00000114480	GBE1	36059.0	0.35225963978252334	0.52099408932914
ENSG00000107862	GBF1	57924.0	0.18248301806102535	0.308643786462577
ENSG00000117228	GBP1	72345.0	0.6391140256456268	0.7798286338180624
ENSG00000154451	GBP5	10190.0	0.5167989010780079	0.6814336438544523
ENSG00000168505	GBX2	149.0	0.35199379715027446	0.5207032722963747
ENSG00000215644	GCGR	1238.0	0.1476089107682022	0.25724601714602185
ENSG00000131979	GCH1	4205.0	0.05001854855116427	0.09527174280907862
ENSG00000084734	GCKR	3034.0	0.14744332036825528	0.25699451598347445
ENSG00000023909	GCLM	25314.0	0.18936328354065757	0.31842799615763373
ENSG00000137270	GCM1	184.0	0.010561169801185573	0.020901594315687673
ENSG00000089154	GCN1	240997.0	0.5252699622581041	0.6887567122615618
ENSG00000111846	GCNT2	17230.0	0.4534899105266794	0.6240014564151396
ENSG00000176928	GCNT4	674.0	0.2191275412249653	0.3594825542285567
ENSG00000119125	GDA	335.0	0.032195577920021715	0.06238270848805427
ENSG00000135414	GDF11	53222.0	0.44467881349782973	0.61560924039743
ENSG00000130513	GDF15	56770.0	0.7483638790469199	0.8560733700983036
ENSG00000184344	GDF3	309.0	0.06459559409166757	0.12135236037075978
ENSG00000125965	GDF5	2335.0	0.18995415357833154	0.31926297833763956
ENSG00000156466	GDF6	110.0	0.027989110320657484	0.05445409886088565
ENSG00000143869	GDF7	168.0	0.00936546419415026	0.018557132230846415
ENSG00000164404	GDF9	683.0	0.004821572781130482	0.009596873538026065
ENSG00000168621	GDNF	2259.0	0.3922246417986438	0.5634502220732435
ENSG00000198380	GFPT1	121560.0	0.3123052399900575	0.4759643267025645
ENSG00000259384	GH1	238.0	0.04129741218282546	0.07931914878431423
ENSG00000165678	GHITM	164658.0	0.5288592124805385	0.6918350730574815
ENSG00000112964	GHR	703.0	0.23267209831431362	0.37750850146197695
ENSG00000121853	GHSR	239.0	-0.003913185466510228	0.0
ENSG00000146830	GIGYF1	89229.0	0.4050871848813168	0.5766007821294494
ENSG00000133574	GIMAP4	5078.0	0.47580583962951434	0.6448081812021565
ENSG00000196329	GIMAP5	6651.0	0.6315491527005647	0.7741711632226526
ENSG00000171115	GIMAP8	4732.0	0.6221486833728448	0.7670673961640128
ENSG00000123159	GIPC1	148776.0	0.5534614732864629	0.7125525580181582
ENSG00000137960	GIPC2	4091.0	0.25603810597997373	0.4076916213942573
ENSG00000152661	GJA1	38335.0	0.8903784387227376	0.9420107852312737
ENSG00000265107	GJA5	2360.0	0.8568571281957995	0.922911208605864
ENSG00000169562	GJB1	8110.0	0.2815502613062317	0.43939011961849866
ENSG00000121742	GJB6	191.0	-0.018438145902360842	0.0
ENSG00000182963	GJC1	4168.0	0.36689948168150427	0.5368346196607806
ENSG00000169605	GKN1	19.0	-0.004557673702083888	0.0
ENSG00000102393	GLA	40380.0	0.2502542600812317	0.40032538671769397
ENSG00000170266	GLB1	132422.0	0.243945035144433	0.39221191974307584
ENSG00000106415	GLCCI1	56031.0	0.334843334129513	0.5016968292355796
ENSG00000186417	GLDN	8658.0	0.24665022814813312	0.39570077088025835
ENSG00000111087	GLI1	3947.0	0.54350761770648	0.7042499971773197
ENSG00000074047	GLI2	11480.0	0.6868713597080096	0.814373136107906
ENSG00000106571	GLI3	32533.0	0.5207580227274012	0.6848663823498344
ENSG00000122694	GLIPR2	16424.0	0.21550798252012587	0.3545973956885266
ENSG00000167699	GLOD4	95975.0	0.12144927074449706	0.21659342765254194
ENSG00000112164	GLP1R	477.0	0.4698869718221456	0.6393511621368412
ENSG00000145888	GLRA1	62.0	-0.016057143696522003	0.0
ENSG00000101958	GLRA2	97.0	-0.0028353551327759247	0.0
ENSG00000145451	GLRA3	60.0	-0.009230881924056952	0.0
ENSG00000109738	GLRB	5420.0	0.14635145662028254	0.255334358019244
ENSG00000115419	GLS	45572.0	0.2863083080419957	0.445162806229264
ENSG00000135423	GLS2	6419.0	0.16216687592485518	0.27907674755538425
ENSG00000120820	GLT8D2	3625.0	0.4951077891459643	0.6623038054383756
ENSG00000148672	GLUD1	19300.0	0.03518851883682061	0.06798475484708784
ENSG00000140632	GLYR1	47594.0	0.05361344005163217	0.10177060772688103
ENSG00000112699	GMDS	20520.0	0.20300533808579796	0.33749698635388714
ENSG00000162419	GMEB1	22825.0	0.07439337792776697	0.1384844312262106
ENSG00000101216	GMEB2	85520.0	0.2424568658833429	0.3902861701536249
ENSG00000197045	GMFB	35796.0	0.1341880560060849	0.23662399774974355
ENSG00000163655	GMPS	165150.0	0.4695182646687534	0.6390097706946001
ENSG00000088256	GNA11	12812.0	0.08250735827748801	0.15243750104161088
ENSG00000127955	GNAI1	15680.0	0.13998474275284115	0.24559055486094533
ENSG00000114353	GNAI2	76951.0	0.48977344563497366	0.6575139959300612
ENSG00000087258	GNAO1	1410.0	0.160050058841906	0.27593646950319745
ENSG00000156052	GNAQ	23785.0	0.10562269604920833	0.19106463068574225
ENSG00000214415	GNAT3	97.0	0.08966539381832273	0.16457417905899363
ENSG00000185838	GNB1L	8142.0	0.18403776860978102	0.31086469281442947
ENSG00000111664	GNB3	2368.0	0.1790197556395466	0.3036755826749303
ENSG00000134697	GNL2	129062.0	0.1369954101591499	0.24097794755385
ENSG00000116906	GNPAT	7689.0	0.10638410984105316	0.19230954041148812
ENSG00000147437	GNRH1	2664.0	0.21205924971298334	0.3499156493598793
ENSG00000109163	GNRHR	83.0	-0.005022783763493369	0.0
ENSG00000135677	GNS	143841.0	0.4362983906512091	0.6075316849076104
ENSG00000167110	GOLGA2	101232.0	0.262218751105535	0.4154886003331299
ENSG00000113384	GOLPH3	147063.0	0.2809269463661056	0.4386307074936232
ENSG00000120370	GORAB	24043.0	0.16798261773443526	0.28764574948944927
ENSG00000120053	GOT1	72062.0	0.4142916992905614	0.5858645702274557
ENSG00000185245	GP1BA	116.0	0.014538986230784154	0.02866126669966505
ENSG00000178732	GP5	287.0	-0.00332885970666905	0.0
ENSG00000088053	GP6	636.0	-0.0013884097907839068	0.0
ENSG00000152133	GPATCH11	3279.0	-0.01932468059257888	0.0
ENSG00000062194	GPBP1	84742.0	0.12176751957200894	0.21709938547421528
ENSG00000159592	GPBP1L1	350108.0	0.37718827284013423	0.5477657344006714
ENSG00000164850	GPER1	916.0	0.014446498385615339	0.028481538274527866
ENSG00000171723	GPHN	7738.0	0.21648230310618316	0.3559152526155361
ENSG00000198522	GPN1	65406.0	0.17381479894416083	0.2961537017602882
ENSG00000142751	GPN2	10523.0	0.01660145834591031	0.032660701417686684
ENSG00000183671	GPR1	549.0	0.36204381858529083	0.5316184599131819
ENSG00000165370	GPR101	93.0	-0.013368074874468434	0.0
ENSG00000132975	GPR12	98.0	-0.006605518452045342	0.0
ENSG00000181619	GPR135	13167.0	0.060993706822236385	0.1149746816216612
ENSG00000173264	GPR137	94455.0	0.416270751789907	0.5878406388945291
ENSG00000180269	GPR139	38.0	0.03215557891890328	0.06230762023799467
ENSG00000174948	GPR149	75.0	-0.017180773379171906	0.0
ENSG00000151025	GPR158	4813.0	0.04944870170005062	0.09423748225129322
ENSG00000250510	GPR162	17433.0	0.2963492880510302	0.4572059255674379
ENSG00000144230	GPR17	626.0	-0.01662081947002908	0.0
ENSG00000147138	GPR174	409.0	0.4439038151334157	0.6148661849645426
ENSG00000172209	GPR22	53.0	0.004445783556571819	0.008852212094176063
ENSG00000181773	GPR3	369.0	-0.0019821803408445506	0.0
ENSG00000171659	GPR34	2338.0	0.34620010168894527	0.5143367635384991
ENSG00000170775	GPR37	230.0	0.05636574602233837	0.10671634561150647
ENSG00000170075	GPR37L1	1871.0	0.08090781296366549	0.1497034474046959
ENSG00000183840	GPR39	26980.0	0.494395227953027	0.6616659618623557
ENSG00000177464	GPR4	2092.0	0.39563499206435976	0.5669605510236663
ENSG00000135898	GPR55	210.0	0.0027831677408335824	0.005550886433612104
ENSG00000112218	GPR63	21053.0	0.5854101486284852	0.7384967847404217
ENSG00000123901	GPR83	4723.0	0.09383305244489289	0.17156741101425105
ENSG00000164604	GPR85	296.0	0.08088148866022823	0.14965838439972226
ENSG00000181656	GPR88	89.0	0.011449388530516007	0.02263956785252547
ENSG00000198932	GPRASP1	41858.0	0.6121426973100227	0.7594150298623408
ENSG00000158301	GPRASP2	11886.0	0.3119663501849569	0.4755706579531965
ENSG00000167191	GPRC5B	128414.0	0.6239705936633635	0.7684506063078477
ENSG00000170412	GPRC5C	143380.0	0.5891456792402918	0.7414621414972342
ENSG00000204175	GPRIN2	26615.0	0.4599176991182123	0.6300597621304294
ENSG00000167701	GPT	14919.0	0.16714658528835344	0.28641918229501306
ENSG00000089351	GRAMD1A	207146.0	0.4635983730165406	0.6335049034811975
ENSG00000155324	GRAMD2B	16512.0	0.16576466260889813	0.28438786648057873
ENSG00000177885	GRB2	47007.0	0.2183633642559388	0.3584535954744412
ENSG00000141449	GREB1L	1663.0	0.08423449845996304	0.15538059078475916
ENSG00000166923	GREM1	443.0	0.18274392824660246	0.3090168951744562
ENSG00000180875	GREM2	514.0	0.42045197515380117	0.5919974522310425
ENSG00000083307	GRHL2	134252.0	0.5198957803746984	0.6841203023098452
ENSG00000155511	GRIA1	63.0	0.01793567623659511	0.03523931158971656
ENSG00000120251	GRIA2	144.0	0.08068963489895208	0.1493298950840716
ENSG00000182771	GRID1	429.0	0.08960038419186514	0.1644646707027732
ENSG00000163873	GRIK3	132453.0	0.8568791139181182	0.9229239614958624
ENSG00000149403	GRIK4	7709.0	0.2370489978573277	0.38324916517925545
ENSG00000105737	GRIK5	6211.0	0.36909552720707733	0.5391815543507378
ENSG00000176884	GRIN1	488.0	0.07035587795587785	0.13146258997566423
ENSG00000273079	GRIN2B	309.0	0.06741907616578661	0.12632166254318541
ENSG00000161509	GRIN2C	939.0	0.009935292304819534	0.019675106673707282
ENSG00000105464	GRIN2D	2195.0	0.2696864183001811	0.4248079122736925
ENSG00000173020	GRK2	96975.0	0.4189695313725779	0.5905264660155263
ENSG00000198873	GRK5	5096.0	0.4861534103388238	0.6542439117748781
ENSG00000152822	GRM1	644.0	0.15960784761865976	0.2752790056507918
ENSG00000164082	GRM2	1451.0	0.13026682381365298	0.23050632128459264
ENSG00000198822	GRM3	54.0	0.005497833481053685	0.010935545155816151
ENSG00000124493	GRM4	41814.0	0.8874663391080722	0.9403784541423367
ENSG00000168959	GRM5	88.0	0.04590909732816036	0.0877879300322332
ENSG00000196277	GRM7	2255.0	0.2549519315468385	0.4063134613173396
ENSG00000030582	GRN	285818.0	0.7097019789582144	0.8302054834032098
ENSG00000134443	GRP	1036.0	0.045701617658582674	0.08740852435690516
ENSG00000126010	GRPR	2196.0	0.20724770256394492	0.34333915421631134
ENSG00000105447	GRWD1	15474.0	0.14763557871495692	0.25728651403482805
ENSG00000073605	GSDMB	561701.0	0.8545792475445698	0.9215882779622576
ENSG00000147697	GSDMC	13048.0	0.7743536904251419	0.8728290132950931
ENSG00000131149	GSE1	121684.0	0.19203689132306032	0.32219957741394323
ENSG00000105723	GSK3A	102850.0	0.3089577757009296	0.47206683276775185
ENSG00000082701	GSK3B	170187.0	0.4438479808410888	0.6148126211771032
ENSG00000104687	GSR	91568.0	0.5688594647040897	0.7251885557657455
ENSG00000100983	GSS	167394.0	0.4846434293295575	0.6528751884193704
ENSG00000134202	GSTM3	21312.0	0.26436839071201257	0.418182537073925
ENSG00000148834	GSTO1	106825.0	0.4240620776958943	0.5955668426786827
ENSG00000100577	GSTZ1	64358.0	0.3828015752196921	0.5536608897178537
ENSG00000242441	GTF2A1L	528.0	0.0189657885496827	0.03722556490670239
ENSG00000263001	GTF2I	854798.0	0.6350418139613732	0.7767896925189898
ENSG00000077235	GTF3C1	110246.0	0.2926802218492769	0.4528269511706084
ENSG00000100226	GTPBP1	98798.0	0.3298709572767816	0.49609468568629955
ENSG00000105793	GTPBP10	12006.0	0.04488352338636195	0.08591105588668674
ENSG00000107937	GTPBP4	185765.0	0.31678786553034427	0.48115246779367316
ENSG00000048545	GUCA1A	377.0	0.03987386447014261	0.07668980985585197
ENSG00000152402	GUCY1A2	4415.0	0.6331216248287654	0.775351468259627
ENSG00000070019	GUCY2C	431.0	0.051289602288321474	0.09757464009285434
ENSG00000132518	GUCY2D	136.0	0.05049756590130247	0.09614028159689592
ENSG00000169919	GUSB	341072.0	0.528420182380662	0.6914593100407723
ENSG00000172986	GXYLT2	35360.0	0.6348909052981949	0.7766767840480394
ENSG00000056998	GYG2	15660.0	0.17553246656096522	0.2986433323691818
ENSG00000170180	GYPA	77.0	-0.001004705980265645	0.0
ENSG00000250361	GYPB	78.0	-0.006602486927133641	0.0
ENSG00000104812	GYS1	56063.0	0.3578613013067063	0.5270955155174196
ENSG00000145649	GZMA	334.0	0.517002384917618	0.6816105103825453
ENSG00000100453	GZMB	606.0	0.7360879460207937	0.8479846285528871
ENSG00000100450	GZMH	573.0	0.6279868976210862	0.7714888842640428
ENSG00000113088	GZMK	172.0	0.41946913097163674	0.5910225475414279
ENSG00000130600	H19	316571.0	0.961334223314941	0.9802859827634536
ENSG00000188486	H2AFX	138548.0	0.4449723683859096	0.6158904877647744
ENSG00000132475	H3F3B	215065.0	0.6260027523236162	0.7699897819103145
ENSG00000148702	HABP2	173.0	0.008541593107204965	0.016938504401963754
ENSG00000084754	HADHA	112175.0	0.11598154247784662	0.20785566438729694
ENSG00000138029	HADHB	162946.0	0.42531401283362136	0.5968004369620531
ENSG00000105697	HAMP	394.0	0.1435465089357002	0.2510549554635938
ENSG00000173805	HAP1	304.0	0.12549140024504304	0.2229984169007794
ENSG00000170961	HAS2	1375.0	0.2313905774731566	0.37581995786905514
ENSG00000113249	HAVCR1	126.0	-0.00013747274401683618	0.0
ENSG00000135077	HAVCR2	1508.0	0.28135205623420084	0.43914871773971903
ENSG00000143575	HAX1	62992.0	0.17650296135354404	0.3000467778686775
ENSG00000113070	HBEGF	17098.0	0.31313007807307	0.47692164440032825
ENSG00000213934	HBG1	60.0	0.023462796521028607	0.04584982786044344
ENSG00000112339	HBS1L	39792.0	0.1713641634681098	0.29258904926840906
ENSG00000130656	HBZ	51.0	-0.007405485085621026	0.0
ENSG00000182782	HCAR2	782.0	0.1635280945721489	0.2810900662132808
ENSG00000255398	HCAR3	571.0	0.30115960428323857	0.46290955128312095
ENSG00000172534	HCFC1	129769.0	0.22443587434897355	0.36659473811693893
ENSG00000101336	HCK	8939.0	0.5120894034049114	0.6773268858994612
ENSG00000099822	HCN2	1566.0	0.07234332507441232	0.13492567796678784
ENSG00000143630	HCN3	3348.0	0.09828635718682327	0.17898129489394055
ENSG00000138622	HCN4	932.0	0.024587647825274582	0.047995206417845805
ENSG00000161610	HCRT	189.0	-0.0052064345294104185	0.0
ENSG00000121764	HCRTR1	120.0	-0.016112397655410084	0.0
ENSG00000137252	HCRTR2	114.0	0.13466265822384488	0.237361575703285
ENSG00000116478	HDAC1	345343.0	0.48433599730526117	0.6525961752386916
ENSG00000100429	HDAC10	14674.0	0.30707597163555056	0.46986705945072943
ENSG00000196591	HDAC2	253767.0	0.4759298983588662	0.6449220913378988
ENSG00000171720	HDAC3	87844.0	0.17452939548905774	0.2971903405046515
ENSG00000068024	HDAC4	17716.0	0.05807571217161662	0.10977609920261909
ENSG00000108840	HDAC5	7993.0	0.23429977333539845	0.3796480861407916
ENSG00000094631	HDAC6	253007.0	0.875950218238394	0.9338736281189303
ENSG00000147099	HDAC8	53467.0	0.22676237449708855	0.3696924183708354
ENSG00000048052	HDAC9	65668.0	0.7235050342691391	0.8395740306914102
ENSG00000140287	HDC	174.0	0.0019902637369732376	0.003972620910607351
ENSG00000155393	HEATR3	26820.0	0.06423033319141332	0.1207075784032568
ENSG00000129493	HEATR5A	12576.0	0.14317740881969912	0.2504902698655077
ENSG00000008869	HEATR5B	41145.0	0.18115111505532888	0.3067365602018556
ENSG00000068097	HEATR6	44068.0	0.25260346967092545	0.40332551487708646
ENSG00000112406	HECA	47444.0	0.2967628758455633	0.4576979822190807
ENSG00000173064	HECTD4	221638.0	0.5318634499807374	0.6944006007682021
ENSG00000119969	HELLS	29368.0	0.3975345687443083	0.5689083871485127
ENSG00000165478	HEPACAM	497.0	0.03784722474844506	0.07293409636012377
ENSG00000128731	HERC2	97120.0	0.5338905775155954	0.6961260279469541
ENSG00000138642	HERC6	41655.0	0.5914895293205661	0.7433156403775814
ENSG00000114315	HES1	42964.0	0.4884850042793573	0.6563519321658936
ENSG00000188290	HES4	6337.0	0.41032448767846863	0.5818866385194837
ENSG00000144485	HES6	17537.0	0.3145312986607719	0.4785451650808353
ENSG00000163666	HESX1	4125.0	0.08293948031879093	0.1531747282763679
ENSG00000213614	HEXA	78682.0	0.31089779249537064	0.4743280433840056
ENSG00000049860	HEXB	54345.0	0.36675883879091054	0.5366840562968082
ENSG00000186834	HEXIM1	62355.0	0.26461713824752525	0.41849367724721026
ENSG00000164683	HEY1	2750.0	0.6660058236163621	0.7995240042686982
ENSG00000010704	HFE	5974.0	0.21253870218976925	0.35056811268116655
ENSG00000019991	HGF	1846.0	0.30874634867996503	0.4718199962756335
ENSG00000235173	HGH1	54477.0	0.2132663382782179	0.35155733172465736
ENSG00000185359	HGS	55735.0	0.13325414868249236	0.2351708111325461
ENSG00000152804	HHEX	1499.0	0.11720631410096932	0.20982035747853212
ENSG00000114455	HHLA2	2357.0	0.10809618323842532	0.19510252787355126
ENSG00000100644	HIF1A	281812.0	0.3214624379085587	0.48652527485734404
ENSG00000064393	HIPK2	279411.0	0.4684099808535031	0.637982562037944
ENSG00000110422	HIPK3	39678.0	0.19143044108926166	0.32134555990402086
ENSG00000010818	HIVEP2	68658.0	0.4031439069087819	0.5746294516532298
ENSG00000156515	HK1	122038.0	0.3730692720896562	0.5434092506081458
ENSG00000159399	HK2	27055.0	0.4890798809183314	0.6568887098477357
ENSG00000136630	HLX	7543.0	0.6348877990158976	0.7766744597373119
ENSG00000143341	HMCN1	2731.0	0.5460001308126482	0.7063390486592593
ENSG00000137309	HMGA1	348290.0	0.7870279423860412	0.8808233197911844
ENSG00000149948	HMGA2	49046.0	0.44345486789537036	0.6144353768981359
ENSG00000164104	HMGB2	9495.0	0.12000576135076658	0.21429490006557714
ENSG00000029993	HMGB3	70559.0	0.4644018952752271	0.634254703949212
ENSG00000113161	HMGCR	111007.0	0.5765799154944434	0.7314312580388513
ENSG00000118418	HMGN3	50317.0	0.3039602654569031	0.4662109322025951
ENSG00000198157	HMGN5	2573.0	0.13242670400659964	0.23388128086005977
ENSG00000072571	HMMR	22551.0	0.3973618660024101	0.5687315156798829
ENSG00000100292	HMOX1	2938.0	0.3787531075699651	0.5494139675775784
ENSG00000135100	HNF1A	247.0	0.26658924823462177	0.4209561207095278
ENSG00000275410	HNF1B	15573.0	0.5382414901121292	0.6998140325455587
ENSG00000101076	HNF4A	136.0	0.06290458922836784	0.11836356690121057
ENSG00000150540	HNMT	6110.0	0.3895738173677857	0.5607097838180916
ENSG00000139675	HNRNPA1L2	742615.0	0.6219003492940033	0.766878618115731
ENSG00000138668	HNRNPD	1224032.0	0.7823627995789426	0.8778939952783625
ENSG00000169813	HNRNPF	360287.0	0.4136979516769364	0.5852706388747406
ENSG00000169045	HNRNPH1	827468.0	0.6480570049987213	0.7864497441934348
ENSG00000143889	HNRNPLL	149827.0	0.36486455138002755	0.5346531287827931
ENSG00000099783	HNRNPM	403820.0	0.2740773302661008	0.43023657003434423
ENSG00000105323	HNRNPUL1	253503.0	0.42840973347129024	0.5998415208641547
ENSG00000168172	HOOK3	13873.0	0.12554788216725257	0.2230875898864631
ENSG00000171476	HOPX	1301.0	0.19425626136456953	0.3253175514317343
ENSG00000228630	HOTAIR	168.0	0.18810931000128525	0.3166532042427675
ENSG00000253293	HOXA10	2177.0	0.08522955556179206	0.1570719395265109
ENSG00000005073	HOXA11	96.0	-0.011180475277654107	0.0
ENSG00000106031	HOXA13	66.0	0.06808855805819587	0.12749609111435872
ENSG00000106004	HOXA5	2405.0	0.2562266303983624	0.4079305822662115
ENSG00000078399	HOXA9	11881.0	0.40687031916494215	0.5784048659245906
ENSG00000159184	HOXB13	483.0	0.049280837391546595	0.0939325977096008
ENSG00000182742	HOXB4	69337.0	0.5017328693618105	0.6682052175831128
ENSG00000120075	HOXB5	11525.0	0.23411747661785215	0.37940873709925954
ENSG00000108511	HOXB6	31622.0	0.35636549031909254	0.5254711843711912
ENSG00000260027	HOXB7	57659.0	0.5133929369260322	0.6784661463649008
ENSG00000170689	HOXB9	23848.0	0.4658046674950775	0.6355617195449293
ENSG00000123388	HOXC11	113.0	0.021964927568307605	0.0429856778364627
ENSG00000123364	HOXC13	114.0	0.026309667636722	0.0512704273697531
ENSG00000128710	HOXD10	7878.0	0.701228505028582	0.8243789743186801
ENSG00000128709	HOXD9	29548.0	0.8293060450053734	0.906689230344655
ENSG00000121905	HPCA	806.0	0.05956149023432353	0.1124266798732963
ENSG00000115756	HPCAL1	44108.0	0.23977571059000277	0.3868049818073864
ENSG00000158104	HPD	221.0	0.002619463034092099	0.005225238748438358
ENSG00000164120	HPGD	422.0	0.5296092148530478	0.6924764962323116
ENSG00000163106	HPGDS	660.0	0.10581927716775578	0.19138620451396365
ENSG00000165704	HPRT1	20417.0	0.19274076929388725	0.3231897060213536
ENSG00000110756	HPS5	20635.0	0.23383044512018042	0.3790317317018455
ENSG00000173083	HPSE	1918.0	0.223415278859372	0.3652321214553884
ENSG00000172987	HPSE2	229.0	0.02679846619211197	0.05219810327822993
ENSG00000174775	HRAS	37177.0	0.16715081760037998	0.2864253960666986
ENSG00000196639	HRH1	6262.0	0.25775674666734016	0.4098674045681957
ENSG00000113749	HRH2	1033.0	0.024350765721718595	0.047543803424722336
ENSG00000101180	HRH3	225.0	0.03547802986937034	0.06852493021768126
ENSG00000134489	HRH4	469.0	0.0032730523171195414	0.006524748790093045
ENSG00000122254	HS3ST2	63.0	0.016224251233608315	0.03193045474739158
ENSG00000153976	HS3ST3A1	49.0	0.0220982850125317	0.04324101769187639
ENSG00000249853	HS3ST5	1081.0	0.13176609072856807	0.2328503951620328
ENSG00000171004	HS6ST2	6624.0	0.5397784332002602	0.7011118243530533
ENSG00000117594	HSD11B1	1392.0	0.22203311257195343	0.36338313632868946
ENSG00000176387	HSD11B2	32467.0	0.5275726982631948	0.6907333429865948
ENSG00000108786	HSD17B1	3163.0	0.3844513721693461	0.5553844358822594
ENSG00000072506	HSD17B10	103866.0	0.2830599788652752	0.44122641735830687
ENSG00000086696	HSD17B2	77.0	0.10424801451253414	0.18881268182955077
ENSG00000025423	HSD17B6	1276.0	0.03242578025009671	0.06281474343316346
ENSG00000203857	HSD3B1	161.0	-0.015918764444357098	0.0
ENSG00000103160	HSDL1	39774.0	0.1413670093521582	0.24771525406608408
ENSG00000185122	HSF1	295636.0	0.5422820942909677	0.7032203723278921
ENSG00000102878	HSF4	32670.0	0.39140350203657026	0.562602439139589
ENSG00000204390	HSPA1L	7902.0	0.07563721149860005	0.1406370301994679
ENSG00000126803	HSPA2	27791.0	0.46978360718947865	0.6392554725627934
ENSG00000170606	HSPA4	148590.0	0.295959801501158	0.45674225567542587
ENSG00000173110	HSPA6	1845.0	0.5514747972436167	0.710903971142011
ENSG00000109971	HSPA8	889093.0	0.6060603083716243	0.7547167503144455
ENSG00000113013	HSPA9	188572.0	0.12431100675857111	0.22113277555996574
ENSG00000081870	HSPB11	65233.0	0.4787718860641006	0.6475263569398793
ENSG00000169271	HSPB3	130.0	-0.023377497893945134	0.0
ENSG00000152137	HSPB8	7523.0	0.7362603771557824	0.8480990372675227
ENSG00000133265	HSPBP1	9077.0	0.0657984721762291	0.12347263369945864
ENSG00000144381	HSPD1	199971.0	0.24750958878566653	0.39680590996754406
ENSG00000142798	HSPG2	259490.0	0.7481375609554903	0.8559252746066233
ENSG00000109854	HTATIP2	7567.0	0.10784537398208913	0.19469391038650977
ENSG00000178394	HTR1A	358.0	0.06429309133647267	0.12081839459417597
ENSG00000179546	HTR1D	585.0	0.028748995202435852	0.05589117527503133
ENSG00000168830	HTR1E	100.0	-0.0034554057846334797	0.0
ENSG00000102468	HTR2A	85.0	0.0003282160402475343	0.0006562166996483657
ENSG00000135914	HTR2B	112.0	-0.01482177950049072	0.0
ENSG00000147246	HTR2C	27259.0	0.35533311587281713	0.5243480170466981
ENSG00000166736	HTR3A	10784.0	0.5778436660487631	0.7324472994156633
ENSG00000164270	HTR4	32999.0	0.5818571576601678	0.7356633370371217
ENSG00000157219	HTR5A	104.0	0.055650404489548	0.10543339774772756
ENSG00000158748	HTR6	163.0	-0.011628992491755495	0.0
ENSG00000148680	HTR7	535.0	0.06541416024601708	0.12279574026106836
ENSG00000166033	HTRA1	15857.0	0.7725591177353782	0.8716878438699409
ENSG00000115317	HTRA2	7633.0	0.07934819926689497	0.14702984508759848
ENSG00000197386	HTT	71184.0	0.13820910378524187	0.2428536256222376
ENSG00000086758	HUWE1	299112.0	0.5311399328929884	0.6937836594587856
ENSG00000149428	HYOU1	183848.0	0.40460837436264	0.5761155660861506
ENSG00000067704	IARS2	132913.0	0.3780392492703657	0.548662528256038
ENSG00000003147	ICA1	32618.0	0.27045629074166494	0.42576244883447095
ENSG00000090339	ICAM1	50429.0	0.8410654308317843	0.9136725036999853
ENSG00000108622	ICAM2	7595.0	0.4299071763786451	0.6013078100180176
ENSG00000076662	ICAM3	12994.0	0.10434997102890937	0.1889798954432675
ENSG00000105371	ICAM4	2000.0	0.29113393701046986	0.450974029363011
ENSG00000105376	ICAM5	1178.0	0.46528847003665985	0.6350810499792151
ENSG00000163600	ICOS	338.0	0.27447629785062555	0.43072797558263487
ENSG00000160223	ICOSLG	70858.0	0.8106102486624117	0.89540004455542
ENSG00000172201	ID4	8011.0	0.47133801650132867	0.6406930443109408
ENSG00000119912	IDE	9303.0	0.07237263936791878	0.13497666149068646
ENSG00000138413	IDH1	84265.0	0.6849088541024879	0.812992171576335
ENSG00000182054	IDH2	185073.0	0.5819076310972214	0.7357036778356099
ENSG00000131203	IDO1	740.0	0.640604626351867	0.780937242358445
ENSG00000127415	IDUA	86674.0	0.42671667151095743	0.5981799750878991
ENSG00000163565	IFI16	32355.0	0.6592661858863063	0.794647888921036
ENSG00000068079	IFI35	32035.0	0.618883434275663	0.7645806006441347
ENSG00000137959	IFI44L	106390.0	0.8035674869958398	0.8910866854606293
ENSG00000115267	IFIH1	31782.0	0.5932107781838721	0.7446733179398688
ENSG00000185745	IFIT1	120348.0	0.8733786409759993	0.9324101619104438
ENSG00000119922	IFIT2	30246.0	0.8293261909050035	0.9067012706954353
ENSG00000119917	IFIT3	52857.0	0.8283051805947419	0.9060907220372223
ENSG00000185885	IFITM1	106327.0	0.6554159806401081	0.791844452760055
ENSG00000188379	IFNA2	131.0	0.12012762819927944	0.2144891799381772
ENSG00000142166	IFNAR1	51798.0	0.26852636144146996	0.4233674121463811
ENSG00000159110	IFNAR2	26118.0	0.1613628856282129	0.2778853838452523
ENSG00000171855	IFNB1	167.0	0.041498659203653	0.07969027869010134
ENSG00000111537	IFNG	185.0	0.5480209179267941	0.7080277941731404
ENSG00000027697	IFNGR1	64140.0	0.25775335963011553	0.4098631224581527
ENSG00000159128	IFNGR2	36656.0	0.1590392628250554	0.27443291685807314
ENSG00000182393	IFNL1	100.0	0.04262738975932669	0.0817691731063511
ENSG00000183709	IFNL2	83.0	-0.016277853349767495	0.0
ENSG00000197110	IFNL3	86.0	0.003334722941564553	0.006647279049184808
ENSG00000006652	IFRD1	173396.0	0.5773770412157166	0.7320723278319309
ENSG00000114446	IFT57	88392.0	0.235991730404712	0.38186619634977503
ENSG00000089289	IGBP1	142744.0	0.4356196890448241	0.606873383485928
ENSG00000017427	IGF1	4700.0	0.4372658234683367	0.6084689642353689
ENSG00000140443	IGF1R	126750.0	0.4908793727774822	0.6585098455859411
ENSG00000167244	IGF2	1705.0	0.5027617580519503	0.6691170511334903
ENSG00000159217	IGF2BP1	17232.0	0.26719048712644167	0.4217053234551012
ENSG00000073792	IGF2BP2	187849.0	0.6911917295432853	0.8174019745590231
ENSG00000136231	IGF2BP3	132799.0	0.5644738186127558	0.7216149121795901
ENSG00000197081	IGF2R	184956.0	0.43856865460609196	0.6097291960336513
ENSG00000146678	IGFBP1	97.0	0.22193655686135572	0.3632538131626375
ENSG00000115457	IGFBP2	1215688.0	0.8711529114214165	0.9311402676969328
ENSG00000163395	IGFN1	1684.0	0.6334787611394498	0.7756192198024787
ENSG00000211891	IGHE	110.0	0.04500183689814569	0.08612776611326078
ENSG00000147255	IGSF1	1647.0	0.0787374571783063	0.14598076047950126
ENSG00000143061	IGSF3	45760.0	0.4108987012682151	0.5824637883625102
ENSG00000162729	IGSF8	115788.0	0.7026584944588219	0.8253663277111327
ENSG00000080854	IGSF9B	1515.0	0.699062041105017	0.822879946926916
ENSG00000163501	IHH	260.0	0.0007844198942894456	0.0015676101240111274
ENSG00000104365	IKBKB	36248.0	0.3638695193491029	0.5335840623856116
ENSG00000263528	IKBKE	16996.0	0.32438071932140194	0.48986022612532604
ENSG00000269335	IKBKG	56959.0	0.18439356990375322	0.3113721225601343
ENSG00000185811	IKZF1	1495.0	0.3552601151776869	0.5242685314783415
ENSG00000030419	IKZF2	27615.0	0.397588567597417	0.5689636804641416
ENSG00000161405	IKZF3	31607.0	0.51370394438325	0.6787376703210689
ENSG00000123411	IKZF4	33952.0	0.10585291818421617	0.19144122413317696
ENSG00000136634	IL10	177.0	0.013199047742549347	0.026054204792152907
ENSG00000110324	IL10RA	3512.0	0.5145255826353714	0.679454462221845
ENSG00000243646	IL10RB	47353.0	0.16347444487212975	0.2810108044789866
ENSG00000095752	IL11	1926.0	0.14822550162406828	0.2581818665661332
ENSG00000137070	IL11RA	35113.0	0.604383989094439	0.753415632669796
ENSG00000168811	IL12A	2673.0	0.09275762296405568	0.1697679723568614
ENSG00000113302	IL12B	334.0	0.5540962466659216	0.7130784182185
ENSG00000096996	IL12RB1	1256.0	0.09044925109297475	0.165893554426886
ENSG00000081985	IL12RB2	3224.0	0.10869423707530057	0.19607612891004547
ENSG00000169194	IL13	421.0	0.03314772623024639	0.06416841539437142
ENSG00000131724	IL13RA1	253360.0	0.5546050794458545	0.7134996363752341
ENSG00000123496	IL13RA2	2718.0	0.5205458569482294	0.6846828782829042
ENSG00000164136	IL15	5917.0	0.2088367815134521	0.3455169212372748
ENSG00000134470	IL15RA	3950.0	0.4064724894008578	0.5780027586234704
ENSG00000172349	IL16	4051.0	0.3489787830766567	0.517396993125022
ENSG00000127743	IL17B	788.0	0.3297494024472194	0.4959572109457035
ENSG00000172458	IL17D	666.0	-0.017870748606891362	0.0
ENSG00000112116	IL17F	100.0	0.02664887132488269	0.05191428553462981
ENSG00000177663	IL17RA	35014.0	0.14313686325179611	0.25042821704590185
ENSG00000056736	IL17RB	7937.0	0.2727779191162474	0.4286339588695105
ENSG00000150782	IL18	2633.0	0.21662788650481563	0.3561119861014433
ENSG00000137496	IL18BP	9548.0	0.06387326729037436	0.1200768348152144
ENSG00000115604	IL18R1	1765.0	0.18264628662333712	0.30887728425516703
ENSG00000115607	IL18RAP	190.0	0.29329784609064125	0.4535658154495764
ENSG00000142224	IL19	109.0	-0.00010598696995205049	0.0
ENSG00000115008	IL1A	184.0	0.08519833837266859	0.15701892522325364
ENSG00000125538	IL1B	1182.0	0.6223845091044257	0.7672466121462032
ENSG00000115594	IL1R1	26105.0	0.38412901520281956	0.5550479918904557
ENSG00000196083	IL1RAP	33411.0	0.34941242487696766	0.5178734365200843
ENSG00000115602	IL1RL1	146.0	-0.0134006707676156	0.0
ENSG00000115598	IL1RL2	5061.0	0.1055933286563218	0.19101658072530922
ENSG00000136689	IL1RN	2692.0	0.6825766325373971	0.8113468585475866
ENSG00000109471	IL2	328.0	0.028335763115684344	0.05510994391526703
ENSG00000162891	IL20	76.0	-0.00623203591867547	0.0
ENSG00000138684	IL21	62.0	-0.00209159618487606	0.0
ENSG00000103522	IL21R	445.0	0.5400464508396725	0.7013378726923795
ENSG00000127318	IL22	130.0	0.01313678626604064	0.02593289759906327
ENSG00000142677	IL22RA1	3039.0	0.11703085839178241	0.20953916807683307
ENSG00000110944	IL23A	603.0	0.06113738335776007	0.11522991144521338
ENSG00000162594	IL23R	116.0	0.013969793744528508	0.027554654646937585
ENSG00000166090	IL25	379.0	0.028612859636569194	0.05563387501625972
ENSG00000111536	IL26	52.0	0.027701041888705123	0.05390875509437307
ENSG00000134460	IL2RA	1191.0	0.3038623996506368	0.46609580847189885
ENSG00000100385	IL2RB	1072.0	0.6849141709853269	0.8129959172754699
ENSG00000147168	IL2RG	1972.0	0.6120424663257	0.759337894764916
ENSG00000204671	IL31	95.0	-0.009074935084162654	0.0
ENSG00000137033	IL33	538.0	0.39198376836321897	0.563201636789397
ENSG00000157368	IL34	10565.0	0.41392143428934347	0.5854942491870295
ENSG00000136688	IL36G	255.0	0.09582577573281316	0.1748923558012339
ENSG00000125571	IL37	4752.0	0.26315088013475263	0.4166578740089699
ENSG00000185291	IL3RA	2795.0	0.5995810720257646	0.7496726268040099
ENSG00000077238	IL4R	12952.0	0.4276696717191554	0.5991157201009515
ENSG00000113525	IL5	83.0	-0.015011876948981108	0.0
ENSG00000091181	IL5RA	1704.0	0.393021078308106	0.5642715453888894
ENSG00000136244	IL6	767.0	0.31946460010220606	0.4842336809603838
ENSG00000160712	IL6R	42203.0	0.5114444299387805	0.6767624661655552
ENSG00000134352	IL6ST	41182.0	0.4924377396837431	0.6599105967235775
ENSG00000104432	IL7	136.0	0.23114685094973078	0.37549842371999664
ENSG00000124334	IL9R	1187.0	0.035942527818575536	0.06939096881032795
ENSG00000143195	ILDR2	1560.0	0.07179731123640852	0.1339755390010902
ENSG00000129351	ILF3	1294967.0	0.8030772980116633	0.8907852135870755
ENSG00000166333	ILK	53858.0	0.3370515590733658	0.5041713713822031
ENSG00000132305	IMMT	63706.0	0.21422710591970692	0.352861676164678
ENSG00000106348	IMPDH1	94948.0	0.5584282687838682	0.7166557229093927
ENSG00000178035	IMPDH2	258830.0	0.6133678867487464	0.7603571284473789
ENSG00000112706	IMPG1	224.0	0.10420421863907608	0.18874084499968138
ENSG00000148798	INA	5795.0	0.0860371360634631	0.15844234641058438
ENSG00000196388	INCA1	4414.0	0.016359537152846545	0.03219242119511158
ENSG00000153487	ING1	41349.0	0.33297379104477554	0.4995954058238355
ENSG00000123999	INHA	6681.0	0.6571113739203447	0.7930805186205079
ENSG00000122641	INHBA	1704.0	0.3829818059461412	0.5538493771928277
ENSG00000163083	INHBB	138967.0	0.823838615844205	0.903411747823831
ENSG00000197852	INKA2	6433.0	0.15039555433875393	0.2614675513505459
ENSG00000241644	INMT	716.0	0.0477505233675702	0.09114865094811972
ENSG00000114933	INO80D	97368.0	0.2136320412853917	0.35205405595443584
ENSG00000109452	INPP4B	2807.0	0.2562590595414285	0.40797168003703094
ENSG00000168918	INPP5D	5156.0	0.4527025468979569	0.6232556662954022
ENSG00000165458	INPPL1	750121.0	0.5976201208357909	0.7481379497438321
ENSG00000188487	INSC	606.0	0.03799531955284259	0.07320903830127205
ENSG00000248099	INSL3	1804.0	0.5290397376828382	0.691989520801551
ENSG00000120211	INSL4	66.0	-0.0007924584667831746	0.0
ENSG00000173404	INSM1	73.0	-0.016349828962596426	0.0
ENSG00000171105	INSR	51461.0	0.8792196043074167	0.9357284292821665
ENSG00000027644	INSRR	463.0	0.1480486995567838	0.25791362267809637
ENSG00000119509	INVS	35758.0	0.13401946331521708	0.23636183972261227
ENSG00000086200	IPO11	40097.0	0.15541134528353312	0.2690147468569228
ENSG00000065150	IPO5	81650.0	0.3110322486079602	0.4744845123958024
ENSG00000205339	IPO7	185129.0	0.4356990501767207	0.6069503913415425
ENSG00000198700	IPO9	134210.0	0.2757028579698753	0.4322367959708464
ENSG00000197429	IPP	83620.0	0.31008800882380905	0.4733850042673158
ENSG00000140575	IQGAP1	155844.0	0.44439808450954543	0.6153401742573532
ENSG00000145703	IQGAP2	35364.0	0.2862850576052986	0.4451347015385236
ENSG00000144711	IQSEC1	38899.0	0.49187081317649184	0.6594013487390377
ENSG00000184216	IRAK1	78217.0	0.2360409958187389	0.3819306910000799
ENSG00000134070	IRAK2	4690.0	0.21062747911149066	0.347964147098454
ENSG00000198001	IRAK4	50041.0	0.39692679079762133	0.5682857446967323
ENSG00000125347	IRF1	65924.0	0.6772043205441214	0.807539441973798
ENSG00000170604	IRF2BP1	39632.0	0.30957557721995743	0.4727876460206174
ENSG00000119669	IRF2BPL	156229.0	0.521285090217346	0.6853220261862555
ENSG00000126456	IRF3	36115.0	0.36696891251576946	0.5369089364883944
ENSG00000137265	IRF4	457.0	0.7105145469404401	0.8307611861136427
ENSG00000128604	IRF5	10152.0	0.31706865127174727	0.48147627075564997
ENSG00000185507	IRF7	33534.0	0.6010297424839369	0.7508039688899996
ENSG00000140968	IRF8	2533.0	0.5149771450220703	0.6798480712586169
ENSG00000237693	IRGM	89.0	0.009919999285567086	0.01964511900464323
ENSG00000167378	IRGQ	91875.0	0.3735999775314067	0.5439720204463451
ENSG00000169047	IRS1	73123.0	0.7712362304354317	0.8708451387603278
ENSG00000185950	IRS2	32661.0	0.40159151753858524	0.5730507248557597
ENSG00000133124	IRS4	801.0	0.23849030286784195	0.38513067452461275
ENSG00000063241	ISOC2	30882.0	0.4081742591572292	0.5797212333671193
ENSG00000078747	ITCH	204801.0	0.4355135095504861	0.6067703391894402
ENSG00000213949	ITGA1	6958.0	0.6634241175328401	0.7976608136676755
ENSG00000164171	ITGA2	5901.0	0.38404790366282465	0.5549633110912678
ENSG00000005961	ITGA2B	12427.0	0.2366727332763927	0.3827572597147204
ENSG00000005884	ITGA3	194116.0	0.8205879463724371	0.9014537836609072
ENSG00000115232	ITGA4	7449.0	0.6158512807250938	0.7622623295489643
ENSG00000161638	ITGA5	18452.0	0.6525233866692669	0.7897296848360571
ENSG00000091409	ITGA6	80557.0	0.569814867525906	0.7259644169684265
ENSG00000156886	ITGAD	445.0	0.1567172677726334	0.2709690122883824
ENSG00000083457	ITGAE	748.0	0.4947750496987397	0.6620060320092415
ENSG00000005844	ITGAL	4278.0	0.7457245323485936	0.854343876745938
ENSG00000169896	ITGAM	4532.0	0.5978558897143671	0.7483226660963022
ENSG00000138448	ITGAV	34177.0	0.291014577100308	0.4508308151778475
ENSG00000140678	ITGAX	10492.0	0.6858140876229334	0.813629560528776
ENSG00000147166	ITGB1BP2	7377.0	0.19698586537265397	0.3291364937067606
ENSG00000160255	ITGB2	20152.0	0.8007890549674199	0.8893757464356733
ENSG00000259207	ITGB3	32487.0	0.7667288495879319	0.8679643735559784
ENSG00000132470	ITGB4	83081.0	0.6411008179188434	0.7813058295002903
ENSG00000082781	ITGB5	63741.0	0.4416139784479258	0.6126660604711636
ENSG00000115221	ITGB6	16374.0	0.6003118890681705	0.7502436158463086
ENSG00000139626	ITGB7	3614.0	0.49138589231091	0.6589654560155522
ENSG00000055957	ITIH1	71.0	0.010718145614199402	0.021208970395373943
ENSG00000123243	ITIH5	74403.0	0.6887639116177416	0.8157018359753369
ENSG00000113263	ITK	291.0	0.3790720026212138	0.5497493994522527
ENSG00000078596	ITM2A	4391.0	0.5261889711037785	0.6895462895701904
ENSG00000137825	ITPKA	8632.0	0.1374793371956208	0.24172630253586302
ENSG00000150995	ITPR1	12321.0	0.5540936872958964	0.7130762988427197
ENSG00000096433	ITPR3	529571.0	0.784377364723861	0.8791608549072201
ENSG00000138434	ITPRID2	78285.0	0.2518360026948619	0.40234663670437276
ENSG00000116679	IVNS1ABP	84469.0	0.2851503579470551	0.4437618620790247
ENSG00000101384	JAG1	61778.0	0.565219514060832	0.7222239551491624
ENSG00000162434	JAK1	118946.0	0.5068477595683561	0.6727259026002005
ENSG00000096968	JAK2	9541.0	0.30409628286798557	0.4663709066008731
ENSG00000105639	JAK3	27547.0	0.6302787001293354	0.7732158925701885
ENSG00000154721	JAM2	2109.0	0.30950960092273877	0.4727107013261217
ENSG00000166086	JAM3	9431.0	0.7602543850577207	0.8638005864507944
ENSG00000153814	JAZF1	4913.0	0.040309069381166546	0.07749441116599054
ENSG00000140044	JDP2	76747.0	0.29201072438825754	0.452025233035924
ENSG00000081692	JMJD4	30517.0	0.07837486385778152	0.145357364093972
ENSG00000104369	JPH1	6075.0	0.09464767124718435	0.17292810048980917
ENSG00000149596	JPH2	1892.0	0.2621951170506673	0.4154589310459869
ENSG00000206053	JPT2	139542.0	0.30218215557484274	0.46411656661267287
ENSG00000234616	JRK	29912.0	0.2294256431820462	0.3732241058324406
ENSG00000173801	JUP	29272.0	0.0407926222484326	0.07838760839850686
ENSG00000197256	KANK2	174170.0	0.4445705146939052	0.6155054532427677
ENSG00000108773	KAT2A	87059.0	0.6523531647002082	0.7896050053180571
ENSG00000114166	KAT2B	27452.0	0.24213341418815426	0.3898670004725864
ENSG00000172977	KAT5	38813.0	0.0555867302753018	0.10531911529582139
ENSG00000186625	KATNA1	18288.0	0.09776325928665537	0.17811355674297855
ENSG00000177272	KCNA3	1910.0	0.4576521004592682	0.6279304922142587
ENSG00000182255	KCNA4	69.0	-0.015763294143133218	0.0
ENSG00000130037	KCNA5	1058.0	0.12242713046238357	0.21814713336793587
ENSG00000170049	KCNAB3	4432.0	0.19457017733425733	0.3257576340444901
ENSG00000158445	KCNB1	3104.0	0.2336661488423543	0.37881585558884234
ENSG00000129159	KCNC1	267.0	0.1300410151198581	0.2301527349537225
ENSG00000131398	KCNC3	89406.0	0.6515966862980701	0.7890506098780994
ENSG00000116396	KCNC4	12035.0	0.4332060696905477	0.6045272607365999
ENSG00000180509	KCNE1	547.0	0.09683912494679388	0.17657853871959828
ENSG00000162975	KCNF1	10473.0	0.46811511715858933	0.6377090075396621
ENSG00000143473	KCNH1	96.0	-0.021897087214610894	0.0
ENSG00000055118	KCNH2	2943.0	0.13944470111387422	0.2447590496977323
ENSG00000135519	KCNH3	18960.0	0.3974288539785157	0.5688001258125244
ENSG00000089558	KCNH4	221.0	0.03297994185968479	0.06385398307020491
ENSG00000140015	KCNH5	83.0	0.07302523459641358	0.13611093614938113
ENSG00000173826	KCNH6	151.0	-0.00986160098997037	0.0
ENSG00000120049	KCNIP2	9607.0	0.1489816890009043	0.25932822154972923
ENSG00000151704	KCNJ1	124.0	0.009211498757980035	0.018254843051860734
ENSG00000177807	KCNJ10	205.0	-0.003463642691546337	0.0
ENSG00000187486	KCNJ11	1516.0	0.02695578746541213	0.052496490685233134
ENSG00000184185	KCNJ12	22066.0	0.4546879716295099	0.6251347099820703
ENSG00000115474	KCNJ13	79.0	-0.01720513917422256	0.0
ENSG00000157551	KCNJ15	8334.0	0.34907914470650636	0.5175072879544793
ENSG00000153822	KCNJ16	82.0	0.00918441046879976	0.018201649517224104
ENSG00000123700	KCNJ2	3419.0	0.6004313073336158	0.7503368680458508
ENSG00000157542	KCNJ6	95.0	-0.02113137614604705	0.0
ENSG00000121361	KCNJ8	2104.0	0.32364408070359785	0.48901979833062253
ENSG00000162728	KCNJ9	84.0	0.051008469786298076	0.09706576350744281
ENSG00000135750	KCNK1	7273.0	0.13191690549672555	0.2330858473022553
ENSG00000100433	KCNK10	86.0	-0.01112512659505227	0.0
ENSG00000184261	KCNK12	670.0	0.04690568632487936	0.0896082368021897
ENSG00000152315	KCNK13	5672.0	0.31254761369890677	0.47624575358163573
ENSG00000124249	KCNK15	40033.0	0.7579140519795672	0.8622879498870706
ENSG00000095981	KCNK16	118.0	-0.017885974766606957	0.0
ENSG00000124780	KCNK17	1784.0	0.6664864353823379	0.7998702194409731
ENSG00000186795	KCNK18	77.0	0.006872930491075389	0.013652031518462417
ENSG00000082482	KCNK2	215.0	0.06680082611316135	0.12523579749473387
ENSG00000171303	KCNK3	5303.0	0.5361558405352369	0.6980487609231446
ENSG00000182450	KCNK4	1797.0	0.025894216454916102	0.050481260230506524
ENSG00000099337	KCNK6	6300.0	0.2971142236564546	0.45811574376066116
ENSG00000169427	KCNK9	1199.0	0.19828359920967364	0.33094602870380824
ENSG00000156113	KCNMA1	87746.0	0.683258480384756	0.8118283535735737
ENSG00000145936	KCNMB1	1533.0	0.41026639404230436	0.5818282216402264
ENSG00000143603	KCNN3	8103.0	0.25326054537627746	0.40416264010008995
ENSG00000104783	KCNN4	30800.0	0.7544084898868508	0.8600146365405537
ENSG00000053918	KCNQ1	35821.0	0.35977852382549474	0.5291722402164758
ENSG00000075043	KCNQ2	81.0	-0.007206945442054136	0.0
ENSG00000117013	KCNQ4	16932.0	0.4202113575658574	0.5917589031059013
ENSG00000198553	KCNRG	481.0	0.0034662174037134166	0.006908488484408821
ENSG00000124134	KCNS1	446.0	0.05269371781170254	0.10011215402945525
ENSG00000107147	KCNT1	6315.0	0.7598817470774648	0.8635600071872522
ENSG00000162687	KCNT2	3263.0	0.21164320841455284	0.349349060754428
ENSG00000215262	KCNU1	81.0	0.02165643723058581	0.04239475510826345
ENSG00000164794	KCNV1	85.0	-0.006610952176912369	0.0
ENSG00000110906	KCTD10	39783.0	0.15680926431184422	0.2711065153945253
ENSG00000213859	KCTD11	5921.0	-0.013298135019580007	0.0
ENSG00000112078	KCTD20	54522.0	0.16973749038327757	0.29021467086202596
ENSG00000167977	KCTD5	26059.0	0.12660381308932112	0.22475303495051022
ENSG00000104756	KCTD9	6401.0	0.22868204740119463	0.37223958449606026
ENSG00000004487	KDM1A	208512.0	0.30053759621367815	0.4621744070892662
ENSG00000115548	KDM3A	117069.0	0.37172990296125896	0.5419870226037604
ENSG00000066135	KDM4A	388012.0	0.5913144333462116	0.7431773645172026
ENSG00000117139	KDM5B	157066.0	0.4294818399089653	0.6008916348826318
ENSG00000147050	KDM6A	27176.0	0.04628244443307497	0.08847026857676653
ENSG00000132510	KDM6B	102541.0	0.35534516285329654	0.524361133373904
ENSG00000155666	KDM8	13578.0	0.04896510196417564	0.0933588769969354
ENSG00000128052	KDR	14431.0	0.8125529921783206	0.8965839847824774
ENSG00000079999	KEAP1	192739.0	0.44090342947823247	0.6119819280850606
ENSG00000197993	KEL	20918.0	0.5356732759027426	0.6976396402911266
ENSG00000203908	KHDC3L	981.0	0.00608206290728643	0.012090590085089135
ENSG00000121774	KHDRBS1	238008.0	0.3364341029264865	0.5034802721507516
ENSG00000138030	KHK	4702.0	0.07220615805437909	0.13468707955455897
ENSG00000088247	KHSRP	83889.0	0.3154180765710066	0.4795708409196097
ENSG00000189367	KIAA0408	1005.0	0.09522304580664195	0.17388795126477513
ENSG00000122203	KIAA1191	97380.0	0.2045609450414922	0.3396439937448676
ENSG00000116685	KIAA2013	95349.0	0.0866544980879897	0.15948859226269546
ENSG00000138160	KIF11	31670.0	0.3814200547486102	0.5522144454722293
ENSG00000130294	KIF1A	125416.0	0.5452816177853744	0.7057375322523367
ENSG00000112984	KIF20A	50765.0	0.5818846673205419	0.7356853243999903
ENSG00000068796	KIF2A	63416.0	0.25816877211411415	0.4103881416168206
ENSG00000142945	KIF2C	63853.0	0.5975926460531381	0.7481164207027294
ENSG00000170759	KIF5B	142234.0	0.3373534173151981	0.504508999561913
ENSG00000125498	KIR2DL1	63.0	0.05992212751475206	0.11306892451666088
ENSG00000189013	KIR2DL4	154.0	0.11689644004712771	0.20932368634319443
ENSG00000167633	KIR3DL1	75.0	-0.016807700281286145	0.0
ENSG00000116014	KISS1R	196.0	0.004143504791764109	0.008252814009135826
ENSG00000157404	KIT	654.0	0.25806786758002576	0.410260645280506
ENSG00000049130	KITLG	4528.0	0.27488149881728285	0.4312267439323459
ENSG00000133116	KL	670.0	0.1537173834721978	0.26647320335864916
ENSG00000118922	KLF12	36191.0	0.14925820848394658	0.25974703923297054
ENSG00000266265	KLF14	358.0	0.030186325438798872	0.05860362284646182
ENSG00000129911	KLF16	29834.0	0.25353240974154584	0.40450874308677714
ENSG00000171872	KLF17	176.0	0.009927149319604783	0.019659139426626518
ENSG00000136826	KLF4	27778.0	0.3588089053610216	0.5281226873703625
ENSG00000102554	KLF5	33507.0	0.16195755356401922	0.2787667295887948
ENSG00000165516	KLHDC2	74314.0	0.29594616288251746	0.4567260143342021
ENSG00000150361	KLHL1	63.0	-0.012701762549186927	0.0
ENSG00000003096	KLHL13	5352.0	0.47720644295910053	0.6460930971884652
ENSG00000197705	KLHL14	142488.0	0.7469245626882434	0.8551308724388686
ENSG00000114796	KLHL24	134142.0	0.4798548892993769	0.64851613866892
ENSG00000167487	KLHL26	18748.0	0.18727438630417678	0.3154694289112669
ENSG00000102271	KLHL4	1565.0	0.5146890361208684	0.6795969652477203
ENSG00000145332	KLHL8	18357.0	0.14125373141793926	0.2475413267520098
ENSG00000129451	KLK10	19377.0	0.4475905572255964	0.6183938614292062
ENSG00000174562	KLK15	739.0	0.118152009012374	0.21133443048898817
ENSG00000167749	KLK4	739.0	0.3293808152576309	0.495540196574595
ENSG00000167755	KLK6	143844.0	0.7329872778937518	0.8459234378045916
ENSG00000111796	KLRB1	130.0	0.10968902698578675	0.19769327139105192
ENSG00000134545	KLRC1	187.0	0.11553721238890229	0.2071418346349585
ENSG00000205809	KLRC2	78.0	-0.01624952811572812	0.0
ENSG00000134539	KLRD1	707.0	0.01129573732469551	0.022339137618788956
ENSG00000150045	KLRF1	23721.0	0.40182361267027467	0.5732869799572826
ENSG00000139187	KLRG1	2955.0	0.10369698142349916	0.1879084262598153
ENSG00000213809	KLRK1	625.0	0.33887093768628546	0.5062040382650941
ENSG00000117009	KMO	1645.0	0.15437457733334678	0.2674601127997092
ENSG00000118058	KMT2A	95783.0	0.11084268668140018	0.1995650473471423
ENSG00000167548	KMT2D	166675.0	0.3186239759165701	0.48326737832155053
ENSG00000171798	KNDC1	765.0	0.32291016439036396	0.4881815456292461
ENSG00000128944	KNSTRN	56447.0	0.3178645024568907	0.48239329895341576
ENSG00000114030	KPNA1	72336.0	0.1583862058920672	0.2734601035241003
ENSG00000182481	KPNA2	260495.0	0.6372076074017933	0.7784078262536606
ENSG00000102753	KPNA3	57555.0	0.34034812892363314	0.5078503436222197
ENSG00000025800	KPNA6	134799.0	0.29898719465405427	0.4603389408063879
ENSG00000108424	KPNB1	260301.0	0.2785546029475806	0.4357336046585741
ENSG00000133703	KRAS	18482.0	0.06472763356635686	0.1215853360535943
ENSG00000163463	KRTCAP2	152535.0	0.39134659062511723	0.5625436440668452
ENSG00000105700	KXD1	65996.0	0.13226697096903645	0.2336321280410351
ENSG00000198910	L1CAM	52219.0	0.7521154351111538	0.8585226978077958
ENSG00000179630	LACC1	5447.0	0.11040006005950923	0.19884735966889736
ENSG00000135413	LACRT	95.0	-0.004006732820111025	0.0
ENSG00000159166	LAD1	145693.0	0.6561141184463672	0.7923537528463083
ENSG00000089692	LAG3	26618.0	0.3974001483827122	0.5687707258978686
ENSG00000167613	LAIR1	2815.0	0.4912729314499826	0.6588638754038296
ENSG00000053747	LAMA3	49686.0	0.7571252304650276	0.8617771998694168
ENSG00000196878	LAMB3	106931.0	0.7360760819647151	0.8479767558708587
ENSG00000135862	LAMC1	266296.0	0.6732761942286505	0.8047400621019632
ENSG00000058085	LAMC2	25070.0	0.44901870226463386	0.6197555650080625
ENSG00000185896	LAMP1	267459.0	0.513626390016056	0.6786699721991603
ENSG00000005893	LAMP2	327978.0	0.723967271729831	0.8398851690535879
ENSG00000078081	LAMP3	14682.0	0.672547468020363	0.8042192892933485
ENSG00000115365	LANCL1	25774.0	0.1209958904272658	0.21587213915859835
ENSG00000132434	LANCL2	71564.0	0.325175295706663	0.49076570739007025
ENSG00000104341	LAPTM4B	146440.0	0.5643138810201022	0.7214842083381736
ENSG00000161813	LARP4	103496.0	0.20535304129766133	0.34073509463514845
ENSG00000107929	LARP4B	188219.0	0.31702205642203146	0.48142254698951487
ENSG00000002834	LASP1	46708.0	0.28281996274344073	0.4409347702051682
ENSG00000213658	LAT	5593.0	0.13109828064463488	0.2318070549447205
ENSG00000131023	LATS1	97850.0	0.16752721868362816	0.2869778382940193
ENSG00000150457	LATS2	19642.0	0.2868198952222746	0.4457809461715413
ENSG00000213626	LBH	62359.0	0.594494708020744	0.7456841405998693
ENSG00000129988	LBP	180.0	0.6218136307046984	0.7668126829523717
ENSG00000213398	LCAT	4865.0	0.1378816927224133	0.24234802898098753
ENSG00000182866	LCK	1265.0	0.20773689412329774	0.34401018157865415
ENSG00000122367	LDB3	1769.0	0.33780304293265256	0.5050116229249124
ENSG00000134333	LDHA	365052.0	0.7599629887506233	0.8636124664077304
ENSG00000130164	LDLR	163916.0	0.756865962834864	0.8616092278475149
ENSG00000168675	LDLRAD4	6632.0	0.144721733839981	0.25285050429594
ENSG00000138795	LEF1	11178.0	0.37561058477313786	0.5461001666181313
ENSG00000167615	LENG8	100996.0	0.6863198746361815	0.8139853950120264
ENSG00000174697	LEP	138.0	0.0027517376170776344	0.005488372672615492
ENSG00000116678	LEPR	20619.0	0.2687646405220809	0.4236635100604436
ENSG00000104660	LEPROTL1	7021.0	0.13000556306280903	0.23009720892070146
ENSG00000006659	LGALS14	75.0	0.03672679796650451	0.07085144907711956
ENSG00000116977	LGALS8	22682.0	0.291575441200395	0.45150353885546746
ENSG00000168961	LGALS9	26215.0	0.6298299142002627	0.7728780883363678
ENSG00000119862	LGALSL	9770.0	0.09778932004789218	0.17815680707046053
ENSG00000100600	LGMN	142925.0	0.7008077651728484	0.824088153315348
ENSG00000205213	LGR4	211766.0	0.6346219079508957	0.7764754710114405
ENSG00000139292	LGR5	18910.0	0.7277871073163836	0.8424499803645253
ENSG00000133067	LGR6	15639.0	0.4850646993484256	0.6532573288709219
ENSG00000138039	LHCGR	1667.0	0.7314230398317448	0.8448807980547869
ENSG00000128342	LIF	9326.0	0.6257622342564138	0.769807812078527
ENSG00000113594	LIFR	4546.0	0.19259833900205775	0.32298944699725163
ENSG00000005156	LIG3	80537.0	0.2980217217198009	0.45919373571798167
ENSG00000174405	LIG4	19507.0	0.14493277344400207	0.25317254742920614
ENSG00000104974	LILRA1	136.0	0.007629747137337455	0.015143949767289947
ENSG00000239998	LILRA2	201.0	0.2553919786577985	0.40687208935467417
ENSG00000239961	LILRA4	174.0	0.24365431611899088	0.39183608010841886
ENSG00000187116	LILRA5	468.0	0.38730625119235046	0.5583572493232432
ENSG00000244482	LILRA6	360.0	0.11439389400167141	0.2053024421928497
ENSG00000104972	LILRB1	2322.0	0.46432505066926616	0.6341830325951844
ENSG00000131042	LILRB2	843.0	0.3310187744677359	0.4973915932930514
ENSG00000204577	LILRB3	862.0	0.3120319373632575	0.47564686266759126
ENSG00000186818	LILRB4	672.0	0.3245536500607644	0.4900573865707522
ENSG00000105609	LILRB5	3674.0	0.6313848368988358	0.7740476956976753
ENSG00000105370	LIM2	83.0	-0.019286525543561275	0.0
ENSG00000106683	LIMK1	46771.0	0.33180607472006374	0.49827986374038286
ENSG00000131914	LIN28A	200.0	0.03423906432870931	0.06621112179887106
ENSG00000187772	LIN28B	59.0	-0.0006487220211737051	0.0
ENSG00000174482	LINGO2	65.0	0.009857405038987029	0.019522370167907952
ENSG00000140471	LINS1	21787.0	0.15350511962650243	0.2661542060189666
ENSG00000107798	LIPA	7067.0	0.44448386487413105	0.6154224019842026
ENSG00000166035	LIPC	1729.0	0.12563952979963044	0.2232322630353874
ENSG00000079435	LIPE	893.0	0.060416919895132024	0.11394936984050923
ENSG00000182333	LIPF	491.0	0.09131303016576556	0.167345257761461
ENSG00000101670	LIPG	2065.0	0.30204884485199884	0.4639593146543317
ENSG00000139636	LMBR1L	34691.0	0.20268290100391748	0.33705127234241317
ENSG00000113368	LMNB1	116096.0	0.4966385636937439	0.663672012390255
ENSG00000166407	LMO1	1759.0	0.07595731164412961	0.1411901955999762
ENSG00000135363	LMO2	5598.0	0.5716030703968163	0.727414041323413
ENSG00000136944	LMX1B	2766.0	0.2115362383444141	0.3492033199658677
ENSG00000196365	LONP1	112361.0	0.3357794504826224	0.5027468424690977
ENSG00000175556	LONRF3	15501.0	0.3792704038053042	0.5499580107844342
ENSG00000113083	LOX	2180.0	0.5107714431675258	0.6761730180663569
ENSG00000129038	LOXL1	75838.0	0.47214355665145885	0.6414368415610195
ENSG00000134013	LOXL2	17641.0	0.8070932594701231	0.8932502572742476
ENSG00000198670	LPA	125.0	-0.0058072778321805775	0.0
ENSG00000198121	LPAR1	2199.0	0.04836974564633264	0.0922761188925995
ENSG00000171517	LPAR3	68749.0	0.731855324280984	0.8451691247186933
ENSG00000184574	LPAR5	38981.0	0.5636349844442341	0.720929104364556
ENSG00000139679	LPAR6	968.0	0.1834544862541145	0.31003217848248144
ENSG00000153395	LPCAT1	52596.0	0.22029893532978398	0.3610573261218957
ENSG00000134324	LPIN1	53843.0	0.2341462897524303	0.3794465724146852
ENSG00000175445	LPL	8998.0	0.5047964313043425	0.6709165715747877
ENSG00000110031	LPXN	19264.0	0.16641973998700454	0.2853513778648134
ENSG00000168672	LRATD2	225693.0	0.6706986256987867	0.8028960045600805
ENSG00000198589	LRBA	158973.0	0.5910400719804696	0.7429606361136638
ENSG00000136141	LRCH1	17646.0	0.10257492926032497	0.18606432368118245
ENSG00000171236	LRG1	15185.0	0.75895754299188	0.8629628907369069
ENSG00000121931	LRIF1	12089.0	0.12480533445830437	0.22191454936228486
ENSG00000123384	LRP1	77078.0	0.6012141816888513	0.7509478601478932
ENSG00000081479	LRP2	2676.0	0.41872179858260655	0.5902803481287682
ENSG00000162337	LRP5	20669.0	0.19385261777210724	0.3247513384589512
ENSG00000070018	LRP6	443197.0	0.6770524676599802	0.8074314676686091
ENSG00000138095	LRPPRC	95115.0	0.25820109251420476	0.41042897522565885
ENSG00000172061	LRRC15	123.0	0.2503979499264649	0.400509213792602
ENSG00000172731	LRRC20	13595.0	0.15978524472607158	0.2755428135556442
ENSG00000160233	LRRC3	3818.0	0.10093911421903125	0.18336911263368824
ENSG00000137507	LRRC32	8724.0	0.5330483928781358	0.6954097409507001
ENSG00000162494	LRRC38	183.0	0.023671407931675395	0.046248059188257286
ENSG00000179796	LRRC3B	847.0	0.21263885160722015	0.3507043359618416
ENSG00000169683	LRRC45	25707.0	0.16609992342820096	0.28488111540199074
ENSG00000130764	LRRC47	130060.0	0.236298004133873	0.3822670639987305
ENSG00000108829	LRRC59	169614.0	0.4475751375004792	0.618379144412918
ENSG00000188906	LRRK2	941.0	0.1297328385669335	0.22966994343813119
ENSG00000162951	LRRTM1	93.0	0.06253307617191953	0.11770565561537695
ENSG00000144771	LRTM1	59.0	0.0012770577719198972	0.002550857950868574
ENSG00000041802	LSG1	77285.0	0.14498373721241264	0.25325029954642203
ENSG00000161654	LSM12	31190.0	0.08837265418750426	0.1623941098620794
ENSG00000226979	LTA	692.0	0.3746475106634047	0.5450815685580369
ENSG00000111144	LTA4H	157669.0	0.5578121728080211	0.7161481756848023
ENSG00000213903	LTB4R	15680.0	0.15288878453176744	0.26522729092878017
ENSG00000213906	LTB4R2	12294.0	0.09283377982267742	0.16989551665897548
ENSG00000049323	LTBP1	53128.0	0.5196167718713154	0.6838787008535566
ENSG00000119681	LTBP2	67339.0	0.5229493835808988	0.6867587186007352
ENSG00000111321	LTBR	273302.0	0.5468121946743726	0.7070182101706081
ENSG00000062524	LTK	3649.0	0.11301597408905215	0.20308059672108492
ENSG00000007392	LUC7L	64026.0	0.39149880711297524	0.5627008878652809
ENSG00000171357	LURAP1	27897.0	0.6628024298636708	0.7972112837458535
ENSG00000054219	LY75	14436.0	0.27479452016551065	0.431119707244793
ENSG00000122224	LY9	244.0	0.12325722565591643	0.21946393549160823
ENSG00000154589	LY96	1794.0	0.18891347877683493	0.3177918025981013
ENSG00000145220	LYAR	19361.0	0.10338652894616472	0.18739857019082576
ENSG00000254087	LYN	12183.0	0.22402885587041765	0.3660515923231381
ENSG00000162441	LZIC	30739.0	0.12093641363489531	0.21577747348349768
ENSG00000061337	LZTS1	2043.0	0.405634956198251	0.5771554761207008
ENSG00000180660	MAB21L1	402.0	0.15652272116154872	0.2706781601391208
ENSG00000181541	MAB21L2	77.0	0.035698195254730114	0.06893551696486279
ENSG00000183742	MACC1	42988.0	0.5815166991780631	0.7353911589808514
ENSG00000002822	MAD1L1	107694.0	0.3058971694667305	0.4684858450097493
ENSG00000164109	MAD2L1	35606.0	0.4332756349569084	0.6045949912068865
ENSG00000090316	MAEA	114199.0	0.14847988043444016	0.2585676649002751
ENSG00000178573	MAF	5054.0	0.6449928072888494	0.784189212780665
ENSG00000204103	MAFB	13046.0	0.42481274299027083	0.59630677094972
ENSG00000185022	MAFF	5265.0	0.2783119764777252	0.4354367034009789
ENSG00000124260	MAGEA10	2154.0	0.6056758828380314	0.7544186087761369
ENSG00000185247	MAGEA11	31639.0	0.3905363861692858	0.5617061014061683
ENSG00000147381	MAGEA4	3238.0	0.09530195366975602	0.17401950822866963
ENSG00000155495	MAGEC1	83.0	0.16799127186076632	0.2876584370243345
ENSG00000046774	MAGEC2	95.0	0.2698948458106016	0.4250664481409432
ENSG00000151276	MAGI1	15171.0	0.3154172350501406	0.47956986824506315
ENSG00000081026	MAGI3	14598.0	0.184946134173733	0.3121595637808407
ENSG00000111837	MAK	10584.0	0.3117125365328856	0.47527568404096093
ENSG00000172005	MAL	57142.0	0.7742153225760665	0.8727411072653198
ENSG00000147676	MAL2	64181.0	0.4196278017207547	0.5911800279088882
ENSG00000144063	MALL	23440.0	0.6144870570257603	0.7612164549126587
ENSG00000172175	MALT1	35929.0	0.13114908080823634	0.23188646489378184
ENSG00000184384	MAML2	22750.0	0.20315234111424788	0.33770011356351937
ENSG00000111885	MAN1A1	8319.0	0.6603142114983896	0.7954087327873602
ENSG00000177239	MAN1B1	201207.0	0.268513402762257	0.4233513058317783
ENSG00000104774	MAN2B1	125263.0	0.31186316414499426	0.4754507522867308
ENSG00000172469	MANEA	17511.0	0.2049886529342665	0.34023333321039806
ENSG00000189221	MAOA	10419.0	0.31274224832388353	0.4764716740444585
ENSG00000069535	MAOB	22519.0	0.6312977143587751	0.7739822213959558
ENSG00000166963	MAP1A	5682.0	0.21873623478100512	0.3589558241374679
ENSG00000131711	MAP1B	30309.0	0.3592409354494921	0.528590518546579
ENSG00000101460	MAP1LC3A	34222.0	0.22872808950962667	0.37230057888708284
ENSG00000140941	MAP1LC3B	14319.0	0.15026788818745002	0.2612745947802414
ENSG00000130479	MAP1S	145559.0	0.38685930970260757	0.5578926528395503
ENSG00000078018	MAP2	4608.0	0.26241887343840287	0.4157397817154974
ENSG00000169032	MAP2K1	9960.0	0.07519064778923568	0.13986477271512676
ENSG00000065559	MAP2K4	30003.0	0.05099263868165334	0.0970370996044608
ENSG00000137764	MAP2K5	25361.0	0.1184647778573868	0.2118346150950352
ENSG00000095015	MAP3K1	54311.0	0.19561885618043237	0.32722611419054315
ENSG00000006062	MAP3K14	5500.0	0.0939281317808979	0.1717263301895059
ENSG00000180815	MAP3K15	2176.0	0.3997006025743436	0.5711229985029801
ENSG00000091436	MAP3K20	53620.0	0.4414008462898207	0.6124609228945447
ENSG00000197442	MAP3K5	6801.0	0.33416681940016596	0.500937086039069
ENSG00000135341	MAP3K7	135045.0	0.4719881642375867	0.6412934230107101
ENSG00000156265	MAP3K7CL	1625.0	0.1329498352363699	0.23469677315171203
ENSG00000047849	MAP4	195192.0	0.289287230890068	0.44875528735417114
ENSG00000168067	MAP4K2	34041.0	0.25744277527606013	0.40947036372218354
ENSG00000011566	MAP4K3	52506.0	0.1036023486660574	0.18775304128571907
ENSG00000071054	MAP4K4	46830.0	0.22987799442715026	0.37382243680881905
ENSG00000012983	MAP4K5	24237.0	0.140885254438741	0.2469753270815119
ENSG00000135525	MAP7	220906.0	0.6120572416629863	0.7593492660739424
ENSG00000116871	MAP7D1	168025.0	0.4160416026573319	0.5876121180007589
ENSG00000100030	MAPK1	72823.0	0.19834290543266736	0.3310286305088187
ENSG00000109339	MAPK10	9331.0	0.41612182865092223	0.5876921324591733
ENSG00000185386	MAPK11	4141.0	0.42954103151796985	0.6009495663959475
ENSG00000188130	MAPK12	4932.0	0.4940635240427893	0.6613688321710738
ENSG00000112062	MAPK14	88322.0	0.2536356256843017	0.40464010512760235
ENSG00000181085	MAPK15	61890.0	0.6219755524053331	0.7669357919519381
ENSG00000102882	MAPK3	160276.0	0.33625185877104596	0.5032761699284708
ENSG00000166484	MAPK7	35039.0	0.06912280674707352	0.12930751511584987
ENSG00000107643	MAPK8	37471.0	0.056434202052033686	0.10683902876755608
ENSG00000121653	MAPK8IP1	61864.0	0.5119719251808661	0.6772241159433203
ENSG00000008735	MAPK8IP2	6520.0	0.23964208901351988	0.38663109479321056
ENSG00000138834	MAPK8IP3	111674.0	0.4946633356356197	0.6619060277212987
ENSG00000050748	MAPK9	37943.0	0.09022791167785697	0.16552119187445224
ENSG00000162889	MAPKAPK2	161800.0	0.17974755504817724	0.30472206410436153
ENSG00000166974	MAPRE2	5457.0	0.47444735753696443	0.643559575201816
ENSG00000186868	MAPT	2190.0	0.16846447221219732	0.28835189467635536
ENSG00000019169	MARCO	1495.0	0.7960657025557971	0.8864549903970635
ENSG00000072518	MARK2	107919.0	0.1896163472766086	0.31878571223520547
ENSG00000130368	MAS1	60.0	0.013476847702770127	0.02659527493561961
ENSG00000127241	MASP1	588.0	0.20389970456993667	0.338732045196032
ENSG00000009724	MASP2	81.0	0.052170826933527974	0.09916797842718353
ENSG00000151224	MAT1A	13136.0	0.33744312880673044	0.5046093124091159
ENSG00000088888	MAVS	189546.0	0.42255421319562736	0.5940781859503282
ENSG00000125952	MAX	56951.0	0.1979688079060464	0.3305074499428412
ENSG00000165471	MBL2	59.0	0.028721865938309745	0.05583990559413682
ENSG00000152601	MBNL1	61816.0	0.09000913468534381	0.16515299151383173
ENSG00000258839	MC1R	9142.0	0.12953333625864438	0.22935726126985845
ENSG00000166603	MC4R	76.0	0.023854306211031514	0.04659707160740269
ENSG00000076706	MCAM	69116.0	0.7487576495561576	0.8563309498559685
ENSG00000078070	MCCC1	76318.0	0.14895430016286046	0.2592867273167378
ENSG00000128285	MCHR1	227.0	0.013052801869523062	0.025769242916923906
ENSG00000152034	MCHR2	774.0	0.026242975837058195	0.05114378652024981
ENSG00000073111	MCM2	111683.0	0.5926479940861341	0.744229730972282
ENSG00000112118	MCM3	244292.0	0.7414628320193184	0.8515402320238474
ENSG00000160294	MCM3AP	131804.0	0.16128337082675143	0.277767468093389
ENSG00000104738	MCM4	96207.0	0.5807196688333834	0.7347535180124268
ENSG00000100297	MCM5	98421.0	0.4718407942118636	0.6411573806996201
ENSG00000076003	MCM6	62259.0	0.49592994931325923	0.6630390006442844
ENSG00000166508	MCM7	245187.0	0.5143453781202778	0.6792973195569467
ENSG00000111877	MCM9	110690.0	0.4547061788760292	0.6251519179321222
ENSG00000147316	MCPH1	10745.0	0.25890472441107754	0.4113174244098489
ENSG00000140563	MCTP2	6911.0	0.5077567424598176	0.6735260777298093
ENSG00000232119	MCTS1	115093.0	0.414986042611236	0.5865584961465976
ENSG00000137337	MDC1	27182.0	0.23845032710368028	0.3850785483844727
ENSG00000135272	MDFIC	6391.0	0.5366354439153291	0.6984551163911569
ENSG00000111554	MDM1	11589.0	0.10391487936653467	0.18826610875317612
ENSG00000135679	MDM2	61459.0	0.464140963853484	0.634011308080484
ENSG00000198625	MDM4	76260.0	0.28539699087802056	0.44406046210373257
ENSG00000065833	ME1	11207.0	0.3659282910076171	0.5357942923016542
ENSG00000085276	MECOM	82381.0	0.6062482531400428	0.7548624590935961
ENSG00000125686	MED1	45880.0	0.1774695407708976	0.30144226177554795
ENSG00000184634	MED12	193665.0	0.28834627483245145	0.4476223209011889
ENSG00000144893	MED12L	2775.0	0.09954571889764274	0.18106699373527277
ENSG00000068305	MEF2A	60207.0	0.1750717955481306	0.29797633848656135
ENSG00000081189	MEF2C	2278.0	0.38877739931510413	0.5598843983302657
ENSG00000214548	MEG3	64785.0	0.9495841860519703	0.9741402221516143
ENSG00000145794	MEGF10	848.0	0.0938935527205852	0.17166853664520784
ENSG00000105429	MEGF8	48889.0	0.3875182161931875	0.558577482689038
ENSG00000162039	MEIOB	2843.0	0.08309673923056077	0.1534428758221417
ENSG00000143995	MEIS1	136692.0	0.587914148556264	0.7404860635454343
ENSG00000134138	MEIS2	16097.0	0.32160904608595053	0.48669316699733717
ENSG00000105419	MEIS3	17238.0	0.3622118269039274	0.5317995626673899
ENSG00000165304	MELK	30508.0	0.34894274799102953	0.5173573874958108
ENSG00000163975	MELTF	24154.0	0.5822737172869781	0.7359961944958108
ENSG00000133895	MEN1	83051.0	0.1558357227333914	0.2696502966093858
ENSG00000146834	MEPCE	108939.0	0.19958240825613022	0.3327531428979011
ENSG00000153208	MERTK	16365.0	0.1643603243225872	0.28231866182525645
ENSG00000106484	MEST	70483.0	0.421833425917676	0.5933654649389289
ENSG00000105976	MET	18494.0	0.36484632557160285	0.5346335609158106
ENSG00000176845	METRNL	39571.0	0.24548962050786444	0.39420580704279634
ENSG00000127804	METTL16	25630.0	0.13160976844592975	0.23260627844645246
ENSG00000171806	METTL18	6606.0	0.012098809917771952	0.02390835716673735
ENSG00000087995	METTL2A	62060.0	0.2397828018381966	0.3868142088802592
ENSG00000165819	METTL3	85699.0	0.21262577131631105	0.35068654542201383
ENSG00000197614	MFAP5	10590.0	0.5352549329945265	0.6972847590211062
ENSG00000168958	MFF	39484.0	0.17440179792662536	0.2970053319647961
ENSG00000140545	MFGE8	200671.0	0.6731034378417038	0.8046166454717281
ENSG00000116688	MFN2	40967.0	0.17663907674932283	0.30024343103973744
ENSG00000235718	MFRP	71.0	-0.0021988583633841606	0.0
ENSG00000182544	MFSD5	17911.0	0.12389028282643925	0.22046686357118625
ENSG00000257335	MGAM	1449.0	0.1377763957863707	0.24218536488647568
ENSG00000170430	MGMT	268743.0	0.7331736846781796	0.846047561372151
ENSG00000225783	MIAT	1371.0	0.30288107835978806	0.46494048212149724
ENSG00000204520	MICA	24796.0	0.23081939114012295	0.3750662246656874
ENSG00000133816	MICAL2	81082.0	0.49518452167405563	0.6623724557014963
ENSG00000204516	MICB	12317.0	0.2904222907536092	0.4501197675126985
ENSG00000080561	MID2	77300.0	0.25301346492692317	0.4038479585559428
ENSG00000141741	MIEN1	290258.0	0.5071580795008843	0.6729991848882056
ENSG00000116691	MIIP	47038.0	0.19637540507810036	0.32828392199400125
ENSG00000143409	MINDY1	6778.0	0.06901039638813682	0.12911080494876775
ENSG00000128923	MINDY2	30427.0	0.11585712240225994	0.20765583707139545
ENSG00000107789	MINPP1	33583.0	0.15481209496391665	0.2681165111433197
ENSG00000151338	MIPOL1	7989.0	0.15054880343725263	0.2616991178253189
ENSG00000158411	MITD1	39404.0	0.1328586648845704	0.2345547048415041
ENSG00000187098	MITF	8338.0	0.21725290323454255	0.3569560650169702
ENSG00000148773	MKI67	60685.0	0.4649237352861328	0.6347412142862476
ENSG00000079277	MKNK1	43456.0	0.20163522767428307	0.33560139222039953
ENSG00000075975	MKRN2	30115.0	0.0802079529438974	0.1485046517669235
ENSG00000179455	MKRN3	7437.0	0.1020364946888723	0.1851780683863456
ENSG00000150051	MKX	22786.0	0.3746018429996809	0.5450332325791416
ENSG00000120215	MLANA	49.0	-0.005472161516972386	0.0
ENSG00000178053	MLF1	85284.0	0.6277737001104517	0.7713279801336691
ENSG00000076242	MLH1	42150.0	0.2033042325446572	0.3379099433810263
ENSG00000115648	MLPH	120512.0	0.6646542852753713	0.7985493338220945
ENSG00000175727	MLXIP	46468.0	0.3230783014207738	0.4883736677925102
ENSG00000009950	MLXIPL	221933.0	0.7765722800514403	0.8742366283334724
ENSG00000132763	MMACHC	16756.0	0.0711132664226066	0.13278384023776796
ENSG00000168288	MMADHC	104273.0	0.2628427433669371	0.41627153459528465
ENSG00000196549	MME	2614.0	0.5494454783960335	0.7092156336663263
ENSG00000142606	MMEL1	2124.0	0.08065023015250955	0.14926241239244928
ENSG00000099953	MMP11	16045.0	0.7776616022144581	0.8749264778467557
ENSG00000262406	MMP12	1184.0	0.870099766830321	0.9305383405347137
ENSG00000157227	MMP14	238197.0	0.6848385407440978	0.812942634184571
ENSG00000154485	MMP21	635.0	0.1455772587451716	0.2541552874480631
ENSG00000118113	MMP8	64.0	0.6255921162741264	0.7696790726421456
ENSG00000100985	MMP9	4571.0	0.9432417117741859	0.9707919566146028
ENSG00000173269	MMRN2	26316.0	0.6593131006662939	0.7946819685827201
ENSG00000138587	MNS1	12528.0	0.2589170200948472	0.4113329408722114
ENSG00000130675	MNX1	364.0	-0.00949755681492122	0.0
ENSG00000182208	MOB2	14567.0	0.1262125248943933	0.22413624800741486
ENSG00000115540	MOB4	14892.0	0.07413975681047817	0.13804489842295153
ENSG00000204655	MOG	216.0	0.03449338134638961	0.06668651915683904
ENSG00000061987	MON2	39187.0	0.16457221674976155	0.28263119175051404
ENSG00000155363	MOV10	133097.0	0.3742155042021139	0.5446241918502993
ENSG00000129255	MPDU1	99769.0	0.35792092951994686	0.5271601928198858
ENSG00000107186	MPDZ	46534.0	0.31698539029650286	0.48138026834927533
ENSG00000051825	MPHOSPH9	50399.0	0.3235898260316088	0.4889578624244897
ENSG00000178802	MPI	16459.0	0.07438429214466385	0.1384686888825961
ENSG00000117400	MPL	1522.0	0.03546187106289748	0.0684947887583654
ENSG00000168303	MPLKIP	10715.0	0.12096314432070075	0.21582002037007908
ENSG00000005381	MPO	588.0	0.020114743406377526	0.03943623702410215
ENSG00000150054	MPP7	41066.0	0.2859190779045596	0.4446921782519513
ENSG00000186732	MPPED1	1008.0	0.1286700972942525	0.22800302338603956
ENSG00000066382	MPPED2	17884.0	0.34135794893119686	0.5089736847695177
ENSG00000158887	MPZ	21483.0	0.273286963257385	0.4292621712834456
ENSG00000197965	MPZL1	82180.0	0.36148580945786807	0.5310166392432817
ENSG00000153029	MR1	6709.0	0.28533030564768297	0.4439797371834377
ENSG00000170262	MRAP	115.0	-0.003306797095528596	0.0
ENSG00000135324	MRAP2	8943.0	0.15256998351514317	0.2647474525578578
ENSG00000260314	MRC1	5897.0	0.6719480041650092	0.8037905514897732
ENSG00000011028	MRC2	82235.0	0.871106360484362	0.9311136757173589
ENSG00000020922	MRE11	29782.0	0.14913477402405073	0.25956010973684
ENSG00000178988	MRFAP1L1	61311.0	0.19145036593489762	0.32137363235382765
ENSG00000183695	MRGPRX2	74.0	-0.01721422648865778	0.0
ENSG00000171861	MRM3	12826.0	0.09765626824373538	0.17793597334434524
ENSG00000278845	MRPL45	101095.0	0.39150905564796334	0.5627114736463646
ENSG00000196588	MRTFA	20352.0	0.25696718061367035	0.408868560097512
ENSG00000186260	MRTFB	45401.0	0.16115072689489182	0.27757072904020896
ENSG00000156738	MS4A1	137.0	0.00935534223143051	0.018537262032513154
ENSG00000149534	MS4A2	32.0	0.033843715955507545	0.06547162870594657
ENSG00000178860	MSC	1054.0	0.2881174006273787	0.44734649262101556
ENSG00000095002	MSH2	103367.0	0.4249107193873171	0.5964032884390401
ENSG00000113318	MSH3	70561.0	0.17145079938082153	0.2927153226946331
ENSG00000116062	MSH6	157683.0	0.47457464293052004	0.6436766632408196
ENSG00000135097	MSI1	85584.0	0.42306980322139687	0.5945875631169962
ENSG00000153944	MSI2	63123.0	0.4118618920878815	0.5834308502778757
ENSG00000102854	MSLN	50965.0	0.5413465838092456	0.7024333002008868
ENSG00000147065	MSN	166860.0	0.45728000424296106	0.6275801533151653
ENSG00000038945	MSR1	16840.0	0.8252972607937493	0.9042880614797618
ENSG00000173531	MST1	72741.0	0.4379989853557917	0.6091784344999678
ENSG00000164078	MST1R	6865.0	0.22675944772956755	0.3696885288297457
ENSG00000138379	MSTN	200.0	-0.012037529188457912	0.0
ENSG00000205362	MT1A	88.0	-0.010594783322770501	0.0
ENSG00000182979	MTA1	293515.0	0.4690220960567178	0.638550090316149
ENSG00000149480	MTA2	37257.0	0.22409422923556357	0.3661388541558741
ENSG00000099810	MTAP	32628.0	0.09741668628389054	0.17753819037282223
ENSG00000109919	MTCH2	120237.0	0.2690423762355487	0.4240084984925852
ENSG00000168502	MTCL1	8161.0	0.19952779943209967	0.33267724103862106
ENSG00000120832	MTERF2	25508.0	0.14402764609449567	0.25179049927015335
ENSG00000117640	MTFR1L	36331.0	0.20981288862949862	0.34685179931779214
ENSG00000100714	MTHFD1	78424.0	0.41028874154264744	0.5818506940555339
ENSG00000177000	MTHFR	44399.0	0.25870367765480806	0.41106367169248237
ENSG00000168412	MTNR1A	115.0	-0.007184595240197739	0.0
ENSG00000198793	MTOR	42069.0	0.13921655573349737	0.24440753609635038
ENSG00000107951	MTPAP	59391.0	0.21694025631125585	0.3565339468164807
ENSG00000116984	MTR	103592.0	0.3135101974621975	0.4773624111452249
ENSG00000130349	MTRES1	24572.0	0.05839695524116444	0.11034981714938553
ENSG00000039123	MTREX	44702.0	0.08015483812674899	0.14841360756344335
ENSG00000120662	MTRF1	26955.0	0.1346737751040625	0.23737884501950596
ENSG00000185499	MUC1	67204.0	0.5555779015651268	0.7143041836813682
ENSG00000181143	MUC16	862099.0	0.884246022069337	0.9385674818601774
ENSG00000205592	MUC19	121.0	-0.010257276331167768	0.0
ENSG00000145113	MUC4	11437.0	0.7760565075411915	0.8739097030370727
ENSG00000215182	MUC5AC	1045.0	0.07781321354863394	0.14439090664409038
ENSG00000117983	MUC5B	140107.0	0.8914344718182312	0.9426014859095779
ENSG00000132781	MUTYH	57987.0	0.3651698932913307	0.5349808768649756
ENSG00000167508	MVD	5718.0	0.02788117171946125	0.05424979557281129
ENSG00000013364	MVP	153547.0	0.6217373486683697	0.7667546772341237
ENSG00000157601	MX1	212822.0	0.8820932355749466	0.9373533881338058
ENSG00000059728	MXD1	27088.0	0.1869492237029276	0.31500795479641797
ENSG00000182534	MXRA7	183704.0	0.5176469308074423	0.6821704314745138
ENSG00000118513	MYB	64295.0	0.7006314759970821	0.8239662571061153
ENSG00000132382	MYBBP1A	130671.0	0.3586419187488606	0.5279417833348246
ENSG00000101057	MYBL2	202878.0	0.8201993116379345	0.9012192306565213
ENSG00000136997	MYC	50347.0	0.7112407154826313	0.8312573550262166
ENSG00000214114	MYCBP	204543.0	0.8528182999565865	0.9205633385384514
ENSG00000116990	MYCL	269735.0	0.914434447470835	0.9553050496755291
ENSG00000134323	MYCN	7154.0	0.1129415611227806	0.20296045195551968
ENSG00000172936	MYD88	34302.0	0.322028666585277	0.48717350043105845
ENSG00000104177	MYEF2	102310.0	0.6608928611922613	0.7958284084836678
ENSG00000109061	MYH1	126.0	-0.0038618103309176004	0.0
ENSG00000133026	MYH10	135557.0	0.3750974801060419	0.5455576575954687
ENSG00000006788	MYH13	48.0	-0.007221445377965958	0.0
ENSG00000125414	MYH2	67.0	0.023093487767726267	0.04514443312138294
ENSG00000264424	MYH4	76.0	0.015494667212253486	0.030516491543554052
ENSG00000100345	MYH9	704335.0	0.7427034600985449	0.8523578188759058
ENSG00000007944	MYLIP	28011.0	0.19637669706724326	0.32828572731086175
ENSG00000065534	MYLK	68304.0	0.7501514773938361	0.8572417725931841
ENSG00000101306	MYLK2	6091.0	0.22216596665095634	0.3635610427931441
ENSG00000140795	MYLK3	1341.0	0.047574786025424795	0.09082842897723227
ENSG00000085274	MYNN	21400.0	0.03397748096060876	0.06572189740349517
ENSG00000091536	MYO15A	5324.0	0.09981978270162747	0.1815202531753474
ENSG00000133454	MYO18B	2075.0	0.16854426944526277	0.2884687792363655
ENSG00000128641	MYO1B	59968.0	0.406911231898366	0.5784462056633306
ENSG00000197879	MYO1C	66379.0	0.5408589094481245	0.7020226266424862
ENSG00000176658	MYO1D	26083.0	0.08066910465490779	0.1492947365802005
ENSG00000157483	MYO1E	41351.0	0.45090916208168336	0.6215539523297848
ENSG00000142347	MYO1F	4843.0	0.534881353425498	0.6969676870876922
ENSG00000197535	MYO5A	7944.0	0.2900310695899525	0.44964974321454354
ENSG00000167306	MYO5B	49025.0	0.4367691909097182	0.6079879686634557
ENSG00000196586	MYO6	272821.0	0.6544762914448664	0.791158259358685
ENSG00000129152	MYOD1	89.0	-0.007027162564091311	0.0
ENSG00000138119	MYOF	299149.0	0.5762754282213725	0.7311862101049516
ENSG00000120729	MYOT	52.0	0.008289269473997257	0.0164422447505002
ENSG00000170476	MZB1	4826.0	0.8628863972729691	0.9263972280179038
ENSG00000099326	MZF1	19499.0	0.20720558428537467	0.3432813548622432
ENSG00000078177	N4BP2	26630.0	0.17336916084737425	0.29550659184219896
ENSG00000164134	NAA15	71859.0	0.09624941371299976	0.17559765598779706
ENSG00000172766	NAA16	47370.0	0.33384792944060887	0.5005786972741615
ENSG00000110583	NAA40	135510.0	0.5304695160934012	0.6932114759756218
ENSG00000138744	NAAA	14804.0	0.13680706209008403	0.24068650987891738
ENSG00000148411	NACC2	10829.0	0.08780187242117342	0.16142989757086654
ENSG00000171169	NAIF1	10701.0	0.0563036038833902	0.10660496409629934
ENSG00000249437	NAIP	73932.0	0.2775611003145669	0.43451714402735736
ENSG00000111704	NANOG	260.0	0.017356142982544665	0.03412009275662762
ENSG00000186310	NAP1L3	2593.0	0.5853211544696988	0.7384259685419928
ENSG00000205531	NAP1L4	235172.0	0.3158592059017753	0.48008055038884334
ENSG00000177432	NAP1L5	3655.0	0.15023695850658786	0.26122784074274275
ENSG00000171428	NAT1	1806.0	0.021203075278556315	0.041525678470509295
ENSG00000135372	NAT10	12984.0	0.15034263375713575	0.26138757157265646
ENSG00000156006	NAT2	352.0	-0.001658553700173578	0.0
ENSG00000134369	NAV1	7771.0	0.14745910138084448	0.2570184875493919
ENSG00000166833	NAV2	36384.0	0.3074183808983993	0.47026779704160987
ENSG00000158747	NBL1	37999.0	0.8179140266931328	0.8998379622835686
ENSG00000104320	NBN	35621.0	0.21279763363120138	0.3509202652285366
ENSG00000142794	NBPF3	3319.0	0.10352907909193548	0.1876327158992979
ENSG00000149294	NCAM1	147748.0	0.7107001225684745	0.8308880243738068
ENSG00000136937	NCBP1	57008.0	0.12496886709775719	0.22217302318802337
ENSG00000074356	NCBP3	76310.0	0.20097605256409162	0.33468786015342517
ENSG00000144959	NCEH1	10283.0	0.3532023752980776	0.5220244683952401
ENSG00000158517	NCF1	4676.0	0.6086382213555863	0.756712371091981
ENSG00000116701	NCF2	3736.0	0.5646796794256798	0.7217831059619143
ENSG00000100365	NCF4	2702.0	0.44318185801121096	0.6141732665929455
ENSG00000158092	NCK1	44425.0	0.24925170544518896	0.39904160924297394
ENSG00000125912	NCLN	68129.0	0.28054336375554534	0.4381630043870983
ENSG00000084676	NCOA1	51604.0	0.13248337844242428	0.23396966518773463
ENSG00000140396	NCOA2	56878.0	0.28541856577319064	0.4440865775133858
ENSG00000124151	NCOA3	86910.0	0.16738308453481152	0.2867663353225847
ENSG00000266412	NCOA4	160418.0	0.2824585868818205	0.44049545111408617
ENSG00000141027	NCOR1	99157.0	0.2708400536184595	0.42623783039777086
ENSG00000196498	NCOR2	656135.0	0.5315729101490698	0.6941529281780404
ENSG00000189430	NCR1	112.0	0.18881192014783102	0.31764809377811737
ENSG00000096264	NCR2	77.0	-0.012361472571033484	0.0
ENSG00000204475	NCR3	126.0	0.007044187467552138	0.013989827964285047
ENSG00000107130	NCS1	67538.0	0.31010612982205216	0.4734061199517827
ENSG00000162736	NCSTN	136622.0	0.23677027514477866	0.38288480876864844
ENSG00000173376	NDNF	8640.0	0.7795464497295082	0.8761181253212015
ENSG00000124479	NDP	8586.0	0.48912334393065315	0.6569279112092559
ENSG00000104419	NDRG1	167785.0	0.7688714065562946	0.8693355590536255
ENSG00000165795	NDRG2	14664.0	0.33191169362126477	0.4983989482348451
ENSG00000103034	NDRG4	42475.0	0.45542089379215966	0.6258270658813226
ENSG00000138653	NDST4	142.0	0.00347360849860856	0.006923168619861868
ENSG00000170906	NDUFA3	17726.0	0.10175949295603086	0.18472179020306728
ENSG00000004779	NDUFAB1	27003.0	0.058174454429464485	0.10995248313914435
ENSG00000078114	NEBL	1829.0	0.036063889008797353	0.06961711414013219
ENSG00000103154	NECAB2	4988.0	0.15003713359416931	0.2609257200682968
ENSG00000110400	NECTIN1	16495.0	0.1949030003475556	0.32622397013124094
ENSG00000130202	NECTIN2	141441.0	0.5584843631319991	0.7167019141721053
ENSG00000177707	NECTIN3	14901.0	0.24292823334435418	0.390896637194741
ENSG00000069869	NEDD4	4538.0	0.18912543698221138	0.3180916513941171
ENSG00000049759	NEDD4L	14213.0	0.12997154128960708	0.23004391976327818
ENSG00000111859	NEDD9	81371.0	0.6291036727889513	0.7723310471849276
ENSG00000100285	NEFH	6648.0	0.34245282493664064	0.5101897341574044
ENSG00000277586	NEFL	84.0	0.020550828823718597	0.040273993696924186
ENSG00000104722	NEFM	60.0	0.035347537512761824	0.0682814924110951
ENSG00000109674	NEIL3	10881.0	0.2444569933058645	0.3928733489720227
ENSG00000137601	NEK1	32503.0	0.1577256900403717	0.2724750627842966
ENSG00000114670	NEK11	48423.0	0.3443994076386478	0.5123468601396716
ENSG00000117650	NEK2	23205.0	0.40081603772732377	0.5722607779071484
ENSG00000136098	NEK3	15838.0	0.15440822857098963	0.26751061669428217
ENSG00000114904	NEK4	20112.0	0.0966685515445551	0.17629492777632128
ENSG00000197168	NEK5	18599.0	0.3205634276037402	0.4854949348179757
ENSG00000119408	NEK6	52624.0	0.24769948612733153	0.3970499128698896
ENSG00000160602	NEK8	21612.0	0.12777422132043503	0.22659539277433172
ENSG00000165973	NELL1	113.0	0.057385625470476244	0.10854247322483301
ENSG00000166881	NEMP1	62955.0	0.36992830463934556	0.540069583768086
ENSG00000163608	NEPRO	148873.0	0.4987759583314197	0.6655777410343633
ENSG00000132688	NES	24979.0	0.6154174861711766	0.7619299548747913
ENSG00000166342	NETO1	73.0	0.06091785660077983	0.1148399119154482
ENSG00000215041	NEURL4	41533.0	0.22471844058578147	0.3669715963095957
ENSG00000162992	NEUROD1	29.0	0.007715138374095503	0.015312141458038515
ENSG00000171532	NEUROD2	927.0	0.029281109729585073	0.05689623457148236
ENSG00000178403	NEUROG2	75.0	0.0850791184881827	0.15681643308502996
ENSG00000162614	NEXN	3640.0	0.5302099797336853	0.6929898337559686
ENSG00000196712	NF1	49565.0	0.15102119405299658	0.2624125339016878
ENSG00000186575	NF2	56524.0	0.221472830530955	0.3626324302844858
ENSG00000102908	NFAT5	81829.0	0.2424046575960725	0.39021852681251373
ENSG00000131196	NFATC1	45973.0	0.7255509648194888	0.8409499106221869
ENSG00000101096	NFATC2	13276.0	0.19524890850053042	0.3267083652817973
ENSG00000072736	NFATC3	29558.0	0.04432238775007876	0.0848825770087498
ENSG00000100968	NFATC4	37625.0	0.3581949012013206	0.5274572903851986
ENSG00000082641	NFE2L1	180958.0	0.3696191923549472	0.539740088950444
ENSG00000116044	NFE2L2	219338.0	0.41958275334678696	0.5911353210759781
ENSG00000050344	NFE2L3	22568.0	0.4681865634952921	0.6377753006820696
ENSG00000109320	NFKB1	10883.0	0.14442601543278394	0.2523990428130329
ENSG00000077150	NFKB2	82196.0	0.3890778409774694	0.5601958788769997
ENSG00000086102	NFX1	95538.0	0.13381099242708297	0.23603756414575167
ENSG00000165553	NGB	501.0	0.04582620670033684	0.08763637095100552
ENSG00000129460	NGDN	45586.0	0.12714426088249053	0.22560423770945473
ENSG00000134259	NGF	457.0	0.08846182411964128	0.1625446518368985
ENSG00000064300	NGFR	4875.0	0.16265623012350178	0.27980107259430215
ENSG00000177551	NHLH2	88.0	0.01429538830753434	0.02818782077159554
ENSG00000135842	NIBAN1	4671.0	0.2717702113282613	0.4273888614585795
ENSG00000155438	NIFK	52005.0	0.27609334328580193	0.43271653243624253
ENSG00000100503	NIN	27266.0	0.1082598561165659	0.1953690833771014
ENSG00000131669	NINJ1	33593.0	0.3344721907345716	0.5012801211697915
ENSG00000184117	NIPSNAP1	201602.0	0.5207821147957772	0.6848872165566098
ENSG00000136783	NIPSNAP3A	10774.0	0.07909571724424591	0.14659629536152285
ENSG00000150776	NKAPD1	29956.0	0.204392011627218	0.3394111047798633
ENSG00000189134	NKAPL	891.0	-0.008290440438466017	0.0
ENSG00000186416	NKRF	54642.0	0.29219574193820724	0.45224687321741697
ENSG00000136352	NKX2-1	77.0	-0.00037061986689874136	0.0
ENSG00000119919	NKX2-3	109.0	0.006179351972142654	0.01228280417408871
ENSG00000136327	NKX2-8	448.0	-0.0038393087272832966	0.0
ENSG00000167034	NKX3-1	941.0	0.06650641067703299	0.12471825768926002
ENSG00000073536	NLE1	6232.0	0.1048118001183735	0.18973693095447314
ENSG00000196338	NLGN3	5295.0	0.06412079907991182	0.12051413549167282
ENSG00000140853	NLRC5	37078.0	0.5890258593048683	0.7413672418931461
ENSG00000091592	NLRP1	4740.0	0.5756870947321419	0.7307124576405895
ENSG00000179873	NLRP11	1336.0	0.03446549003397504	0.06663439305808662
ENSG00000022556	NLRP2	68621.0	0.4427313647903633	0.6137405418571386
ENSG00000162711	NLRP3	2030.0	0.4726130086702292	0.6418699358047898
ENSG00000171487	NLRP5	71.0	-0.014707517624069915	0.0
ENSG00000174885	NLRP6	190.0	0.020013028025828425	0.039240730218049066
ENSG00000167634	NLRP7	315.0	0.010831209148781573	0.021430302212181413
ENSG00000185792	NLRP9	64.0	-0.015808160936548868	0.0
ENSG00000197696	NMB	13460.0	0.10492880753912025	0.18992863037541038
ENSG00000239672	NME1	312331.0	0.5965878490901982	0.7473285600039593
ENSG00000173614	NMNAT1	16102.0	0.12470125422967163	0.22175000474251588
ENSG00000109255	NMU	25927.0	0.5170871035530319	0.6816841331549245
ENSG00000053438	NNAT	63.0	0.003964610024067483	0.00789790792321343
ENSG00000084092	NOA1	136856.0	0.45175841161296854	0.6223603155996799
ENSG00000173145	NOC3L	53907.0	0.2507214289977487	0.4009228964736959
ENSG00000106100	NOD1	13339.0	0.17936518708935806	0.30417242946101636
ENSG00000167207	NOD2	1260.0	0.10302976119505483	0.18681229613139244
ENSG00000156574	NODAL	99.0	-0.003111190936938615	0.0
ENSG00000101746	NOL4	92.0	-0.02144039087397422	0.0
ENSG00000197183	NOL4L	185739.0	0.4835654826878982	0.6518963784622201
ENSG00000166197	NOLC1	176082.0	0.44473016096702184	0.6156584433308214
ENSG00000146909	NOM1	125340.0	0.2926890781483757	0.45283755095636485
ENSG00000103226	NOMO3	40715.0	0.150999195033026	0.26237932343418074
ENSG00000147140	NONO	768197.0	0.5688833103304183	0.7252079317621236
ENSG00000111641	NOP2	145051.0	0.4902860741050629	0.6579757841453177
ENSG00000260032	NORAD	383709.0	0.613759063756931	0.7606576192707006
ENSG00000089250	NOS1	1246.0	0.2336103942237712	0.3787425840729344
ENSG00000198929	NOS1AP	15856.0	0.3096890051418875	0.47291991293511215
ENSG00000007171	NOS2	405.0	0.05098877477285964	0.09703010345449097
ENSG00000164867	NOS3	14533.0	0.7115041141013634	0.8314372232461076
ENSG00000163072	NOSTRIN	7486.0	0.7526174516954591	0.8588496605090711
ENSG00000148400	NOTCH1	51195.0	0.5698213057703406	0.7259696421188763
ENSG00000134250	NOTCH2	356920.0	0.6283380889089835	0.7717538429994983
ENSG00000264343	NOTCH2NLA	188876.0	0.3441373998531449	0.512056877356056
ENSG00000074181	NOTCH3	370887.0	0.6604630927181823	0.7955167394139456
ENSG00000204301	NOTCH4	18145.0	0.9104547191267819	0.9531288127498009
ENSG00000007952	NOX1	59.0	-0.010150744726628894	0.0
ENSG00000086991	NOX4	928.0	0.3102064786758831	0.47352304193974526
ENSG00000174576	NPAS4	114.0	0.013049948744361007	0.02576368274937667
ENSG00000149308	NPAT	38078.0	0.10873349884806156	0.19614000832667575
ENSG00000141458	NPC1	43901.0	0.24675965618626675	0.3958415801503937
ENSG00000015520	NPC1L1	402.0	0.014538183556634719	0.028659707031762304
ENSG00000056291	NPFFR2	304.0	-0.026041678923448407	0.0
ENSG00000107833	NPM3	52241.0	0.2665268333226655	0.4208783048416694
ENSG00000168743	NPNT	12515.0	0.5414833217811275	0.7025484014390286
ENSG00000175206	NPPA	326.0	0.004658219393457163	0.009273241991230552
ENSG00000120937	NPPB	24.0	-0.005479469080603276	0.0
ENSG00000163273	NPPC	1257.0	0.23739725259299777	0.3837041856938436
ENSG00000169418	NPR1	64143.0	0.649663036070451	0.7876311972388842
ENSG00000113389	NPR3	6627.0	0.42893293510528585	0.600354186774597
ENSG00000187258	NPSR1	70.0	-0.01214611851067719	0.0
ENSG00000156642	NPTN	152353.0	0.39730381678331617	0.5686720554416509
ENSG00000106236	NPTX2	12255.0	0.6034743163753143	0.7527084284573764
ENSG00000164128	NPY1R	159.0	0.2767141418816036	0.4334786195346535
ENSG00000185149	NPY2R	1517.0	0.1242356040918748	0.22101346664292623
ENSG00000181019	NQO1	132932.0	0.6412872158048558	0.7814442342931195
ENSG00000124588	NQO2	26797.0	0.09456470841163543	0.17278961706861878
ENSG00000169297	NR0B1	4328.0	0.295262464284808	0.4559114039452075
ENSG00000131910	NR0B2	271.0	0.294326059830802	0.4547943041018229
ENSG00000131408	NR1H2	72758.0	0.4848728557469309	0.6530833315058842
ENSG00000025434	NR1H3	27557.0	0.3063408511884525	0.4690060039227233
ENSG00000012504	NR1H4	1064.0	0.5512437730934581	0.7107119882185624
ENSG00000144852	NR1I2	2484.0	0.11966536321682714	0.2137520140357392
ENSG00000143257	NR1I3	122.0	0.013184660416619268	0.026026174559724908
ENSG00000177463	NR2C2	56800.0	0.19374622951842582	0.3246020380673132
ENSG00000278570	NR2E3	3665.0	0.22122228372740843	0.36229650682788866
ENSG00000113580	NR3C1	21314.0	0.34715184216834133	0.5153863600254216
ENSG00000151623	NR3C2	3858.0	0.056147625853404576	0.10632533649457444
ENSG00000123358	NR4A1	133642.0	0.9453827784830541	0.9719246915717356
ENSG00000119508	NR4A3	947.0	0.32513659388811994	0.4907216288309233
ENSG00000136931	NR5A1	37573.0	0.26116637117092534	0.41416640522764075
ENSG00000116833	NR5A2	5424.0	0.5962079236433915	0.7470304022580334
ENSG00000148200	NR6A1	11239.0	0.13797092762816632	0.24248585667427264
ENSG00000213281	NRAS	27580.0	0.12222602107878701	0.21782781504440984
ENSG00000119720	NRDE2	46410.0	0.1512795186018085	0.26280241445714686
ENSG00000134986	NREP	130826.0	0.44894414560156853	0.6196845433474969
ENSG00000106459	NRF1	36371.0	0.16199099539049427	0.2788162662758952
ENSG00000180530	NRIP1	111911.0	0.5909553249910082	0.7428936761556748
ENSG00000123572	NRK	4267.0	0.5800200340602638	0.7341932653470914
ENSG00000124785	NRN1	2096.0	0.6067756837256882	0.7552711805032246
ENSG00000099250	NRP1	46804.0	0.8241652384906103	0.903608095473367
ENSG00000118257	NRP2	8385.0	0.5778466972730759	0.7324497345296516
ENSG00000174004	NRROS	5730.0	0.19408678621918313	0.3250798659848115
ENSG00000152954	NRSN1	136.0	-0.0052542142754136035	0.0
ENSG00000125841	NRSN2	19021.0	0.1354466155576779	0.23857857111345196
ENSG00000110076	NRXN2	9798.0	0.4588000411796265	0.629010184025808
ENSG00000109685	NSD2	76225.0	0.24081309892787955	0.3881537020135479
ENSG00000037474	NSUN2	58810.0	0.03534902198511689	0.0682842620884323
ENSG00000130305	NSUN5	97990.0	0.3367867450445524	0.5038750515637825
ENSG00000076685	NT5C2	220567.0	0.5762481728160234	0.731164270644686
ENSG00000168268	NT5DC2	73275.0	0.4229604377745611	0.5944795463689069
ENSG00000111696	NT5DC3	19678.0	0.08955427495633261	0.1643869920292347
ENSG00000135318	NT5E	1903.0	0.3367961567565412	0.5038855850299678
ENSG00000185652	NTF3	31550.0	0.5825045079395125	0.7361805353691635
ENSG00000148335	NTMT1	52320.0	0.14542020616876844	0.2539159085645499
ENSG00000065320	NTN1	18252.0	0.4973974458524424	0.6643492644256284
ENSG00000074527	NTN4	32590.0	0.5004107737519784	0.6670316989268666
ENSG00000196358	NTNG2	1471.0	0.1169272786006198	0.20937312722295778
ENSG00000135778	NTPCR	41597.0	0.17699596110479962	0.30075882493030903
ENSG00000198400	NTRK1	362.0	0.026602109229196806	0.05182554952896104
ENSG00000148053	NTRK2	722.0	0.26246968698784295	0.41580354711577394
ENSG00000133636	NTS	151.0	-0.010304330744839694	0.0
ENSG00000101188	NTSR1	155.0	0.022995975614628565	0.04495809595108583
ENSG00000169006	NTSR2	843.0	0.049177726123247036	0.09374527289091557
ENSG00000163545	NUAK2	173713.0	0.6206365504460536	0.7659170099245677
ENSG00000070081	NUCB2	40301.0	0.23826630557365694	0.3848385512892952
ENSG00000120526	NUDCD1	31352.0	0.1471693059852808	0.2565781793802093
ENSG00000170584	NUDCD2	33761.0	0.0772423612639425	0.14340758225161704
ENSG00000106268	NUDT1	39167.0	0.2452090190334188	0.3938439495463338
ENSG00000168101	NUDT16L1	33154.0	0.07830172729559591	0.1452315716714622
ENSG00000167005	NUDT21	24493.0	0.09286263967825467	0.16994384528616333
ENSG00000137497	NUMA1	521538.0	0.5086767920133113	0.6743350129148445
ENSG00000133961	NUMB	60141.0	0.16216988516842523	0.2790812035968787
ENSG00000111581	NUP107	33433.0	0.12185475222363958	0.21723801941759405
ENSG00000124789	NUP153	88305.0	0.24591933331533677	0.394759639311409
ENSG00000126883	NUP214	19654.0	0.029734119634059007	0.05775106227348424
ENSG00000213024	NUP62	27839.0	0.2543270825784126	0.40551955883088203
ENSG00000102900	NUP93	77969.0	0.20952218094459032	0.34645446647528455
ENSG00000110713	NUP98	90883.0	0.04539200784984235	0.08684207935204025
ENSG00000137804	NUSAP1	33353.0	0.3666421632178581	0.5365591273059694
ENSG00000102898	NUTF2	123557.0	0.27875800967619574	0.435982426020983
ENSG00000143748	NVL	42026.0	0.09975508765651654	0.18141327787641529
ENSG00000162231	NXF1	192884.0	0.3158234982516147	0.4800393041639119
ENSG00000147206	NXF3	214.0	0.15463339068155676	0.2678484650271197
ENSG00000167693	NXN	90164.0	0.3893381263156747	0.5604656187592628
ENSG00000144227	NXPH2	160.0	-0.006478387762960092	0.0
ENSG00000182379	NXPH4	23476.0	0.7763081549467896	0.87406923487332
ENSG00000101888	NXT2	32425.0	0.24045940531230184	0.3876941144265225
ENSG00000188937	NYX	101.0	0.04157046421308996	0.07982266325974707
ENSG00000089127	OAS1	91895.0	0.6886457210465964	0.8156189453638439
ENSG00000111331	OAS3	112497.0	0.825686238522013	0.9045215120758631
ENSG00000122136	OBP2A	83684.0	0.5419315599410863	0.7029255694873932
ENSG00000197822	OCLN	75158.0	0.3824232111327753	0.553265032087262
ENSG00000135175	OCM2	140.0	-0.0060031685378782035	0.0
ENSG00000122126	OCRL	19048.0	0.08864717105948332	0.16285748664227165
ENSG00000122417	ODF2L	94015.0	0.3884011533290834	0.559494138128281
ENSG00000157181	ODR4	35365.0	0.14327974445665922	0.25064686950218396
ENSG00000105953	OGDH	153155.0	0.386614043405144	0.5576375708062582
ENSG00000060491	OGFR	113170.0	0.4204053482778779	0.5919512324951242
ENSG00000114026	OGG1	4786.0	0.08645629452511686	0.15915282549475468
ENSG00000147162	OGT	328404.0	0.46365508597324395	0.6335578517324534
ENSG00000138315	OIT3	3657.0	0.6404797119168961	0.780844416745023
ENSG00000130558	OLFM1	659.0	0.10474882833581828	0.18963374415813736
ENSG00000105088	OLFM2	3711.0	0.16907534027150195	0.2892462691621508
ENSG00000116774	OLFML3	47878.0	0.774827542970617	0.8731299511768333
ENSG00000184221	OLIG1	39.0	-0.008084641272129494	0.0
ENSG00000173391	OLR1	1529.0	0.5803177594604682	0.7344317381570056
ENSG00000205922	ONECUT3	52.0	-0.012772772712310265	0.0
ENSG00000197430	OPALIN	43.0	-0.009618378869026552	0.0
ENSG00000102076	OPN1LW	87.0	0.06901465112513858	0.1291182511904783
ENSG00000116329	OPRD1	109.0	0.022981877280328113	0.04493115233170525
ENSG00000082556	OPRK1	1050.0	0.02462178802583215	0.04806024684146459
ENSG00000125510	OPRL1	5309.0	0.1377637022791738	0.24216575375573135
ENSG00000112038	OPRM1	156.0	-0.005031774225472143	0.0
ENSG00000123240	OPTN	74306.0	0.3590348702075582	0.528367414373591
ENSG00000160991	ORAI2	114636.0	0.429516256817171	0.6009253196930998
ENSG00000175938	ORAI3	91540.0	0.41094663777692153	0.582511948750105
ENSG00000091651	ORC6	49463.0	0.5092182175188061	0.6748105894931139
ENSG00000184792	OSBP2	42196.0	0.28586820922073714	0.44463065059206835
ENSG00000116885	OSCP1	49359.0	0.45622793442920295	0.6265886316870173
ENSG00000140961	OSGIN1	6959.0	0.11337714266472411	0.20366349967158584
ENSG00000164823	OSGIN2	27636.0	0.24427517130532506	0.3926385046308762
ENSG00000099985	OSM	745.0	0.3048126440662988	0.46721289137172245
ENSG00000164920	OSR2	9189.0	0.3623816427098066	0.5319825683925419
ENSG00000115155	OTOF	1722.0	0.29150027546366636	0.4514134158570175
ENSG00000167770	OTUB1	38296.0	0.14308543897253972	0.2503495086091759
ENSG00000165588	OTX2	228.0	0.10456680020223988	0.1893354031337793
ENSG00000125850	OVOL2	18043.0	0.3213088324452059	0.486349329627342
ENSG00000162881	OXER1	1189.0	0.03612208968579857	0.06972554691262783
ENSG00000151093	OXSM	8329.0	0.08096912292276727	0.14980839175838756
ENSG00000172939	OXSR1	57661.0	0.12354569185273362	0.21992108153430953
ENSG00000180914	OXTR	7370.0	0.33231229625327835	0.49885045298734426
ENSG00000108405	P2RX1	209.0	0.14021404524156517	0.24594337497721225
ENSG00000109991	P2RX3	364.0	0.14844277318686244	0.25851139761181535
ENSG00000135124	P2RX4	20622.0	0.1825928738124287	0.30880090326231713
ENSG00000089041	P2RX7	4290.0	0.32506552064728045	0.4906406748678955
ENSG00000169860	P2RY1	1269.0	0.2543410180301178	0.40553727315646293
ENSG00000169313	P2RY12	168.0	0.00453471265523815	0.009028483731043525
ENSG00000181631	P2RY13	776.0	0.1620222353241069	0.2788625387687461
ENSG00000174944	P2RY14	160.0	-0.004410204579263412	0.0
ENSG00000175591	P2RY2	22304.0	0.4350122736355112	0.6062836975372143
ENSG00000171631	P2RY6	6227.0	0.29288732981999455	0.4530747932393653
ENSG00000122884	P4HA1	149218.0	0.6273844509850006	0.7710340978190692
ENSG00000149380	P4HA3	1190.0	0.07843989988433141	0.1454692095363766
ENSG00000185624	P4HB	367174.0	0.56784783328248	0.7243660018888716
ENSG00000178467	P4HTM	94942.0	0.41740066552444866	0.5889663744019865
ENSG00000101104	PABPC1L	317096.0	0.6802901657131413	0.8097293903096976
ENSG00000090621	PABPC4	1589302.0	0.980895586114781	0.9903556684061832
ENSG00000065600	PACC1	17178.0	0.06295363005942893	0.11845037879198783
ENSG00000117115	PADI2	44123.0	0.710317451237212	0.8306264439076869
ENSG00000159339	PADI4	182.0	-0.011389500125881878	0.0
ENSG00000122133	PAEP	4677.0	0.442213312542272	0.6132425885914993
ENSG00000101951	PAGE4	89.0	0.01891800284797886	0.03713351377657697
ENSG00000171759	PAH	326.0	0.011302152474197429	0.022351682821095932
ENSG00000120727	PAIP2	75237.0	0.3559539220588866	0.5250236254612614
ENSG00000149269	PAK1	75442.0	0.22763120119774108	0.3708462296749255
ENSG00000111845	PAK1IP1	63683.0	0.44790665285400444	0.6186954828491528
ENSG00000180370	PAK2	124909.0	0.26655811646783073	0.4209173080998546
ENSG00000130669	PAK4	158973.0	0.6748461496723869	0.8058604664128607
ENSG00000083093	PALB2	5379.0	0.012830317021669192	0.02533557064010099
ENSG00000129116	PALLD	153117.0	0.6939934895531451	0.8193579182364062
ENSG00000099260	PALMD	9026.0	0.3698700048963387	0.5400074511804902
ENSG00000145730	PAM	94505.0	0.5542619641261984	0.7132156314946598
ENSG00000125779	PANK2	45449.0	0.29472895902217594	0.45527514769541483
ENSG00000110218	PANX1	8677.0	0.11680425106514511	0.2091758711586991
ENSG00000073150	PANX2	5294.0	0.15125281605299778	0.2627621213063506
ENSG00000154143	PANX3	401.0	-0.011432759450186047	0.0
ENSG00000182752	PAPPA	87.0	0.7552938946063776	0.8605896675505172
ENSG00000116183	PAPPA2	9437.0	0.18483783538319598	0.3120052885944791
ENSG00000138801	PAPSS1	38862.0	0.2954522347620383	0.45613759710146307
ENSG00000148498	PARD3	109722.0	0.34904658129696137	0.5174715034100469
ENSG00000116288	PARK7	258620.0	0.5659471940916099	0.7228177249232343
ENSG00000169116	PARM1	2229.0	0.5674320481007308	0.7240276205763337
ENSG00000143799	PARP1	141456.0	0.16778811060897716	0.28736053927022626
ENSG00000111224	PARP11	23466.0	0.15579519640583323	0.2695896243388245
ENSG00000173200	PARP15	657.0	0.18901824250297813	0.31794002101276375
ENSG00000041880	PARP3	20536.0	0.16534440602161812	0.2837691675821214
ENSG00000152931	PART1	5189.0	0.23519274242164293	0.38081950183829366
ENSG00000166049	PASD1	166.0	-0.0209356092047246	0.0
ENSG00000177425	PAWR	110539.0	0.39525489208300296	0.5665701576475669
ENSG00000125813	PAX1	78.0	-0.015096410630688452	0.0
ENSG00000075891	PAX2	1125.0	0.36377598674265144	0.5334834903663647
ENSG00000135903	PAX3	137.0	0.012851283545779026	0.025376447173546327
ENSG00000196092	PAX5	195.0	0.051640809027598183	0.09820997546747537
ENSG00000007372	PAX6	216.0	-0.030461064797932338	0.0
ENSG00000009709	PAX7	63.0	-0.002701859328805621	0.0
ENSG00000125618	PAX8	814967.0	0.8381815839413114	0.9119682095216469
ENSG00000102390	PBDC1	44856.0	0.07402715465641363	0.1378496890613446
ENSG00000168078	PBK	10685.0	0.31131679961587966	0.47481554374514656
ENSG00000108187	PBLD	23395.0	0.10275256866177634	0.18635652562835506
ENSG00000185630	PBX1	79764.0	0.26639533180011826	0.4207143300527656
ENSG00000167081	PBX3	21004.0	0.26947679585069284	0.4245478085640989
ENSG00000163346	PBXIP1	52424.0	0.3335966761844245	0.5002962022054276
ENSG00000173599	PC	7933.0	0.055661866568718195	0.10545396841820066
ENSG00000225937	PCA3	145.0	0.1476451267525286	0.2573010128493595
ENSG00000253438	PCAT1	45997.0	0.44635158062660774	0.6172103472009667
ENSG00000166228	PCBD1	229913.0	0.427470348277925	0.5989201089796614
ENSG00000132570	PCBD2	37242.0	0.29225335071015873	0.45231587219263264
ENSG00000183570	PCBP3	145.0	0.030254781682449768	0.05873262074657383
ENSG00000114054	PCCB	83335.0	0.31377969843218334	0.47767475598326953
ENSG00000138650	PCDH10	1444.0	0.561996086491144	0.7195870608787601
ENSG00000102290	PCDH11X	54.0	0.036916739985840386	0.07120482978478003
ENSG00000099715	PCDH11Y	72.0	-0.0028691611400369094	0.0
ENSG00000118946	PCDH17	10976.0	0.8057231074918628	0.8924104743954977
ENSG00000189184	PCDH18	8996.0	0.7417692304223551	0.8517422600725197
ENSG00000280165	PCDH20	79.0	-0.0030206556575534576	0.0
ENSG00000136099	PCDH8	741.0	0.5051931144950851	0.6712668422809672
ENSG00000204970	PCDHA1	5065.0	0.09963761044969784	0.18121899342629966
ENSG00000204967	PCDHA4	3079.0	0.07203928277326492	0.13439672208075445
ENSG00000204961	PCDHA9	2640.0	0.06581859731946992	0.12350806691683457
ENSG00000120327	PCDHB14	26470.0	0.4035711106643687	0.5750632904852846
ENSG00000227418	PCGEM1	48.0	-0.011864850623788345	0.0
ENSG00000126226	PCID2	46312.0	0.17213854112226265	0.2937170566159335
ENSG00000124253	PCK1	16615.0	0.6090120303113425	0.7570012142090686
ENSG00000132646	PCNA	218902.0	0.6079892911489047	0.7562106221671385
ENSG00000197136	PCNX3	206836.0	0.3550950930986196	0.5240888184262311
ENSG00000175426	PCSK1	59.0	0.20589327946153238	0.34147844252597526
ENSG00000169174	PCSK9	2412.0	0.2622691089185601	0.4155518138968912
ENSG00000188389	PDCD1	216.0	0.11623904751311559	0.20826909392228513
ENSG00000114209	PDCD10	13348.0	0.09442084793230504	0.17254943216897747
ENSG00000197646	PDCD1LG2	726.0	0.3187240822562262	0.4833825157889224
ENSG00000150593	PDCD4	142858.0	0.41838923939109596	0.58994982163106
ENSG00000249915	PDCD6	172481.0	0.07113607637875898	0.1328236028035805
ENSG00000170248	PDCD6IP	44190.0	0.07567264535163341	0.14069827968321405
ENSG00000112541	PDE10A	1623.0	0.3111657101465942	0.4746397922682168
ENSG00000186642	PDE2A	5848.0	0.6472507476450977	0.7858557643035275
ENSG00000172572	PDE3A	2360.0	0.04061513056202481	0.07805985011978256
ENSG00000065989	PDE4A	40196.0	0.4025371033616125	0.5740127692833341
ENSG00000184588	PDE4B	1941.0	0.4599000992599218	0.6300432467852594
ENSG00000178104	PDE4DIP	76128.0	0.37917136879345575	0.5498538867220936
ENSG00000138735	PDE5A	8359.0	0.6759702523543187	0.8066613967697216
ENSG00000139053	PDE6H	112.0	-0.006309378205392454	0.0
ENSG00000197461	PDGFA	21497.0	0.5386095929221518	0.7001250939807491
ENSG00000100311	PDGFB	8244.0	0.26260751145807726	0.41597647578512237
ENSG00000145431	PDGFC	57581.0	0.6677962923707152	0.8008127796248614
ENSG00000170962	PDGFD	1499.0	0.4554490450766955	0.6258536451239286
ENSG00000134853	PDGFRA	23368.0	0.8739344642237197	0.9327268171950169
ENSG00000113721	PDGFRB	28989.0	0.9018626778318787	0.9483993648374247
ENSG00000104213	PDGFRL	10547.0	0.2372326455053533	0.38348914630918834
ENSG00000131828	PDHA1	86152.0	0.22035086275386995	0.36112706514030146
ENSG00000168291	PDHB	60657.0	0.21044543921174907	0.34771569604788244
ENSG00000185615	PDIA2	303.0	0.05182898174627932	0.09855020663193977
ENSG00000167004	PDIA3	538732.0	0.5909886914417892	0.7429200403759277
ENSG00000155660	PDIA4	565426.0	0.7165008635733002	0.8348389200128162
ENSG00000152256	PDK1	34409.0	0.5468359312933615	0.7070380513286029
ENSG00000120913	PDLIM2	6839.0	0.2413946531596437	0.3889088011539877
ENSG00000131435	PDLIM4	19642.0	0.18772460988146114	0.3161079737165616
ENSG00000140992	PDPK1	40495.0	0.15566994632540537	0.26940208460101794
ENSG00000162493	PDPN	5466.0	0.46195466591124695	0.63196852362492
ENSG00000179889	PDXDC1	289414.0	0.31575664240266904	0.47996207235720134
ENSG00000101327	PDYN	444.0	0.09170035090648176	0.16799545924912335
ENSG00000067840	PDZD4	510.0	0.24054509621814904	0.38780548478481003
ENSG00000186862	PDZD7	7796.0	0.2455748026095448	0.3943156237506614
ENSG00000174827	PDZK1	7316.0	0.3210536652783311	0.48605696152500927
ENSG00000162734	PEA15	283580.0	0.638555453331573	0.7794126857693316
ENSG00000134020	PEBP4	368.0	0.09987814878268342	0.18161675253431658
ENSG00000261371	PECAM1	18029.0	0.8053566447555992	0.8921856488523625
ENSG00000162517	PEF1	88177.0	0.3833331707813664	0.5542166975795763
ENSG00000242265	PEG10	96001.0	0.6149361918785351	0.7615609768002358
ENSG00000152684	PELO	62500.0	0.5444062633830842	0.7050039569129178
ENSG00000141456	PELP1	53843.0	0.12349370965461172	0.21983872022314493
ENSG00000181195	PENK	79.0	0.006873236864737702	0.01365263592890799
ENSG00000124299	PEPD	61876.0	0.45051474150285054	0.6211791285017633
ENSG00000179094	PER1	10123.0	0.3118654134879106	0.475453366300345
ENSG00000132326	PER2	7250.0	0.11435664959442816	0.20524245920020032
ENSG00000049246	PER3	35128.0	0.25180722796683386	0.4023099121672517
ENSG00000170525	PFKFB3	33082.0	0.6216457835183596	0.7666850428576614
ENSG00000067057	PFKP	68245.0	0.6613021778612723	0.7961250959324205
ENSG00000229859	PGA3	781.0	0.027819156522232998	0.05413239546218019
ENSG00000247077	PGAM5	71842.0	0.34794552972906906	0.5162605195166967
ENSG00000197121	PGAP1	11105.0	0.2406177632860823	0.38789991632676096
ENSG00000148985	PGAP2	29163.0	0.25429011039379484	0.40547255899826606
ENSG00000137338	PGBD1	8208.0	0.13966188099756824	0.24509353752416368
ENSG00000142657	PGD	101854.0	0.08885476092737009	0.16320773736929453
ENSG00000119630	PGF	3822.0	0.535707191390937	0.6976684024064909
ENSG00000164219	PGGT1B	17058.0	0.0697554601536476	0.13041384269939357
ENSG00000102144	PGK1	73262.0	0.6176475298187883	0.7636367236167675
ENSG00000079739	PGM1	207049.0	0.4728746471706178	0.6421111913074297
ENSG00000082175	PGR	9283.0	0.4832646223891554	0.6516229337564071
ENSG00000167085	PHB	130489.0	0.4169683468816364	0.58853586644934
ENSG00000215021	PHB2	844774.0	0.7399657287521918	0.8505520729800291
ENSG00000198324	PHETA1	34917.0	0.3551616495740177	0.5241613053109337
ENSG00000102174	PHEX	3726.0	0.6207867161738355	0.7660313475906521
ENSG00000130024	PHF10	107941.0	0.11362717561481941	0.20406681536320678
ENSG00000109118	PHF12	27995.0	0.08063001174046856	0.14922778539271814
ENSG00000056487	PHF21B	1399.0	0.0858741005712936	0.15816585095107075
ENSG00000040633	PHF23	45450.0	0.14208594097586894	0.24881829970599567
ENSG00000156531	PHF6	41434.0	0.3174515401598592	0.4819175969407417
ENSG00000010318	PHF7	2255.0	0.04824986025482674	0.0920579378719828
ENSG00000172943	PHF8	113145.0	0.33307551567794874	0.49970989904283086
ENSG00000092621	PHGDH	287753.0	0.7033836840011107	0.8258664100256253
ENSG00000174307	PHLDA3	31654.0	0.4775060864737092	0.6463676743469117
ENSG00000144824	PHLDB2	38207.0	0.7466139635108358	0.8549272811378207
ENSG00000176531	PHLDB3	27121.0	0.20378602212841143	0.3385751593428504
ENSG00000081913	PHLPP1	11681.0	0.13209133680309446	0.2333580913640879
ENSG00000164530	PI16	1133.0	0.11859582050256541	0.21204409730278162
ENSG00000241973	PI4KA	167744.0	0.4925109756137105	0.659976353488715
ENSG00000083535	PIBF1	37892.0	0.1580722071219378	0.27299197088026445
ENSG00000073921	PICALM	70202.0	0.1887486153734568	0.3175585030047074
ENSG00000153823	PID1	2726.0	0.4784376705307619	0.6472206168272239
ENSG00000103335	PIEZO1	67554.0	0.6169141272970557	0.763075931964713
ENSG00000154864	PIEZO2	1774.0	0.32788384107008245	0.4938441615583717
ENSG00000151665	PIGF	11163.0	0.13380296093993185	0.2360250688162044
ENSG00000104872	PIH1D1	57631.0	0.24286287761938444	0.3908120227785241
ENSG00000078142	PIK3C3	122957.0	0.6688276811415653	0.8015539156014626
ENSG00000121879	PIK3CA	36937.0	0.17279695760371355	0.2946749758914388
ENSG00000051382	PIK3CB	27468.0	0.16606046740188948	0.28482308086799374
ENSG00000171608	PIK3CD	14319.0	0.2707993741133221	0.42618745276337205
ENSG00000105851	PIK3CG	2303.0	0.25518265164795356	0.40660640316039953
ENSG00000145675	PIK3R1	48021.0	0.3176974790371868	0.48220093624117966
ENSG00000105647	PIK3R2	221433.0	0.4114388721288294	0.5830062927319962
ENSG00000115020	PIKFYVE	41673.0	0.13753759572434818	0.24181635181344238
ENSG00000085514	PILRA	8573.0	0.2980262347264437	0.45919909282766086
ENSG00000137193	PIM1	54947.0	0.5556861821796097	0.71439367212359
ENSG00000102096	PIM2	14873.0	0.5475558294502383	0.707639516494542
ENSG00000129195	PIMREG	17418.0	0.3578218228766044	0.5270526910792218
ENSG00000127445	PIN1	112908.0	0.11064932109964916	0.19925158913363536
ENSG00000158828	PINK1	39059.0	0.28823699163081795	0.44749063022313945
ENSG00000150867	PIP4K2A	8646.0	0.07488047179094828	0.13932799740269475
ENSG00000057757	PITHD1	27811.0	0.1566401292570045	0.27085369994490166
ENSG00000180957	PITPNB	184077.0	0.49080343738070875	0.6584415155938114
ENSG00000069011	PITX1	3952.0	0.15183173189898097	0.26363526493346695
ENSG00000164093	PITX2	139.0	-0.015086559353805377	0.0
ENSG00000125207	PIWIL1	12799.0	0.4018794151813549	0.5733437709824215
ENSG00000008710	PKD1	73768.0	0.498040257348704	0.6649223943155668
ENSG00000158683	PKD1L1	2774.0	0.14025364534645315	0.24600429197284202
ENSG00000118762	PKD2	11899.0	0.36058512294105655	0.5300441947529333
ENSG00000107593	PKD2L1	686.0	0.24453961309279304	0.3929800393980069
ENSG00000170927	PKHD1	70568.0	0.6543663164598716	0.7910779008848903
ENSG00000171033	PKIA	84.0	-0.017897221863334402	0.0
ENSG00000067225	PKM	1257051.0	0.8067964821935595	0.8930684669189305
ENSG00000165495	PKNOX2	14074.0	0.43569215715183934	0.6069437030514618
ENSG00000057294	PKP2	78657.0	0.5724917106897607	0.7281332000645547
ENSG00000116711	PLA2G4A	1135.0	0.01255808025768534	0.024804661584428702
ENSG00000127472	PLA2G5	534.0	0.5013346880643113	0.667852001355791
ENSG00000184381	PLA2G6	42442.0	0.16668949898606436	0.28574783458825903
ENSG00000146070	PLA2G7	10976.0	0.38386479441949034	0.5547721077484533
ENSG00000153246	PLA2R1	7621.0	0.19950893460948899	0.33265101885121173
ENSG00000118495	PLAGL1	84699.0	0.41454667709700305	0.5861194739048903
ENSG00000126003	PLAGL2	59229.0	0.2660938321093514	0.4203382488105654
ENSG00000104368	PLAT	71131.0	0.7529378869858226	0.8590582616483914
ENSG00000122861	PLAU	21634.0	0.7757196823216187	0.8736961019741856
ENSG00000011422	PLAUR	54126.0	0.831812060027178	0.9081849368486379
ENSG00000182621	PLCB1	61556.0	0.33859656368908747	0.5058978528316803
ENSG00000138193	PLCE1	7616.0	0.31381905903053064	0.4777203632014567
ENSG00000124181	PLCG1	310753.0	0.5024260265622964	0.6688196525880189
ENSG00000197943	PLCG2	17607.0	0.44568252135146474	0.6165703946324649
ENSG00000075651	PLD1	17720.0	0.5479356008763807	0.7079565849718308
ENSG00000129219	PLD2	35683.0	0.2470644029272114	0.3962335904180757
ENSG00000178209	PLEC	717613.0	0.5904433775593437	0.7424890265070913
ENSG00000107679	PLEKHA1	81494.0	0.32318653629305	0.48849731678568553
ENSG00000169499	PLEKHA2	5355.0	0.07925126853888463	0.14686342439268443
ENSG00000115762	PLEKHB2	78263.0	0.33908659940323427	0.5064446161351308
ENSG00000152527	PLEKHH2	41059.0	0.5051343477775364	0.6712149630010261
ENSG00000116786	PLEKHM2	98781.0	0.3781526185099974	0.5487819178094232
ENSG00000023902	PLEKHO1	25732.0	0.40955301213606415	0.5811104777328233
ENSG00000122194	PLG	54.0	0.000876989308210969	0.001752441743749407
ENSG00000166819	PLIN1	1485.0	0.003251169885041982	0.00648126806652918
ENSG00000147872	PLIN2	45265.0	0.32582283596544903	0.4915028269643411
ENSG00000167676	PLIN4	4168.0	0.1649159309066292	0.28313790983745696
ENSG00000214456	PLIN5	18136.0	0.4828815764386228	0.6512746319208309
ENSG00000166851	PLK1	18054.0	0.26829185673809713	0.4230758958401158
ENSG00000142731	PLK4	16300.0	0.34880229283078473	0.5172029951087043
ENSG00000198523	PLN	73.0	0.22666038927624027	0.36955687369994145
ENSG00000102007	PLP2	338460.0	0.9166056236316994	0.9564885048128577
ENSG00000102024	PLS3	77966.0	0.6419621803828015	0.7819451483750212
ENSG00000188313	PLSCR1	69857.0	0.5130670581793026	0.6781815193262938
ENSG00000100979	PLTP	52347.0	0.45775482394817557	0.6280271777230616
ENSG00000130300	PLVAP	17219.0	0.5374176786733269	0.6991173395860479
ENSG00000161381	PLXDC1	5152.0	0.639308059884403	0.7799730575709903
ENSG00000196576	PLXNB2	940929.0	0.8307925759427084	0.9075769553139227
ENSG00000136040	PLXNC1	5621.0	0.27084473449228263	0.42624362700056867
ENSG00000162877	PM20D1	339.0	0.004982466493434456	0.009915529194890698
ENSG00000146281	PM20D2	37433.0	0.3978099834470172	0.5691903594307042
ENSG00000141682	PMAIP1	4651.0	0.21717020119356906	0.35684442649123327
ENSG00000183395	PMCH	165.0	0.049420158517723724	0.0941856474103343
ENSG00000118557	PMFBP1	715.0	-0.038616569756744955	0.0
ENSG00000140464	PML	101978.0	0.2991840972859817	0.46057228981017007
ENSG00000140650	PMM2	35303.0	0.18326087708915095	0.30975566020568
ENSG00000109099	PMP22	3732.0	0.44857833573976597	0.6193359719282067
ENSG00000064933	PMS1	74190.0	0.2763280940718712	0.4330047976775334
ENSG00000122512	PMS2	73088.0	0.24390278944401264	0.39215731569028783
ENSG00000176903	PNMA1	79531.0	0.3641122869737195	0.5338450367330125
ENSG00000240694	PNMA2	281.0	0.006238003478689074	0.01239866404791615
ENSG00000168081	PNOC	8450.0	0.6266311707978346	0.770464973311046
ENSG00000198805	PNP	48262.0	0.40637607915283325	0.5779052775095895
ENSG00000180316	PNPLA1	171.0	0.006766590183842617	0.013442222357829714
ENSG00000177666	PNPLA2	176120.0	0.4989803905355962	0.6657597306623964
ENSG00000100344	PNPLA3	9644.0	0.23447750724309033	0.37988137631886004
ENSG00000032444	PNPLA6	22899.0	0.2750522878996059	0.43143687597737596
ENSG00000138035	PNPT1	35175.0	0.3209250432358188	0.4859095447984863
ENSG00000128567	PODXL	144172.0	0.6494409764412156	0.7874679794149773
ENSG00000134901	POGLUT2	4681.0	0.44870416555973947	0.6194558919990024
ENSG00000143442	POGZ	230528.0	0.27156657488502467	0.4271370138989062
ENSG00000070501	POLB	7778.0	0.0933244238103318	0.17071680057249242
ENSG00000062822	POLD1	36089.0	0.3209556282101751	0.48594460155342684
ENSG00000004142	POLDIP2	137172.0	0.09483651375707296	0.17324324237530075
ENSG00000177084	POLE	51113.0	0.45065603943927884	0.6213134294928667
ENSG00000170734	POLH	59957.0	0.24840348988990718	0.39795385370448316
ENSG00000181222	POLR2A	359221.0	0.2726681258427308	0.4284983968812394
ENSG00000047315	POLR2B	523712.0	0.6483251127907358	0.7866471338206741
ENSG00000102978	POLR2C	75539.0	0.2382689293224037	0.38484197362973077
ENSG00000099817	POLR2E	16315.0	0.028753174862608064	0.055899073879306586
ENSG00000168002	POLR2G	58178.0	0.2654172393679189	0.41949363594966654
ENSG00000163882	POLR2H	230070.0	0.4255779421348294	0.5970602231646747
ENSG00000255529	POLR2M	27741.0	0.15581876378712947	0.2696249077607587
ENSG00000115138	POMC	461.0	0.10494625590164555	0.18995721346828495
ENSG00000085998	POMGNT1	133773.0	0.3876152092450796	0.558678236823245
ENSG00000130714	POMT1	14274.0	0.07961390840756115	0.1474858887747978
ENSG00000005421	PON1	252.0	0.037105939510521595	0.07155670042355428
ENSG00000105854	PON2	98085.0	0.3091682562996795	0.4723124851400435
ENSG00000132429	POPDC3	46.0	0.005191638744626606	0.010329649679757363
ENSG00000127948	POR	217667.0	0.5795812987947943	0.7338416822698639
ENSG00000102312	PORCN	10637.0	0.24679174123423117	0.395882861703793
ENSG00000133110	POSTN	36041.0	0.9290175010373312	0.9632027708797365
ENSG00000196604	POTEF	33294.0	0.5253112478384759	0.6887922036671486
ENSG00000196834	POTEI	5903.0	0.20669329606385362	0.342578013382642
ENSG00000222038	POTEJ	1419.0	0.06067695729464562	0.11441175727887554
ENSG00000110777	POU2AF1	4307.0	0.3943959806112274	0.5656872023373815
ENSG00000143190	POU2F1	49066.0	0.2693717889748232	0.42441748164637355
ENSG00000028277	POU2F2	758.0	0.44069556962423095	0.6117816684050403
ENSG00000137709	POU2F3	3652.0	0.22807967674925833	0.3714411712324529
ENSG00000185668	POU3F1	886.0	0.11179642737652846	0.20110952801014306
ENSG00000198914	POU3F3	56.0	0.06516745405049276	0.12236095611573876
ENSG00000196767	POU3F4	65.0	-0.0006206669502860947	0.0
ENSG00000091010	POU4F3	273.0	0.015630451269127595	0.030779800368521536
ENSG00000204531	POU5F1	21400.0	0.3424818812537441	0.5102219792104759
ENSG00000186951	PPARA	25600.0	0.18245570723452695	0.308604721712995
ENSG00000112033	PPARD	55530.0	0.12540828393078632	0.22286717757712726
ENSG00000132170	PPARG	1026.0	0.439048378554221	0.6101926593952636
ENSG00000109819	PPARGC1A	107.0	-0.006481001571554112	0.0
ENSG00000131626	PPFIA1	143715.0	0.2731300423444971	0.42906856842608493
ENSG00000177380	PPFIA3	451.0	0.0787347562704753	0.1459761184346856
ENSG00000143847	PPFIA4	22376.0	0.7731642302030761	0.8720728932305696
ENSG00000168938	PPIC	13287.0	0.29555674592800185	0.45626213881707783
ENSG00000171497	PPID	33863.0	0.137437310026398	0.24166133608402265
ENSG00000108179	PPIF	143916.0	0.5380912179179975	0.699687003799908
ENSG00000100614	PPM1A	113189.0	0.18742877179228465	0.31568844590043554
ENSG00000170836	PPM1D	25865.0	0.12551723689734082	0.22303920861016424
ENSG00000111110	PPM1H	20185.0	0.1455274831666403	0.2540794268232679
ENSG00000172531	PPP1CA	222658.0	0.3021360313316475	0.4640621625724678
ENSG00000158615	PPP1R15B	89466.0	0.21955801888618012	0.36006162148267784
ENSG00000101445	PPP1R16B	4413.0	0.30755179422570095	0.47042388008472785
ENSG00000131771	PPP1R1B	1130398.0	0.9345809641702043	0.9661843897767
ENSG00000150722	PPP1R1C	8663.0	0.14265601241648737	0.24969196480189806
ENSG00000104866	PPP1R37	43595.0	0.38730750868956154	0.5583585560715502
ENSG00000115685	PPP1R7	35059.0	0.15020139258778537	0.26117407535015086
ENSG00000108819	PPP1R9B	59091.0	0.6825114174113405	0.8113007856569927
ENSG00000113575	PPP2CA	84999.0	0.2977423773588744	0.45886207086005865
ENSG00000105568	PPP2R1A	135058.0	0.30899566452527333	0.4721110587288846
ENSG00000073711	PPP2R3A	69850.0	0.19404840099117285	0.32502602211115456
ENSG00000092020	PPP2R3C	13939.0	0.13675109186378404	0.2405998865408098
ENSG00000138814	PPP3CA	24081.0	0.21711144060085807	0.35676509702952997
ENSG00000154845	PPP4R1	61175.0	0.145341372438684	0.2537957257742645
ENSG00000119698	PPP4R4	2310.0	0.0789181310394827	0.14629123150140985
ENSG00000185686	PRAME	17825.0	0.5057545802218399	0.6717623002645333
ENSG00000137509	PRCP	45238.0	0.3373588719918731	0.5045150992110414
ENSG00000057657	PRDM1	6036.0	0.6214402128513815	0.7665286797822148
ENSG00000170325	PRDM10	31460.0	0.1485379794490123	0.2586557555898506
ENSG00000130711	PRDM12	44.0	-0.008950330190516376	0.0
ENSG00000112238	PRDM13	48.0	-0.010600344487342367	0.0
ENSG00000141956	PRDM15	30650.0	0.19022920121512946	0.3196513764255163
ENSG00000061455	PRDM6	5604.0	0.7696084403896708	0.869806475629379
ENSG00000085377	PREP	53756.0	0.16350453680759058	0.28105526301807526
ENSG00000138078	PREPL	52083.0	0.12478963538750326	0.22188973201999992
ENSG00000180644	PRF1	246.0	0.11895804736633218	0.21262289081582858
ENSG00000186652	PRG2	110.0	0.0024599797512773547	0.004907886201876519
ENSG00000116690	PRG4	68.0	0.8449513207378591	0.9159605581354138
ENSG00000139174	PRICKLE1	20116.0	0.3686350444823841	0.5386900561526997
ENSG00000132356	PRKAA1	41370.0	0.1977903734623281	0.3302587461787592
ENSG00000162409	PRKAA2	26076.0	0.3311553834697253	0.4975457975560324
ENSG00000111725	PRKAB1	85026.0	0.5269558367590695	0.690204423826064
ENSG00000072062	PRKACA	249516.0	0.34705258417791407	0.5152769658056296
ENSG00000142875	PRKACB	17981.0	0.3174594102739083	0.4819266655173937
ENSG00000181929	PRKAG1	65210.0	0.24409788151754602	0.3924094480730026
ENSG00000106617	PRKAG2	40329.0	0.22224834782712657	0.363671340971305
ENSG00000108946	PRKAR1A	215690.0	0.5024527102935272	0.6688432945025808
ENSG00000154229	PRKCA	36775.0	0.3169856958899847	0.4813806207299374
ENSG00000166501	PRKCB	908.0	0.3285675599964341	0.4946192725002498
ENSG00000163932	PRKCD	94188.0	0.28187110056192466	0.4397807243464071
ENSG00000171132	PRKCE	20321.0	0.14976139897571253	0.26050865702941567
ENSG00000126583	PRKCG	166.0	0.12487888459067022	0.22203080936328912
ENSG00000027075	PRKCH	8428.0	0.21926376804798417	0.3596658472005953
ENSG00000163558	PRKCI	178851.0	0.4911799760874911	0.6587802732923399
ENSG00000065675	PRKCQ	25461.0	0.38872934037266427	0.5598345610935952
ENSG00000067606	PRKCZ	27342.0	0.1998710375700211	0.33315419959598314
ENSG00000184304	PRKD1	5974.0	0.22441611438757844	0.3665683777770691
ENSG00000115825	PRKD3	50411.0	0.2731672039796919	0.4291144213043193
ENSG00000253729	PRKDC	164404.0	0.4486790328802123	0.6194319413709807
ENSG00000185345	PRKN	38299.0	0.4933495417913519	0.6607288220004447
ENSG00000180228	PRKRA	58538.0	0.12236328701781463	0.2180457761460482
ENSG00000172179	PRL	1259.0	0.08347430372156076	0.1540863561504687
ENSG00000113494	PRLR	9015.0	0.4124466468541062	0.5840173117657003
ENSG00000175646	PRM1	88.0	0.007247869735372028	0.014391432244530268
ENSG00000126457	PRMT1	139888.0	0.43361710031383377	0.604927355036307
ENSG00000100462	PRMT5	65779.0	0.14625193554613153	0.2551828808497493
ENSG00000111218	PRMT8	3112.0	0.22773619004508144	0.3709855454154515
ENSG00000164169	PRMT9	8611.0	0.0699335569226874	0.13072504637358665
ENSG00000282961	PRNCR1	10851.0	0.27886503051536876	0.43611330963204015
ENSG00000171867	PRNP	49105.0	0.20259004857394824	0.33692287544568156
ENSG00000115718	PROC	1024.0	0.0808279649259068	0.14956675354240626
ENSG00000101000	PROCR	3228.0	0.2586457347186608	0.4109905235192724
ENSG00000100033	PRODH	18031.0	0.46423820874993627	0.634102027901963
ENSG00000007062	PROM1	4845.0	0.46665649322948305	0.6363541775237848
ENSG00000155066	PROM2	40168.0	0.587084513625811	0.739827663348026
ENSG00000184500	PROS1	6761.0	0.35692173918415404	0.5260756444196293
ENSG00000120685	PROSER1	19749.0	0.03661127536952003	0.07063645985611962
ENSG00000117707	PROX1	2951.0	0.4827790080032522	0.6511813363926356
ENSG00000110107	PRPF19	36805.0	0.050031628843194946	0.09529547009610384
ENSG00000117360	PRPF3	158984.0	0.284623907980615	0.44312410225656484
ENSG00000105618	PRPF31	65145.0	0.3118772127552085	0.4754670783559127
ENSG00000174231	PRPF8	291599.0	0.3962538702141303	0.567595734081454
ENSG00000135406	PRPH	541.0	0.09947673609862094	0.18095287118416678
ENSG00000112619	PRPH2	4698.0	0.15355722581746306	0.2662325238501201
ENSG00000147224	PRPS1	19589.0	0.06693471338144985	0.12547105749200496
ENSG00000101911	PRPS2	8410.0	0.28024494632098923	0.43779894953121706
ENSG00000161542	PRPSAP1	112168.0	0.15435279395671214	0.2674274186622713
ENSG00000068489	PRR11	29275.0	0.34688055345735336	0.5150873291130886
ENSG00000205352	PRR13	221840.0	0.3518839512492846	0.520583073604959
ENSG00000183530	PRR14L	29440.0	0.17618388914293098	0.2995856188292355
ENSG00000204469	PRRC2A	325071.0	0.5808123566650302	0.7348277032580188
ENSG00000126460	PRRG2	16898.0	0.23123147293336235	0.37561007498039684
ENSG00000167371	PRRT2	4974.0	0.20576896584901508	0.3413074505597803
ENSG00000116132	PRRX1	535.0	0.16467290668350767	0.28277966412462696
ENSG00000112812	PRSS16	20008.0	0.3200246667423418	0.48487679784366944
ENSG00000196415	PRTN3	118.0	0.003703954605371825	0.007380571907436821
ENSG00000122378	PRXL2A	183906.0	0.6392662522882907	0.7799419421902009
ENSG00000059915	PSD	11067.0	0.11341548781164892	0.2037253640769094
ENSG00000156011	PSD3	47836.0	0.5719205935394943	0.7276710997871724
ENSG00000080815	PSEN1	43721.0	0.23166200875463244	0.3761778915124163
ENSG00000143801	PSEN2	3196.0	0.14359689563382064	0.2511320137052913
ENSG00000205155	PSENEN	9452.0	0.08091493695055037	0.1497156421555715
ENSG00000231924	PSG1	78.0	0.01458413077389732	0.02874898262556687
ENSG00000164985	PSIP1	33431.0	0.19232407355683523	0.32260369109735604
ENSG00000159792	PSKH1	45185.0	0.13053666730830707	0.23092867499663078
ENSG00000100902	PSMA6	122059.0	0.3166210317525363	0.48096000916996806
ENSG00000100804	PSMB5	104866.0	0.22411476069774885	0.36616625808842107
ENSG00000161057	PSMC2	85842.0	0.08171489567909199	0.15108397971684032
ENSG00000087191	PSMC5	182715.0	0.2528495630924638	0.40363914478023055
ENSG00000173692	PSMD1	86309.0	0.2512953870886511	0.40165637895194684
ENSG00000101843	PSMD10	63321.0	0.1970003948257174	0.3291567750140977
ENSG00000175166	PSMD2	238643.0	0.3284681537538874	0.4945066282932358
ENSG00000108344	PSMD3	473104.0	0.5500100922197235	0.7096858207317481
ENSG00000159352	PSMD4	123023.0	0.17170136814171263	0.2930804261396852
ENSG00000131467	PSME3	34210.0	0.23511477393490857	0.3807172886222787
ENSG00000121390	PSPC1	215721.0	0.33413387965261854	0.5009000741958824
ENSG00000134222	PSRC1	34871.0	0.42594931781747836	0.5974256062191966
ENSG00000152229	PSTPIP2	2282.0	0.04551216495691628	0.08706195199324487
ENSG00000169403	PTAFR	9308.0	0.33926871680816717	0.5066477138609413
ENSG00000011304	PTBP1	149766.0	0.16045878821928464	0.2765437081406526
ENSG00000117569	PTBP2	64565.0	0.3523469239001108	0.5210895483593179
ENSG00000106246	PTCD1	36255.0	0.1877560153837872	0.31615249757016733
ENSG00000049883	PTCD2	8216.0	0.06205550619429181	0.11685925233165621
ENSG00000132300	PTCD3	157291.0	0.33183958211640124	0.49831764511621013
ENSG00000185920	PTCH1	39658.0	0.7297634076691599	0.8437725118171038
ENSG00000156471	PTDSS1	36607.0	0.2432790026450968	0.39135061740368277
ENSG00000171862	PTEN	172632.0	0.1709756869879332	0.29202260796332846
ENSG00000168229	PTGDR	133.0	0.08395138178930082	0.1548987956465733
ENSG00000183134	PTGDR2	349.0	0.04437083634359717	0.08497141972853635
ENSG00000125384	PTGER2	1380.0	0.18929077115008142	0.31832546882884044
ENSG00000050628	PTGER3	190.0	0.009920030598414571	0.01964518040608936
ENSG00000171522	PTGER4	4498.0	0.30780909579748333	0.47072481264520605
ENSG00000148344	PTGES	5277.0	0.4425679557556634	0.6135835112514086
ENSG00000110958	PTGES3	462019.0	0.7187612780856728	0.8363712718571562
ENSG00000122420	PTGFR	48.0	0.003828358803706502	0.00762751673656416
ENSG00000134247	PTGFRN	120980.0	0.4157168157103482	0.5872880947617461
ENSG00000160013	PTGIR	1008.0	0.23330303118859225	0.3783385352807365
ENSG00000124212	PTGIS	3041.0	0.5011354847144742	0.66767522294604
ENSG00000095303	PTGS1	127071.0	0.7310200289570663	0.8446118666778263
ENSG00000073756	PTGS2	631.0	0.5778402673096856	0.7324445690499948
ENSG00000152266	PTH	46.0	-0.006586537750937388	0.0
ENSG00000160801	PTH1R	1064.0	0.19448594957710902	0.3256395768338071
ENSG00000144407	PTH2R	16151.0	0.16640657040766407	0.2853320182335809
ENSG00000087494	PTHLH	575.0	0.509854362534006	0.6753689298593164
ENSG00000169398	PTK2	176272.0	0.3031722062089956	0.46528341344992513
ENSG00000120899	PTK2B	11722.0	0.40973732632423676	0.5812959885123989
ENSG00000101213	PTK6	2565.0	0.13063114401019385	0.23107650041703798
ENSG00000112655	PTK7	267450.0	0.5190374457318543	0.6833767622914498
ENSG00000104960	PTOV1	218741.0	0.5764898967042192	0.7313588217842922
ENSG00000112245	PTP4A1	72961.0	0.3125760384489264	0.47627875154310767
ENSG00000184489	PTP4A3	33100.0	0.4700951669503636	0.6395438574572716
ENSG00000119383	PTPA	114465.0	0.2641678252359966	0.4179315751635767
ENSG00000158079	PTPDC1	7977.0	0.12286660923278205	0.2188445327744366
ENSG00000196396	PTPN1	73875.0	0.09549436487778606	0.1743402210716793
ENSG00000179295	PTPN11	91429.0	0.2575883301523817	0.409654453649661
ENSG00000163629	PTPN13	12298.0	0.27499868328160326	0.4313709290645056
ENSG00000175354	PTPN2	111122.0	0.4528846214133093	0.6234281989615402
ENSG00000134242	PTPN22	625.0	0.07902955033109874	0.14648264323594962
ENSG00000110786	PTPN5	1265.0	0.4974125856672896	0.6643627687229948
ENSG00000111679	PTPN6	87866.0	0.41753092617126203	0.5890960379947536
ENSG00000142949	PTPRF	666700.0	0.8605580093263182	0.9250536720840155
ENSG00000144724	PTPRG	48010.0	0.35205402319488327	0.5207691662541485
ENSG00000149177	PTPRJ	50587.0	0.4838995001164845	0.6521998290025691
ENSG00000173482	PTPRM	29624.0	0.39243806255433367	0.5636704038877428
ENSG00000139304	PTPRQ	2463.0	0.03758275691700039	0.07244290957315273
ENSG00000060656	PTPRU	43908.0	0.5694198462954437	0.7256437436286253
ENSG00000106278	PTPRZ1	140.0	0.04212706991270003	0.08084824035178177
ENSG00000164611	PTTG1	23370.0	0.3200853388789216	0.4849464340703202
ENSG00000163661	PTX3	7348.0	0.47476696313277106	0.6438535375436512
ENSG00000080608	PUM3	79398.0	0.36875076225417047	0.5388135991199474
ENSG00000146676	PURB	82397.0	0.3368771685804927	0.5039762462817607
ENSG00000169972	PUSL1	17372.0	0.14004102949557565	0.24567717454439061
ENSG00000073008	PVR	64139.0	0.5553394848073756	0.7141071003879939
ENSG00000249859	PVT1	62547.0	0.7941239467519796	0.8852498158665507
ENSG00000136045	PWP1	80512.0	0.2630907074433787	0.4165824447808669
ENSG00000160953	PWWP3A	3513.0	0.2496441528365568	0.3995443859276125
ENSG00000089159	PXN	54364.0	0.19880769783715524	0.3316757111183667
ENSG00000103490	PYCARD	19137.0	0.31658992892556065	0.48092412370786175
ENSG00000100994	PYGB	319753.0	0.5379808700240726	0.6995937082307819
ENSG00000100504	PYGL	27723.0	0.21592773577147348	0.3551654089615336
ENSG00000068976	PYGM	5756.0	0.5508659771199256	0.7103979134843424
ENSG00000170473	PYM1	103912.0	0.43205006496468673	0.603400782605098
ENSG00000126838	PZP	2787.0	0.41480395697074673	0.5863765858541821
ENSG00000011478	QPCTL	7408.0	0.04540313395308872	0.08686244086795732
ENSG00000186867	QRFPR	155.0	-0.010878777168483615	0.0
ENSG00000048991	R3HDM1	62135.0	0.38777007941524816	0.5588390831695107
ENSG00000179912	R3HDM2	128863.0	0.38903607628463177	0.5601525877214338
ENSG00000103769	RAB11A	60955.0	0.18792554789835278	0.31639280463464364
ENSG00000135631	RAB11FIP5	14577.0	0.2054763219727045	0.3409047829930866
ENSG00000069974	RAB27A	3683.0	0.08601252310257121	0.15840061007187398
ENSG00000157869	RAB28	34363.0	0.1523139186867232	0.26436184830660264
ENSG00000144566	RAB5A	19741.0	0.13742571149898872	0.24164340599946232
ENSG00000222014	RAB6C	4252.0	0.024314031736319845	0.04747378437275727
ENSG00000075785	RAB7A	218955.0	0.38333052335978174	0.5542139306356991
ENSG00000167461	RAB8A	72984.0	0.19643812027069069	0.32837155042543636
ENSG00000123595	RAB9A	12726.0	0.13213456965975717	0.23342555417147604
ENSG00000079974	RABL2B	16031.0	0.2504468316867628	0.40057174018175257
ENSG00000144840	RABL3	14426.0	0.11741325172397786	0.21015188703522042
ENSG00000196642	RABL6	279357.0	0.4581803308252868	0.6284275286664583
ENSG00000136238	RAC1	470670.0	0.37884291260809166	0.5495084452970896
ENSG00000161800	RACGAP1	73198.0	0.5839306929075476	0.7373184894039186
ENSG00000070950	RAD18	42197.0	0.3329021681049484	0.49951478221128787
ENSG00000113522	RAD50	115827.0	0.37260585736576335	0.5429174811782458
ENSG00000051180	RAD51	9591.0	0.16162217754865046	0.2782697862909586
ENSG00000002016	RAD52	36736.0	0.10717419729328477	0.1935995212953737
ENSG00000085999	RAD54L	120604.0	0.7362806693986177	0.8481124997534386
ENSG00000164080	RAD54L2	65479.0	0.03455625272920016	0.06680400923205365
ENSG00000132155	RAF1	115331.0	0.18582969293959062	0.31341716950759013
ENSG00000166349	RAG1	7862.0	0.16129735713506524	0.2777882101324811
ENSG00000039560	RAI14	87066.0	0.32551497478966257	0.49115246674797686
ENSG00000131831	RAI2	25100.0	0.3273682152354927	0.49325908437157095
ENSG00000136828	RALGPS1	38157.0	0.22099426528520677	0.3619906687007832
ENSG00000132341	RAN	308308.0	0.619988273848335	0.7654231624473833
ENSG00000153201	RANBP2	122425.0	0.19053672432521898	0.32008542102422377
ENSG00000031823	RANBP3	38228.0	0.3057465517523035	0.4683091850282791
ENSG00000010017	RANBP9	138419.0	0.12533139984430713	0.2227457615803613
ENSG00000100401	RANGAP1	141428.0	0.3697376226311587	0.5398663459662029
ENSG00000116473	RAP1A	57994.0	0.08227988312550384	0.15204917768200346
ENSG00000125249	RAP2A	20374.0	0.19740607099077234	0.3297228497053338
ENSG00000079337	RAPGEF3	279990.0	0.8031724265909979	0.8908437315775086
ENSG00000136237	RAPGEF5	21598.0	0.2711972934176614	0.4266800988673243
ENSG00000158987	RAPGEF6	11094.0	0.07633192955810197	0.1418371553642207
ENSG00000131759	RARA	37646.0	0.4865787240607997	0.6546289358045448
ENSG00000077092	RARB	1627.0	0.13785119279354197	0.24230091538613777
ENSG00000145715	RASA1	40222.0	0.14063209602405533	0.24658625075387933
ENSG00000108551	RASD1	19121.0	0.6890303009396596	0.8158886203004537
ENSG00000100302	RASD2	4377.0	0.11955939008523706	0.21358293475817208
ENSG00000146090	RASGEF1C	5157.0	0.1127950714962531	0.2027238875970038
ENSG00000172575	RASGRP1	9792.0	0.39023931865713546	0.5613987655507783
ENSG00000068028	RASSF1	15490.0	0.20366449247822033	0.3384074112860076
ENSG00000101265	RASSF2	5833.0	0.4274678288354142	0.5989176361111546
ENSG00000153179	RASSF3	21724.0	0.3285789041799033	0.49463212632105796
ENSG00000107551	RASSF4	9398.0	0.17206413135505788	0.2936087313859344
ENSG00000266094	RASSF5	2570.0	0.4281920916273608	0.599628151055584
ENSG00000123094	RASSF8	10153.0	0.17951449954977253	0.30438710099501826
ENSG00000161847	RAVER1	165748.0	0.4122005806560546	0.5837705865615235
ENSG00000139687	RB1	51475.0	0.3110109356411002	0.47445971225100747
ENSG00000162521	RBBP4	172219.0	0.38839437006862326	0.5594871002673777
ENSG00000117222	RBBP5	69147.0	0.18959279554981256	0.3187524273164172
ENSG00000102054	RBBP7	214675.0	0.6025411375611703	0.7519821157017516
ENSG00000101773	RBBP8	81064.0	0.34907838918372097	0.5175064577158275
ENSG00000125826	RBCK1	144681.0	0.499732329001358	0.6664286944245842
ENSG00000103479	RBL2	46004.0	0.14982857824802745	0.2606102876244709
ENSG00000182872	RBM10	101381.0	0.17060873465898088	0.291487205942782
ENSG00000244462	RBM12	164927.0	0.43413994292237906	0.605435954928809
ENSG00000239306	RBM14	39306.0	0.11270780430485547	0.20258293124000812
ENSG00000162775	RBM15	117504.0	0.265378244035787	0.419444929271728
ENSG00000122965	RBM19	98163.0	0.18887726667092342	0.3177405640866778
ENSG00000203867	RBM20	2024.0	0.4050505412334017	0.5765636599489643
ENSG00000100461	RBM23	106653.0	0.2596703364152386	0.41228300597155715
ENSG00000091009	RBM27	54514.0	0.12503880379539958	0.2222835396851596
ENSG00000188739	RBM34	28111.0	0.12183023912989242	0.21719906431544525
ENSG00000132819	RBM38	499996.0	0.6603247819896436	0.795416401841989
ENSG00000153250	RBMS1	117866.0	0.24847578188619765	0.39804661891126214
ENSG00000076067	RBMS2	50833.0	0.2199960375555552	0.36065041325273517
ENSG00000144642	RBMS3	26448.0	0.7848764391727434	0.8794742559731685
ENSG00000147274	RBMX	416248.0	0.7922719878388544	0.8840979418466353
ENSG00000168214	RBPJ	45385.0	0.0737328589248567	0.137339298712878
ENSG00000157110	RBPMS	7873.0	0.6889987339127039	0.8158664895107197
ENSG00000100387	RBX1	79167.0	0.4780712725717744	0.6468852773790169
ENSG00000135870	RC3H1	61020.0	0.13523740798842915	0.2382539670324316
ENSG00000056586	RC3H2	48924.0	0.0438626661949002	0.08403915115536967
ENSG00000172348	RCAN2	11872.0	0.1425065335222227	0.2494629647025136
ENSG00000180198	RCC1	62962.0	0.24770866290127058	0.3970617024094052
ENSG00000117906	RCN2	56464.0	0.2605876938283098	0.4134384225772102
ENSG00000089902	RCOR1	78955.0	0.3421097355993556	0.509808887492463
ENSG00000117625	RCOR3	46258.0	0.25976538302863506	0.4124027958350884
ENSG00000278023	RDM1	3049.0	0.04736639377248106	0.0904485651900159
ENSG00000122707	RECK	9328.0	0.32681390227591944	0.49262960195898886
ENSG00000004700	RECQL	46983.0	0.07602216665012956	0.14130223150848584
ENSG00000160957	RECQL4	42680.0	0.35710795488742264	0.52627788909696
ENSG00000168476	REEP4	30585.0	0.2096802415067035	0.3466705238494077
ENSG00000115255	REEP6	1620.0	0.31253121757624847	0.47622671886368706
ENSG00000162924	REL	8732.0	0.06394154165580263	0.12019747166990205
ENSG00000173039	RELA	70920.0	0.14839819568012416	0.25844379804556766
ENSG00000104856	RELB	13182.0	0.3190969418006452	0.483811207029347
ENSG00000189056	RELN	7654.0	0.5150417159055715	0.6799043359644001
ENSG00000054967	RELT	22002.0	0.2739153470147243	0.43003696855778334
ENSG00000143839	REN	410.0	0.6234476811238081	0.7680539242166837
ENSG00000135597	REPS1	100867.0	0.34094952693214825	0.5085195528756098
ENSG00000134533	RERG	1911.0	0.04978212690319998	0.09484277856788159
ENSG00000084093	REST	179781.0	0.46991995376957285	0.6393816922676299
ENSG00000165731	RET	1867.0	0.33473218383307407	0.5015720575071362
ENSG00000104918	RETN	135.0	0.05397315007187407	0.10241845357862
ENSG00000154153	RETREG1	5715.0	0.3055952849014817	0.4681317226487095
ENSG00000141699	RETREG3	24468.0	0.2940045870604973	0.4544104248167584
ENSG00000076043	REXO2	60568.0	0.3522762211247271	0.5210122246056044
ENSG00000133119	RFC3	23703.0	0.25417092016577825	0.4053210229626143
ENSG00000163918	RFC4	44146.0	0.22301003314476683	0.36469043932752315
ENSG00000111445	RFC5	66867.0	0.34925542673593984	0.5177009776137694
ENSG00000128276	RFPL3	137.0	-0.0005823826091173384	0.0
ENSG00000131378	RFTN1	12850.0	0.7814965182449909	0.8773483531866434
ENSG00000132005	RFX1	30519.0	0.07792105715114413	0.14457655620362964
ENSG00000087903	RFX2	1995.0	0.1578494322575975	0.27265968762418374
ENSG00000111783	RFX4	208.0	0.20403371285893673	0.3389169434042934
ENSG00000143390	RFX5	64921.0	0.2702867765811924	0.42555237378544275
ENSG00000130988	RGN	8834.0	0.47506106915586127	0.64412393369954
ENSG00000187627	RGPD1	9161.0	0.03626519705353641	0.06999211622015489
ENSG00000183054	RGPD6	98055.0	0.18450770808781938	0.311534837347196
ENSG00000169629	RGPD8	37999.0	0.1606197192574002	0.27678268185925636
ENSG00000117152	RGS4	3878.0	0.5990418264580964	0.7492509783624408
ENSG00000143248	RGS5	6569.0	0.7173585831628005	0.8354208494322318
ENSG00000112077	RHAG	138.0	-0.001384222986127685	0.0
ENSG00000144468	RHBDD1	14960.0	0.0600035142818019	0.1132138025456583
ENSG00000005486	RHBDD2	267395.0	0.41250220939165894	0.5840730112122327
ENSG00000188672	RHCE	268.0	0.022548044570201386	0.044101682439144085
ENSG00000187010	RHD	263.0	-0.02591360084130767	0.0
ENSG00000106615	RHEB	7558.0	0.0899682019854402	0.16508408561196172
ENSG00000067560	RHOA	191879.0	0.45254167224954756	0.6231031864974963
ENSG00000155366	RHOC	162461.0	0.6247803601946991	0.7690643923340272
ENSG00000168421	RHOH	708.0	0.22828113407058037	0.3717082803576835
ENSG00000126858	RHOT1	43773.0	0.199314329155825	0.33238046825658896
ENSG00000177963	RIC8A	103580.0	0.10505096734176383	0.19012872789834728
ENSG00000132541	RIDA	6484.0	0.10271347163507137	0.18629222237172968
ENSG00000188026	RILPL1	58987.0	0.2657407863211432	0.41989764285547726
ENSG00000150977	RILPL2	2913.0	0.0017259773604249048	0.003446006990799823
ENSG00000117016	RIMS3	3094.0	0.07291263850448362	0.13591533157091976
ENSG00000101098	RIMS4	6858.0	0.5065869937443052	0.6724961729362733
ENSG00000170468	RIOX1	54173.0	0.17201823642854985	0.29354191100769045
ENSG00000137275	RIPK1	73799.0	0.24918668631883212	0.3989582806924533
ENSG00000104312	RIPK2	9745.0	0.13893505665351472	0.24397362403040218
ENSG00000129465	RIPK3	3971.0	0.12883016480625284	0.22825429160703664
ENSG00000183421	RIPK4	26111.0	0.3427099689689521	0.5104750495479142
ENSG00000039523	RIPOR1	32257.0	0.26391598130284477	0.41761633717266583
ENSG00000139405	RITA1	16618.0	0.13125117839288927	0.23204604052541383
ENSG00000117000	RLF	27108.0	0.11536494126222668	0.20686492285058103
ENSG00000107018	RLN1	168.0	0.015237002706438216	0.030016641761124004
ENSG00000107014	RLN2	121.0	-0.0026510863249072586	0.0
ENSG00000171136	RLN3	563.0	0.023578424300210888	0.046070576988432976
ENSG00000176623	RMDN1	12674.0	0.08311444819140729	0.15347306709866612
ENSG00000155906	RMND1	39175.0	0.3011344349772756	0.46287981761474933
ENSG00000153561	RMND5A	169103.0	0.46690105139210775	0.6365815212266877
ENSG00000136104	RNASEH2B	33171.0	0.1888466780527402	0.3176972801270888
ENSG00000135828	RNASEL	5965.0	0.19256152561627102	0.3229376790715472
ENSG00000128482	RNF112	16927.0	0.14129804412047284	0.24760936873305944
ENSG00000137522	RNF121	65349.0	0.19483256678306723	0.32612530357726827
ENSG00000133135	RNF128	3374.0	0.33775551723266306	0.5049585113001189
ENSG00000108523	RNF167	119959.0	0.04334662248117048	0.08309150870319278
ENSG00000164197	RNF180	9698.0	0.2266917203619712	0.36959851705052543
ENSG00000168159	RNF187	220452.0	0.4408593643102925	0.611939478939115
ENSG00000121481	RNF2	28603.0	0.17485156772271035	0.2976572914000299
ENSG00000173456	RNF26	14070.0	0.06516440150996848	0.12235557519119482
ENSG00000092098	RNF31	40963.0	0.1372847644143679	0.24142548763512392
ENSG00000137075	RNF38	62080.0	0.0948683981181723	0.1732964405242298
ENSG00000204618	RNF39	1717.0	0.5319579502536551	0.6944811379001307
ENSG00000108375	RNF43	62807.0	0.5139105223672976	0.6789179608365457
ENSG00000116747	RO60	40180.0	0.0499308790272293	0.09511269746345725
ENSG00000154133	ROBO4	10194.0	0.7894395569421482	0.882331625988159
ENSG00000067900	ROCK1	71952.0	0.11097416165927672	0.19977811453964534
ENSG00000134318	ROCK2	27313.0	0.009760530516433361	0.019332366876018456
ENSG00000185483	ROR1	21298.0	0.4892276003661565	0.6570219357281185
ENSG00000169071	ROR2	25872.0	0.3245407709823211	0.49004270475061545
ENSG00000198963	RORB	54.0	0.018562674574760806	0.03644876263016515
ENSG00000143365	RORC	24190.0	0.4889655295799911	0.6567855599960316
ENSG00000047936	ROS1	72.0	-0.0161574686793463	0.0
ENSG00000183638	RP1L1	250.0	0.021122352314967473	0.04137085485805179
ENSG00000132383	RPA1	65127.0	0.23571366935456858	0.38150208288573084
ENSG00000117748	RPA2	43064.0	0.22881586475291882	0.3724168466834165
ENSG00000106399	RPA3	37175.0	0.2285911418072014	0.37211914367371113
ENSG00000103932	RPAP1	43873.0	0.1446889763026908	0.25280050616025257
ENSG00000005175	RPAP3	54618.0	0.17874560687616903	0.3032810571398326
ENSG00000116745	RPE65	71.0	-0.002556064112099012	0.0
ENSG00000117133	RPF1	84681.0	0.2737610716001827	0.4298468177493696
ENSG00000163902	RPN1	498194.0	0.653356422389031	0.7903394737414916
ENSG00000177519	RPRM	8045.0	0.7105219610318092	0.8307662540657625
ENSG00000179673	RPRML	1772.0	0.16740123288613495	0.28679296915298497
ENSG00000100784	RPS6KA5	12881.0	0.1602641665275163	0.27625461709665844
ENSG00000141564	RPTOR	40202.0	0.12866121113527532	0.22798907212530167
ENSG00000166133	RPUSD2	15636.0	0.08254188054027684	0.15249641981348877
ENSG00000166592	RRAD	3930.0	0.5924318371964397	0.7440592725644661
ENSG00000126458	RRAS	25653.0	0.17730223881420754	0.30120088617649854
ENSG00000124782	RREB1	277157.0	0.4703314236045817	0.6397624590672811
ENSG00000167325	RRM1	57812.0	0.512903128432962	0.6780382944468069
ENSG00000171848	RRM2	55790.0	0.5534744362534992	0.7125633011230088
ENSG00000052749	RRP12	28484.0	0.045664696323419594	0.08734099273692167
ENSG00000067533	RRP15	21542.0	0.09715290140865218	0.17710002185459478
ENSG00000160208	RRP1B	37978.0	0.2477138581289052	0.3970683767196134
ENSG00000179041	RRS1	20685.0	0.2086657174275146	0.3452827600200857
ENSG00000102104	RS1	137.0	-0.005912004002457675	0.0
ENSG00000134321	RSAD2	19948.0	0.7789762957751113	0.8757579262018288
ENSG00000081019	RSBN1	42913.0	0.08776999850891236	0.16137602366166606
ENSG00000172426	RSPH9	14086.0	0.40168479329972706	0.5731456818534999
ENSG00000147655	RSPO2	81.0	0.03433756645615019	0.0663952805539059
ENSG00000146374	RSPO3	13912.0	0.6541520190308705	0.7909212835397355
ENSG00000159579	RSPRY1	19476.0	0.02675896010792973	0.05212315869172822
ENSG00000174891	RSRC1	56122.0	0.1580709951480339	0.2729901634879095
ENSG00000100220	RTCB	105088.0	0.3709733848132365	0.5411824750540625
ENSG00000182010	RTKN2	34625.0	0.4626628761007757	0.6326309140137071
ENSG00000254656	RTL1	45.0	-0.009658980182652849	0.0
ENSG00000134590	RTL8C	123532.0	0.8284495411400857	0.9061770888394612
ENSG00000139970	RTN1	113.0	-9.727724484909297e-05	0.0
ENSG00000115310	RTN4	30018.0	0.038152160978948066	0.07350013304980584
ENSG00000130347	RTN4IP1	12004.0	0.09082343996438008	0.1665227141935011
ENSG00000145016	RUBCN	62708.0	0.26164698340151216	0.41477051321612757
ENSG00000102445	RUBCNL	4257.0	0.14590272234844834	0.25465114883300183
ENSG00000204130	RUFY2	27581.0	0.1486732439320985	0.25886081131857025
ENSG00000159216	RUNX1	21042.0	0.49778550004631494	0.6646953118866784
ENSG00000079102	RUNX1T1	4485.0	0.6005117864533444	0.7503997053143221
ENSG00000124813	RUNX2	10087.0	0.26515627302981476	0.4191676217117663
ENSG00000020633	RUNX3	28621.0	0.5093558337908523	0.6749314142995289
ENSG00000175792	RUVBL1	101061.0	0.3466168131719934	0.5147965030312192
ENSG00000183207	RUVBL2	59610.0	0.4015412967820876	0.5729995936673701
ENSG00000111832	RWDD1	12160.0	0.08634064320648084	0.15895684976240013
ENSG00000182552	RWDD4	19445.0	0.25758903142984013	0.4096553404842746
ENSG00000171509	RXFP1	508.0	0.25694379927094896	0.40883896228292976
ENSG00000133105	RXFP2	51.0	0.014198023482184992	0.0279985232734668
ENSG00000186350	RXRA	34663.0	0.2162553251791318	0.3556084330356891
ENSG00000196218	RYR1	146931.0	0.652445899115575	0.7896729320636497
ENSG00000160678	S100A1	167620.0	0.7328071611474981	0.845803477245811
ENSG00000188015	S100A3	566.0	0.09117373041917481	0.16711130020358975
ENSG00000170989	S1PR1	4921.0	0.6435180849789807	0.7830982705459074
ENSG00000213694	S1PR3	32878.0	0.4763949526182918	0.6453489315625686
ENSG00000180739	S1PR5	2057.0	0.47462164706948823	0.6437198965751013
ENSG00000148965	SAA4	215.0	0.11299712083879401	0.20305015839328563
ENSG00000168061	SAC3D1	1698.0	0.021562964892879892	0.042215635519130164
ENSG00000151835	SACS	11405.0	0.011128981389584285	0.0220129807263359
ENSG00000160633	SAFB	66183.0	0.16302338183936052	0.28034411755597477
ENSG00000101115	SALL4	5200.0	0.2939289242833427	0.4543200461279411
ENSG00000020577	SAMD4A	6624.0	0.2633715310364014	0.4169344085509758
ENSG00000203727	SAMD5	5677.0	0.5963570679038614	0.7471474645543102
ENSG00000205413	SAMD9	7314.0	0.40644492232655244	0.5779748867153759
ENSG00000101347	SAMHD1	36229.0	0.45808024674395725	0.6283333825650508
ENSG00000186193	SAPCD2	24731.0	0.24185526522282863	0.3895063651873023
ENSG00000175467	SART1	97644.0	0.1676604098713807	0.28717323710555315
ENSG00000075856	SART3	134848.0	0.3169649815129816	0.4813567345562061
ENSG00000111961	SASH1	34012.0	0.3005363360475782	0.4621729169996578
ENSG00000141504	SAT2	133578.0	0.3643021875495051	0.5340491144470675
ENSG00000182568	SATB1	20145.0	0.16638288704049153	0.2852972019551166
ENSG00000119042	SATB2	2218.0	0.33513614907056655	0.5020254290977982
ENSG00000155875	SAXO1	468.0	-0.010081214876080094	0.0
ENSG00000139697	SBNO1	59518.0	0.1457907391918725	0.2544805682313314
ENSG00000064932	SBNO2	7115.0	0.09598848015532363	0.1751633012451374
ENSG00000156304	SCAF4	102707.0	0.2307759372029792	0.3750088545400603
ENSG00000227500	SCAMP4	10600.0	0.08945911284855391	0.1642266548482938
ENSG00000140386	SCAPER	25670.0	0.030498460965589787	0.059191667180196174
ENSG00000073060	SCARB1	33350.0	0.4739262750805099	0.6430800279405057
ENSG00000184178	SCFD2	41172.0	0.22481288276483077	0.3670975149401589
ENSG00000171951	SCG2	3270.0	0.05755215559275197	0.10884031636339356
ENSG00000166922	SCG5	4310.0	0.10996135550796568	0.19813546654089173
ENSG00000168515	SCGB1D1	2888.0	0.2671459733141134	0.4216498792406933
ENSG00000124935	SCGB1D2	15748.0	0.39614192519191727	0.5674808814833958
ENSG00000079689	SCGN	38.0	-0.008762189164731244	0.0
ENSG00000161929	SCIMP	1613.0	0.23521056124054146	0.38084285970533766
ENSG00000006747	SCIN	8505.0	0.7820269222741486	0.8776825001904667
ENSG00000102098	SCML2	8297.0	0.029823851638050958	0.05792029693352462
ENSG00000153253	SCN3A	705.0	0.29272117696809796	0.4528759676616975
ENSG00000177098	SCN4B	4543.0	0.5163904549862167	0.6810784825085311
ENSG00000136546	SCN7A	1066.0	0.6974675617958568	0.8217742447554784
ENSG00000196876	SCN8A	7323.0	0.039378329495255424	0.0757728507085161
ENSG00000169432	SCN9A	316.0	0.021989782631251224	0.04303327294454069
ENSG00000111319	SCNN1A	1737348.0	0.8807327543284404	0.9365846926432955
ENSG00000166828	SCNN1G	2557.0	0.27988104558012483	0.43735477847203313
ENSG00000121064	SCPEP1	237426.0	0.7397497415913499	0.8504093708497412
ENSG00000180900	SCRIB	90210.0	0.34228787771270575	0.5100066586252323
ENSG00000136193	SCRN1	76323.0	0.24406737386790153	0.39237002592404174
ENSG00000198301	SDAD1	34410.0	0.10331333426050635	0.18727832076778425
ENSG00000169439	SDC2	30232.0	0.7314440078677606	0.8448947867144946
ENSG00000162512	SDC3	14260.0	0.29411891539638796	0.45454696921155735
ENSG00000124145	SDC4	164753.0	0.7671893923786871	0.8682593905184418
ENSG00000128228	SDF2L1	9627.0	0.12091757106963849	0.21574748079691997
ENSG00000073578	SDHA	591226.0	0.4430760907456409	0.6140716953001452
ENSG00000196636	SDHAF3	37440.0	0.12219997161219076	0.21778644573771305
ENSG00000117118	SDHB	106089.0	0.19495870959298042	0.3263020019484792
ENSG00000069188	SDK2	50781.0	0.7035244345703576	0.8259634206512477
ENSG00000157020	SEC13	173909.0	0.36069800461151463	0.5301661403031094
ENSG00000100012	SEC14L3	151.0	9.871010228217404e-05	0.00019740071911917325
ENSG00000148396	SEC16A	154210.0	0.3529515602721947	0.521750475975926
ENSG00000101310	SEC23B	64799.0	0.19998520763509278	0.33331278812881315
ENSG00000138593	SECISBP2L	32026.0	0.047642431550600176	0.09095170282495205
ENSG00000071537	SEL1L	43960.0	0.20813588860641355	0.34455708264158696
ENSG00000007908	SELE	244.0	0.3383055829207307	0.5055729980329446
ENSG00000143416	SELENBP1	133260.0	0.4870526957418833	0.6550577489776113
ENSG00000198843	SELENOT	41728.0	0.2188797171306376	0.35914900224265267
ENSG00000188404	SELL	456.0	0.20436671668663323	0.339376227946372
ENSG00000174175	SELP	815.0	0.6181782337930772	0.7640422060851007
ENSG00000110876	SELPLG	4126.0	0.5165080846450416	0.681180786142577
ENSG00000075213	SEMA3A	10483.0	0.5171592204415775	0.681746798191762
ENSG00000075223	SEMA3C	66762.0	0.4755614449235392	0.6445837231104692
ENSG00000153993	SEMA3D	8564.0	0.09389141326386581	0.1716649607545965
ENSG00000001617	SEMA3F	23964.0	0.2729726799126518	0.42887437290701713
ENSG00000185033	SEMA4B	166554.0	0.5194797100482968	0.6837599825953387
ENSG00000168758	SEMA4C	501061.0	0.632816530972336	0.7751226411157122
ENSG00000187764	SEMA4D	163114.0	0.49300932137214026	0.660423634755399
ENSG00000138623	SEMA7A	2830.0	0.49199673070506705	0.6595144889795651
ENSG00000079387	SENP1	32417.0	0.06405454016550448	0.12039709948616234
ENSG00000112701	SENP6	112005.0	0.287565924446754	0.44668147702078453
ENSG00000184702	SEPTIN5	100884.0	0.5653171578621288	0.7223036622612952
ENSG00000125354	SEPTIN6	117207.0	0.4247489451613481	0.59624391595987
ENSG00000184640	SEPTIN9	303697.0	0.3661260891242895	0.5360062911308321
ENSG00000196136	SERPINA3	14112.0	0.8311911361889169	0.9078147220817108
ENSG00000188488	SERPINA5	777626.0	0.9228049174578562	0.9598528785519211
ENSG00000170054	SERPINA9	59.0	0.0040546612231436635	0.008076574672148343
ENSG00000197632	SERPINB2	70.0	-0.004336393693808422	0.0
ENSG00000206075	SERPINB5	1054.0	0.07013076639699391	0.1310695264525775
ENSG00000166396	SERPINB7	61.0	0.0034488119774020816	0.006873917107153344
ENSG00000170542	SERPINB9	10630.0	0.25878428991071384	0.41116542680886103
ENSG00000117601	SERPINC1	67.0	0.0033769534407806813	0.006731176013561865
ENSG00000099937	SERPIND1	233.0	0.1285277422853079	0.22777949973127773
ENSG00000106366	SERPINE1	2952.0	0.6442666972636288	0.7836523093678303
ENSG00000167711	SERPINF2	859.0	0.003595158965941044	0.0071645601990454645
ENSG00000149257	SERPINH1	221233.0	0.7818059957070838	0.8775433437654759
ENSG00000114204	SERPINI2	1218.0	0.3685613823559288	0.5386114018816807
ENSG00000130766	SESN2	18589.0	0.14741820007805323	0.256956356571693
ENSG00000149212	SESN3	15157.0	0.20871616948688976	0.34535182825508415
ENSG00000185917	SETD4	65117.0	0.31444042944862055	0.4784399846564695
ENSG00000143379	SETDB1	104547.0	0.27030968391484056	0.42558076560008606
ENSG00000100095	SEZ6L	98.0	0.006982555091811352	0.013868274195027576
ENSG00000174938	SEZ6L2	63643.0	0.5224965029403503	0.6863680828576867
ENSG00000099995	SF3A1	200975.0	0.24346982686934449	0.39159748247743636
ENSG00000115524	SF3B1	138334.0	0.5258516416995228	0.6892565795109926
ENSG00000189091	SF3B3	140995.0	0.46702345412717383	0.6366952795652964
ENSG00000143368	SF3B4	108064.0	0.3065300070466803	0.46922765706632324
ENSG00000116560	SFPQ	740172.0	0.5402608756112042	0.7015186637092481
ENSG00000104332	SFRP1	12131.0	0.8908956467164512	0.9423001721575651
ENSG00000106483	SFRP4	9728.0	0.8380354894126375	0.9118817283342445
ENSG00000120057	SFRP5	398.0	0.02520184597233894	0.04916465195873031
ENSG00000061936	SFSWAP	57056.0	0.13977386942660605	0.24526596577779602
ENSG00000164466	SFXN1	61584.0	0.24485849796843284	0.3933916961133071
ENSG00000156398	SFXN2	55794.0	0.43431425837670823	0.6056054394498531
ENSG00000108823	SGCA	94.0	0.10153126010397098	0.18434567185027081
ENSG00000118515	SGK1	42938.0	0.7887114562996406	0.8818766755497512
ENSG00000181523	SGSH	61204.0	0.3945361023579817	0.565831320811088
ENSG00000160999	SH2B2	60646.0	0.31015385866977063	0.47346173370000527
ENSG00000183918	SH2D1A	277.0	0.3281426800284075	0.4941376931300618
ENSG00000198574	SH2D1B	176.0	0.3261074383365059	0.4918265728839908
ENSG00000027869	SH2D2A	9005.0	0.3250125989115273	0.4905803902219782
ENSG00000095370	SH2D3C	14252.0	0.7411820578342098	0.8513550372281438
ENSG00000185437	SH3BGR	6572.0	0.09401356207541268	0.17186909803396408
ENSG00000198478	SH3BGRL2	50547.0	0.2924600488216087	0.45256338729890655
ENSG00000131370	SH3BP5	33421.0	0.4328104154788438	0.6041419168972177
ENSG00000175137	SH3BP5L	71806.0	0.19668678677115944	0.3287189078135473
ENSG00000148341	SH3GLB2	108601.0	0.460517390076358	0.6306222619537334
ENSG00000156463	SH3RF2	23677.0	0.4169450153736039	0.5885126251898611
ENSG00000169247	SH3TC2	610.0	0.3676827579597522	0.5376725791414448
ENSG00000251322	SHANK3	60215.0	0.8186615636781521	0.9002901694611612
ENSG00000179526	SHARPIN	41837.0	0.1839689014126691	0.31076644191104014
ENSG00000129214	SHBG	2910.0	0.052645844569793404	0.1000257490995165
ENSG00000160691	SHC1	117043.0	0.35355649595434147	0.5224111398542877
ENSG00000185634	SHC4	61.0	-0.014947366256812956	0.0
ENSG00000130813	SHFL	93162.0	0.8053025533334202	0.8921524559376052
ENSG00000164690	SHH	5649.0	0.6054493501251618	0.7542428542861979
ENSG00000171984	SHLD1	3188.0	0.015021225441276048	0.029597854832534434
ENSG00000122376	SHLD2	35134.0	0.13120477045521034	0.23197350980479328
ENSG00000176974	SHMT1	38954.0	0.3063297941232228	0.4689930452498391
ENSG00000182199	SHMT2	330662.0	0.6628836424892607	0.7972700260578115
ENSG00000185960	SHOX	55.0	0.003412827976441403	0.0068024403939980944
ENSG00000164403	SHROOM1	24076.0	0.5359231035820928	0.6978514775019771
ENSG00000110013	SIAE	62993.0	0.3717688850860397	0.5420284555626464
ENSG00000196470	SIAH1	39860.0	0.06982228526688795	0.13053062406429386
ENSG00000185187	SIGIRR	53853.0	0.08358872789487193	0.15428127986761703
ENSG00000088827	SIGLEC1	22672.0	0.8809816360720046	0.9367253982465572
ENSG00000161640	SIGLEC11	21398.0	0.784608792019319	0.8793062048422603
ENSG00000105492	SIGLEC6	9950.0	0.21809526135540588	0.35809229093088446
ENSG00000168995	SIGLEC7	1293.0	0.1554423517370608	0.26906119808292117
ENSG00000129450	SIGLEC9	2180.0	0.358746618178558	0.5280552140905697
ENSG00000147955	SIGMAR1	75247.0	0.3719649642801818	0.5422368266894305
ENSG00000170145	SIK2	14266.0	0.10741218549689616	0.19398772544425322
ENSG00000160584	SIK3	33339.0	0.08620051501493847	0.1587193410854771
ENSG00000159263	SIM2	35548.0	0.3366118018666553	0.5036792304191202
ENSG00000170085	SIMC1	15562.0	0.13917699573039094	0.24434656993956708
ENSG00000169375	SIN3A	127286.0	0.13566211424573763	0.23891281137935835
ENSG00000139146	SINHCAF	153444.0	0.4878376478753435	0.6557673124779221
ENSG00000198053	SIRPA	7279.0	0.4526731667838546	0.6232278218314589
ENSG00000101307	SIRPB1	812.0	0.37237828939991535	0.5426758675448604
ENSG00000089012	SIRPG	372.0	0.25382683908323067	0.40488340362664915
ENSG00000096717	SIRT1	53916.0	0.2628904871514794	0.41633140771286303
ENSG00000068903	SIRT2	31609.0	0.2525179372486563	0.4032164805613081
ENSG00000142082	SIRT3	32124.0	0.20285094985945973	0.3372836009036044
ENSG00000077463	SIRT6	14645.0	0.03711131777592311	0.07156670096997501
ENSG00000187531	SIRT7	29917.0	0.0838376932626648	0.15470525482517425
ENSG00000126778	SIX1	6687.0	0.4632474271728576	0.6331771627548988
ENSG00000165480	SKA3	21331.0	0.3211913029197585	0.48621467944868213
ENSG00000113558	SKP1	40831.0	0.08773168105012241	0.16131125456495693
ENSG00000145604	SKP2	43076.0	0.336221700654314	0.5032423893275715
ENSG00000117090	SLAMF1	378.0	0.3334213757097326	0.5000990411335866
ENSG00000162739	SLAMF6	244.0	0.143108949420125	0.25038549386341724
ENSG00000026751	SLAMF7	1879.0	0.6911209596341205	0.8173524852812974
ENSG00000158714	SLAMF8	660.0	0.3853621876493692	0.5563342078842752
ENSG00000100652	SLC10A1	54.0	-0.012753250844671325	0.0
ENSG00000018280	SLC11A1	349.0	0.03321098354710353	0.06428693476154758
ENSG00000110911	SLC11A2	200044.0	0.5782208185615428	0.7327502105675652
ENSG00000064651	SLC12A2	54248.0	0.35199419463412046	0.5207037072069349
ENSG00000140199	SLC12A6	8938.0	0.0814358682404401	0.150606930345192
ENSG00000088386	SLC15A1	5756.0	0.3680003972120224	0.5380121204087445
ENSG00000155380	SLC16A1	24111.0	0.21940812041678454	0.3598600283911386
ENSG00000168679	SLC16A4	26157.0	0.55955179588025	0.7175802655075331
ENSG00000165449	SLC16A9	75941.0	0.5457591813665812	0.7061373957152681
ENSG00000119899	SLC17A5	52879.0	0.36710286643011525	0.5370522956896765
ENSG00000091664	SLC17A6	50.0	0.13091051559036568	0.23151348189918788
ENSG00000104888	SLC17A7	428.0	0.05576899766231056	0.10564621197590492
ENSG00000179520	SLC17A8	136.0	0.054142556878776525	0.10272340591027437
ENSG00000165646	SLC18A2	1301.0	0.46739083526459063	0.6370366013364308
ENSG00000173638	SLC19A1	5102.0	0.07049710547064097	0.13170910058583882
ENSG00000106688	SLC1A1	1073.0	0.07991217960495561	0.14799755223464267
ENSG00000110436	SLC1A2	977.0	0.07889376243262851	0.14624936241125971
ENSG00000079215	SLC1A3	1673.0	0.05995745091444826	0.11313180706022052
ENSG00000105281	SLC1A5	39344.0	0.36789863328521943	0.5379033567738191
ENSG00000168575	SLC20A2	28514.0	0.14549706731924175	0.2540330682115885
ENSG00000175003	SLC22A1	929.0	-0.011486782252835564	0.0
ENSG00000197891	SLC22A12	394.0	0.03483175274327338	0.06731867794148491
ENSG00000112499	SLC22A2	71.0	-0.0040111972659782474	0.0
ENSG00000197208	SLC22A4	2347.0	0.018608751671461417	0.036537584506172435
ENSG00000197375	SLC22A5	27924.0	0.1926807258668129	0.32310528993713217
ENSG00000149452	SLC22A8	83.0	0.04374182333030934	0.08381732407874685
ENSG00000149742	SLC22A9	53.0	-0.011154480060578375	0.0
ENSG00000089057	SLC23A2	17387.0	0.5062487243462243	0.6721980455996173
ENSG00000074621	SLC24A1	27618.0	0.10098644143032863	0.18344720267242118
ENSG00000140090	SLC24A4	329.0	0.009225564089109677	0.01828246215193
ENSG00000100075	SLC25A1	145996.0	0.4720065979648983	0.6413104378981239
ENSG00000183048	SLC25A10	42222.0	0.3184531094311129	0.4830708155688893
ENSG00000108528	SLC25A11	54183.0	0.158002692749753	0.27288829937789744
ENSG00000004864	SLC25A13	101390.0	0.19772786223301161	0.3301715998563699
ENSG00000100372	SLC25A17	18626.0	0.18082882124154592	0.3062744031796566
ENSG00000151475	SLC25A31	63.0	0.01386846468267267	0.02735752253032806
ENSG00000013306	SLC25A39	67492.0	0.13021074599135476	0.23041852407294447
ENSG00000151729	SLC25A4	39271.0	0.24387525642220304	0.39212172629539876
ENSG00000075303	SLC25A40	9778.0	0.04279882547425379	0.08208452949645266
ENSG00000155850	SLC26A2	61749.0	0.7518146256022197	0.858326691208859
ENSG00000091138	SLC26A3	167.0	0.029569067752383403	0.05743969720639454
ENSG00000112759	SLC29A1	187741.0	0.47114218875493946	0.6405121032572353
ENSG00000198246	SLC29A3	32855.0	0.27220055192107023	0.4279208203612823
ENSG00000117394	SLC2A1	308150.0	0.7789372751425075	0.8757332661772556
ENSG00000059804	SLC2A3	7287.0	0.6727471949750478	0.8043620661818931
ENSG00000181856	SLC2A4	709.0	0.010483159162193946	0.02074880529604409
ENSG00000125520	SLC2A4RG	365879.0	0.6452975926024815	0.784414437246905
ENSG00000109667	SLC2A9	11642.0	0.1410678851774253	0.24725590301840908
ENSG00000162695	SLC30A7	18504.0	0.11704479982985347	0.20956151418041882
ENSG00000164756	SLC30A8	47.0	-0.006141168244669143	0.0
ENSG00000127526	SLC35E1	110567.0	0.3799910511113079	0.5507152395014457
ENSG00000168917	SLC35G2	2441.0	0.32019862016722833	0.4850764351301459
ENSG00000137700	SLC37A4	23756.0	0.164654100048641	0.2827519347448557
ENSG00000103042	SLC38A7	22769.0	0.16213277512741903	0.27902625000769365
ENSG00000133195	SLC39A11	24966.0	0.14248260289655115	0.24942629767020197
ENSG00000138821	SLC39A8	63149.0	0.755463093619957	0.8606994887737679
ENSG00000029364	SLC39A9	74133.0	0.37745790458470563	0.5480500033117262
ENSG00000138079	SLC3A1	161.0	0.013324600858498665	0.026298780957671276
ENSG00000168003	SLC3A2	111906.0	0.45902878627272825	0.6292251264560376
ENSG00000138449	SLC40A1	64842.0	0.7259947157310503	0.8412479008356095
ENSG00000167703	SLC43A2	47937.0	0.2061530404393585	0.3418356270349645
ENSG00000004939	SLC4A1	306.0	0.5189915622671009	0.6833369916716376
ENSG00000163798	SLC4A1AP	38464.0	0.07631730436978164	0.1418119063215617
ENSG00000100170	SLC5A1	17590.0	0.7205204945034921	0.8375610715540125
ENSG00000140675	SLC5A2	769.0	-0.002387703845337636	0.0
ENSG00000198743	SLC5A3	228871.0	0.6060351344996161	0.7546972310645436
ENSG00000105641	SLC5A5	1841.0	0.21293078964287773	0.3511013018402654
ENSG00000157103	SLC6A1	478.0	0.2129523525176464	0.3511306146125774
ENSG00000111181	SLC6A12	3849.0	0.12901743375486632	0.22854816922672735
ENSG00000197106	SLC6A17	708.0	0.07943282558053695	0.1471751158536737
ENSG00000103546	SLC6A2	433.0	0.03182770916277132	0.061691906274927315
ENSG00000142319	SLC6A3	206.0	0.0029791246677773014	0.005940551691470337
ENSG00000108576	SLC6A4	402.0	-0.005947012391770483	0.0
ENSG00000165970	SLC6A5	61.0	0.014638002400000185	0.02885364507415612
ENSG00000196517	SLC6A9	37359.0	0.46968393083552284	0.639163184656316
ENSG00000151012	SLC7A11	4944.0	0.16301001051780914	0.2803243463832816
ENSG00000103257	SLC7A5	14785.0	0.3751398209306547	0.5456024401602608
ENSG00000155465	SLC7A7	11232.0	0.42541481057213915	0.5968996637566637
ENSG00000090020	SLC9A1	45503.0	0.2837425538868304	0.4420552283286607
ENSG00000066230	SLC9A3	10042.0	0.4420888085887582	0.6131228617208263
ENSG00000109062	SLC9A3R1	83213.0	0.5049099622413618	0.6710168380962354
ENSG00000065054	SLC9A3R2	66763.0	0.6651801881636884	0.7989287800706174
ENSG00000134538	SLCO1B1	368.0	0.01680557945461477	0.03305563972933508
ENSG00000111700	SLCO1B3	119.0	-0.00029968816444181313	0.0
ENSG00000139155	SLCO1C1	172.0	0.03651694294370234	0.07046087030665302
ENSG00000137491	SLCO2B1	26953.0	0.8485756765175632	0.9180859483298529
ENSG00000172716	SLFN11	15074.0	0.26626599696657977	0.42055302377926407
ENSG00000166750	SLFN5	64217.0	0.4498281795204571	0.620526191826733
ENSG00000145147	SLIT2	42094.0	0.45204206262441665	0.6226294323835181
ENSG00000184347	SLIT3	53312.0	0.5501863415877097	0.7098325237780198
ENSG00000178235	SLITRK1	86.0	0.01055635704285633	0.020892168891494388
ENSG00000185985	SLITRK2	101.0	0.011576404282040416	0.02288784956437708
ENSG00000179542	SLITRK4	161.0	0.03024670349415984	0.05871739922404188
ENSG00000165300	SLITRK5	101.0	0.24938492518511884	0.3992123166495994
ENSG00000163681	SLMAP	49545.0	0.22640389554455947	0.3692158780106116
ENSG00000170365	SMAD1	17899.0	0.11535651606989326	0.2068513778470892
ENSG00000175387	SMAD2	114153.0	0.30076801860255997	0.46244682264817794
ENSG00000166949	SMAD3	64923.0	0.3765758794656751	0.5471196830963578
ENSG00000141646	SMAD4	63233.0	0.25430411977804507	0.4054903683534825
ENSG00000101665	SMAD7	31002.0	0.28597173403230675	0.4447558627678553
ENSG00000084070	SMAP2	30327.0	0.21677835378941507	0.3563152699327726
ENSG00000102038	SMARCA1	99864.0	0.31928392889557095	0.4840261021944794
ENSG00000080503	SMARCA2	31354.0	0.5710683565388266	0.726980916090666
ENSG00000127616	SMARCA4	1352845.0	0.8936187355122461	0.9438211808466415
ENSG00000153147	SMARCA5	99127.0	0.08228316337763222	0.1520547785680037
ENSG00000163104	SMARCAD1	32016.0	0.2162031030846014	0.3555378251153202
ENSG00000138375	SMARCAL1	41133.0	0.03941647221319287	0.07584346268683767
ENSG00000099956	SMARCB1	152774.0	0.3897693437574156	0.5609122772900218
ENSG00000173473	SMARCC1	266014.0	0.26032373146162663	0.4131061329135224
ENSG00000073584	SMARCE1	37992.0	0.19219605307725998	0.32242356881012885
ENSG00000072501	SMC1A	226289.0	0.5656850857983023	0.7226039143240278
ENSG00000108055	SMC3	107150.0	0.29048502403819565	0.45019511056270556
ENSG00000113810	SMC4	113185.0	0.4786241226729397	0.6473912001485825
ENSG00000101596	SMCHD1	26852.0	0.1418663400640277	0.2484815167702953
ENSG00000172062	SMN1	28038.0	0.05607377558758415	0.10619291357061775
ENSG00000205571	SMN2	94342.0	0.11578464172450814	0.20753940750709107
ENSG00000128602	SMO	150764.0	0.5532799773781377	0.7124021238103485
ENSG00000198732	SMOC1	195.0	-0.0054149816059166495	0.0
ENSG00000112562	SMOC2	12044.0	0.8537005580781942	0.9210770902105784
ENSG00000088826	SMOX	13748.0	0.12390198698467042	0.2204853953805856
ENSG00000166311	SMPD1	30253.0	0.14395978959290426	0.25168680036233537
ENSG00000103056	SMPD3	1619.0	0.32898083620932217	0.4950874041911403
ENSG00000130768	SMPDL3B	25542.0	0.3518700369574808	0.5205678465208086
ENSG00000183963	SMTN	50018.0	0.7246540195396597	0.8403471204422583
ENSG00000198742	SMURF1	76326.0	0.06443824559759376	0.12107465297137464
ENSG00000108854	SMURF2	58666.0	0.22788648902135328	0.3711849443069982
ENSG00000185420	SMYD3	41365.0	0.11829473142204311	0.21156270900358704
ENSG00000124216	SNAI1	2924.0	0.23316423281812773	0.37815600973972746
ENSG00000019549	SNAI2	17569.0	0.8402928035651561	0.913216420710092
ENSG00000092531	SNAP23	30858.0	0.13379915413923163	0.23601914616140376
ENSG00000132639	SNAP25	14133.0	0.38264502956541097	0.5534971325007155
ENSG00000143740	SNAP47	24357.0	0.11287012509655756	0.2028450985451055
ENSG00000145335	SNCA	623.0	-0.013304980718053541	0.0
ENSG00000197157	SND1	701613.0	0.6916371973307519	0.8177133943638647
ENSG00000255717	SNHG1	66414.0	0.2040633276821244	0.33895779896387246
ENSG00000174365	SNHG11	2346.0	0.00032440553502066833	0.0006486006603970858
ENSG00000232956	SNHG15	45939.0	0.6530221964979873	0.7900948915041172
ENSG00000196756	SNHG17	16089.0	0.07020839191588556	0.13120508575007264
ENSG00000269893	SNHG8	4653.0	0.11482597263410278	0.2059980220281248
ENSG00000144028	SNRNP200	333413.0	0.39848342182618696	0.5698793644701684
ENSG00000125835	SNRPB	273690.0	0.5424588220732174	0.703368951326816
ENSG00000167088	SNRPD1	15248.0	0.06833052200491953	0.12792019061045767
ENSG00000100028	SNRPD3	26792.0	0.19288083536373907	0.32338659427775096
ENSG00000168807	SNTB2	63802.0	0.27882948211768765	0.43606983732648674
ENSG00000172554	SNTG2	114.0	0.05495759928139286	0.10418920972525988
ENSG00000273173	SNURF	69417.0	0.277538947816335	0.4344899985878713
ENSG00000028528	SNX1	115829.0	0.2880840799780356	0.4473063279890052
ENSG00000086300	SNX10	1835.0	0.20791002377149084	0.3442475344683831
ENSG00000002919	SNX11	18125.0	0.17818018044665443	0.302466776141329
ENSG00000110025	SNX15	21459.0	0.10658461763293035	0.19263708519809908
ENSG00000104497	SNX16	11273.0	0.10588465708506714	0.19149312978834873
ENSG00000115234	SNX17	167747.0	0.25094316151597684	0.40120633652430227
ENSG00000120451	SNX19	19733.0	0.1330440753330282	0.23484360093215867
ENSG00000143376	SNX27	66293.0	0.13817339176943286	0.24279849233626002
ENSG00000048471	SNX29	132041.0	0.39119796958543834	0.5623900812650137
ENSG00000148158	SNX30	21362.0	0.24123481644465855	0.3887013371662286
ENSG00000173548	SNX33	51670.0	0.28747051213837205	0.44656636315640275
ENSG00000114520	SNX4	21035.0	0.10055136679546045	0.18272907531475194
ENSG00000106266	SNX8	23287.0	0.13268736298585404	0.23428770783860356
ENSG00000057252	SOAT1	20660.0	0.2781734197720853	0.43526710142616987
ENSG00000185338	SOCS1	15008.0	0.46336083661184785	0.6332830905666132
ENSG00000120833	SOCS2	6549.0	0.5803120655835224	0.734427178304489
ENSG00000184557	SOCS3	59872.0	0.8728690204249333	0.9321196633674776
ENSG00000142168	SOD1	242787.0	0.32822646214049284	0.4942326801885005
ENSG00000109610	SOD3	5966.0	0.3845484514246304	0.5554857268143263
ENSG00000120669	SOHLH2	289.0	0.02721013753856823	0.05297871690357336
ENSG00000108018	SORCS1	34.0	-0.005624083783741142	0.0
ENSG00000184985	SORCS2	3065.0	0.7541183377822764	0.8598260693582449
ENSG00000140263	SORD	72130.0	0.4381899992168228	0.6093631571008593
ENSG00000137642	SORL1	324615.0	0.7989800948054286	0.8882589608550877
ENSG00000134243	SORT1	72082.0	0.4961662449576765	0.6632501523541752
ENSG00000115904	SOS1	45669.0	0.08353744368723379	0.154193921352564
ENSG00000167941	SOST	47612.0	0.7969288581495653	0.8869898822485646
ENSG00000171243	SOSTDC1	5159.0	0.21868669533786234	0.3588891159220127
ENSG00000100146	SOX10	69.0	0.0012320035739555276	0.0024609752176474975
ENSG00000176887	SOX11	93.0	0.04555941363668369	0.08714839738895012
ENSG00000164736	SOX17	339048.0	0.8320493580412811	0.9083263552799244
ENSG00000203883	SOX18	10257.0	0.6266031419181698	0.7704437865271165
ENSG00000181449	SOX2	221.0	0.0008725601722259827	0.0017435989494523384
ENSG00000242808	SOX2-OT	5074.0	0.35121581749762226	0.5198515484344385
ENSG00000125285	SOX21	52.0	-0.008440909581991896	0.0
ENSG00000039600	SOX30	1358.0	-0.008164454183548893	0.0
ENSG00000134532	SOX5	26086.0	0.4455578757335416	0.6164511061273771
ENSG00000110693	SOX6	22291.0	0.17168440768539694	0.2930557180060982
ENSG00000005513	SOX8	339.0	0.013785361658685926	0.027195819115263743
ENSG00000125398	SOX9	45849.0	0.4735872724006724	0.6427678648840863
ENSG00000185591	SP1	229067.0	0.44551489776529923	0.6164099705289031
ENSG00000135899	SP110	30887.0	0.6429892626331468	0.7827065912806468
ENSG00000079263	SP140	3916.0	0.33890013160723803	0.5062366095974861
ENSG00000172845	SP3	195217.0	0.2032720015054909	0.33786542236695316
ENSG00000217236	SP9	260.0	0.017488883657774908	0.03437655966304821
ENSG00000064199	SPA17	1663.0	0.022213573978784203	0.04346170808967411
ENSG00000235387	SPAAR	6418.0	0.45696818447525706	0.627286428550036
ENSG00000104450	SPAG1	17877.0	0.33305964900445834	0.49969204191753974
ENSG00000155761	SPAG17	18121.0	0.34671654263511137	0.5149064879780766
ENSG00000076382	SPAG5	32567.0	0.36294140824373217	0.5325854890730976
ENSG00000077327	SPAG6	20397.0	0.49443574803631346	0.6617022494088506
ENSG00000137098	SPAG8	5728.0	0.20111362781269765	0.33487860458121355
ENSG00000133104	SPART	106149.0	0.4950972674767027	0.6622943914709783
ENSG00000144962	SPATA16	158.0	-0.02401294346296049	0.0
ENSG00000163071	SPATA18	9703.0	0.5818335717006625	0.7356444851213026
ENSG00000141255	SPATA22	691.0	0.009524089537582492	0.018868474038980183
ENSG00000150628	SPATA4	185.0	0.005244662187876685	0.010434598431911845
ENSG00000145375	SPATA5	32520.0	0.23827375724072503	0.3848482709860155
ENSG00000171763	SPATA5L1	17163.0	0.08473856774651986	0.15623777058569832
ENSG00000042317	SPATA7	13220.0	0.1447243283339413	0.25285446417405405
ENSG00000123352	SPATS2	109261.0	0.3539879260784836	0.5228819537611811
ENSG00000196141	SPATS2L	39312.0	0.525538241880313	0.6889873061884795
ENSG00000163806	SPDYA	458.0	0.059723284267675925	0.11271486652092923
ENSG00000128487	SPECC1	44503.0	0.531770773509823	0.6943216083061176
ENSG00000100014	SPECC1L	94899.0	0.41294421835278644	0.5845159532684139
ENSG00000176170	SPHK1	12602.0	0.6098132518168471	0.7576198681786317
ENSG00000066336	SPI1	5210.0	0.6544328384487332	0.7911265096289521
ENSG00000269404	SPIB	76.0	0.014445608129043792	0.028479808110532467
ENSG00000163611	SPICE1	104250.0	0.31283373573457074	0.47657784412362114
ENSG00000106723	SPIN1	131038.0	0.34078226335299105	0.5083334895865526
ENSG00000147059	SPIN2A	2882.0	0.03962854169075582	0.07623596333034031
ENSG00000204271	SPIN3	7640.0	0.08255724534572725	0.15252264155206247
ENSG00000197471	SPN	2548.0	0.5675127085999288	0.7240932790992424
ENSG00000054796	SPO11	73.0	0.014285625680835582	0.028168841831405046
ENSG00000152377	SPOCK1	1160.0	0.32454915392030487	0.490052261118023
ENSG00000262655	SPON1	918237.0	0.8670851050212226	0.9288115498209887
ENSG00000159674	SPON2	14523.0	0.7589275456763321	0.8629434993406894
ENSG00000138600	SPPL2A	20178.0	0.1974100783719738	0.32972843963427645
ENSG00000136158	SPRY2	5817.0	0.14876933787548619	0.25900645668453787
ENSG00000123178	SPRYD7	751.0	0.06490015027139459	0.12188964431051023
ENSG00000163554	SPTA1	110.0	0.008698544818332054	0.017247065266459114
ENSG00000115306	SPTBN1	104918.0	0.677235225184042	0.8075614141835464
ENSG00000164299	SPZ1	107.0	-0.00689239880484625	0.0
ENSG00000104549	SQLE	90790.0	0.6264148097283365	0.7703014089412625
ENSG00000161011	SQSTM1	42266.0	0.3377002060632202	0.5048966943902233
ENSG00000213523	SRA1	58479.0	0.15567631778331434	0.2694116257083381
ENSG00000197122	SRC	25919.0	0.12967897179672405	0.22958552833903445
ENSG00000080603	SRCAP	121270.0	0.2890364879347285	0.44845353974086133
ENSG00000277363	SRCIN1	6983.0	0.2167495099302952	0.356276305289348
ENSG00000145545	SRD5A1	8296.0	0.08932094912929776	0.16399381504724142
ENSG00000277893	SRD5A2	143.0	-0.017255871279280587	0.0
ENSG00000128039	SRD5A3	16884.0	0.07683743702047734	0.14270944597372162
ENSG00000072310	SREBF1	112630.0	0.5704076677631733	0.7264453421520024
ENSG00000198911	SREBF2	177457.0	0.53863195032773	0.7001439820783664
ENSG00000112658	SRF	63906.0	0.24929907893329667	0.39910231767105525
ENSG00000151304	SRFBP1	17885.0	0.027576880823229736	0.05367361087598016
ENSG00000075142	SRI	139154.0	0.45180952703157207	0.6224088196409069
ENSG00000096063	SRPK1	75449.0	0.28280637962860466	0.44091826189776534
ENSG00000101955	SRPX	11255.0	0.5203399143054568	0.6845047076767248
ENSG00000136450	SRSF1	128947.0	0.34358196851684014	0.5114417677041544
ENSG00000161547	SRSF2	47058.0	0.3000666371307926	0.46161731800614547
ENSG00000141380	SS18	111073.0	0.27616604842077297	0.4328058229765982
ENSG00000138385	SSB	124477.0	0.2569114047692201	0.40879795313241074
ENSG00000157216	SSBP3	262517.0	0.20133564003648313	0.33518632649634666
ENSG00000149136	SSRP1	122958.0	0.1754502303158511	0.2985243029280899
ENSG00000139874	SSTR1	118.0	0.13308325090174575	0.23490462999225104
ENSG00000180616	SSTR2	734.0	0.5024024065122469	0.6687987244090606
ENSG00000278195	SSTR3	3808.0	0.14806545342026287	0.25793904516358923
ENSG00000132671	SSTR4	71.0	-0.010302774889570395	0.0
ENSG00000162009	SSTR5	67.0	0.021960030970302045	0.042976301038802955
ENSG00000126752	SSX1	267.0	0.4568962027162971	0.6272186060536654
ENSG00000117155	SSX2IP	90381.0	0.5163860034323506	0.6810746106380661
ENSG00000149418	ST14	589276.0	0.8441068050085924	0.9154641181476031
ENSG00000073849	ST6GAL1	23432.0	0.30464322132551663	0.4670138415558536
ENSG00000010327	STAB1	40367.0	0.8848855379707872	0.9389276114065039
ENSG00000185482	STAC3	5580.0	0.002158746036130207	0.0043081917803317335
ENSG00000035720	STAP1	158.0	-0.01745231645232905	0.0
ENSG00000147465	STAR	13157.0	0.8668531728515892	0.928678468620523
ENSG00000115415	STAT1	590588.0	0.8589316150885662	0.9241131928864889
ENSG00000170581	STAT2	313408.0	0.7306739008226352	0.844380793487816
ENSG00000168610	STAT3	136375.0	0.35930913900619355	0.5286643467561596
ENSG00000138378	STAT4	1182.0	0.21383975747742032	0.352336057803574
ENSG00000126561	STAT5A	13371.0	0.4196986985363737	0.5912503814634168
ENSG00000173757	STAT5B	11073.0	0.4936084858099862	0.6609610088580898
ENSG00000166888	STAT6	224964.0	0.6571544922384933	0.7931119220523676
ENSG00000124214	STAU1	456468.0	0.41280342211087134	0.5843748898825588
ENSG00000040341	STAU2	50772.0	0.15223902170470804	0.26424902964920305
ENSG00000113739	STC2	61077.0	0.8259722222848991	0.9046930859127013
ENSG00000164647	STEAP1	12490.0	0.3693831397464876	0.5394883711141224
ENSG00000127954	STEAP4	334.0	0.40947023668200905	0.5810271491023896
ENSG00000123473	STIL	33134.0	0.4288863717246317	0.6003085762613526
ENSG00000167323	STIM1	31886.0	0.20242435361335756	0.3366937021943379
ENSG00000109689	STIM2	28291.0	0.4470319870737007	0.6178605463694319
ENSG00000118046	STK11	75186.0	0.36401057031787515	0.5337357029909886
ENSG00000115661	STK16	34422.0	0.034020667695440154	0.06580268414027597
ENSG00000104375	STK3	26621.0	0.14866178139554007	0.25884343642900154
ENSG00000196335	STK31	31986.0	0.44095068174136803	0.6120274445597063
ENSG00000169302	STK32A	2644.0	0.21783767073857893	0.35774500325066716
ENSG00000165752	STK32C	11111.0	0.11197437986187976	0.201397409670155
ENSG00000130413	STK33	8932.0	0.10389768033989301	0.18823788144550252
ENSG00000125834	STK35	57999.0	0.22143850719614372	0.36258641903220135
ENSG00000198648	STK39	19956.0	0.13811944245247473	0.24271519719379941
ENSG00000101109	STK4	36720.0	0.034510296642503345	0.06671813079967652
ENSG00000196182	STK40	178722.0	0.4594871417730538	0.6296556216519279
ENSG00000117632	STMN1	213211.0	0.5662234396843151	0.7230429903391588
ENSG00000197457	STMN3	14478.0	0.26445243620570935	0.41828767715338017
ENSG00000067221	STOML1	5276.0	0.10530289798904117	0.1905412501507532
ENSG00000143093	STRIP1	73362.0	0.22583135704428972	0.36845420170815607
ENSG00000128578	STRIP2	10041.0	0.28243623326900436	0.4404682680386502
ENSG00000196792	STRN3	39591.0	0.15535247493904183	0.26892654546351924
ENSG00000090372	STRN4	45427.0	0.414657935046617	0.5862306707139813
ENSG00000101846	STS	4773.0	0.19317276198274855	0.3237968014987951
ENSG00000103266	STUB1	85116.0	0.30355664691384227	0.4657360270955769
ENSG00000135604	STX11	381.0	0.12434498694349323	0.22118653685026393
ENSG00000106089	STX1A	23958.0	0.1916648480056893	0.3216757603053409
ENSG00000079950	STX7	75109.0	0.34717715248183684	0.5154142524496497
ENSG00000166263	STXBP4	16656.0	0.21721726869323024	0.3569079642230651
ENSG00000164506	STXBP5	16436.0	0.10370939126184954	0.18792880097410533
ENSG00000060140	STYK1	4543.0	0.2284651583716397	0.37195219874933333
ENSG00000175600	SUGCT	18642.0	0.25734909626902985	0.4093518610426804
ENSG00000064607	SUGP2	247805.0	0.6324136992538304	0.7748203773870607
ENSG00000137573	SULF1	22842.0	0.6029674961234449	0.7523140644855724
ENSG00000196562	SULF2	73319.0	0.8774520434108581	0.9347264517252313
ENSG00000196502	SULT1A1	12858.0	0.0835058155184481	0.15414004119302543
ENSG00000105398	SULT2A1	45.0	-0.010456137462201491	0.0
ENSG00000116030	SUMO1	69340.0	0.09827395187408704	0.178960725976234
ENSG00000177688	SUMO4	30463.0	0.10434025292443	0.18896395861352344
ENSG00000156502	SUPV3L1	36160.0	0.1358768033650068	0.2392456698868665
ENSG00000148296	SURF6	48956.0	0.18026541223430623	0.30546588990192314
ENSG00000101945	SUV39H1	56751.0	0.6281449404112839	0.7716081349030375
ENSG00000122012	SV2C	34007.0	0.679299157589594	0.8090269735675157
ENSG00000165124	SVEP1	1661.0	0.29520597128737985	0.45584405543460804
ENSG00000197321	SVIL	67921.0	0.4558604813907715	0.6262419884566023
ENSG00000116668	SWT1	18440.0	0.1713459543722199	0.2925625068027871
ENSG00000198765	SYCP1	105.0	0.005586083466155714	0.011110104958694411
ENSG00000165025	SYK	44191.0	0.3662581673059558	0.5361478175507031
ENSG00000135316	SYNCRIP	335119.0	0.4105085784607843	0.5820717218306481
ENSG00000127561	SYNGR3	831.0	0.034813022212375734	0.06728369563411045
ENSG00000182253	SYNM	3663.0	0.2757691790125243	0.4323182963645135
ENSG00000172403	SYNPO2	12563.0	0.8320198816708912	0.9083087907452715
ENSG00000275066	SYNRG	18106.0	0.0009954585120176315	0.00198893711964964
ENSG00000102003	SYP	7241.0	0.5704904158913644	0.7265124449264094
ENSG00000139973	SYT16	419.0	0.01533837866019774	0.030213333766497995
ENSG00000137501	SYTL2	8634.0	0.5635116579157291	0.7208282139282923
ENSG00000162298	SYVN1	42141.0	0.23092373137277442	0.37520396347422635
ENSG00000100324	TAB1	28475.0	0.15021496238015467	0.2611945893475649
ENSG00000055208	TAB2	95942.0	0.19461735502521293	0.32582375303112093
ENSG00000006128	TAC1	143.0	0.0606069087568168	0.11428722226193448
ENSG00000166863	TAC3	507.0	0.5287159424659101	0.6917124729046257
ENSG00000176358	TAC4	143.0	-0.013102912452097163	0.0
ENSG00000138162	TACC2	96312.0	0.4914111443360013	0.6589881619193412
ENSG00000115353	TACR1	138.0	0.07482449274191216	0.1392310898145472
ENSG00000075073	TACR2	2596.0	0.12054853474125267	0.21515986323446254
ENSG00000169836	TACR3	54.0	-0.011859642847038708	0.0
ENSG00000276234	TADA2A	43170.0	0.2538778453667804	0.4049482911032962
ENSG00000147133	TAF1	90687.0	0.17513816209382937	0.29807246116792413
ENSG00000163377	TAFA4	88.0	-0.014664938899512021	0.0
ENSG00000219438	TAFA5	4711.0	0.7522892356422866	0.8586359150537627
ENSG00000162367	TAL1	1137.0	0.4279916930845285	0.5994316285692762
ENSG00000186051	TAL2	150.0	-0.010930818697426122	0.0
ENSG00000183597	TANGO2	17109.0	0.11778456466844518	0.21074645041888224
ENSG00000168394	TAP1	72423.0	0.8072573769582014	0.8933507614913134
ENSG00000204267	TAP2	74696.0	0.7392411706718136	0.8500732194446251
ENSG00000120948	TARDBP	311637.0	0.5314792905514829	0.6940731015175506
ENSG00000163946	TASOR	71228.0	0.23464421944415775	0.3801001385642831
ENSG00000108021	TASOR2	18106.0	0.059858860646986284	0.11295628667093598
ENSG00000065491	TBC1D22B	107142.0	0.30103860918091535	0.4627666036297537
ENSG00000111490	TBC1D30	4142.0	0.1716144432630243	0.29295378569261515
ENSG00000133138	TBC1D8B	9648.0	0.2586144370491809	0.4109510099939771
ENSG00000145348	TBCK	104008.0	0.2936418022729398	0.45397698459806823
ENSG00000183735	TBK1	19554.0	0.09798857996961621	0.17848743011940574
ENSG00000092377	TBL1Y	71.0	-0.018280346097265004	0.0
ENSG00000106638	TBL2	73483.0	0.3337233312032291	0.5004386193081859
ENSG00000112592	TBP	30902.0	0.15254604079547457	0.26471140483062866
ENSG00000136535	TBR1	72.0	0.0021253506554969616	0.004241686240362556
ENSG00000136270	TBRG4	117965.0	0.4042456536150004	0.5757477725842857
ENSG00000092607	TBX15	1273.0	0.12391224597948618	0.22050163866930203
ENSG00000143178	TBX19	5586.0	0.03907799183910913	0.07521666736477269
ENSG00000121068	TBX2	10078.0	0.6670214256571009	0.8002553721157804
ENSG00000073861	TBX21	282.0	0.1638890832575294	0.2816231986622496
ENSG00000135111	TBX3	5876.0	0.3477575447070825	0.5160535677545223
ENSG00000121075	TBX4	725.0	0.14287409046620853	0.25002595064155564
ENSG00000089225	TBX5	88.0	0.009483499551956947	0.018788815381660117
ENSG00000006638	TBXA2R	1394.0	0.19891839330452668	0.33182974657058445
ENSG00000059377	TBXAS1	3094.0	0.37973811306321814	0.5504495519372798
ENSG00000165929	TC2N	48198.0	0.3673849138435508	0.5373540546251561
ENSG00000204219	TCEA3	44448.0	0.3950809231913722	0.5663914065824788
ENSG00000176896	TCEANC	2728.0	0.03401764883065226	0.06579703715719372
ENSG00000116205	TCEANC2	6745.0	0.09255464507206344	0.16942794667439023
ENSG00000176769	TCERG1L	1404.0	0.34054412163089676	0.5080685016418454
ENSG00000100207	TCF20	112277.0	0.15412467117426787	0.26708496061773507
ENSG00000118526	TCF21	29423.0	0.922614966374274	0.9597501137881699
ENSG00000071564	TCF3	21063.0	0.18134015264554207	0.30700751555670297
ENSG00000196628	TCF4	58486.0	0.7967022316605136	0.8868494930561762
ENSG00000081059	TCF7	10565.0	0.24302325600774852	0.39101964477844586
ENSG00000148737	TCF7L2	67162.0	0.15288602993339065	0.26522314602463143
ENSG00000101190	TCFL5	12773.0	0.06756728763281858	0.12658178723823507
ENSG00000176907	TCIM	15671.0	0.594236174872909	0.7454807314484392
ENSG00000100721	TCL1A	151.0	0.030865860574973734	0.05988336941870993
ENSG00000070814	TCOF1	36796.0	0.18375530505168514	0.3104616372446365
ENSG00000120438	TCP1	103740.0	0.3426460528187645	0.5104041412841605
ENSG00000241186	TDGF1	7158.0	0.30996678764312924	0.47324373498173405
ENSG00000151790	TDO2	2043.0	0.5757597134713418	0.7307709526384121
ENSG00000083544	TDRD3	50472.0	0.3083184451588033	0.4713201840112859
ENSG00000196116	TDRD7	15585.0	0.31833328486980184	0.48293294043810825
ENSG00000135605	TEC	91029.0	0.6416041526130798	0.7816794951350292
ENSG00000205356	TECPR1	30357.0	0.3296251510975487	0.49581666054595497
ENSG00000185347	TEDC1	44823.0	0.36796146175293076	0.5379705087326337
ENSG00000172171	TEFM	38063.0	0.1474778974362275	0.2570470381446694
ENSG00000120156	TEK	8893.0	0.5149450452616051	0.6798200989167669
ENSG00000167858	TEKT1	12105.0	0.6518451406460204	0.7892327490107095
ENSG00000125409	TEKT3	518.0	0.03659276008258755	0.07060199818426695
ENSG00000163060	TEKT4	2539.0	0.317945669661563	0.4824867625130688
ENSG00000100726	TELO2	52018.0	0.335943242285606	0.5029304114909188
ENSG00000158246	TENT5B	5099.0	0.19240205034734653	0.3227133839484759
ENSG00000183508	TENT5C	11701.0	0.38037390966672907	0.5511172110729979
ENSG00000147601	TERF1	33511.0	0.2438689442978661	0.3921135669731255
ENSG00000132604	TERF2	50425.0	0.05525891622541519	0.10473053650770815
ENSG00000164362	TERT	1160.0	0.30520395381000853	0.46767243221887367
ENSG00000135269	TES	100095.0	0.4652991994101519	0.6350910443375053
ENSG00000070759	TESK2	5279.0	0.04357410600386228	0.0835093660395997
ENSG00000138336	TET1	27784.0	0.1838545950609869	0.31060333900467824
ENSG00000168769	TET2	24951.0	0.09223906275094725	0.16889903666076742
ENSG00000120498	TEX11	3383.0	0.0719954846720862	0.1343204998556668
ENSG00000121101	TEX14	1083.0	0.06729890230021332	0.12611069336841363
ENSG00000151287	TEX30	1245.0	0.05686801137006688	0.10761610864983273
ENSG00000240021	TEX35	52.0	-0.008084539109097906	0.0
ENSG00000108064	TFAM	79621.0	0.3378842697838437	0.5051023880240916
ENSG00000137203	TFAP2A	8014.0	0.2825997511388574	0.4406670917999616
ENSG00000008196	TFAP2B	81.0	0.008599691299278029	0.017052734347360165
ENSG00000068323	TFE3	252969.0	0.90740089368099	0.9514527299290984
ENSG00000112561	TFEB	38904.0	0.21771674423905182	0.3575819175831445
ENSG00000003436	TFPI	8619.0	0.47649256184285094	0.6454384859861773
ENSG00000105825	TFPI2	10479.0	0.5078413395831733	0.673600499272106
ENSG00000106327	TFR2	715.0	0.021329562953037513	0.041768227860487936
ENSG00000072274	TFRC	91447.0	0.41104060556751665	0.5826063459062502
ENSG00000042832	TG	236.0	0.11552363229728872	0.2071200088506982
ENSG00000163235	TGFA	19335.0	0.3231863904534648	0.4884971501901658
ENSG00000105329	TGFB1	5305.0	0.30650025362284977	0.46919279620947985
ENSG00000140682	TGFB1I1	11528.0	0.6352073985713276	0.7769135574194503
ENSG00000092969	TGFB2	62130.0	0.5731528824177715	0.728667745930574
ENSG00000119699	TGFB3	9926.0	0.20985153458648914	0.34690460537906176
ENSG00000106799	TGFBR1	52775.0	0.2735112030498904	0.4295387467261652
ENSG00000163513	TGFBR2	105202.0	0.5848780118063817	0.7380732238688336
ENSG00000069702	TGFBR3	63160.0	0.5969002161112228	0.747573593001066
ENSG00000092295	TGM1	12423.0	0.4790913877696929	0.6478185076746474
ENSG00000198959	TGM2	42039.0	0.5689922440004042	0.7252964393879535
ENSG00000125780	TGM3	386.0	0.006652166103691994	0.01321641442334467
ENSG00000163810	TGM4	95.0	-0.02276840314050947	0.0
ENSG00000166948	TGM6	91.0	0.09747382859528798	0.17763308072694478
ENSG00000180176	TH	610.0	0.062496444038085734	0.11764075896680463
ENSG00000168286	THAP11	65020.0	0.3330137950561107	0.4996404332666236
ENSG00000173451	THAP2	2643.0	0.023268952646219036	0.04547964166418709
ENSG00000041988	THAP3	14709.0	0.05471402648070701	0.1037513963159716
ENSG00000178726	THBD	1361.0	0.17159015187101137	0.2929183923183112
ENSG00000137801	THBS1	67243.0	0.9239020737576845	0.9604460500977141
ENSG00000186340	THBS2	8492.0	0.849603556915555	0.9186872005505602
ENSG00000130193	THEM6	5261.0	0.0425766668712195	0.08167584835557926
ENSG00000172673	THEMIS	309.0	0.42649177240069835	0.5979589656979777
ENSG00000130775	THEMIS2	51192.0	0.49678329098707197	0.663801224904725
ENSG00000090534	THPO	1598.0	0.11171074350711518	0.20097088052725148
ENSG00000126351	THRA	52698.0	0.16727591721400328	0.2866090437524818
ENSG00000151090	THRB	24550.0	0.3247983859615347	0.49033632498849555
ENSG00000134077	THUMPD3	73732.0	0.3232970821925398	0.48862358504845554
ENSG00000154096	THY1	225349.0	0.863735305730107	0.9268862408460347
ENSG00000151500	THYN1	19031.0	0.18118301971028616	0.3067822965398295
ENSG00000156299	TIAM1	9353.0	0.10230670951389356	0.18562294619255254
ENSG00000146426	TIAM2	13042.0	0.11144783841135052	0.2005453329607418
ENSG00000127666	TICAM1	5045.0	0.21495494786396785	0.35384842580687237
ENSG00000243414	TICAM2	4028.0	0.09544870300604165	0.17426412162270866
ENSG00000140534	TICRR	26667.0	0.4285184767127254	0.5999481052549246
ENSG00000066056	TIE1	37407.0	0.6688844951739459	0.801594714443349
ENSG00000179886	TIGD5	15709.0	0.19835652919117872	0.331047604547301
ENSG00000181847	TIGIT	4132.0	0.2147578865071392	0.3535813825825729
ENSG00000145850	TIMD4	260.0	0.021000688582089217	0.04113746213286857
ENSG00000142444	TIMM29	178516.0	0.32870336458763094	0.494773134994876
ENSG00000105197	TIMM50	25740.0	0.4174888678963658	0.5890541751004268
ENSG00000035862	TIMP2	56785.0	0.7274238088686684	0.8422065333753572
ENSG00000157150	TIMP4	2346.0	0.08351364682979204	0.1541533825146387
ENSG00000137251	TINAG	84.0	0.00594441175200819	0.011818569063185262
ENSG00000142910	TINAGL1	67368.0	0.6929549804510888	0.818633677153601
ENSG00000163659	TIPARP	34720.0	0.38269366172267205	0.5535480089579369
ENSG00000150455	TIRAP	6596.0	0.09164872520901217	0.16790882102017693
ENSG00000104067	TJP1	83489.0	0.20392899675148074	0.3387724646581903
ENSG00000119139	TJP2	206143.0	0.4819136716981669	0.650393718476095
ENSG00000167900	TK1	34739.0	0.4590671249676757	0.6292611451688296
ENSG00000163931	TKT	119039.0	0.3140849316192193	0.4780283588400986
ENSG00000007350	TKTL1	6298.0	0.49098060721811515	0.6586009299399154
ENSG00000104953	TLE6	1606.0	0.0024308613320724415	0.004849933149189382
ENSG00000198586	TLK1	92080.0	0.3371763096793487	0.5043109233070434
ENSG00000146872	TLK2	49099.0	0.19881988165788228	0.33169266659630064
ENSG00000174125	TLR1	1412.0	0.05653148170990876	0.10701334070692761
ENSG00000174123	TLR10	189.0	0.06378645278633378	0.11992341624441719
ENSG00000137462	TLR2	5958.0	0.2265463313570767	0.3694052569647671
ENSG00000164342	TLR3	7440.0	0.23701478735805248	0.38320445281702015
ENSG00000136869	TLR4	4200.0	0.4907195464285916	0.6583660187514662
ENSG00000187554	TLR5	3550.0	0.05206820030710176	0.09898255700895228
ENSG00000174130	TLR6	1660.0	0.09727515731069877	0.17730312522359393
ENSG00000196664	TLR7	1111.0	0.20701075615001163	0.34301393768902516
ENSG00000101916	TLR8	337.0	0.1264583464279556	0.22452378612837315
ENSG00000239732	TLR9	14181.0	0.24229451447525585	0.3900758019165863
ENSG00000142484	TM4SF5	29.0	-0.004094521931271089	0.0
ENSG00000213996	TM6SF2	1546.0	0.08297890131379701	0.15324195367635068
ENSG00000101337	TM9SF4	325989.0	0.47768171317943925	0.6465285574274856
ENSG00000198498	TMA16	21507.0	0.18510433434310847	0.3123848744434978
ENSG00000155957	TMBIM4	31832.0	0.14319012966071978	0.25050973752409195
ENSG00000144339	TMEFF2	81.0	0.8456771352649114	0.9163868578168529
ENSG00000166292	TMEM100	63667.0	0.7331178400240742	0.8460103786294078
ENSG00000106460	TMEM106B	37976.0	0.2674960330254164	0.42208579128555346
ENSG00000110108	TMEM109	13275.0	0.3417288388331786	0.5093858445054512
ENSG00000183160	TMEM119	16109.0	0.48697539477129	0.6549878316529791
ENSG00000188735	TMEM120B	25762.0	0.2044863836381361	0.33954121261294384
ENSG00000152558	TMEM123	15383.0	0.033791455771201455	0.065373834505129
ENSG00000171202	TMEM126A	7557.0	0.07706289820976088	0.1430982319377093
ENSG00000166448	TMEM130	5125.0	0.563561071462205	0.7208686398608992
ENSG00000111843	TMEM14C	320827.0	0.6309835318071936	0.7737460489353184
ENSG00000157600	TMEM164	136867.0	0.6233729177208369	0.7679971877269363
ENSG00000184584	TMEM173	78591.0	0.7559289663771316	0.8610017612919498
ENSG00000269556	TMEM185A	39060.0	0.3156746171861695	0.47986730619049583
ENSG00000170088	TMEM192	31184.0	0.1644396755017242	0.2824357138653349
ENSG00000164484	TMEM200A	1692.0	0.33474995094910887	0.5015920033727309
ENSG00000188807	TMEM201	10861.0	0.16940090643086192	0.28972255023795357
ENSG00000146842	TMEM209	65024.0	0.34321230902395133	0.5110321082053625
ENSG00000155755	TMEM237	43384.0	0.22747748095114	0.3706422064458139
ENSG00000109133	TMEM33	16385.0	0.07208800514869358	0.1344815067466319
ENSG00000176142	TMEM39A	115830.0	0.2017897266891465	0.335815363050347
ENSG00000170876	TMEM43	5045.0	0.09915684064374165	0.18042346092422734
ENSG00000181458	TMEM45A	22530.0	0.3732719077551007	0.5436241805387128
ENSG00000151715	TMEM45B	3125.0	0.11815381672318202	0.21133732221106932
ENSG00000109084	TMEM97	39406.0	0.3900744695276154	0.5612281616252879
ENSG00000006042	TMEM98	27192.0	0.7822534774762732	0.8778251661306546
ENSG00000175348	TMEM9B	25972.0	0.12926610170226419	0.22893824849148928
ENSG00000167664	TMIGD2	97.0	0.030296691992073587	0.0588115874340916
ENSG00000120802	TMPO	148194.0	0.3709958961871214	0.5412064284348314
ENSG00000087128	TMPRSS11E	187.0	0.10905038523358318	0.19665542104404118
ENSG00000137747	TMPRSS13	10023.0	0.4184770763319641	0.590037136749651
ENSG00000184012	TMPRSS2	10408.0	0.31700534232363775	0.4814032747419753
ENSG00000187045	TMPRSS6	1657.0	0.1246197734835641	0.2216211672991456
ENSG00000139324	TMTC3	22980.0	0.24551693315533954	0.3942410201254469
ENSG00000125247	TMTC4	43742.0	0.24260265798123348	0.3904750346749981
ENSG00000168591	TMUB2	18077.0	0.2383959551631309	0.3850076450414885
ENSG00000139921	TMX1	24881.0	0.13380930084828405	0.23603493241442225
ENSG00000213593	TMX2	44921.0	0.1463132021818936	0.25527613553329215
ENSG00000041982	TNC	1953.0	0.6459355999686479	0.7848856297669871
ENSG00000232810	TNF	1289.0	0.37745471995836183	0.5480466464549508
ENSG00000145779	TNFAIP8	2187.0	0.10894216284291264	0.1964794314675992
ENSG00000104689	TNFRSF10A	9929.0	0.1535185075954989	0.26617432938376884
ENSG00000120889	TNFRSF10B	69505.0	0.6330736502704843	0.7753154919444435
ENSG00000173535	TNFRSF10C	653.0	0.023010574994378582	0.04498599634613753
ENSG00000173530	TNFRSF10D	4381.0	0.29980738179535876	0.4613104772204784
ENSG00000141655	TNFRSF11A	2453.0	0.24511335710673773	0.3937205487479568
ENSG00000164761	TNFRSF11B	685.0	0.05714889781906643	0.1081189186063884
ENSG00000006327	TNFRSF12A	63635.0	0.6657833197236117	0.799363652931858
ENSG00000240505	TNFRSF13B	104.0	-0.007214195465814004	0.0
ENSG00000159958	TNFRSF13C	45654.0	0.5518872769176784	0.7112466029283051
ENSG00000157873	TNFRSF14	27788.0	0.484803052975366	0.6530200109757038
ENSG00000048462	TNFRSF17	123.0	0.4741584091654154	0.6432937006191307
ENSG00000186891	TNFRSF18	13527.0	0.6358141898149704	0.7773672508451445
ENSG00000067182	TNFRSF1A	169878.0	0.42719634177558974	0.5986511165578106
ENSG00000028137	TNFRSF1B	9083.0	0.49181742417382934	0.6593533715376713
ENSG00000146072	TNFRSF21	101135.0	0.6366590605646447	0.7779983942959976
ENSG00000243509	TNFRSF6B	2120.0	-0.0010920034014543214	0.0
ENSG00000120949	TNFRSF8	674.0	0.2429442486837287	0.3909173704951052
ENSG00000049249	TNFRSF9	976.0	0.45500341904253555	0.6254327833015683
ENSG00000121858	TNFSF10	23493.0	0.6032017608485527	0.7524963801552791
ENSG00000120659	TNFSF11	100.0	0.0040839233491491485	0.008134625511236374
ENSG00000239697	TNFSF12	8427.0	0.41376606903344887	0.585338802644102
ENSG00000161955	TNFSF13	13844.0	0.23915578828095005	0.3859979359217212
ENSG00000102524	TNFSF13B	2485.0	0.37634026320308767	0.546870963910116
ENSG00000125735	TNFSF14	343.0	0.2536687515690446	0.4046822595706599
ENSG00000181634	TNFSF15	3543.0	0.1718821345384425	0.29334372369477246
ENSG00000120337	TNFSF18	77.0	0.04067886227868955	0.07817755073763748
ENSG00000117586	TNFSF4	2837.0	0.27033227546416005	0.4256087650223399
ENSG00000106952	TNFSF8	622.0	0.22358311202237016	0.36545635490641276
ENSG00000125657	TNFSF9	262.0	0.0408032562937662	0.07840724180488057
ENSG00000145901	TNIP1	78300.0	0.41984221065016	0.5913927723812493
ENSG00000061938	TNK2	149105.0	0.45039470667657533	0.6210650171340004
ENSG00000173273	TNKS	19969.0	0.11583215901185312	0.20761573875847159
ENSG00000000005	TNMD	104.0	0.016175297875363325	0.03183564471441672
ENSG00000129991	TNNI3	15453.0	0.3506423717032225	0.519223117902108
ENSG00000118194	TNNT2	20026.0	0.3785579742552093	0.5492086387730368
ENSG00000064419	TNPO3	153623.0	0.4565958411698255	0.6269355277070171
ENSG00000116147	TNR	54.0	0.04915799766192248	0.09370942750562342
ENSG00000111077	TNS2	40838.0	0.665936420458393	0.7994739922609488
ENSG00000168477	TNXB	9471.0	0.7634944881365063	0.8658881479616019
ENSG00000078902	TOLLIP	12228.0	0.08228903842861217	0.15206480987387355
ENSG00000175662	TOM1L2	38478.0	0.2402246799326654	0.38738896882088775
ENSG00000025772	TOMM34	110592.0	0.2409454906888	0.38832566377280703
ENSG00000130204	TOMM40	4664.0	0.05447642812175819	0.1033241268726927
ENSG00000160949	TONSL	147622.0	0.602978966784881	0.7523229927268291
ENSG00000198900	TOP1	160994.0	0.32544824780583265	0.49107650690184945
ENSG00000184428	TOP1MT	82592.0	0.2781328588292418	0.4352174453663746
ENSG00000131747	TOP2A	44788.0	0.622041256413499	0.7669857396708842
ENSG00000077097	TOP2B	186387.0	0.3848866823315216	0.5558385205691297
ENSG00000100038	TOP3B	116134.0	0.37179975664426385	0.5420612663669968
ENSG00000163781	TOPBP1	67913.0	0.24060006490571362	0.3878769181331606
ENSG00000136827	TOR1A	28336.0	0.1753809953328107	0.298424078710157
ENSG00000186283	TOR3A	8667.0	0.024768910809803153	0.04834048056791655
ENSG00000198846	TOX	12825.0	0.2273150582729913	0.3704265774965008
ENSG00000124191	TOX2	10129.0	0.4460336575004464	0.6169063288214766
ENSG00000092203	TOX4	71066.0	0.15901520789488469	0.27439710335415435
ENSG00000141510	TP53	204568.0	0.39455336498237875	0.5658490738177872
ENSG00000067369	TP53BP1	104562.0	0.2656249900566808	0.41975307400462253
ENSG00000143514	TP53BP2	62063.0	0.28329469323703554	0.44151151677007455
ENSG00000073282	TP63	2787.0	0.03208691853358775	0.06217871374472523
ENSG00000078900	TP73	2013.0	0.10021198552206882	0.18216850359890702
ENSG00000146242	TPBG	4278.0	0.27556620119642933	0.4320688349032131
ENSG00000186815	TPCN1	164807.0	0.5263024135962837	0.6896436890985536
ENSG00000129167	TPH1	575.0	0.053017914113697134	0.1006970791343492
ENSG00000139287	TPH2	201.0	0.07121608845047514	0.13296306733684318
ENSG00000137364	TPMT	25738.0	0.1908065811841236	0.3204661180061465
ENSG00000171368	TPPP	4540.0	0.14553769155485913	0.25409498548636694
ENSG00000159713	TPPP3	12290.0	0.41453080233522427	0.5861036064409239
ENSG00000274391	TPTE	62.0	0.012247722433199302	0.02419906147826884
ENSG00000088325	TPX2	174378.0	0.7627485248553542	0.8654082123460498
ENSG00000056558	TRAF1	3250.0	0.2121128124374412	0.34998856585123117
ENSG00000127191	TRAF2	58953.0	0.30842452726703207	0.47144412358464866
ENSG00000131323	TRAF3	11425.0	0.038462398600923285	0.07407566928324426
ENSG00000056972	TRAF3IP2	29847.0	0.35176497980624916	0.5204528672679007
ENSG00000009790	TRAF3IP3	1137.0	0.3663552638549527	0.5362518424693442
ENSG00000076604	TRAF4	123071.0	0.3818273239490522	0.5526411546963015
ENSG00000082512	TRAF5	40055.0	0.33887293582440137	0.5062062676108137
ENSG00000175104	TRAF6	36368.0	0.1490467491203674	0.25942678004087744
ENSG00000135148	TRAFD1	47241.0	0.09616773600405042	0.1754617160228023
ENSG00000126602	TRAP1	114609.0	0.3474515251546066	0.5157165488602493
ENSG00000211829	TRDC	14400.0	0.7440890147631654	0.8532695389566538
ENSG00000124731	TREM1	3389.0	0.639137213745251	0.7798458950058142
ENSG00000095970	TREM2	7120.0	0.754713643380297	0.8602128857064216
ENSG00000112195	TREML2	597.0	0.18107418963904487	0.3066262750088274
ENSG00000183479	TREX2	5341.0	0.21971182391343208	0.36026841686012206
ENSG00000170893	TRH	611.0	0.2091391073110888	0.3459305981363503
ENSG00000173334	TRIB1	9218.0	0.1802156902338033	0.3053944998784115
ENSG00000071575	TRIB2	185707.0	0.6313314230432482	0.7740075549645205
ENSG00000101255	TRIB3	4608.0	0.36479876989097587	0.5345825010087268
ENSG00000132109	TRIM21	19336.0	0.4302685522277841	0.6016612076908193
ENSG00000113595	TRIM23	16380.0	0.1090699443980624	0.19668722418992088
ENSG00000121060	TRIM25	132633.0	0.35468635144534055	0.5236435003082728
ENSG00000204713	TRIM27	90868.0	0.13731434521644187	0.24147122700770934
ENSG00000130726	TRIM28	208861.0	0.4396189129866555	0.6107434530359362
ENSG00000132481	TRIM47	77364.0	0.531155297825071	0.693796767159478
ENSG00000132256	TRIM5	73321.0	0.5071454904954836	0.6729881006096582
ENSG00000147573	TRIM55	5363.0	0.10900142900680972	0.19657581344043587
ENSG00000141569	TRIM65	16945.0	0.0962404332427823	0.17558271036964773
ENSG00000166436	TRIM66	22597.0	0.17688760608468476	0.3006023772706067
ENSG00000119283	TRIM67	361.0	0.058087970704298365	0.10979799848897837
ENSG00000071539	TRIP13	24010.0	0.3195370693687607	0.48431692718056135
ENSG00000121486	TRMT1L	49235.0	0.26044936902699095	0.41326430942330655
ENSG00000099899	TRMT2A	67828.0	0.22944383051610565	0.37324817095513485
ENSG00000067445	TRO	94867.0	0.6054650500389425	0.7542550366004619
ENSG00000104321	TRPA1	134.0	0.02013339048263452	0.0394720742806178
ENSG00000144935	TRPC1	7161.0	0.10144486083362518	0.1842032487342979
ENSG00000138741	TRPC3	250.0	0.07832386989442601	0.145269657996339
ENSG00000133107	TRPC4	2668.0	0.5025466516694622	0.668926520332781
ENSG00000072315	TRPC5	66.0	0.006530340123376161	0.01297594292602387
ENSG00000137672	TRPC6	8606.0	0.3457708869309846	0.5138629320768132
ENSG00000069018	TRPC7	48.0	-0.012318254316167964	0.0
ENSG00000134160	TRPM1	77.0	-0.007667214737624597	0.0
ENSG00000142185	TRPM2	7718.0	0.2622293107095106	0.41550185609635243
ENSG00000083067	TRPM3	136.0	0.010388358138691415	0.020563099436000137
ENSG00000130529	TRPM4	58838.0	0.5676802801300612	0.7242296625469629
ENSG00000119121	TRPM6	633.0	0.10966056445513149	0.19764704265033933
ENSG00000092439	TRPM7	48554.0	0.2016623678088064	0.3356389834800792
ENSG00000144481	TRPM8	409.0	0.09477136312608203	0.17313453076716523
ENSG00000104447	TRPS1	93766.0	0.3692389686161079	0.5393345896214133
ENSG00000196689	TRPV1	32480.0	0.11900287446674715	0.21269449289566325
ENSG00000111199	TRPV4	8226.0	0.1505538349273104	0.2617067195935635
ENSG00000165125	TRPV6	16058.0	0.2737639641118919	0.4298503833130006
ENSG00000196367	TRRAP	227815.0	0.5054410027432135	0.6714856335415327
ENSG00000165832	TRUB1	36920.0	0.11911813467899351	0.21287857106017
ENSG00000204296	TSBP1	76.0	-0.0039916182783665865	0.0
ENSG00000165699	TSC1	75603.0	0.2455354498443309	0.3942648920591033
ENSG00000103197	TSC2	241498.0	0.3781270529410849	0.5487549963323299
ENSG00000074319	TSG101	31928.0	0.059169983974802394	0.11172896677595057
ENSG00000165409	TSHR	256.0	0.1921879931254478	0.32241222732264985
ENSG00000179981	TSHZ1	9809.0	0.3225912820178205	0.487817039782172
ENSG00000145777	TSLP	233.0	0.08905217319710335	0.16354069233556567
ENSG00000102904	TSNAXIP1	12084.0	0.21796788221689925	0.357920574753026
ENSG00000182612	TSPAN10	1279.0	0.056267697037521755	0.10654059987886377
ENSG00000106025	TSPAN12	52622.0	0.5512129077761975	0.7106863345617856
ENSG00000106537	TSPAN13	47190.0	0.3800453637098217	0.5507722770622383
ENSG00000108219	TSPAN14	138061.0	0.2434133533255829	0.39152443179825824
ENSG00000157570	TSPAN18	17398.0	0.4408145007839292	0.611896258045831
ENSG00000140391	TSPAN3	377487.0	0.5805432541608991	0.7346122956554024
ENSG00000135452	TSPAN31	7330.0	0.0375375672818403	0.07235895540665944
ENSG00000214063	TSPAN4	14780.0	0.39978631610841103	0.5712104933556849
ENSG00000156298	TSPAN7	106859.0	0.8227588990381204	0.902762180420345
ENSG00000127324	TSPAN8	2111.0	0.45853459247188094	0.628760668191997
ENSG00000011105	TSPAN9	78542.0	0.4967549319601326	0.663775907936496
ENSG00000100300	TSPO	2222.0	0.10822578439539321	0.19531360110780527
ENSG00000005379	TSPOAP1	86368.0	0.5593107364435382	0.7173820116434382
ENSG00000180543	TSPYL5	51687.0	0.33588617308686547	0.5028664565196074
ENSG00000184281	TSSC4	31617.0	0.12446972252653726	0.2213838577118288
ENSG00000162526	TSSK3	1761.0	0.047206783780491535	0.09015752096271124
ENSG00000149292	TTC12	44824.0	0.38114619781454273	0.5519273751289322
ENSG00000103852	TTC23	12961.0	0.034751450264014855	0.06716869109997012
ENSG00000205838	TTC23L	1590.0	0.04335031496802029	0.08309829277110826
ENSG00000243725	TTC4	66106.0	0.14430972107808684	0.2522214369412654
ENSG00000162222	TTC9C	67865.0	0.09756305204864145	0.1777812251725064
ENSG00000101407	TTI1	52249.0	0.22569031519311814	0.3682664575146923
ENSG00000112742	TTK	56498.0	0.5548082092225016	0.713667712752738
ENSG00000137561	TTPA	67.0	-0.014600830142446711	0.0
ENSG00000127824	TUBA4A	6066.0	0.3565307982650088	0.5256508716514341
ENSG00000196230	TUBB	2044860.0	0.8494108624887126	0.9185745360505545
ENSG00000137267	TUBB2A	8109.0	0.26812379592796814	0.42286691061067055
ENSG00000137285	TUBB2B	39189.0	0.717791195387247	0.8357141395470166
ENSG00000258947	TUBB3	17331.0	0.4029618455123892	0.5744444822948405
ENSG00000104833	TUBB4A	2070.0	0.15813611013995515	0.2730872628103188
ENSG00000176014	TUBB6	12641.0	0.49662750495883307	0.663662138125002
ENSG00000108423	TUBD1	6817.0	0.09802468969662106	0.17854733252620178
ENSG00000131462	TUBG1	33008.0	0.24794772553851405	0.39736876868222937
ENSG00000178952	TUFM	185687.0	0.2010423747014582	0.334779819490434
ENSG00000114383	TUSC2	61303.0	0.30955729694050815	0.47276632746611474
ENSG00000122691	TWIST1	1979.0	0.4404414195135185	0.6115367324861697
ENSG00000233608	TWIST2	7274.0	0.7550082994496511	0.8604042495826515
ENSG00000128791	TWSG1	50315.0	0.27980883674233303	0.43726661155828167
ENSG00000074966	TXK	15890.0	0.3264533439454943	0.49221986651180505
ENSG00000087301	TXNDC16	9883.0	0.13069790028029007	0.2311809374509163
ENSG00000115514	TXNDC9	69728.0	0.24762602631386968	0.39695553169163134
ENSG00000198431	TXNRD1	92073.0	0.2991516383136724	0.46053382760149214
ENSG00000105397	TYK2	198922.0	0.2331709372454223	0.37816482728057876
ENSG00000025708	TYMP	15141.0	0.6810690036072571	0.8102808417094259
ENSG00000176890	TYMS	104896.0	0.6496968662211483	0.7876560591514804
ENSG00000092445	TYRO3	17396.0	0.37391454849202616	0.5443053920673965
ENSG00000160201	U2AF1	3480.0	0.04180284175999751	0.08025096512383621
ENSG00000063244	U2AF2	243216.0	0.5267693578107814	0.6900444459615177
ENSG00000130985	UBA1	220434.0	0.25493388840075637	0.4062905476648418
ENSG00000137073	UBAP2	55362.0	0.284645312758729	0.44315004294448185
ENSG00000143569	UBAP2L	524968.0	0.21557804877341494	0.3546922371474954
ENSG00000160185	UBASH3A	431.0	0.5271378054576038	0.690360494742186
ENSG00000154127	UBASH3B	7305.0	0.19735012581479097	0.32964480741252716
ENSG00000213886	UBD	3470.0	0.6511937413529842	0.7887550988648947
ENSG00000175063	UBE2C	57867.0	0.5794782290740416	0.733759058412292
ENSG00000072401	UBE2D1	7250.0	0.09487481585730544	0.17330714796470473
ENSG00000131508	UBE2D2	51746.0	0.30712601691175145	0.46992564288082195
ENSG00000109332	UBE2D3	133673.0	0.32276410947232115	0.4880146160014556
ENSG00000103275	UBE2I	88477.0	0.25761287090125	0.40968548726228526
ENSG00000185651	UBE2L3	24243.0	0.19784496214149835	0.3303348403082025
ENSG00000077152	UBE2T	46215.0	0.40805217571655045	0.5795980898348384
ENSG00000114062	UBE3A	89207.0	0.29845661743099844	0.45970980227509806
ENSG00000130939	UBE4B	98036.0	0.23543299265561354	0.38113437807669476
ENSG00000144357	UBR3	39836.0	0.18885625205934076	0.3177108279191926
ENSG00000104517	UBR5	105247.0	0.3142242802255252	0.47818973512131924
ENSG00000108312	UBTF	127713.0	0.34324817751998193	0.511071867826712
ENSG00000214049	UCA1	1503.0	0.5654447902007864	0.7224078341699443
ENSG00000154277	UCHL1	137651.0	0.6512431640308418	0.788791352136284
ENSG00000163794	UCN	544.0	-0.029536129745816923	0.0
ENSG00000175567	UCP2	104418.0	0.5664518993997046	0.7232292285729044
ENSG00000151116	UEVLD	20821.0	0.12064422221788304	0.2153122638318062
ENSG00000143222	UFC1	18808.0	0.15009776016264537	0.2610173941064257
ENSG00000109814	UGDH	48378.0	0.33225959567226626	0.49879107157731684
ENSG00000241635	UGT1A1	259.0	0.07386153364442466	0.13756249075009996
ENSG00000241119	UGT1A9	1690.0	0.08038358038688612	0.14880563134456504
ENSG00000197888	UGT2B17	30.0	0.036470743476259594	0.07037486336360821
ENSG00000171234	UGT2B7	7276.0	0.18917438417469917	0.3181608798376336
ENSG00000276043	UHRF1	41467.0	0.45245557083328486	0.6230215641965663
ENSG00000131015	ULBP2	778.0	0.08327045163419136	0.15373898828048324
ENSG00000177169	ULK1	242636.0	0.44178575477077636	0.6128313493304198
ENSG00000083290	ULK2	34062.0	0.28765471502266565	0.4467885865157606
ENSG00000169344	UMOD	71.0	-0.004444174787376923	0.0
ENSG00000114491	UMPS	109570.0	0.16970017388702227	0.2901601242360986
ENSG00000109103	UNC119	107729.0	0.3966832530636809	0.5680360986552108
ENSG00000130477	UNC13A	685.0	0.1343750670636151	0.23691470478358007
ENSG00000140553	UNC45A	70065.0	0.2121297706612354	0.3500116502303468
ENSG00000113763	UNC5A	1000.0	0.11194979692733874	0.20135764624750266
ENSG00000076248	UNG	89930.0	0.3519353315569828	0.5206392988511803
ENSG00000005007	UPF1	297243.0	0.405040133884111	0.5765531163361332
ENSG00000105668	UPK1A	5245.0	0.444700994499463	0.6156304954348508
ENSG00000110375	UPK2	741.0	0.06585070840793049	0.12356460034875279
ENSG00000100373	UPK3A	515.0	0.03279261638475161	0.06350280949827242
ENSG00000243566	UPK3B	2784.0	0.1426630274913988	0.24970271035127667
ENSG00000101019	UQCC1	170467.0	0.46423262355824657	0.6340968177994971
ENSG00000204922	UQCC3	48613.0	0.22173436243373207	0.3629829351644501
ENSG00000142207	URB1	59996.0	0.21088893510907677	0.34832085585137484
ENSG00000106608	URGCP	186815.0	0.49042532095193436	0.658101166234481
ENSG00000158773	USF1	41050.0	0.17827620630406152	0.30260511983563937
ENSG00000103194	USP10	102704.0	0.22437631515053735	0.3665152819016272
ENSG00000102226	USP11	96203.0	0.4549666145910601	0.6253980126120422
ENSG00000273820	USP27X	11213.0	0.4731502032298663	0.6423651874635586
ENSG00000131864	USP29	53.0	0.09275480683013858	0.1697632556734325
ENSG00000170832	USP32	87238.0	0.33942806671819403	0.5068253759230913
ENSG00000055483	USP36	98065.0	0.2838228628300486	0.44215268484063575
ENSG00000170185	USP38	41688.0	0.10195784575940037	0.185048540925152
ENSG00000111667	USP5	450412.0	0.5940208394704538	0.7453112591273175
ENSG00000145390	USP53	21132.0	0.4897128051177154	0.657459348453434
ENSG00000129204	USP6	2258.0	0.3263747779518042	0.4921305552202886
ENSG00000187555	USP7	108209.0	0.15681624651266587	0.27111695048440676
ENSG00000114374	USP9Y	57.0	-0.01146544944976618	0.0
ENSG00000147679	UTP23	30947.0	0.148941416399853	0.2592672076641697
ENSG00000152818	UTRN	67912.0	0.3125192543630349	0.4762128301343669
ENSG00000049247	UTS2	75.0	-0.002437194226417699	0.0
ENSG00000049245	VAMP3	25800.0	0.19816028399248636	0.33077424888793766
ENSG00000168899	VAMP5	9513.0	0.533021383583513	0.6953867562336923
ENSG00000124164	VAPB	58420.0	0.2063176551412044	0.3420619009626516
ENSG00000125753	VASP	35704.0	0.4050931509300862	0.576606825906082
ENSG00000141968	VAV1	3992.0	0.4243937980442369	0.5958939144876235
ENSG00000134215	VAV3	2678.0	0.12965742309185854	0.22955175691580507
ENSG00000162692	VCAM1	9582.0	0.8322537540684527	0.9084481363135031
ENSG00000035403	VCL	121437.0	0.41164514258081253	0.583213344719524
ENSG00000213585	VDAC1	241034.0	0.3883132501787103	0.5594029303238657
ENSG00000165637	VDAC2	261102.0	0.41381497774138293	0.5853877406256741
ENSG00000111424	VDR	14873.0	0.38030332154721297	0.5510431158289505
ENSG00000112715	VEGFA	88442.0	0.6613066027020315	0.796128302417446
ENSG00000173511	VEGFB	75119.0	0.37118310860021375	0.5414056026100552
ENSG00000150630	VEGFC	8894.0	0.86687639026423	0.9286917921132806
ENSG00000165197	VEGFD	346.0	0.047718122937028554	0.0910896201800197
ENSG00000128564	VGF	1759.0	0.08521577851502239	0.15704854316001407
ENSG00000206538	VGLL3	6371.0	0.7351553261734026	0.847365437646053
ENSG00000134086	VHL	51325.0	0.08140824153840745	0.15055968395912422
ENSG00000146469	VIP	423.0	0.13943789385684846	0.24474856349540805
ENSG00000114812	VIPR1	1853.0	0.02433107483267349	0.04750627102989728
ENSG00000106018	VIPR2	1436.0	0.09136124924238082	0.16742622904341434
ENSG00000147852	VLDLR	19282.0	0.492390550796986	0.6598682235478281
ENSG00000197969	VPS13A	18992.0	0.14415627112058851	0.2519870314208069
ENSG00000132549	VPS13B	46661.0	0.26036207316037807	0.4131544080940424
ENSG00000069329	VPS35	154112.0	0.3820771088322325	0.5529027380463069
ENSG00000139722	VPS37B	23712.0	0.11935276238042808	0.2132531698525694
ENSG00000132612	VPS4A	70479.0	0.14593360935451521	0.25469819222200335
ENSG00000004766	VPS50	16735.0	0.07581754114379426	0.14094869853708855
ENSG00000155659	VSIG4	4291.0	0.5551902402992663	0.7139836991163611
ENSG00000107738	VSIR	1048.0	0.3049349979407747	0.4673566092134413
ENSG00000163032	VSNL1	151.0	-0.014811324037626349	0.0
ENSG00000189068	VSTM1	539.0	0.05835135213189365	0.11026839435571827
ENSG00000187135	VSTM2B	373.0	0.0746897298302059	0.1389977548999308
ENSG00000132821	VSTM2L	6700.0	0.621076815931681	0.7662521724175417
ENSG00000119614	VSX2	78.0	0.03229987443271173	0.06257847207520344
ENSG00000134258	VTCN1	69419.0	0.8007683008317695	0.8893629463178545
ENSG00000102763	VWA8	27092.0	0.09034345706664616	0.16571559444158523
ENSG00000062650	WAPL	96195.0	0.19213195598986077	0.3223333709401795
ENSG00000140105	WARS	84953.0	0.5501849626103913	0.7098313761009816
ENSG00000015285	WAS	9925.0	0.43742607831875263	0.6086241023682782
ENSG00000099290	WASHC2A	56510.0	0.11662576643493283	0.20888962074963682
ENSG00000120860	WASHC3	21544.0	0.07745789581447053	0.14377897478011178
ENSG00000136051	WASHC4	82332.0	0.2915395560517176	0.45146051421446887
ENSG00000106299	WASL	188816.0	0.4051053533326959	0.5766191871262147
ENSG00000132471	WBP2	71943.0	0.37568546210308773	0.5461793010863927
ENSG00000163625	WDFY3	52623.0	0.2936356230527744	0.45396959981643215
ENSG00000128815	WDFY4	1496.0	0.34031686514473275	0.5078155382428676
ENSG00000198554	WDHD1	26468.0	0.24039286719220943	0.38760762585868447
ENSG00000138442	WDR12	20054.0	0.0009943230182647594	0.0019866706441783013
ENSG00000162923	WDR26	148093.0	0.13185509337213222	0.23298935375074695
ENSG00000047056	WDR37	53695.0	0.17303821078321927	0.2950257019635948
ENSG00000196363	WDR5	54194.0	0.22029583086529905	0.36105315660890125
ENSG00000120314	WDR55	25266.0	0.09863062970772855	0.1795519386419574
ENSG00000166415	WDR72	58055.0	0.46000388382925295	0.630140630342392
ENSG00000133316	WDR74	72059.0	0.2563452433442306	0.40808089130320946
ENSG00000116455	WDR77	56674.0	0.2474467946743923	0.39672520821055246
ENSG00000167716	WDR81	16492.0	0.0888191068432841	0.1631475904216806
ENSG00000161996	WDR90	28663.0	0.26520823359402457	0.41923254457593684
ENSG00000166483	WEE1	61566.0	0.34137424936906885	0.5089918037857641
ENSG00000214102	WEE2	467.0	0.018638122249434806	0.03659419737458221
ENSG00000103175	WFDC1	22284.0	0.8989874925200306	0.9468071759936019
ENSG00000109501	WFS1	18172.0	0.3932002660923574	0.5644562029767679
ENSG00000105989	WNT2	523.0	0.11962969875592627	0.21369511524900156
ENSG00000108379	WNT3	18209.0	0.24587969705677484	0.39470857039830237
ENSG00000154342	WNT3A	5928.0	0.09637816546917458	0.17581190232465335
ENSG00000162552	WNT4	1677.0	0.10978781206011275	0.19785369935954203
ENSG00000114251	WNT5A	20169.0	0.6971588217545096	0.8215599068492507
ENSG00000111186	WNT5B	668.0	0.14314292859640468	0.2504375000108886
ENSG00000116213	WRAP73	28781.0	0.07510454661730939	0.13971580132112185
ENSG00000165392	WRN	12906.0	0.13161747388261097	0.23261831302591635
ENSG00000184937	WT1	51756.0	0.5137343303582337	0.678764192705672
ENSG00000113645	WWC1	66909.0	0.372821680889062	0.5431465514845547
ENSG00000186153	WWOX	479.0	0.01280801212235391	0.025292082939815087
ENSG00000123124	WWP1	33021.0	0.19302874965472575	0.3235944644428563
ENSG00000198373	WWP2	50856.0	0.15403190933907965	0.2669456677801822
ENSG00000018408	WWTR1	55263.0	0.3145520635657526	0.47856919825985883
ENSG00000100219	XBP1	225703.0	0.6530506894671965	0.7901157461513593
ENSG00000143185	XCL2	8223.0	0.19160590202865996	0.32159273750232154
ENSG00000173578	XCR1	1067.0	0.18703410982508348	0.31512845044131726
ENSG00000158125	XDH	39018.0	0.5286526543394506	0.6916583081692784
ENSG00000101966	XIAP	96330.0	0.2848142038405974	0.4433546936035171
ENSG00000136936	XPA	34596.0	0.19145426064875543	0.3213791195719208
ENSG00000154767	XPC	52511.0	0.24703268053609878	0.3961927933274364
ENSG00000108039	XPNPEP1	110236.0	0.33474921910162003	0.5015911817905836
ENSG00000196236	XPNPEP3	41022.0	0.23756718889434375	0.38392612704379936
ENSG00000082898	XPO1	305301.0	0.633035704515839	0.7752870347724833
ENSG00000124571	XPO5	96546.0	0.25656905868775953	0.4083644379333925
ENSG00000169180	XPO6	95083.0	0.37711706555680924	0.5476906429945804
ENSG00000130227	XPO7	87134.0	0.16440802750259279	0.2823890313693783
ENSG00000143324	XPR1	389552.0	0.7832565471655791	0.8784563818487436
ENSG00000073050	XRCC1	117229.0	0.318087450090465	0.48264999423009985
ENSG00000196584	XRCC2	7762.0	0.0909017034964878	0.1666542516253032
ENSG00000126215	XRCC3	17388.0	0.2108281124287062	0.3482378882099499
ENSG00000152422	XRCC4	8692.0	0.06160577935829637	0.11606149958138869
ENSG00000079246	XRCC5	264147.0	0.31775303766957197	0.48226492914258623
ENSG00000196419	XRCC6	445069.0	0.3698467568819696	0.5399826732791787
ENSG00000137693	YAP1	145391.0	0.35233388943122695	0.5210752938823617
ENSG00000176105	YES1	129255.0	0.31843965567495314	0.48305533636567277
ENSG00000167645	YIF1B	16495.0	0.31663250073891475	0.48097324129734853
ENSG00000058799	YIPF1	36080.0	0.18170505600930714	0.30753030138152515
ENSG00000145817	YIPF5	23891.0	0.07349492835922886	0.13692645660014688
ENSG00000250067	YJEFN3	102856.0	0.46490359304378975	0.6347224421476214
ENSG00000119596	YLPM1	267451.0	0.3975789039225093	0.5689537854451667
ENSG00000047188	YTHDC2	22324.0	0.25044098938771336	0.40056426734754347
ENSG00000149658	YTHDF1	140142.0	0.22088533224711995	0.36184451792956823
ENSG00000185728	YTHDF3	73048.0	0.1902144882561612	0.3196306046229589
ENSG00000134308	YWHAQ	647134.0	0.6063815854331519	0.7549658075414808
ENSG00000164924	YWHAZ	769356.0	0.6989386318684144	0.8227944420802933
ENSG00000100811	YY1	89789.0	0.3066954665344803	0.4694214901470119
ENSG00000163374	YY1AP1	84289.0	0.15752250079519992	0.2721718164216841
ENSG00000146839	ZAN	494.0	0.02874004885093572	0.05587426849579207
ENSG00000115085	ZAP70	3154.0	0.3907680634979371	0.5619456956972563
ENSG00000232040	ZBED9	5149.0	0.0565379814607369	0.10702498623394348
ENSG00000124256	ZBP1	1544.0	0.5755098687106525	0.7305696779692424
ENSG00000126804	ZBTB1	141667.0	0.2194633148290321	0.3599342631472284
ENSG00000205189	ZBTB10	27157.0	0.1197946405221555	0.21395823160270844
ENSG00000109906	ZBTB16	376.0	0.09632496514868556	0.17572338168112736
ENSG00000173276	ZBTB21	13527.0	0.06223201593180103	0.11717217142473427
ENSG00000089775	ZBTB25	28394.0	0.15817586590176802	0.27314654114055575
ENSG00000185670	ZBTB3	25604.0	0.15804315966958016	0.2729486519564158
ENSG00000177485	ZBTB33	23469.0	0.08403188333432927	0.1550358151383132
ENSG00000174282	ZBTB4	72577.0	0.3427774271702439	0.5105498800238394
ENSG00000184677	ZBTB40	31346.0	0.06235798572993032	0.11739542897507393
ENSG00000204859	ZBTB48	12939.0	0.05709557243475852	0.10802348231059745
ENSG00000168826	ZBTB49	16644.0	0.055515557924146995	0.10519135887173069
ENSG00000104427	ZC2HC1A	5312.0	0.15661616385925373	0.2708178715688639
ENSG00000163874	ZC3H12A	29806.0	0.36374446357608253	0.5334495916078774
ENSG00000178199	ZC3H12D	1216.0	0.14628153933209154	0.25522794237326024
ENSG00000158545	ZC3H18	63191.0	0.190021278211549	0.31935778240390267
ENSG00000122299	ZC3H7A	15016.0	0.05450821480014358	0.10338129951974681
ENSG00000146858	ZC3HAV1L	132017.0	0.5086414029579538	0.6743039160408483
ENSG00000126970	ZC4H2	8981.0	0.18690974058316437	0.3149519027307502
ENSG00000155329	ZCCHC10	12360.0	0.07501790881142666	0.1395658773617433
ENSG00000121766	ZCCHC17	46184.0	0.1319559212842785	0.23314674856696863
ENSG00000141664	ZCCHC2	26282.0	0.2190807532529507	0.3594195916363434
ENSG00000247315	ZCCHC3	14892.0	0.08123524445214117	0.15026377445419445
ENSG00000033030	ZCCHC8	57295.0	0.2503661671984339	0.40046855675790316
ENSG00000186908	ZDHHC17	28025.0	0.01452830697422186	0.028640515743817506
ENSG00000177108	ZDHHC22	355.0	-0.0019812975862992977	0.0
ENSG00000148516	ZEB1	5411.0	0.5860503811833553	0.7390060090601939
ENSG00000169554	ZEB2	7716.0	0.6292641305458598	0.7724519539198774
ENSG00000160445	ZER1	29856.0	0.01873391887654898	0.0367788262065694
ENSG00000107372	ZFAND5	158534.0	0.18783242919713458	0.3162608202641715
ENSG00000066827	ZFAT	32215.0	0.3106766520393002	0.4740706284130629
ENSG00000140836	ZFHX3	24723.0	0.17017025236981612	0.2908469977342001
ENSG00000091656	ZFHX4	2025.0	0.40038887872670864	0.5718252762629173
ENSG00000204644	ZFP57	681.0	0.03540734022787994	0.06839306397052823
ENSG00000162300	ZFPL1	54959.0	0.19136426210577742	0.3212523124833953
ENSG00000005889	ZFX	45447.0	0.14952915359174612	0.2601572185003517
ENSG00000165861	ZFYVE1	44437.0	0.18075707566810456	0.3061714884339394
ENSG00000100711	ZFYVE21	60868.0	0.29203429905013584	0.45205347762800185
ENSG00000072121	ZFYVE26	49892.0	0.28842043404349926	0.4477116730263868
ENSG00000138658	ZGRF1	14217.0	0.27922693035124235	0.4365557411687291
ENSG00000174306	ZHX3	5862.0	0.09880314510878871	0.17983775446694147
ENSG00000043355	ZIC2	15018.0	0.18641356020475675	0.3142471840469939
ENSG00000174963	ZIC4	13464.0	0.48105348254220454	0.6496098732592478
ENSG00000108175	ZMIZ1	92750.0	0.3024858875038041	0.46447472545520485
ENSG00000122515	ZMIZ2	243274.0	0.4717826717321323	0.6411037183593065
ENSG00000084073	ZMPSTE24	78673.0	0.21600673988545524	0.3552722740760508
ENSG00000197056	ZMYM1	64314.0	0.3785538420754996	0.54920429006322
ENSG00000147130	ZMYM3	123927.0	0.3580837336684783	0.5273367536789747
ENSG00000004838	ZMYND10	20034.0	0.6655360906973999	0.799185432744029
ENSG00000165724	ZMYND19	57831.0	0.2713102850582955	0.4268199325483388
ENSG00000103994	ZNF106	82472.0	0.24202238300679563	0.38972306186767236
ENSG00000115568	ZNF142	32476.0	0.06219511767007521	0.1171067662342493
ENSG00000197279	ZNF165	20497.0	0.2992038754966445	0.46059572502778806
ENSG00000188629	ZNF177	27872.0	0.23407245692505732	0.37934961697191827
ENSG00000167840	ZNF232	26434.0	0.15011953638653047	0.26105031979228727
ENSG00000056277	ZNF280C	8797.0	0.05441901859560434	0.10322085932798482
ENSG00000162702	ZNF281	35420.0	0.09316025936951972	0.17044208947597472
ENSG00000170684	ZNF296	5358.0	0.03852842411704415	0.07419811190974572
ENSG00000162664	ZNF326	77223.0	0.2795246690809217	0.4369195465089444
ENSG00000131061	ZNF341	32965.0	0.167082910669546	0.2863256914175736
ENSG00000113761	ZNF346	29651.0	0.24273608789122098	0.3906478459205541
ENSG00000186918	ZNF395	10903.0	0.06580342996025655	0.12348136271753289
ENSG00000175213	ZNF408	17410.0	0.08855679152584853	0.16270495433080157
ENSG00000119725	ZNF410	126265.0	0.2004395264522178	0.33394356322904045
ENSG00000173275	ZNF449	15006.0	0.38109308716894014	0.5518716887507287
ENSG00000112200	ZNF451	146346.0	0.41330736532782636	0.5848796595381174
ENSG00000225614	ZNF469	14014.0	0.7535916120928171	0.8594835957198109
ENSG00000243943	ZNF512	121199.0	0.21173463804819398	0.34947360816431944
ENSG00000166716	ZNF592	117420.0	0.21340840538923114	0.3517503330970829
ENSG00000168916	ZNF608	53207.0	0.23885556045395365	0.3856067940098357
ENSG00000121864	ZNF639	52822.0	0.23737842385423039	0.38367959110655186
ENSG00000176083	ZNF683	74886.0	0.840067656868774	0.9130834442232514
ENSG00000143373	ZNF687	119662.0	0.20586805234003244	0.34144374575732017
ENSG00000065029	ZNF76	128268.0	0.2164351356848688	0.3558515030281709
ENSG00000169957	ZNF768	127983.0	0.20490611965889374	0.3401196430422351
ENSG00000278129	ZNF8	4874.0	0.041430872310714364	0.0795652854399986
ENSG00000170396	ZNF804A	195.0	-0.019951563196709456	0.0
ENSG00000151612	ZNF827	73958.0	0.2574020049603864	0.40941879199325065
ENSG00000185869	ZNF829	9521.0	0.14271196998531566	0.2497776757990022
ENSG00000109917	ZPR1	61564.0	0.1565031252136341	0.27064885827217144
ENSG00000152467	ZSCAN1	287.0	0.03489063806197264	0.06742864758601337
ENSG00000158691	ZSCAN12	42127.0	0.23170694532827224	0.37623713369013784
ENSG00000196812	ZSCAN16	27450.0	0.24460423305889453	0.39306347602197156
ENSG00000121903	ZSCAN20	37780.0	0.29885840984556317	0.46018627985955457
ENSG00000197062	ZSCAN26	35976.0	0.13369141302569648	0.23585150507383476
ENSG00000130449	ZSWIM6	9994.0	0.07792521458202327	0.14458371235381035
ENSG00000153975	ZUP1	43301.0	0.2387170024335353	0.3854262143242745
ENSG00000162378	ZYG11B	43629.0	0.06869181154126873	0.128553079193526
ENSG00000159840	ZYX	198514.0	0.4342275287580547	0.6055211185830003
