scope	method	gene_id	gene_name	xenium_effect	xenium_positive	method_effect	raw_cancer_rich_mass	raw_cancer_poor_mass	cancer_patch_auc	reference_oriented_auc
full_reference_panel	xenium	ENSG00000106624	AEBP1	-1.2186788129097876	0	-1.2186788129097876	9932.0	4314.0	0.17414160234229437	0.8258583976577056
full_reference_panel	xenium	ENSG00000178999	AURKB	0.49001377066826124	1	0.49001377066826124	28972.0	472.0	0.7968976429184041	0.7968976429184041
full_reference_panel	xenium	ENSG00000168646	AXIN2	-0.3677557366257922	0	-0.3677557366257922	6795.0	660.0	0.25924200751190374	0.7407579924880963
full_reference_panel	xenium	ENSG00000125378	BMP4	-0.08043686333278965	0	-0.08043686333278965	1503.0	105.0	0.515792742436341	0.484207257563659
full_reference_panel	xenium	ENSG00000101144	BMP7	0.915588309005567	1	0.915588309005567	71825.0	776.0	0.8885192085884127	0.8885192085884127
full_reference_panel	xenium	ENSG00000150636	CCDC102B	-0.22139343782288504	0	-0.22139343782288504	234.0	135.0	0.32054239493685854	0.6794576050631415
full_reference_panel	xenium	ENSG00000091986	CCDC80	-0.25386539955675086	0	-0.25386539955675086	5143.0	504.0	0.3825377813267087	0.6174622186732913
full_reference_panel	xenium	ENSG00000105383	CD33	-0.06511842080469385	0	-0.06511842080469385	298.0	50.0	0.49905361843078105	0.500946381569219
full_reference_panel	xenium	ENSG00000004468	CD38	-0.13197920504235194	0	-0.13197920504235194	909.0	191.0	0.5152456155916363	0.4847543844083637
full_reference_panel	xenium	ENSG00000153283	CD96	-0.10597204395291976	0	-0.10597204395291976	762.0	65.0	0.6233697098749001	0.37663029012509985
full_reference_panel	xenium	ENSG00000054938	CHRDL2	-0.008357965613602428	0	-0.008357965613602428	66.0	7.0	0.5078224351580752	0.49217756484192476
full_reference_panel	xenium	ENSG00000163507	CIP2A	0.37128721382930585	1	0.37128721382930585	20403.0	444.0	0.7547762694821518	0.7547762694821518
full_reference_panel	xenium	ENSG00000163347	CLDN1	0.2141634392052716	1	0.2141634392052716	46073.0	2041.0	0.5574631059060124	0.5574631059060124
full_reference_panel	xenium	ENSG00000060718	COL11A1	-0.2483355951316873	0	-0.2483355951316873	474.0	204.0	0.3186200573743826	0.6813799426256174
full_reference_panel	xenium	ENSG00000168036	CTNNB1	-0.03934756491582103	0	-0.03934756491582103	138726.0	6103.0	0.39413834915565016	0.6058616508443498
full_reference_panel	xenium	ENSG00000107201	DDX58	-0.3258866854337916	0	-0.3258866854337916	36473.0	2133.0	0.24734569544258128	0.7526543045574188
full_reference_panel	xenium	ENSG00000050165	DKK3	-0.5509568118001006	0	-0.5509568118001006	1420.0	807.0	0.31002868719131693	0.6899713128086831
full_reference_panel	xenium	ENSG00000118997	DNAH7	0.39224721551629393	1	0.39224721551629393	9794.0	119.0	0.8799943808594328	0.8799943808594328
full_reference_panel	xenium	ENSG00000142627	EPHA2	-0.0673796678338453	0	-0.0673796678338453	11144.0	454.0	0.4727619554609174	0.5272380445390825
full_reference_panel	xenium	ENSG00000078098	FAP	-0.13797310709161634	0	-0.13797310709161634	252.0	78.0	0.3810368793067755	0.6189631206932245
full_reference_panel	xenium	ENSG00000162747	FCGR3B	-0.1351060202906019	0	-0.1351060202906019	381.0	49.0	0.464569840002366	0.535430159997634
full_reference_panel	xenium	ENSG00000169919	GUSB	0.3832131603941278	1	0.3832131603941278	141986.0	3595.0	0.8316919527992193	0.8316919527992193
full_reference_panel	xenium	ENSG00000164683	HEY1	-0.3253465178773897	0	-0.3253465178773897	551.0	262.0	0.3355070535001331	0.6644929464998669
full_reference_panel	xenium	ENSG00000173110	HSPA6	-0.18727786612997324	0	-0.18727786612997324	665.0	84.0	0.42187915890338035	0.5781208410966197
full_reference_panel	xenium	ENSG00000090339	ICAM1	0.2791998317286457	1	0.2791998317286457	25376.0	502.0	0.6528849850649158	0.6528849850649158
full_reference_panel	xenium	ENSG00000131203	IDO1	-0.022210749492450926	0	-0.022210749492450926	297.0	29.0	0.5191568331706741	0.48084316682932593
full_reference_panel	xenium	ENSG00000137959	IFI44L	-0.9041469826251693	0	-0.9041469826251693	37905.0	4140.0	0.09045337592050395	0.909546624079496
full_reference_panel	xenium	ENSG00000185811	IKZF1	-0.17477833236199297	0	-0.17477833236199297	509.0	134.0	0.4104338568006388	0.5895661431993612
full_reference_panel	xenium	ENSG00000100385	IL2RB	-0.225882409899349	0	-0.225882409899349	245.0	129.0	0.415979061307781	0.584020938692219
full_reference_panel	xenium	ENSG00000122641	INHBA	-0.1915303956148917	0	-0.1915303956148917	451.0	153.0	0.3787744358678615	0.6212255641321385
full_reference_panel	xenium	ENSG00000005844	ITGAL	-0.5752531390939338	0	-0.5752531390939338	1385.0	387.0	0.31952207730754445	0.6804779226924556
full_reference_panel	xenium	ENSG00000169896	ITGAM	-0.2966447705937746	0	-0.2966447705937746	1674.0	253.0	0.3857761807588797	0.6142238192411202
full_reference_panel	xenium	ENSG00000076706	MCAM	-0.5183335012275943	0	-0.5183335012275943	24005.0	2833.0	0.2800032531866442	0.7199967468133558
full_reference_panel	xenium	ENSG00000085276	MECOM	0.3388970550022603	1	0.3388970550022603	33501.0	845.0	0.7010247537929198	0.7010247537929198
full_reference_panel	xenium	ENSG00000099953	MMP11	-0.4689070594226381	0	-0.4689070594226381	3766.0	782.0	0.36868955727087216	0.6313104427291278
full_reference_panel	xenium	ENSG00000181143	MUC16	1.160201873183913	1	1.160201873183913	377717.0	3551.0	0.956200277999586	0.956200277999586
full_reference_panel	xenium	ENSG00000117983	MUC5B	0.7969077332305541	1	0.7969077332305541	56517.0	868.0	0.8231153698281726	0.8231153698281726
full_reference_panel	xenium	ENSG00000157601	MX1	-0.9359873798701337	0	-0.9359873798701337	79518.0	7229.0	0.11236802413273	0.8876319758672699
full_reference_panel	xenium	ENSG00000149294	NCAM1	0.6868886706577602	1	0.6868886706577602	61816.0	1129.0	0.8463165054860557	0.8463165054860557
full_reference_panel	xenium	ENSG00000104419	NDRG1	0.37700526735914064	1	0.37700526735914064	77466.0	1833.0	0.7299263596841451	0.7299263596841451
full_reference_panel	xenium	ENSG00000074181	NOTCH3	0.5459944211749401	1	0.5459944211749401	155647.0	3183.0	0.8471889509951793	0.8471889509951793
full_reference_panel	xenium	ENSG00000122133	PAEP	0.1101394664779702	1	0.1101394664779702	2459.0	36.0	0.7869680300476148	0.7869680300476148
full_reference_panel	xenium	ENSG00000185920	PTCH1	-0.8443916078460016	0	-0.8443916078460016	10678.0	3239.0	0.16366486262680033	0.8363351373731996
full_reference_panel	xenium	ENSG00000095303	PTGS1	0.6925416702060048	1	0.6925416702060048	53530.0	642.0	0.8428415106615799	0.8428415106615799
full_reference_panel	xenium	ENSG00000143248	RGS5	-0.4985575652749244	0	-0.4985575652749244	1081.0	543.0	0.28913435660840503	0.710865643391595
full_reference_panel	xenium	ENSG00000124935	SCGB1D2	0.1405927284535079	1	0.1405927284535079	6109.0	123.0	0.7159080826900897	0.7159080826900897
full_reference_panel	xenium	ENSG00000196136	SERPINA3	0.187736083921979	1	0.187736083921979	7503.0	122.0	0.7064220861798717	0.7064220861798717
full_reference_panel	xenium	ENSG00000117394	SLC2A1	0.8539351532613062	1	0.8539351532613062	134863.0	1569.0	0.8235441989767249	0.8235441989767249
full_reference_panel	xenium	ENSG00000125398	SOX9	0.48214832620441606	1	0.48214832620441606	20531.0	290.0	0.8394700263212374	0.8394700263212374
full_reference_panel	xenium	ENSG00000105825	TFPI2	0.18709128402486136	1	0.18709128402486136	4571.0	89.0	0.8051045455889747	0.8051045455889747
full_reference_panel	xenium	ENSG00000181847	TIGIT	0.0026970012763099516	1	0.0026970012763099516	1568.0	73.0	0.6705113417916186	0.6705113417916186
full_reference_panel	xenium	ENSG00000078900	TP73	0.017130289819595315	1	0.017130289819595315	752.0	20.0	0.7024369325407389	0.7024369325407389
full_reference_panel	xenium	ENSG00000159713	TPPP3	0.07209900746038661	1	0.07209900746038661	4860.0	165.0	0.6289740632301186	0.6289740632301186
full_reference_panel	xenium	ENSG00000176890	TYMS	0.5229662110453963	1	0.5229662110453963	43165.0	897.0	0.7864430840209388	0.7864430840209388
full_reference_panel	xenium	ENSG00000112715	VEGFA	0.0949916644745119	1	0.0949916644745119	36951.0	1051.0	0.5501138615325466	0.5501138615325466
full_reference_panel	xenium	ENSG00000114251	WNT5A	-0.7850404529893669	0	-0.7850404529893669	5003.0	1344.0	0.17581995090645608	0.8241800490935439
full_reference_panel	space_ranger	ENSG00000106624	AEBP1	-1.2186788129097876	0	-0.5746857070158565	2177.0	451.0	0.35036820157927423	0.6496317984207258
full_reference_panel	space_ranger	ENSG00000178999	AURKB	0.49001377066826124	1	0.29884762734743797	2047.0	123.0	0.6591695501730104	0.6591695501730104
full_reference_panel	space_ranger	ENSG00000168646	AXIN2	-0.3677557366257922	0	0.0642537756655211	801.0	61.0	0.584996894685476	0.415003105314524
full_reference_panel	space_ranger	ENSG00000125378	BMP4	-0.08043686333278965	0	-0.012329091213337973	187.0	19.0	0.5295522432200632	0.4704477567799368
full_reference_panel	space_ranger	ENSG00000101144	BMP7	0.915588309005567	1	0.2958441009543935	6130.0	413.0	0.5856253511962856	0.5856253511962856
full_reference_panel	space_ranger	ENSG00000150636	CCDC102B	-0.22139343782288504	0	-0.029476869830164176	90.0	10.0	0.5192899180788454	0.4807100819211546
full_reference_panel	space_ranger	ENSG00000091986	CCDC80	-0.25386539955675086	0	0.10444160679872261	947.0	53.0	0.6120427054683109	0.38795729453168915
full_reference_panel	space_ranger	ENSG00000105383	CD33	-0.06511842080469385	0	-0.017505728576063306	21.0	5.0	0.4907579924880962	0.5092420075119037
full_reference_panel	space_ranger	ENSG00000004468	CD38	-0.13197920504235194	0	-0.05691038156422913	69.0	10.0	0.505796587111466	0.494203412888534
full_reference_panel	space_ranger	ENSG00000153283	CD96	-0.10597204395291976	0	0.032293480292380536	227.0	16.0	0.5654851684263449	0.4345148315736551
full_reference_panel	space_ranger	ENSG00000054938	CHRDL2	-0.008357965613602428	0	0.003045926275285879	13.0	1.0	0.504820631118209	0.49517936888179104
full_reference_panel	space_ranger	ENSG00000163507	CIP2A	0.37128721382930585	1	0.1863615485658317	1357.0	83.0	0.6493434477863543	0.6493434477863543
full_reference_panel	space_ranger	ENSG00000163347	CLDN1	0.2141634392052716	1	0.018410332016666864	6234.0	536.0	0.46854760003548934	0.46854760003548934
full_reference_panel	space_ranger	ENSG00000060718	COL11A1	-0.2483355951316873	0	0.028492189586537514	207.0	16.0	0.5503060952887943	0.44969390471120574
full_reference_panel	space_ranger	ENSG00000168036	CTNNB1	-0.03934756491582103	0	0.04678415565295735	24223.0	1674.0	0.5122364179457606	0.4877635820542394
full_reference_panel	space_ranger	ENSG00000107201	DDX58	-0.3258866854337916	0	-0.036031508957525604	2215.0	184.0	0.47601514210510754	0.5239848578948925
full_reference_panel	space_ranger	ENSG00000050165	DKK3	-0.5509568118001006	0	-0.11798256883835184	896.0	112.0	0.4992458521870286	0.5007541478129713
full_reference_panel	space_ranger	ENSG00000118997	DNAH7	0.39224721551629393	1	0.10472539320938995	779.0	62.0	0.6022387838996835	0.6022387838996835
full_reference_panel	space_ranger	ENSG00000142627	EPHA2	-0.0673796678338453	0	0.03688061475694748	1063.0	89.0	0.5477774820335375	0.4522225179664625
full_reference_panel	space_ranger	ENSG00000078098	FAP	-0.13797310709161634	0	-0.026451244723365294	33.0	4.0	0.5031348889480377	0.4968651110519623
full_reference_panel	space_ranger	ENSG00000162747	FCGR3B	-0.1351060202906019	0	0.0009486167823053465	2.0	0.0	0.5015082956259427	0.4984917043740573
full_reference_panel	space_ranger	ENSG00000169919	GUSB	0.3832131603941278	1	0.11025719579373239	3565.0	262.0	0.5211013515511785	0.5211013515511785
full_reference_panel	space_ranger	ENSG00000164683	HEY1	-0.3253465178773897	0	-0.031872828277606624	85.0	16.0	0.494188625676515	0.505811374323485
full_reference_panel	space_ranger	ENSG00000173110	HSPA6	-0.18727786612997324	0	-0.035252285252794405	30.0	6.0	0.490654482003963	0.509345517996037
full_reference_panel	space_ranger	ENSG00000090339	ICAM1	0.2791998317286457	1	0.0684884615111126	1164.0	81.0	0.5733741460385058	0.5733741460385058
full_reference_panel	space_ranger	ENSG00000131203	IDO1	-0.022210749492450926	0	-0.021431464104306932	36.0	5.0	0.5045100996658091	0.49548990033419094
full_reference_panel	space_ranger	ENSG00000137959	IFI44L	-0.9041469826251693	0	-0.1178312741534655	6469.0	568.0	0.38891846331292695	0.611081536687073
full_reference_panel	space_ranger	ENSG00000185811	IKZF1	-0.17477833236199297	0	-0.014816319345172253	25.0	3.0	0.5029796232218378	0.49702037677816224
full_reference_panel	space_ranger	ENSG00000100385	IL2RB	-0.225882409899349	0	-0.019004869508607494	29.0	4.0	0.4994972347913525	0.5005027652086476
full_reference_panel	space_ranger	ENSG00000122641	INHBA	-0.1915303956148917	0	-0.0075800764652888195	63.0	7.0	0.5045988229379232	0.49540117706207676
full_reference_panel	space_ranger	ENSG00000005844	ITGAL	-0.5752531390939338	0	-0.001277592955544294	38.0	3.0	0.5121772690976844	0.48782273090231565
full_reference_panel	space_ranger	ENSG00000169896	ITGAM	-0.2966447705937746	0	-0.01514601079113459	163.0	12.0	0.5415816401975572	0.45841835980244283
full_reference_panel	space_ranger	ENSG00000076706	MCAM	-0.5183335012275943	0	-0.10295872620410051	1078.0	123.0	0.5136042350575223	0.4863957649424777
full_reference_panel	space_ranger	ENSG00000085276	MECOM	0.3388970550022603	1	0.1440850623477028	7055.0	501.0	0.5150533818353887	0.5150533818353887
full_reference_panel	space_ranger	ENSG00000099953	MMP11	-0.4689070594226381	0	-0.2332006150217335	1336.0	182.0	0.4504554461301866	0.5495445538698134
full_reference_panel	space_ranger	ENSG00000181143	MUC16	1.160201873183913	1	0.3658514069610961	41042.0	2273.0	0.6449812202407357	0.6449812202407357
full_reference_panel	space_ranger	ENSG00000117983	MUC5B	0.7969077332305541	1	0.28752488245618557	5120.0	365.0	0.5934182119303226	0.5934182119303226
full_reference_panel	space_ranger	ENSG00000157601	MX1	-0.9359873798701337	0	-0.191522829082434	4538.0	423.0	0.3712329577381481	0.6287670422618519
full_reference_panel	space_ranger	ENSG00000149294	NCAM1	0.6868886706577602	1	0.26944191322427125	3329.0	210.0	0.5902167805281993	0.5902167805281993
full_reference_panel	space_ranger	ENSG00000104419	NDRG1	0.37700526735914064	1	-0.014440571090655475	72.0	6.0	0.5212787980954071	0.5212787980954071
full_reference_panel	space_ranger	ENSG00000074181	NOTCH3	0.5459944211749401	1	0.09070447053438624	17738.0	1203.0	0.5100553041729512	0.5100553041729512
full_reference_panel	space_ranger	ENSG00000122133	PAEP	0.1101394664779702	1	0.030643405788159606	330.0	23.0	0.5617587909975452	0.5617587909975452
full_reference_panel	space_ranger	ENSG00000185920	PTCH1	-0.8443916078460016	0	-0.12101236511769031	783.0	127.0	0.5064546180463135	0.49354538195368647
full_reference_panel	space_ranger	ENSG00000095303	PTGS1	0.6925416702060048	1	0.3844333470814473	2860.0	162.0	0.6685446425930854	0.6685446425930854
full_reference_panel	space_ranger	ENSG00000143248	RGS5	-0.4985575652749244	0	-0.2919429713884637	1619.0	234.0	0.4363336586519978	0.5636663413480022
full_reference_panel	space_ranger	ENSG00000124935	SCGB1D2	0.1405927284535079	1	0.08663617984197058	3692.0	288.0	0.5176781119687694	0.5176781119687694
full_reference_panel	space_ranger	ENSG00000196136	SERPINA3	0.187736083921979	1	0.05659229450966041	655.0	52.0	0.5616774613314406	0.5616774613314406
full_reference_panel	space_ranger	ENSG00000117394	SLC2A1	0.8539351532613062	1	0.21730987715349093	14912.0	967.0	0.5916363528820276	0.5916363528820276
full_reference_panel	space_ranger	ENSG00000125398	SOX9	0.48214832620441606	1	0.2966174754009908	3100.0	192.0	0.610600952296454	0.610600952296454
full_reference_panel	space_ranger	ENSG00000105825	TFPI2	0.18709128402486136	1	0.059707356400474976	1103.0	97.0	0.5609972495785646	0.5609972495785646
full_reference_panel	space_ranger	ENSG00000181847	TIGIT	0.0026970012763099516	1	-0.025417282916945005	162.0	20.0	0.5127983320024843	0.5127983320024843
full_reference_panel	space_ranger	ENSG00000078900	TP73	0.017130289819595315	1	0.07537274123453311	411.0	28.0	0.5965826753023986	0.5965826753023986
full_reference_panel	space_ranger	ENSG00000159713	TPPP3	0.07209900746038661	1	0.15824174787819772	892.0	58.0	0.6359832017271463	0.6359832017271463
full_reference_panel	space_ranger	ENSG00000176890	TYMS	0.5229662110453963	1	0.319530738615585	6223.0	380.0	0.6089447845503209	0.6089447845503209
full_reference_panel	space_ranger	ENSG00000112715	VEGFA	0.0949916644745119	1	0.2917002876135226	8154.0	575.0	0.569048886522935	0.569048886522935
full_reference_panel	space_ranger	ENSG00000114251	WNT5A	-0.7850404529893669	0	-0.26229373725949257	1034.0	189.0	0.4350397776003312	0.5649602223996688
full_reference_panel	soft_expected	ENSG00000106624	AEBP1	-1.2186788129097876	0	-0.5386204233867682	2376.0510719850613	475.85839874903763	0.3526897938662644	0.6473102061337356
full_reference_panel	soft_expected	ENSG00000178999	AURKB	0.49001377066826124	1	0.28661568783169555	2175.782516315909	131.17633043409876	0.6531955165173158	0.6531955165173158
full_reference_panel	soft_expected	ENSG00000168646	AXIN2	-0.3677557366257922	0	0.02033362130295885	857.5056871294998	67.50870780163473	0.558956614319936	0.44104338568006396
full_reference_panel	soft_expected	ENSG00000125378	BMP4	-0.08043686333278965	0	-0.0042527670948025315	203.0299821738417	19.0	0.5390899949723479	0.4609100050276521
full_reference_panel	soft_expected	ENSG00000101144	BMP7	0.915588309005567	1	0.2637527702323754	6573.9436707386785	438.14400348183176	0.5863055629491615	0.5863055629491615
full_reference_panel	soft_expected	ENSG00000150636	CCDC102B	-0.22139343782288504	0	-0.014619634836211037	115.65543845500424	11.0	0.5263064501818826	0.4736935498181174
full_reference_panel	soft_expected	ENSG00000091986	CCDC80	-0.25386539955675086	0	0.06822398983879813	991.9551557570285	61.25645276671357	0.5932777334161418	0.40672226658385824
full_reference_panel	soft_expected	ENSG00000105383	CD33	-0.06511842080469385	0	-0.015431224404086665	22.99843226182197	5.0	0.4922219264779818	0.5077780735220182
full_reference_panel	soft_expected	ENSG00000004468	CD38	-0.13197920504235194	0	-0.04907591908143348	75.87908111601925	10.0	0.5107650903498655	0.4892349096501345
full_reference_panel	soft_expected	ENSG00000153283	CD96	-0.10597204395291976	0	0.016722522702841913	260.75820310526865	19.0	0.5636441605299737	0.4363558394700263
full_reference_panel	soft_expected	ENSG00000054938	CHRDL2	-0.008357965613602428	0	0.002981935558943604	13.0	1.0	0.504820631118209	0.49517936888179104
full_reference_panel	soft_expected	ENSG00000163507	CIP2A	0.37128721382930585	1	0.19011749300862074	1452.3238240475168	88.91874023988288	0.6525005175524207	0.6525005175524207
full_reference_panel	soft_expected	ENSG00000163347	CLDN1	0.2141634392052716	1	-0.013700044747093632	6665.0019683403425	580.0954055054574	0.45486942891787185	0.45486942891787185
full_reference_panel	soft_expected	ENSG00000060718	COL11A1	-0.2483355951316873	0	0.0016634681853701372	220.64972998561134	23.0	0.5328645787123296	0.4671354212876704
full_reference_panel	soft_expected	ENSG00000168036	CTNNB1	-0.03934756491582103	0	0.06273772371115705	25950.389548204585	1836.209358488196	0.5076893502499038	0.4923106497500962
full_reference_panel	soft_expected	ENSG00000107201	DDX58	-0.3258866854337916	0	-0.014817132806224764	2390.3478533078915	194.07197854423308	0.4848061396504303	0.5151938603495697
full_reference_panel	soft_expected	ENSG00000050165	DKK3	-0.5509568118001006	0	-0.1806957728186303	949.5306930358277	128.00419629251826	0.46854760003548923	0.5314523999645108
full_reference_panel	soft_expected	ENSG00000118997	DNAH7	0.39224721551629393	1	0.10807436153637717	824.5257679596004	65.22093999357189	0.6086860083399875	0.6086860083399875
full_reference_panel	soft_expected	ENSG00000142627	EPHA2	-0.0673796678338453	0	0.032912186560782986	1135.8691993453308	93.45989569037604	0.5419217460739952	0.45807825392600476
full_reference_panel	soft_expected	ENSG00000078098	FAP	-0.13797310709161634	0	-0.022252374615322822	37.0	4.0	0.5061071185638659	0.4938928814361341
full_reference_panel	soft_expected	ENSG00000162747	FCGR3B	-0.1351060202906019	0	0.0008919053556790314	2.0	0.0	0.5015082956259427	0.4984917043740573
full_reference_panel	soft_expected	ENSG00000169919	GUSB	0.3832131603941278	1	0.09354696086469638	3782.8712273254437	289.59686031519607	0.5065137668943898	0.5065137668943898
full_reference_panel	soft_expected	ENSG00000164683	HEY1	-0.3253465178773897	0	-0.03545557285724278	87.48643685274956	18.0	0.4908541093662201	0.5091458906337799
full_reference_panel	soft_expected	ENSG00000173110	HSPA6	-0.18727786612997324	0	-0.0316479863862536	33.05080223302693	6.0	0.49352320113565795	0.506476798864342
full_reference_panel	soft_expected	ENSG00000090339	ICAM1	0.2791998317286457	1	0.06829990846668704	1224.3863632798668	87.40007057050408	0.5713778724159347	0.5713778724159347
full_reference_panel	soft_expected	ENSG00000131203	IDO1	-0.022210749492450926	0	-0.027370572360357757	39.0	7.0	0.4959630911188005	0.5040369088811996
full_reference_panel	soft_expected	ENSG00000137959	IFI44L	-0.9041469826251693	0	-0.14569307689421063	6913.045303395349	612.4916648476452	0.3805489013101469	0.6194510986898532
full_reference_panel	soft_expected	ENSG00000185811	IKZF1	-0.17477833236199297	0	-0.0228299679285475	32.92372745049629	4.017270131112761	0.49976340460769525	0.5002365953923047
full_reference_panel	soft_expected	ENSG00000100385	IL2RB	-0.225882409899349	0	-0.015737448745486833	32.99895252236617	4.000747292104602	0.5024546771951617	0.4975453228048383
full_reference_panel	soft_expected	ENSG00000122641	INHBA	-0.1915303956148917	0	0.0012943984030509004	64.97735161867018	6.000001633843343	0.5059222784136279	0.4940777215863721
full_reference_panel	soft_expected	ENSG00000005844	ITGAL	-0.5752531390939338	0	-0.00828208913658313	43.99802594860513	5.0	0.5072309466773134	0.4927690533226866
full_reference_panel	soft_expected	ENSG00000169896	ITGAM	-0.2966447705937746	0	-0.02792009959713178	171.39729388180925	15.0	0.5304616567592346	0.4695383432407654
full_reference_panel	soft_expected	ENSG00000076706	MCAM	-0.5183335012275943	0	-0.08918609354422768	1169.2086668612046	128.51208729989804	0.5132641291810842	0.4867358708189158
full_reference_panel	soft_expected	ENSG00000085276	MECOM	0.3388970550022603	1	0.13041574754052876	7594.3884533906075	550.6030433699824	0.500280957028362	0.500280957028362
full_reference_panel	soft_expected	ENSG00000099953	MMP11	-0.4689070594226381	0	-0.22724920703828588	1421.6965085429392	194.9216010420751	0.44769763108863453	0.5523023689113655
full_reference_panel	soft_expected	ENSG00000181143	MUC16	1.160201873183913	1	0.31894189240720516	43831.4562160418	2439.1881854460185	0.65065211605004	0.65065211605004
full_reference_panel	soft_expected	ENSG00000117983	MUC5B	0.7969077332305541	1	0.2739776675746102	5505.645430158847	402.2943715361794	0.5946233697098748	0.5946233697098748
full_reference_panel	soft_expected	ENSG00000157601	MX1	-0.9359873798701337	0	-0.14654813202836703	4903.61787500754	443.0880313151913	0.3928518617099932	0.6071481382900068
full_reference_panel	soft_expected	ENSG00000149294	NCAM1	0.6868886706577602	1	0.2632842658322282	3531.193066681879	223.8231165804483	0.589802738591666	0.589802738591666
full_reference_panel	soft_expected	ENSG00000104419	NDRG1	0.37700526735914064	1	-0.016285031179282462	69.64734555610947	6.0	0.5191642267766836	0.5191642267766836
full_reference_panel	soft_expected	ENSG00000074181	NOTCH3	0.5459944211749401	1	0.06531415382025552	18941.435773319306	1297.672095097483	0.4858264572797445	0.4858264572797445
full_reference_panel	soft_expected	ENSG00000122133	PAEP	0.1101394664779702	1	0.03722464518951096	348.11140208734884	24.0	0.5720137225327537	0.5720137225327537
full_reference_panel	soft_expected	ENSG00000185920	PTCH1	-0.8443916078460016	0	-0.14162029347125243	846.2142721318172	134.91550961157864	0.48315736551030664	0.5168426344896934
full_reference_panel	soft_expected	ENSG00000095303	PTGS1	0.6925416702060048	1	0.3571013881246633	3069.92224215592	173.93723585126233	0.6579865732114867	0.6579865732114867
full_reference_panel	soft_expected	ENSG00000143248	RGS5	-0.4985575652749244	0	-0.27992275557460344	1728.237746669793	248.6627720406626	0.43713956170703583	0.5628604382929642
full_reference_panel	soft_expected	ENSG00000124935	SCGB1D2	0.1405927284535079	1	0.06236833952458154	3956.3503442039328	306.03308386985213	0.509981368112856	0.509981368112856
full_reference_panel	soft_expected	ENSG00000196136	SERPINA3	0.187736083921979	1	0.0592810141108262	702.0155020529189	56.02412737768776	0.5634667139857452	0.5634667139857452
full_reference_panel	soft_expected	ENSG00000117394	SLC2A1	0.8539351532613062	1	0.2256985692924327	15857.97818389649	1049.6647626751903	0.5969893236329222	0.5969893236329222
full_reference_panel	soft_expected	ENSG00000125398	SOX9	0.48214832620441606	1	0.29003631399414165	3294.258639851623	201.52871728506136	0.6063939904770355	0.6063939904770355
full_reference_panel	soft_expected	ENSG00000105825	TFPI2	0.18709128402486136	1	0.0704149340860406	1187.2653179597569	99.96951796380692	0.5648714991275545	0.5648714991275545
full_reference_panel	soft_expected	ENSG00000181847	TIGIT	0.0026970012763099516	1	-0.024772328003929922	179.54149658547863	20.91787051196537	0.5111939194984179	0.5111939194984179
full_reference_panel	soft_expected	ENSG00000078900	TP73	0.017130289819595315	1	0.07016473857428387	444.2179074776092	29.62210863446669	0.6010262325141217	0.6010262325141217
full_reference_panel	soft_expected	ENSG00000159713	TPPP3	0.07209900746038661	1	0.13479084725627422	950.71591389311	63.22862195450889	0.6219057758850146	0.6219057758850146
full_reference_panel	soft_expected	ENSG00000176890	TYMS	0.5229662110453963	1	0.3081068910022797	6654.761486393511	404.86762478915705	0.6182237600922722	0.6182237600922722
full_reference_panel	soft_expected	ENSG00000112715	VEGFA	0.0949916644745119	1	0.22769229858577922	8675.054018510953	625.8291312881279	0.5488199804808802	0.5488199804808802
full_reference_panel	soft_expected	ENSG00000114251	WNT5A	-0.7850404529893669	0	-0.24713365123180697	1117.5562154179556	197.5762928080963	0.4411099281341496	0.5588900718658504
full_reference_panel	hard	ENSG00000106624	AEBP1	-1.2186788129097876	0	-0.5383260685944532	2379.0	476.0	0.35538846005974034	0.6446115399402597
full_reference_panel	hard	ENSG00000178999	AURKB	0.49001377066826124	1	0.2813092508383267	2185.0	131.0	0.6506890840800875	0.6506890840800875
full_reference_panel	hard	ENSG00000168646	AXIN2	-0.3677557366257922	0	0.018888115457725008	858.0	68.0	0.554276461715908	0.44572353828409195
full_reference_panel	hard	ENSG00000125378	BMP4	-0.08043686333278965	0	-0.004742856444390292	202.0	19.0	0.5365761689291101	0.4634238310708899
full_reference_panel	hard	ENSG00000101144	BMP7	0.915588309005567	1	0.26800840066887943	6588.0	438.0	0.5829932274568952	0.5829932274568952
full_reference_panel	hard	ENSG00000150636	CCDC102B	-0.22139343782288504	0	-0.01551326083670225	115.0	11.0	0.5249016650400733	0.4750983349599267
full_reference_panel	hard	ENSG00000091986	CCDC80	-0.25386539955675086	0	0.0703823590997989	996.0	61.0	0.59562890012717	0.40437109987283004
full_reference_panel	hard	ENSG00000105383	CD33	-0.06511842080469385	0	-0.015450349319422001	23.0	5.0	0.4915047466950581	0.5084952533049418
full_reference_panel	hard	ENSG00000004468	CD38	-0.13197920504235194	0	-0.048648272956979106	77.0	10.0	0.5108094519859226	0.48919054801407735
full_reference_panel	hard	ENSG00000153283	CD96	-0.10597204395291976	0	0.01678930720420757	261.0	19.0	0.5630378848371927	0.43696211516280725
full_reference_panel	hard	ENSG00000054938	CHRDL2	-0.008357965613602428	0	0.00295989071235729	13.0	1.0	0.504820631118209	0.49517936888179104
full_reference_panel	hard	ENSG00000163507	CIP2A	0.37128721382930585	1	0.18995626325307974	1455.0	89.0	0.6525300919764588	0.6525300919764588
full_reference_panel	hard	ENSG00000163347	CLDN1	0.2141634392052716	1	-0.01668247538901091	6680.0	581.0	0.45363469671428147	0.45363469671428147
full_reference_panel	hard	ENSG00000060718	COL11A1	-0.2483355951316873	0	0.001607317354939658	221.0	23.0	0.5328645787123296	0.4671354212876704
full_reference_panel	hard	ENSG00000168036	CTNNB1	-0.03934756491582103	0	0.07170831895566199	25997.0	1833.0	0.5150385946233696	0.48496140537663035
full_reference_panel	hard	ENSG00000107201	DDX58	-0.3258866854337916	0	-0.015894459345964562	2391.0	194.0	0.4847395971963445	0.5152604028036555
full_reference_panel	hard	ENSG00000050165	DKK3	-0.5509568118001006	0	-0.17848168156218747	953.0	128.0	0.46880637624582255	0.5311936237541774
full_reference_panel	hard	ENSG00000118997	DNAH7	0.39224721551629393	1	0.11150630273065776	832.0	65.0	0.6091296247005589	0.6091296247005589
full_reference_panel	hard	ENSG00000142627	EPHA2	-0.0673796678338453	0	0.04373686047066455	1138.0	93.0	0.5497072132020229	0.45029278679797713
full_reference_panel	hard	ENSG00000078098	FAP	-0.13797310709161634	0	-0.022344189638969038	37.0	4.0	0.5061071185638659	0.4938928814361341
full_reference_panel	hard	ENSG00000162747	FCGR3B	-0.1351060202906019	0	0.0008898760611383812	2.0	0.0	0.5015082956259427	0.4984917043740573
full_reference_panel	hard	ENSG00000169919	GUSB	0.3832131603941278	1	0.10194795858337136	3796.0	289.0	0.5080516369443705	0.5080516369443705
full_reference_panel	hard	ENSG00000164683	HEY1	-0.3253465178773897	0	-0.035081919859957615	88.0	18.0	0.49089847100227724	0.5091015289977228
full_reference_panel	hard	ENSG00000173110	HSPA6	-0.18727786612997324	0	-0.031696834732483775	33.0	6.0	0.49281341495874376	0.5071865850412562
full_reference_panel	hard	ENSG00000090339	ICAM1	0.2791998317286457	1	0.07452444726675789	1227.0	86.0	0.5730710081921154	0.5730710081921154
full_reference_panel	hard	ENSG00000131203	IDO1	-0.022210749492450926	0	-0.02737232430424056	39.0	7.0	0.4959630911188005	0.5040369088811996
full_reference_panel	hard	ENSG00000137959	IFI44L	-0.9041469826251693	0	-0.14600642064135982	6925.0	614.0	0.38031969952385175	0.6196803004761482
full_reference_panel	hard	ENSG00000185811	IKZF1	-0.17477833236199297	0	-0.02226909809757231	33.0	4.0	0.5037263774287996	0.49627362257120045
full_reference_panel	hard	ENSG00000100385	IL2RB	-0.225882409899349	0	-0.015735944813539262	33.0	4.0	0.5024398899831426	0.4975601100168574
full_reference_panel	hard	ENSG00000122641	INHBA	-0.1915303956148917	0	0.0011645730689582093	65.0	6.0	0.5104545588974654	0.4895454411025346
full_reference_panel	hard	ENSG00000005844	ITGAL	-0.5752531390939338	0	-0.00833477439304817	44.0	5.0	0.5065137668943896	0.49348623310561035
full_reference_panel	hard	ENSG00000169896	ITGAM	-0.2966447705937746	0	-0.02731555013935985	173.0	15.0	0.530579954455387	0.46942004554461303
full_reference_panel	hard	ENSG00000076706	MCAM	-0.5183335012275943	0	-0.08800131811735168	1171.0	128.0	0.5138482240558365	0.4861517759441635
full_reference_panel	hard	ENSG00000085276	MECOM	0.3388970550022603	1	0.13645126833739196	7619.0	552.0	0.5039186111850471	0.5039186111850471
full_reference_panel	hard	ENSG00000099953	MMP11	-0.4689070594226381	0	-0.21785754937074464	1425.0	194.0	0.45226687960251977	0.5477331203974802
full_reference_panel	hard	ENSG00000181143	MUC16	1.160201873183913	1	0.31838054480472744	43936.0	2443.0	0.6494099902404401	0.6494099902404401
full_reference_panel	hard	ENSG00000117983	MUC5B	0.7969077332305541	1	0.271532831992654	5523.0	403.0	0.5930781060538846	0.5930781060538846
full_reference_panel	hard	ENSG00000157601	MX1	-0.9359873798701337	0	-0.13199010619588436	4916.0	441.0	0.3966965368349451	0.6033034631650549
full_reference_panel	hard	ENSG00000149294	NCAM1	0.6868886706577602	1	0.26612484372767176	3537.0	224.0	0.5936104456865703	0.5936104456865703
full_reference_panel	hard	ENSG00000104419	NDRG1	0.37700526735914064	1	-0.01579763973207301	71.0	6.0	0.5191790139887026	0.5191790139887026
full_reference_panel	hard	ENSG00000074181	NOTCH3	0.5459944211749401	1	0.06286081552909639	18987.0	1302.0	0.4852793304350398	0.4852793304350398
full_reference_panel	hard	ENSG00000122133	PAEP	0.1101394664779702	1	0.037117002219087564	348.0	24.0	0.5695146837015349	0.5695146837015349
full_reference_panel	hard	ENSG00000185920	PTCH1	-0.8443916078460016	0	-0.11572840241840798	850.0	134.0	0.5005101588146571	0.4994898411853429
full_reference_panel	hard	ENSG00000095303	PTGS1	0.6925416702060048	1	0.3586337940136801	3076.0	174.0	0.6572841806405819	0.6572841806405819
full_reference_panel	hard	ENSG00000143248	RGS5	-0.4985575652749244	0	-0.2815477047322129	1730.0	249.0	0.43623754177387397	0.563762458226126
full_reference_panel	hard	ENSG00000124935	SCGB1D2	0.1405927284535079	1	0.06785543357665214	3967.0	305.0	0.5124804069440748	0.5124804069440748
full_reference_panel	hard	ENSG00000196136	SERPINA3	0.187736083921979	1	0.058412976518709414	702.0	56.0	0.5624316091444119	0.5624316091444119
full_reference_panel	hard	ENSG00000117394	SLC2A1	0.8539351532613062	1	0.2210808175529526	15886.0	1049.0	0.5929450211457132	0.5929450211457132
full_reference_panel	hard	ENSG00000125398	SOX9	0.48214832620441606	1	0.3075885840152831	3301.0	201.0	0.6160574335314819	0.6160574335314819
full_reference_panel	hard	ENSG00000105825	TFPI2	0.18709128402486136	1	0.06993760651947706	1189.0	100.0	0.5659066039688877	0.5659066039688877
full_reference_panel	hard	ENSG00000181847	TIGIT	0.0026970012763099516	1	-0.025111899435840357	179.0	21.0	0.5143583828704936	0.5143583828704936
full_reference_panel	hard	ENSG00000078900	TP73	0.017130289819595315	1	0.0683467719794115	443.0	30.0	0.5999615532487504	0.5999615532487504
full_reference_panel	hard	ENSG00000159713	TPPP3	0.07209900746038661	1	0.14410916506623345	953.0	63.0	0.6292476266524709	0.6292476266524709
full_reference_panel	hard	ENSG00000176890	TYMS	0.5229662110453963	1	0.30142929097949733	6668.0	406.0	0.6119465885901872	0.6119465885901872
full_reference_panel	hard	ENSG00000112715	VEGFA	0.0949916644745119	1	0.22569236601827392	8689.0	627.0	0.5475113122171946	0.5475113122171946
full_reference_panel	hard	ENSG00000114251	WNT5A	-0.7850404529893669	0	-0.24587492634448405	1120.0	197.0	0.4406219501375211	0.559378049862479
full_reference_panel	hard_shared	ENSG00000106624	AEBP1	-1.2186788129097876	0	-0.5723295700006662	2165.0	446.0	0.3544346848845118	0.6455653151154882
full_reference_panel	hard_shared	ENSG00000178999	AURKB	0.49001377066826124	1	0.2973793384061245	2036.0	122.0	0.6583932215420105	0.6583932215420105
full_reference_panel	hard_shared	ENSG00000168646	AXIN2	-0.3677557366257922	0	0.05988327734667359	798.0	61.0	0.5835403543015999	0.4164596456984001
full_reference_panel	hard_shared	ENSG00000125378	BMP4	-0.08043686333278965	0	-0.013817328431145665	185.0	19.0	0.5282213941383492	0.47177860586165077
full_reference_panel	hard_shared	ENSG00000101144	BMP7	0.915588309005567	1	0.30317354908367156	6107.0	409.0	0.59144411912578	0.59144411912578
full_reference_panel	hard_shared	ENSG00000150636	CCDC102B	-0.22139343782288504	0	-0.025553446474870158	90.0	9.0	0.5194008221689883	0.4805991778310117
full_reference_panel	hard_shared	ENSG00000091986	CCDC80	-0.25386539955675086	0	0.10295030305957414	945.0	53.0	0.6116286635317776	0.3883713364682224
full_reference_panel	hard_shared	ENSG00000105383	CD33	-0.06511842080469385	0	-0.017574445709288525	21.0	5.0	0.4907579924880962	0.5092420075119037
full_reference_panel	hard_shared	ENSG00000004468	CD38	-0.13197920504235194	0	-0.05823318565067399	67.0	10.0	0.5050868009345519	0.49491319906544806
full_reference_panel	hard_shared	ENSG00000153283	CD96	-0.10597204395291976	0	0.031164738439152656	225.0	16.0	0.564738414219383	0.435261585780617
full_reference_panel	hard_shared	ENSG00000054938	CHRDL2	-0.008357965613602428	0	0.0030698058526108466	13.0	1.0	0.504820631118209	0.49517936888179104
full_reference_panel	hard_shared	ENSG00000163507	CIP2A	0.37128721382930585	1	0.18249222703332557	1350.0	83.0	0.6481382900068021	0.6481382900068021
full_reference_panel	hard_shared	ENSG00000163347	CLDN1	0.2141634392052716	1	0.015063417428685	6215.0	534.0	0.46752728240617514	0.46752728240617514
full_reference_panel	hard_shared	ENSG00000060718	COL11A1	-0.2483355951316873	0	0.0284847689518109	207.0	16.0	0.5503060952887943	0.44969390471120574
full_reference_panel	hard_shared	ENSG00000168036	CTNNB1	-0.03934756491582103	0	0.07056179606168422	24216.0	1669.0	0.5132123739390175	0.48678762606098247
full_reference_panel	hard_shared	ENSG00000107201	DDX58	-0.3258866854337916	0	-0.04250523268494788	2203.0	184.0	0.4739523260284506	0.5260476739715494
full_reference_panel	hard_shared	ENSG00000050165	DKK3	-0.5509568118001006	0	-0.12217505235230663	890.0	112.0	0.49818856652766685	0.5018114334723331
full_reference_panel	hard_shared	ENSG00000118997	DNAH7	0.39224721551629393	1	0.10314909537525202	774.0	62.0	0.6016472954189217	0.6016472954189217
full_reference_panel	hard_shared	ENSG00000142627	EPHA2	-0.0673796678338453	0	0.04159851554867616	1060.0	87.0	0.5510898175258037	0.44891018247419634
full_reference_panel	hard_shared	ENSG00000078098	FAP	-0.13797310709161634	0	-0.026899776328827767	33.0	4.0	0.5031496761600568	0.4968503238399432
full_reference_panel	hard_shared	ENSG00000162747	FCGR3B	-0.1351060202906019	0	0.0009508640280006366	2.0	0.0	0.5015082956259427	0.4984917043740573
full_reference_panel	hard_shared	ENSG00000169919	GUSB	0.3832131603941278	1	0.10606517273419147	3555.0	262.0	0.5192825244728358	0.5192825244728358
full_reference_panel	hard_shared	ENSG00000164683	HEY1	-0.3253465178773897	0	-0.032492571677447804	84.0	16.0	0.4935084139236388	0.5064915860763612
full_reference_panel	hard_shared	ENSG00000173110	HSPA6	-0.18727786612997324	0	-0.0361111012210682	29.0	6.0	0.4899446958270488	0.5100553041729512
full_reference_panel	hard_shared	ENSG00000090339	ICAM1	0.2791998317286457	1	0.06471956599780149	1142.0	80.0	0.5733963268565344	0.5733963268565344
full_reference_panel	hard_shared	ENSG00000131203	IDO1	-0.022210749492450926	0	-0.021580192292913164	36.0	5.0	0.5045100996658091	0.49548990033419094
full_reference_panel	hard_shared	ENSG00000137959	IFI44L	-0.9041469826251693	0	-0.1198650316778993	6451.0	567.0	0.3892289947653269	0.6107710052346731
full_reference_panel	hard_shared	ENSG00000185811	IKZF1	-0.17477833236199297	0	-0.014892749198721694	25.0	3.0	0.5029796232218378	0.49702037677816224
full_reference_panel	hard_shared	ENSG00000100385	IL2RB	-0.225882409899349	0	-0.019145681235618883	29.0	4.0	0.4994972347913525	0.5005027652086476
full_reference_panel	hard_shared	ENSG00000122641	INHBA	-0.1915303956148917	0	-0.0001085591116706322	63.0	6.0	0.509700411084494	0.49029958891550596
full_reference_panel	hard_shared	ENSG00000005844	ITGAL	-0.5752531390939338	0	-0.0013625818665481577	38.0	3.0	0.5121772690976844	0.48782273090231565
full_reference_panel	hard_shared	ENSG00000169896	ITGAM	-0.2966447705937746	0	-0.016195355475600373	162.0	12.0	0.5415890338035666	0.4584109661964334
full_reference_panel	hard_shared	ENSG00000076706	MCAM	-0.5183335012275943	0	-0.10568245927425779	1074.0	123.0	0.5128205128205128	0.4871794871794872
full_reference_panel	hard_shared	ENSG00000085276	MECOM	0.3388970550022603	1	0.15929194757003384	7033.0	499.0	0.5166060390973886	0.5166060390973886
full_reference_panel	hard_shared	ENSG00000099953	MMP11	-0.4689070594226381	0	-0.23869818754638905	1325.0	182.0	0.4491985331085677	0.5508014668914323
full_reference_panel	hard_shared	ENSG00000181143	MUC16	1.160201873183913	1	0.3675644488470384	41035.0	2268.0	0.6476355247981546	0.6476355247981546
full_reference_panel	hard_shared	ENSG00000117983	MUC5B	0.7969077332305541	1	0.2830780878583363	5107.0	364.0	0.5921834797267322	0.5921834797267322
full_reference_panel	hard_shared	ENSG00000157601	MX1	-0.9359873798701337	0	-0.1789305760772948	4525.0	421.0	0.37714044893975696	0.622859551060243
full_reference_panel	hard_shared	ENSG00000149294	NCAM1	0.6868886706577602	1	0.2864496856462174	3315.0	207.0	0.5997249578564458	0.5997249578564458
full_reference_panel	hard_shared	ENSG00000104419	NDRG1	0.37700526735914064	1	-0.012634363336445548	68.0	5.0	0.5236521456244639	0.5236521456244639
full_reference_panel	hard_shared	ENSG00000074181	NOTCH3	0.5459944211749401	1	0.09537001373246667	17726.0	1200.0	0.5129092360926271	0.5129092360926271
full_reference_panel	hard_shared	ENSG00000122133	PAEP	0.1101394664779702	1	0.03002007401309484	329.0	23.0	0.5611451216987549	0.5611451216987549
full_reference_panel	hard_shared	ENSG00000185920	PTCH1	-0.8443916078460016	0	-0.12245079445190943	781.0	127.0	0.506277171502085	0.49372282849791504
full_reference_panel	hard_shared	ENSG00000095303	PTGS1	0.6925416702060048	1	0.37878858618203204	2845.0	162.0	0.666119539821962	0.666119539821962
full_reference_panel	hard_shared	ENSG00000143248	RGS5	-0.4985575652749244	0	-0.28719174225005306	1615.0	232.0	0.4369916895868453	0.5630083104131547
full_reference_panel	hard_shared	ENSG00000124935	SCGB1D2	0.1405927284535079	1	0.08904218741093262	3679.0	284.0	0.5190385354745216	0.5190385354745216
full_reference_panel	hard_shared	ENSG00000196136	SERPINA3	0.187736083921979	1	0.05606704406869378	654.0	52.0	0.5615665572412977	0.5615665572412977
full_reference_panel	hard_shared	ENSG00000117394	SLC2A1	0.8539351532613062	1	0.216962307437635	14896.0	964.0	0.5903942270724278	0.5903942270724278
full_reference_panel	hard_shared	ENSG00000125398	SOX9	0.48214832620441606	1	0.3163731932158871	3085.0	190.0	0.6185416851506816	0.6185416851506816
full_reference_panel	hard_shared	ENSG00000105825	TFPI2	0.18709128402486136	1	0.058806286814004405	1101.0	97.0	0.5606571437021265	0.5606571437021265
full_reference_panel	hard_shared	ENSG00000181847	TIGIT	0.0026970012763099516	1	-0.027283894193570468	160.0	20.0	0.5113491852246177	0.5113491852246177
full_reference_panel	hard_shared	ENSG00000078900	TP73	0.017130289819595315	1	0.07425242848723512	409.0	28.0	0.5963830479401414	0.5963830479401414
full_reference_panel	hard_shared	ENSG00000159713	TPPP3	0.07209900746038661	1	0.1571825408757	888.0	58.0	0.6357318191228225	0.6357318191228225
full_reference_panel	hard_shared	ENSG00000176890	TYMS	0.5229662110453963	1	0.3153218419609254	6209.0	377.0	0.6077987756188449	0.6077987756188449
full_reference_panel	hard_shared	ENSG00000112715	VEGFA	0.0949916644745119	1	0.2879654832391896	8132.0	574.0	0.5673261763227161	0.5673261763227161
full_reference_panel	hard_shared	ENSG00000114251	WNT5A	-0.7850404529893669	0	-0.26211683391294394	1032.0	188.0	0.43493626711619787	0.5650637328838022
full_reference_panel	hard_star_excess	ENSG00000106624	AEBP1	-1.2186788129097876	0	-0.05148037266373795	214.0	30.0	0.5027799958595806	0.49722000414041945
full_reference_panel	hard_star_excess	ENSG00000178999	AURKB	0.49001377066826124	1	0.18528372895160677	149.0	9.0	0.5552006624670984	0.5552006624670984
full_reference_panel	hard_star_excess	ENSG00000168646	AXIN2	-0.3677557366257922	0	-0.027921233785855454	60.0	7.0	0.5049832904504185	0.49501670954958155
full_reference_panel	hard_star_excess	ENSG00000125378	BMP4	-0.08043686333278965	0	0.04913620435735541	17.0	0.0	0.5128205128205128	0.4871794871794872
full_reference_panel	hard_star_excess	ENSG00000101144	BMP7	0.915588309005567	1	0.5274261134430713	481.0	29.0	0.6148079141158727	0.6148079141158727
full_reference_panel	hard_star_excess	ENSG00000150636	CCDC102B	-0.22139343782288504	0	0.040644870049544965	25.0	2.0	0.5091532842397894	0.49084671576021055
full_reference_panel	hard_star_excess	ENSG00000091986	CCDC80	-0.25386539955675086	0	-0.05197274495835835	51.0	8.0	0.49608138881495284	0.5039186111850471
full_reference_panel	hard_star_excess	ENSG00000105383	CD33	-0.06511842080469385	0	0.006021412942802612	2.0	0.0	0.5015082956259427	0.4984917043740573
full_reference_panel	hard_star_excess	ENSG00000004468	CD38	-0.13197920504235194	0	0.03363519558873263	10.0	0.0	0.5075414781297134	0.4924585218702866
full_reference_panel	hard_star_excess	ENSG00000153283	CD96	-0.10597204395291976	0	0.015276950938859377	36.0	3.0	0.5102992931712654	0.48970070682873457
full_reference_panel	hard_star_excess	ENSG00000054938	CHRDL2	-0.008357965613602428	0	0.0	0.0	0.0	0.5	0.5
full_reference_panel	hard_star_excess	ENSG00000163507	CIP2A	0.37128721382930585	1	0.15884687405476952	105.0	6.0	0.5417073314997191	0.5417073314997191
full_reference_panel	hard_star_excess	ENSG00000163347	CLDN1	0.2141634392052716	1	0.1954438897243298	465.0	47.0	0.546062165439328	0.546062165439328
full_reference_panel	hard_star_excess	ENSG00000060718	COL11A1	-0.2483355951316873	0	-0.11194073672845839	14.0	7.0	0.4759190252269837	0.5240809747730163
full_reference_panel	hard_star_excess	ENSG00000168036	CTNNB1	-0.03934756491582103	0	0.465956792923504	1781.0	164.0	0.5160736994647029	0.48392630053529706
full_reference_panel	hard_star_excess	ENSG00000107201	DDX58	-0.3258866854337916	0	0.23476576447102304	188.0	10.0	0.5594002306805075	0.4405997693194925
full_reference_panel	hard_star_excess	ENSG00000050165	DKK3	-0.5509568118001006	0	-0.16732074875975445	63.0	16.0	0.4772498743086978	0.5227501256913022
full_reference_panel	hard_star_excess	ENSG00000118997	DNAH7	0.39224721551629393	1	0.10426051629083444	58.0	3.0	0.5271419276609588	0.5271419276609588
full_reference_panel	hard_star_excess	ENSG00000142627	EPHA2	-0.0673796678338453	0	0.08733089145020834	78.0	6.0	0.5269866619347587	0.47301333806524126
full_reference_panel	hard_star_excess	ENSG00000078098	FAP	-0.13797310709161634	0	0.013475770871116143	4.0	0.0	0.5030165912518854	0.49698340874811464
full_reference_panel	hard_star_excess	ENSG00000162747	FCGR3B	-0.1351060202906019	0	0.0	0.0	0.0	0.5	0.5
full_reference_panel	hard_star_excess	ENSG00000169919	GUSB	0.3832131603941278	1	0.04812822805329331	241.0	27.0	0.5173675805163696	0.5173675805163696
full_reference_panel	hard_star_excess	ENSG00000164683	HEY1	-0.3253465178773897	0	-0.024300561381768844	4.0	2.0	0.49325703131931503	0.506742968680685
full_reference_panel	hard_star_excess	ENSG00000173110	HSPA6	-0.18727786612997324	0	0.0124048712412867	4.0	0.0	0.5030165912518854	0.49698340874811464
full_reference_panel	hard_star_excess	ENSG00000090339	ICAM1	0.2791998317286457	1	0.11345536180664592	85.0	6.0	0.5272971933871587	0.5272971933871587
full_reference_panel	hard_star_excess	ENSG00000131203	IDO1	-0.022210749492450926	0	-0.03115396693984821	3.0	2.0	0.4924437346582675	0.5075562653417325
full_reference_panel	hard_star_excess	ENSG00000137959	IFI44L	-0.9041469826251693	0	0.10919184701227391	474.0	47.0	0.5228314553574069	0.47716854464259306
full_reference_panel	hard_star_excess	ENSG00000185811	IKZF1	-0.17477833236199297	0	-0.010537601970475381	8.0	1.0	0.5010720728713808	0.4989279271286192
full_reference_panel	hard_star_excess	ENSG00000100385	IL2RB	-0.225882409899349	0	0.012031660122544183	4.0	0.0	0.5030165912518854	0.49698340874811464
full_reference_panel	hard_star_excess	ENSG00000122641	INHBA	-0.1915303956148917	0	0.006838828671403988	2.0	0.0	0.5015082956259427	0.4984917043740573
full_reference_panel	hard_star_excess	ENSG00000005844	ITGAL	-0.5752531390939338	0	-0.025009512831781266	6.0	2.0	0.49472096530920057	0.5052790346907994
full_reference_panel	hard_star_excess	ENSG00000169896	ITGAM	-0.2966447705937746	0	-0.03833426744184486	11.0	3.0	0.49346405228758167	0.5065359477124183
full_reference_panel	hard_star_excess	ENSG00000076706	MCAM	-0.5183335012275943	0	0.15158807060247873	97.0	5.0	0.5411897790790524	0.4588102209209476
full_reference_panel	hard_star_excess	ENSG00000085276	MECOM	0.3388970550022603	1	0.3311345157886997	586.0	53.0	0.5635332564398308	0.5635332564398308
full_reference_panel	hard_star_excess	ENSG00000099953	MMP11	-0.4689070594226381	0	0.05636089149319634	100.0	12.0	0.5166134327033981	0.4833865672966019
full_reference_panel	hard_star_excess	ENSG00000181143	MUC16	1.160201873183913	1	0.7441746645285314	2901.0	175.0	0.6116508443498062	0.6116508443498062
full_reference_panel	hard_star_excess	ENSG00000117983	MUC5B	0.7969077332305541	1	0.3039714704322791	416.0	39.0	0.5749268033005057	0.5749268033005057
full_reference_panel	hard_star_excess	ENSG00000157601	MX1	-0.9359873798701337	0	0.48518937665990586	391.0	20.0	0.6078135628308639	0.39218643716913615
full_reference_panel	hard_star_excess	ENSG00000149294	NCAM1	0.6868886706577602	1	0.17470979200804387	222.0	17.0	0.5483246088782421	0.5483246088782421
full_reference_panel	hard_star_excess	ENSG00000104419	NDRG1	0.37700526735914064	1	-0.012030289048062805	3.0	1.0	0.49733830183657174	0.49733830183657174
full_reference_panel	hard_star_excess	ENSG00000074181	NOTCH3	0.5459944211749401	1	0.2510441094929752	1261.0	102.0	0.5074157868275515	0.5074157868275515
full_reference_panel	hard_star_excess	ENSG00000122133	PAEP	0.1101394664779702	1	0.038865636414247146	19.0	1.0	0.5094342412681512	0.5094342412681512
full_reference_panel	hard_star_excess	ENSG00000185920	PTCH1	-0.8443916078460016	0	0.053544401946645226	69.0	7.0	0.518661461568036	0.48133853843196395
full_reference_panel	hard_star_excess	ENSG00000095303	PTGS1	0.6925416702060048	1	0.3140230315987655	231.0	12.0	0.579880519326886	0.579880519326886
full_reference_panel	hard_star_excess	ENSG00000143248	RGS5	-0.4985575652749244	0	-0.058536118464092846	115.0	17.0	0.49872829976636207	0.501271700233638
full_reference_panel	hard_star_excess	ENSG00000124935	SCGB1D2	0.1405927284535079	1	0.27558886397346083	288.0	21.0	0.5708159583592111	0.5708159583592111
full_reference_panel	hard_star_excess	ENSG00000196136	SERPINA3	0.187736083921979	1	0.05347832670211031	48.0	4.0	0.5133380652411795	0.5133380652411795
full_reference_panel	hard_star_excess	ENSG00000117394	SLC2A1	0.8539351532613062	1	0.43668051188815715	990.0	85.0	0.5620397480259073	0.5620397480259073
full_reference_panel	hard_star_excess	ENSG00000125398	SOX9	0.48214832620441606	1	0.30411350094438294	216.0	11.0	0.5793333924821814	0.5793333924821814
full_reference_panel	hard_star_excess	ENSG00000105825	TFPI2	0.18709128402486136	1	0.17917250231626017	88.0	3.0	0.5473560464909946	0.5473560464909946
full_reference_panel	hard_star_excess	ENSG00000181847	TIGIT	0.0026970012763099516	1	0.026293078939805006	19.0	1.0	0.5092863691479608	0.5092863691479608
full_reference_panel	hard_star_excess	ENSG00000078900	TP73	0.017130289819595315	1	0.038924371223294625	34.0	2.0	0.513204980333008	0.513204980333008
full_reference_panel	hard_star_excess	ENSG00000159713	TPPP3	0.07209900746038661	1	0.06988679743302122	65.0	5.0	0.5221660308165498	0.5221660308165498
full_reference_panel	hard_star_excess	ENSG00000176890	TYMS	0.5229662110453963	1	0.4120690803430932	459.0	29.0	0.5909117794930944	0.5909117794930944
full_reference_panel	hard_star_excess	ENSG00000112715	VEGFA	0.0949916644745119	1	0.2471352892120673	557.0	53.0	0.5479697157897849	0.5479697157897849
full_reference_panel	hard_star_excess	ENSG00000114251	WNT5A	-0.7850404529893669	0	0.02500895412077947	88.0	9.0	0.5141143938721794	0.4858856061278206
full_reference_panel	hard_space_ranger_only	ENSG00000106624	AEBP1	-1.2186788129097876	0	-0.14588338221856334	12.0	5.0	0.48468044834826834	0.5153195516517317
full_reference_panel	hard_space_ranger_only	ENSG00000178999	AURKB	0.49001377066826124	1	0.028699178733681434	11.0	1.0	0.5026690917694379	0.5026690917694379
full_reference_panel	hard_space_ranger_only	ENSG00000168646	AXIN2	-0.3677557366257922	0	0.025183252180974922	3.0	0.0	0.502262443438914	0.497737556561086
full_reference_panel	hard_space_ranger_only	ENSG00000125378	BMP4	-0.08043686333278965	0	0.015344921916822457	2.0	0.0	0.5015082956259427	0.4984917043740573
full_reference_panel	hard_space_ranger_only	ENSG00000101144	BMP7	0.915588309005567	1	-0.04849318716908804	23.0	4.0	0.49661372844763857	0.49661372844763857
full_reference_panel	hard_space_ranger_only	ENSG00000150636	CCDC102B	-0.22139343782288504	0	-0.054171107246390036	0.0	1.0	0.4950980392156863	0.5049019607843137
full_reference_panel	hard_space_ranger_only	ENSG00000091986	CCDC80	-0.25386539955675086	0	0.016546483853859956	2.0	0.0	0.5015082956259427	0.4984917043740573
full_reference_panel	hard_space_ranger_only	ENSG00000105383	CD33	-0.06511842080469385	0	0.0	0.0	0.0	0.5	0.5
full_reference_panel	hard_space_ranger_only	ENSG00000004468	CD38	-0.13197920504235194	0	0.014676651306200161	2.0	0.0	0.5015082956259427	0.4984917043740573
full_reference_panel	hard_space_ranger_only	ENSG00000153283	CD96	-0.10597204395291976	0	0.015529594325269493	2.0	0.0	0.5015082956259427	0.4984917043740573
full_reference_panel	hard_space_ranger_only	ENSG00000054938	CHRDL2	-0.008357965613602428	0	0.0	0.0	0.0	0.5	0.5
full_reference_panel	hard_space_ranger_only	ENSG00000163507	CIP2A	0.37128721382930585	1	0.05367413767491641	7.0	0.0	0.5052790346907994	0.5052790346907994
full_reference_panel	hard_space_ranger_only	ENSG00000163347	CLDN1	0.2141634392052716	1	0.009569358773127437	19.0	2.0	0.5020554224706473	0.5020554224706473
full_reference_panel	hard_space_ranger_only	ENSG00000060718	COL11A1	-0.2483355951316873	0	0.0	0.0	0.0	0.5	0.5
full_reference_panel	hard_space_ranger_only	ENSG00000168036	CTNNB1	-0.03934756491582103	0	-0.22285787612151312	7.0	5.0	0.4805104545588974	0.5194895454411026
full_reference_panel	hard_space_ranger_only	ENSG00000107201	DDX58	-0.3258866854337916	0	0.09188561395510644	12.0	0.0	0.5090497737556561	0.4909502262443439
full_reference_panel	hard_space_ranger_only	ENSG00000050165	DKK3	-0.5509568118001006	0	0.04047066034517056	6.0	0.0	0.5037707390648567	0.4962292609351433
full_reference_panel	hard_space_ranger_only	ENSG00000118997	DNAH7	0.39224721551629393	1	0.03825212976826829	5.0	0.0	0.5037707390648567	0.5037707390648567
full_reference_panel	hard_space_ranger_only	ENSG00000142627	EPHA2	-0.0673796678338453	0	-0.07515360750786115	3.0	2.0	0.4924733090823056	0.5075266909176944
full_reference_panel	hard_space_ranger_only	ENSG00000078098	FAP	-0.13797310709161634	0	0.0	0.0	0.0	0.5	0.5
full_reference_panel	hard_space_ranger_only	ENSG00000162747	FCGR3B	-0.1351060202906019	0	0.0	0.0	0.0	0.5	0.5
full_reference_panel	hard_space_ranger_only	ENSG00000169919	GUSB	0.3832131603941278	1	0.0689905849352704	10.0	0.0	0.5067873303167421	0.5067873303167421
full_reference_panel	hard_space_ranger_only	ENSG00000164683	HEY1	-0.3253465178773897	0	0.007294542846080661	1.0	0.0	0.5007541478129713	0.49924585218702866
full_reference_panel	hard_space_ranger_only	ENSG00000173110	HSPA6	-0.18727786612997324	0	0.007186359436475359	1.0	0.0	0.5007541478129713	0.49924585218702866
full_reference_panel	hard_space_ranger_only	ENSG00000090339	ICAM1	0.2791998317286457	1	0.11624803600258518	22.0	1.0	0.5117188655250939	0.5117188655250939
full_reference_panel	hard_space_ranger_only	ENSG00000131203	IDO1	-0.022210749492450926	0	0.0	0.0	0.0	0.5	0.5
full_reference_panel	hard_space_ranger_only	ENSG00000137959	IFI44L	-0.9041469826251693	0	0.07637210041678366	18.0	1.0	0.5078076479460563	0.49219235205394374
full_reference_panel	hard_space_ranger_only	ENSG00000185811	IKZF1	-0.17477833236199297	0	0.0	0.0	0.0	0.5	0.5
full_reference_panel	hard_space_ranger_only	ENSG00000100385	IL2RB	-0.225882409899349	0	0.0	0.0	0.0	0.5	0.5
full_reference_panel	hard_space_ranger_only	ENSG00000122641	INHBA	-0.1915303956148917	0	-0.05021546942580029	0.0	1.0	0.4950980392156863	0.5049019607843137
full_reference_panel	hard_space_ranger_only	ENSG00000005844	ITGAL	-0.5752531390939338	0	0.0	0.0	0.0	0.5	0.5
full_reference_panel	hard_space_ranger_only	ENSG00000169896	ITGAM	-0.2966447705937746	0	0.007275955638584469	1.0	0.0	0.5007541478129713	0.49924585218702866
full_reference_panel	hard_space_ranger_only	ENSG00000076706	MCAM	-0.5183335012275943	0	0.029747260977573443	4.0	0.0	0.5030165912518854	0.49698340874811464
full_reference_panel	hard_space_ranger_only	ENSG00000085276	MECOM	0.3388970550022603	1	0.06065045531572838	22.0	2.0	0.5065729157424659	0.5065729157424659
full_reference_panel	hard_space_ranger_only	ENSG00000099953	MMP11	-0.4689070594226381	0	0.08225094863836176	11.0	0.0	0.5082956259426847	0.49170437405731526
full_reference_panel	hard_space_ranger_only	ENSG00000181143	MUC16	1.160201873183913	1	-0.2259261481288462	7.0	5.0	0.48058439061899266	0.48058439061899266
full_reference_panel	hard_space_ranger_only	ENSG00000117983	MUC5B	0.7969077332305541	1	0.05009642569065494	13.0	1.0	0.5049019607843137	0.5049019607843137
full_reference_panel	hard_space_ranger_only	ENSG00000157601	MX1	-0.9359873798701337	0	-0.005484874153366889	13.0	2.0	0.4998521278798095	0.5001478721201905
full_reference_panel	hard_space_ranger_only	ENSG00000149294	NCAM1	0.6868886706577602	1	-0.045841868211806525	14.0	3.0	0.4951202200337148	0.4951202200337148
full_reference_panel	hard_space_ranger_only	ENSG00000104419	NDRG1	0.37700526735914064	1	-0.01842347753317783	4.0	1.0	0.49811463046757165	0.49811463046757165
full_reference_panel	hard_space_ranger_only	ENSG00000074181	NOTCH3	0.5459944211749401	1	-0.0674979883650841	12.0	3.0	0.4942108064945435	0.4942108064945435
full_reference_panel	hard_space_ranger_only	ENSG00000122133	PAEP	0.1101394664779702	1	0.0067918238990822685	1.0	0.0	0.5007541478129713	0.5007541478129713
full_reference_panel	hard_space_ranger_only	ENSG00000185920	PTCH1	-0.8443916078460016	0	0.014526601950583761	2.0	0.0	0.5015082956259427	0.4984917043740573
full_reference_panel	hard_space_ranger_only	ENSG00000095303	PTGS1	0.6925416702060048	1	0.10641067427180835	15.0	0.0	0.5105580693815988	0.5105580693815988
full_reference_panel	hard_space_ranger_only	ENSG00000143248	RGS5	-0.4985575652749244	0	-0.07827638360197502	4.0	2.0	0.49316830804720074	0.5068316919527993
full_reference_panel	hard_space_ranger_only	ENSG00000124935	SCGB1D2	0.1405927284535079	1	-0.10334711566653729	13.0	4.0	0.4900629935232011	0.4900629935232011
full_reference_panel	hard_space_ranger_only	ENSG00000196136	SERPINA3	0.187736083921979	1	0.007239465322166843	1.0	0.0	0.5007541478129713	0.5007541478129713
full_reference_panel	hard_space_ranger_only	ENSG00000117394	SLC2A1	0.8539351532613062	1	-0.031554445534559744	16.0	3.0	0.49719782332239076	0.49719782332239076
full_reference_panel	hard_space_ranger_only	ENSG00000125398	SOX9	0.48214832620441606	1	0.00953849774243233	15.0	2.0	0.5013604235057522	0.5013604235057522
full_reference_panel	hard_space_ranger_only	ENSG00000105825	TFPI2	0.18709128402486136	1	0.014515420960751311	2.0	0.0	0.5015082956259427	0.5015082956259427
full_reference_panel	hard_space_ranger_only	ENSG00000181847	TIGIT	0.0026970012763099516	1	0.01747518880256931	2.0	0.0	0.5015082956259427	0.5015082956259427
full_reference_panel	hard_space_ranger_only	ENSG00000078900	TP73	0.017130289819595315	1	0.014957221002420773	2.0	0.0	0.5015082956259427	0.5015082956259427
full_reference_panel	hard_space_ranger_only	ENSG00000159713	TPPP3	0.07209900746038661	1	0.029686049302425698	4.0	0.0	0.5030165912518854	0.5030165912518854
full_reference_panel	hard_space_ranger_only	ENSG00000176890	TYMS	0.5229662110453963	1	-0.059711817990526106	14.0	3.0	0.49498713512554343	0.49498713512554343
full_reference_panel	hard_space_ranger_only	ENSG00000112715	VEGFA	0.0949916644745119	1	0.11282776953835542	22.0	1.0	0.5115562061928844	0.5115562061928844
full_reference_panel	hard_space_ranger_only	ENSG00000114251	WNT5A	-0.7850404529893669	0	-0.03539275017015356	2.0	1.0	0.4965989412356195	0.5034010587643805
full_reference_panel	soft_expected_shared	ENSG00000106624	AEBP1	-1.2186788129097876	0	-0.5729556991067457	2161.533204867689	446.28851950028013	0.35344394167923576	0.6465560583207642
full_reference_panel	soft_expected_shared	ENSG00000178999	AURKB	0.49001377066826124	1	0.30597351391488314	2027.8172416706811	121.0451739730842	0.6631620974181528	0.6631620974181528
full_reference_panel	soft_expected_shared	ENSG00000168646	AXIN2	-0.3677557366257922	0	0.060875788065357594	795.8932336561828	60.483286639866144	0.5854035430159997	0.4145964569840003
full_reference_panel	soft_expected_shared	ENSG00000125378	BMP4	-0.08043686333278965	0	-0.013969951712191508	184.69956628706	19.0	0.5294930943719871	0.4705069056280129
full_reference_panel	soft_expected_shared	ENSG00000101144	BMP7	0.915588309005567	1	0.30572226258397084	6099.7703073270895	407.51032431229305	0.5941206045012274	0.5941206045012274
full_reference_panel	soft_expected_shared	ENSG00000150636	CCDC102B	-0.22139343782288504	0	-0.025578929587698987	90.0	9.0	0.5194008221689883	0.4805991778310117
full_reference_panel	soft_expected_shared	ENSG00000091986	CCDC80	-0.25386539955675086	0	0.10075026809457921	939.890270818695	53.0	0.6106231331144825	0.38937686688551754
full_reference_panel	soft_expected_shared	ENSG00000105383	CD33	-0.06511842080469385	0	-0.017590599305681645	21.0	5.0	0.4907579924880962	0.5092420075119037
full_reference_panel	soft_expected_shared	ENSG00000004468	CD38	-0.13197920504235194	0	-0.05863986401351153	66.42818123558378	10.0	0.5050720137225329	0.49492798627746715
full_reference_panel	soft_expected_shared	ENSG00000153283	CD96	-0.10597204395291976	0	0.030470019864038467	223.97250023304844	16.0	0.5640508088604974	0.4359491911395026
full_reference_panel	soft_expected_shared	ENSG00000054938	CHRDL2	-0.008357965613602428	0	0.003078663664209773	13.0	1.0	0.504820631118209	0.49517936888179104
full_reference_panel	soft_expected_shared	ENSG00000163507	CIP2A	0.37128721382930585	1	0.18271504328484728	1347.6670621538865	82.91873720826518	0.6484636086712211	0.6484636086712211
full_reference_panel	soft_expected_shared	ENSG00000163347	CLDN1	0.2141634392052716	1	0.0178748333031995	6203.278790978599	532.9645284122345	0.46858456806553694	0.46858456806553694
full_reference_panel	soft_expected_shared	ENSG00000060718	COL11A1	-0.2483355951316873	0	0.028367447206991317	206.65134766163405	16.0	0.5502765208647562	0.4497234791352438
full_reference_panel	soft_expected_shared	ENSG00000168036	CTNNB1	-0.03934756491582103	0	0.06836288569225779	24211.52073006813	1670.0068152833346	0.5121846627036939	0.4878153372963061
full_reference_panel	soft_expected_shared	ENSG00000107201	DDX58	-0.3258866854337916	0	-0.04282410991177821	2201.594019139196	184.0	0.47395971963446015	0.5260402803655398
full_reference_panel	soft_expected_shared	ENSG00000050165	DKK3	-0.5509568118001006	0	-0.12259189564207795	885.2652877670789	111.47493195490068	0.49851388519208584	0.5014861148079142
full_reference_panel	soft_expected_shared	ENSG00000118997	DNAH7	0.39224721551629393	1	0.10040126198722915	767.1939115109726	62.0	0.5999615532487506	0.5999615532487506
full_reference_panel	soft_expected_shared	ENSG00000142627	EPHA2	-0.0673796678338453	0	0.040391729912288676	1054.7253200476855	86.58468806010828	0.5504539674089848	0.4495460325910152
full_reference_panel	soft_expected_shared	ENSG00000078098	FAP	-0.13797310709161634	0	-0.02693735810339302	33.0	4.0	0.5031496761600568	0.4968503238399432
full_reference_panel	soft_expected_shared	ENSG00000162747	FCGR3B	-0.1351060202906019	0	0.0009518803278291432	2.0	0.0	0.5015082956259427	0.4984917043740573
full_reference_panel	soft_expected_shared	ENSG00000169919	GUSB	0.3832131603941278	1	0.10427341069751717	3543.7566208329154	262.0	0.5183509301156359	0.5183509301156359
full_reference_panel	soft_expected_shared	ENSG00000164683	HEY1	-0.3253465178773897	0	-0.032927295434304456	83.48643688607683	16.0	0.4934344778635436	0.5065655221364564
full_reference_panel	soft_expected_shared	ENSG00000173110	HSPA6	-0.18727786612997324	0	-0.03613661055730076	29.05080223302693	6.0	0.490654482003963	0.509345517996037
full_reference_panel	soft_expected_shared	ENSG00000090339	ICAM1	0.2791998317286457	1	0.06383386774932104	1137.8833267302466	80.02266159850276	0.5730414337680773	0.5730414337680773
full_reference_panel	soft_expected_shared	ENSG00000131203	IDO1	-0.022210749492450926	0	-0.021621359637396444	36.0	5.0	0.5045100996658091	0.49548990033419094
full_reference_panel	soft_expected_shared	ENSG00000137959	IFI44L	-0.9041469826251693	0	-0.1223775723744549	6439.5522805397995	567.1103777265971	0.3880460178038033	0.6119539821961967
full_reference_panel	soft_expected_shared	ENSG00000185811	IKZF1	-0.17477833236199297	0	-0.01491901789186004	25.0	3.0	0.5029796232218378	0.49702037677816224
full_reference_panel	soft_expected_shared	ENSG00000100385	IL2RB	-0.225882409899349	0	-0.019193930636373365	28.998952522366164	4.0	0.4994972347913525	0.5005027652086476
full_reference_panel	soft_expected_shared	ENSG00000122641	INHBA	-0.1915303956148917	0	-8.685891797648171e-05	62.97735161867019	6.000001633843343	0.5051903114186851	0.4948096885813149
full_reference_panel	soft_expected_shared	ENSG00000005844	ITGAL	-0.5752531390939338	0	-0.001381335185934137	37.99761829454647	3.0	0.5121772690976844	0.48782273090231565
full_reference_panel	soft_expected_shared	ENSG00000169896	ITGAM	-0.2966447705937746	0	-0.017227834903581707	160.39737254947988	12.0	0.5414855233194333	0.45851447668056666
full_reference_panel	soft_expected_shared	ENSG00000076706	MCAM	-0.5183335012275943	0	-0.10490657844964124	1071.174318620422	122.15287363247623	0.5136929583296366	0.4863070416703634
full_reference_panel	soft_expected_shared	ENSG00000085276	MECOM	0.3388970550022603	1	0.15620448027536615	7020.089149161298	496.59190780365054	0.5158962529204744	0.5158962529204744
full_reference_panel	soft_expected_shared	ENSG00000099953	MMP11	-0.4689070594226381	0	-0.23812965691503396	1319.8786328115211	181.74201565622346	0.44973087274125334	0.5502691272587467
full_reference_panel	soft_expected_shared	ENSG00000181143	MUC16	1.160201873183913	1	0.36807879088750983	41021.38302740668	2266.3712685506734	0.6481974388548783	0.6481974388548783
full_reference_panel	soft_expected_shared	ENSG00000117983	MUC5B	0.7969077332305541	1	0.2866477607937079	5095.990863029898	362.5253051030413	0.5945864016798272	0.5945864016798272
full_reference_panel	soft_expected_shared	ENSG00000157601	MX1	-0.9359873798701337	0	-0.19189899366297514	4512.762022316434	420.9502577316915	0.37440481471623344	0.6255951852837666
full_reference_panel	soft_expected_shared	ENSG00000149294	NCAM1	0.6868886706577602	1	0.2833784179504357	3306.4945956836355	206.7220022196306	0.5983941087747315	0.5983941087747315
full_reference_panel	soft_expected_shared	ENSG00000104419	NDRG1	0.37700526735914064	1	-0.013379383271660064	66.41828979303808	5.0	0.5229349658415402	0.5229349658415402
full_reference_panel	soft_expected_shared	ENSG00000074181	NOTCH3	0.5459944211749401	1	0.09407005565288262	17716.606875105346	1199.570122710023	0.512413864489989	0.512413864489989
full_reference_panel	soft_expected_shared	ENSG00000122133	PAEP	0.1101394664779702	1	0.02975393310638605	328.49032726696703	23.0	0.5617366101795167	0.5617366101795167
full_reference_panel	soft_expected_shared	ENSG00000185920	PTCH1	-0.8443916078460016	0	-0.12286699059012735	779.5390083115437	127.0	0.5062475970780469	0.4937524029219531
full_reference_panel	soft_expected_shared	ENSG00000095303	PTGS1	0.6925416702060048	1	0.3770560660697997	2838.0226075541927	162.0	0.6658385827936001	0.6658385827936001
full_reference_panel	soft_expected_shared	ENSG00000143248	RGS5	-0.4985575652749244	0	-0.28730367732552287	1612.6731916943304	231.6790688349295	0.43687339189069296	0.563126608109307
full_reference_panel	soft_expected_shared	ENSG00000124935	SCGB1D2	0.1405927284535079	1	0.08785306732292697	3674.247095055238	284.0541294224132	0.5185653446899121	0.5185653446899121
full_reference_panel	soft_expected_shared	ENSG00000196136	SERPINA3	0.187736083921979	1	0.055619587134753734	652.6213076073473	52.0	0.5609972495785644	0.5609972495785644
full_reference_panel	soft_expected_shared	ENSG00000117394	SLC2A1	0.8539351532613062	1	0.2167086243143208	14886.652942607645	963.1239301883578	0.5909117794930944	0.5909117794930944
full_reference_panel	soft_expected_shared	ENSG00000125398	SOX9	0.48214832620441606	1	0.3127345118252063	3080.0659055391347	189.58447915921394	0.6173661017951675	0.6173661017951675
full_reference_panel	soft_expected_shared	ENSG00000105825	TFPI2	0.18709128402486136	1	0.05818460804970754	1098.3979529290662	96.99995024585104	0.5603613994617456	0.5603613994617456
full_reference_panel	soft_expected_shared	ENSG00000181847	TIGIT	0.0026970012763099516	1	-0.027190777819266876	159.87738943842578	19.900758828216105	0.5113343980125987	0.5113343980125987
full_reference_panel	soft_expected_shared	ENSG00000078900	TP73	0.017130289819595315	1	0.07480307427325594	407.89131145620314	27.62210863446669	0.5961390589418272	0.5961390589418272
full_reference_panel	soft_expected_shared	ENSG00000159713	TPPP3	0.07209900746038661	1	0.15682041483658876	885.3852959758815	57.630735378531796	0.6357318191228225	0.6357318191228225
full_reference_panel	soft_expected_shared	ENSG00000176890	TYMS	0.5229662110453963	1	0.31741511908832365	6199.316805537718	375.9587509615741	0.6100316446337207	0.6100316446337207
full_reference_panel	soft_expected_shared	ENSG00000112715	VEGFA	0.0949916644745119	1	0.2885294849210598	8122.241747408294	572.5009736228671	0.5672078786265639	0.5672078786265639
full_reference_panel	soft_expected_shared	ENSG00000114251	WNT5A	-0.7850404529893669	0	-0.26385370300716693	1029.0198670738946	188.03961102426086	0.43465531008783603	0.5653446899121639
full_reference_panel	soft_expected_star_excess	ENSG00000106624	AEBP1	-1.2186788129097876	0	-0.024020447602525308	214.51786711737194	29.569879248757495	0.5072087658592848	0.49279123414071524
full_reference_panel	soft_expected_star_excess	ENSG00000178999	AURKB	0.49001377066826124	1	0.14193018318309253	147.9652746452279	10.131156461014553	0.543755360364357	0.543755360364357
full_reference_panel	soft_expected_star_excess	ENSG00000168646	AXIN2	-0.3677557366257922	0	-0.014869486554479783	61.61245347331704	7.025421161768574	0.5154896045899506	0.48451039541004937
full_reference_panel	soft_expected_star_excess	ENSG00000125378	BMP4	-0.08043686333278965	0	0.05580208063390908	18.330415886781704	0.0	0.5158371040723981	0.48416289592760187
full_reference_panel	soft_expected_star_excess	ENSG00000101144	BMP7	0.915588309005567	1	0.4602777975526118	474.17336341158966	30.63367916953876	0.6065640434152544	0.6065640434152544
full_reference_panel	soft_expected_star_excess	ENSG00000150636	CCDC102B	-0.22139343782288504	0	0.04493076138572762	25.655438455004244	2.0	0.5107059415017893	0.4892940584982107
full_reference_panel	soft_expected_star_excess	ENSG00000091986	CCDC80	-0.25386539955675086	0	-0.053163584373023154	52.06488493833335	8.256452766713572	0.4956969213024576	0.5043030786975424
full_reference_panel	soft_expected_star_excess	ENSG00000105383	CD33	-0.06511842080469385	0	0.006098342678694442	1.9984322618219705	0.0	0.502262443438914	0.497737556561086
full_reference_panel	soft_expected_star_excess	ENSG00000004468	CD38	-0.13197920504235194	0	0.0328426413112163	9.450899880435468	0.0	0.5075414781297134	0.4924585218702866
full_reference_panel	soft_expected_star_excess	ENSG00000153283	CD96	-0.10597204395291976	0	0.020657628304214984	36.785702872220206	3.0	0.5132271611510366	0.4867728388489634
full_reference_panel	soft_expected_star_excess	ENSG00000054938	CHRDL2	-0.008357965613602428	0	0.0	0.0	0.0	0.5	0.5
full_reference_panel	soft_expected_star_excess	ENSG00000163507	CIP2A	0.37128721382930585	1	0.16701173973434652	104.65676189363035	6.000003031617692	0.5503208825008132	0.5503208825008132
full_reference_panel	soft_expected_star_excess	ENSG00000163347	CLDN1	0.2141634392052716	1	0.1932915860618697	461.72317736174386	47.130877093222985	0.5475852482772897	0.5475852482772897
full_reference_panel	soft_expected_star_excess	ENSG00000060718	COL11A1	-0.2483355951316873	0	-0.11103023254373609	13.99838232397729	7.0	0.47738295921686924	0.5226170407831308
full_reference_panel	soft_expected_star_excess	ENSG00000168036	CTNNB1	-0.03934756491582103	0	0.29302346305111904	1738.868818136456	166.2025432048614	0.5064694052583325	0.4935305947416675
full_reference_panel	soft_expected_star_excess	ENSG00000107201	DDX58	-0.3258866854337916	0	0.24620723031925848	188.75383416869528	10.071978544233072	0.5608937390944312	0.4391062609055688
full_reference_panel	soft_expected_star_excess	ENSG00000050165	DKK3	-0.5509568118001006	0	-0.19043897808330842	64.26540526874861	16.52926433761759	0.46578239138792776	0.5342176086120722
full_reference_panel	soft_expected_star_excess	ENSG00000118997	DNAH7	0.39224721551629393	1	0.09161215307405038	57.331856448627974	3.220939993571886	0.5273563422352351	0.5273563422352351
full_reference_panel	soft_expected_star_excess	ENSG00000142627	EPHA2	-0.0673796678338453	0	0.05347139584591362	81.14387929764528	6.87520763026775	0.5136633839055983	0.4863366160944017
full_reference_panel	soft_expected_star_excess	ENSG00000078098	FAP	-0.13797310709161634	0	0.013454003036185198	4.0	0.0	0.5030165912518854	0.49698340874811464
full_reference_panel	soft_expected_star_excess	ENSG00000162747	FCGR3B	-0.1351060202906019	0	0.0	0.0	0.0	0.5	0.5
full_reference_panel	soft_expected_star_excess	ENSG00000169919	GUSB	0.3832131603941278	1	0.042175586846556534	239.11460649252814	27.596860315196057	0.5207612456747405	0.5207612456747405
full_reference_panel	soft_expected_star_excess	ENSG00000164683	HEY1	-0.3253465178773897	0	-0.024125781130245643	3.999999966672738	2.0	0.49325703131931503	0.506742968680685
full_reference_panel	soft_expected_star_excess	ENSG00000173110	HSPA6	-0.18727786612997324	0	0.012430987698202299	4.0	0.0	0.5030165912518854	0.49698340874811464
full_reference_panel	soft_expected_star_excess	ENSG00000090339	ICAM1	0.2791998317286457	1	0.06986620978760621	86.50303654962013	7.377408972001318	0.5227501256913021	0.5227501256913021
full_reference_panel	soft_expected_star_excess	ENSG00000131203	IDO1	-0.022210749492450926	0	-0.031003164455083332	3.0	2.0	0.4924437346582675	0.5075562653417325
full_reference_panel	soft_expected_star_excess	ENSG00000137959	IFI44L	-0.9041469826251693	0	0.1392353171037567	473.49302285554836	45.38128712104805	0.5312453789962439	0.4687546210037561
full_reference_panel	soft_expected_star_excess	ENSG00000185811	IKZF1	-0.17477833236199297	0	-0.013986115067689039	7.923727450496283	1.0172701311127614	0.4969686215360955	0.5030313784639044
full_reference_panel	soft_expected_star_excess	ENSG00000100385	IL2RB	-0.225882409899349	0	0.012022687072424577	4.0	0.0007472921046027814	0.4981442048916097	0.5018557951083903
full_reference_panel	soft_expected_star_excess	ENSG00000122641	INHBA	-0.1915303956148917	0	0.006786040384727857	2.0	0.0	0.5015082956259427	0.4984917043740573
full_reference_panel	soft_expected_star_excess	ENSG00000005844	ITGAL	-0.5752531390939338	0	-0.02459325029389186	6.0004076540586615	2.0	0.4954603259101529	0.5045396740898471
full_reference_panel	soft_expected_star_excess	ENSG00000169896	ITGAM	-0.2966447705937746	0	-0.03831083497294393	10.999921332329372	3.0	0.49346405228758167	0.5065359477124183
full_reference_panel	soft_expected_star_excess	ENSG00000076706	MCAM	-0.5183335012275943	0	0.1183209193189593	98.03434824078283	6.359213667421827	0.5346168633365865	0.46538313666341347
full_reference_panel	soft_expected_star_excess	ENSG00000085276	MECOM	0.3388970550022603	1	0.26713667565925103	574.2993042293095	54.011135566331866	0.5526794428178512	0.5526794428178512
full_reference_panel	soft_expected_star_excess	ENSG00000099953	MMP11	-0.4689070594226381	0	0.02277033073864576	101.81787573141803	13.179585385851686	0.5144471061426078	0.4855528938573922
full_reference_panel	soft_expected_star_excess	ENSG00000181143	MUC16	1.160201873183913	1	0.6789548028926577	2810.073188635124	172.81691689534554	0.6147783396918345	0.6147783396918345
full_reference_panel	soft_expected_star_excess	ENSG00000117983	MUC5B	0.7969077332305541	1	0.275861649749618	409.6545671289488	39.76906643313815	0.5755035045692485	0.5755035045692485
full_reference_panel	soft_expected_star_excess	ENSG00000157601	MX1	-0.9359873798701337	0	0.41417563709825356	390.8558526911054	22.13777358349983	0.5963756543341319	0.40362434566586813
full_reference_panel	soft_expected_star_excess	ENSG00000149294	NCAM1	0.6868886706577602	1	0.1962868079549352	224.69847099824364	17.101114360817657	0.5525241770916511	0.5525241770916511
full_reference_panel	soft_expected_star_excess	ENSG00000104419	NDRG1	0.37700526735914064	1	-0.01066002667610553	3.22905576307139	1.0	0.49808505604353354	0.49808505604353354
full_reference_panel	soft_expected_star_excess	ENSG00000074181	NOTCH3	0.5459944211749401	1	0.2144508332379811	1224.8288982139572	98.10197238745998	0.5144101381125603	0.5144101381125603
full_reference_panel	soft_expected_star_excess	ENSG00000122133	PAEP	0.1101394664779702	1	0.04203940987672388	19.621074820381793	1.0	0.5131975867269986	0.5131975867269986
full_reference_panel	soft_expected_star_excess	ENSG00000185920	PTCH1	-0.8443916078460016	0	-0.0048820923706967	66.67526382027344	7.915509611578631	0.5061514801999231	0.49384851980007693
full_reference_panel	soft_expected_star_excess	ENSG00000095303	PTGS1	0.6925416702060048	1	0.3010078910237113	231.8996346017277	11.937235851262344	0.5735515925827345	0.5735515925827345
full_reference_panel	soft_expected_star_excess	ENSG00000143248	RGS5	-0.4985575652749244	0	-0.06784423621195068	115.56455497546273	16.983703205733114	0.5001478721201905	0.4998521278798095
full_reference_panel	soft_expected_star_excess	ENSG00000124935	SCGB1D2	0.1405927284535079	1	0.2288240201051604	282.1032491486957	21.978954447438895	0.5662171354212877	0.5662171354212877
full_reference_panel	soft_expected_star_excess	ENSG00000196136	SERPINA3	0.187736083921979	1	0.06058762780396175	49.394194445571685	4.0241273776877575	0.5131532250909413	0.5131532250909413
full_reference_panel	soft_expected_star_excess	ENSG00000117394	SLC2A1	0.8539351532613062	1	0.45278609528203706	971.3252412888448	86.54083248683247	0.5759027592937628	0.5759027592937628
full_reference_panel	soft_expected_star_excess	ENSG00000125398	SOX9	0.48214832620441606	1	0.2786162195895129	214.1927343124882	11.944238125847427	0.5813148788927336	0.5813148788927336
full_reference_panel	soft_expected_star_excess	ENSG00000105825	TFPI2	0.18709128402486136	1	0.18721266801715714	88.86736503069082	2.9695677179558886	0.5475113122171946	0.5475113122171946
full_reference_panel	soft_expected_star_excess	ENSG00000181847	TIGIT	0.0026970012763099516	1	0.02623232878575365	19.66410714705285	1.017111683749261	0.5052642474787803	0.5052642474787803
full_reference_panel	soft_expected_star_excess	ENSG00000078900	TP73	0.017130289819595315	1	0.051425756877180935	36.32659602140602	2.0	0.5191198651406264	0.5191198651406264
full_reference_panel	soft_expected_star_excess	ENSG00000159713	TPPP3	0.07209900746038661	1	0.03326440987286283	65.33061791722854	5.597886575977092	0.5112752491645225	0.5112752491645225
full_reference_panel	soft_expected_star_excess	ENSG00000176890	TYMS	0.5229662110453963	1	0.4103631457034066	455.4446808557934	28.908873827583044	0.5904090142844467	0.5904090142844467
full_reference_panel	soft_expected_star_excess	ENSG00000112715	VEGFA	0.0949916644745119	1	0.21826607951016785	552.8122711026572	53.32815766526077	0.5500990743205276	0.5500990743205276
full_reference_panel	soft_expected_star_excess	ENSG00000114251	WNT5A	-0.7850404529893669	0	0.030192934106501895	88.53634834406098	9.536681783835466	0.5116671102830271	0.48833288971697286
full_reference_panel	soft_expected_space_ranger_only	ENSG00000106624	AEBP1	-1.2186788129097876	0	-0.17527589947842775	15.466795132310764	4.711480499719891	0.4748469523556029	0.5251530476443971
full_reference_panel	soft_expected_space_ranger_only	ENSG00000178999	AURKB	0.49001377066826124	1	0.06553354015547308	19.18275832931881	1.954826026915797	0.5113417916186082	0.5113417916186082
full_reference_panel	soft_expected_space_ranger_only	ENSG00000168646	AXIN2	-0.3677557366257922	0	0.001985083660336291	5.106766343817178	0.5167133601338527	0.5007245733889332	0.49927542661106683
full_reference_panel	soft_expected_space_ranger_only	ENSG00000125378	BMP4	-0.08043686333278965	0	0.019442570349721678	2.3004337129400105	1.1102230246251565e-16	0.5033566971283234	0.4966433028716766
full_reference_panel	soft_expected_space_ranger_only	ENSG00000101144	BMP7	0.915588309005567	1	-0.03160037826455492	30.229692672911124	5.489675687706981	0.5010794664773903	0.5010794664773903
full_reference_panel	soft_expected_space_ranger_only	ENSG00000150636	CCDC102B	-0.22139343782288504	0	-0.0518386809736625	4.440892098500626e-16	1.0	0.49808505604353354	0.5019149439564665
full_reference_panel	soft_expected_space_ranger_only	ENSG00000091986	CCDC80	-0.25386539955675086	0	0.0732896146747696	7.109729181304922	2.220446049250313e-16	0.5091828586638275	0.4908171413361725
full_reference_panel	soft_expected_space_ranger_only	ENSG00000105383	CD33	-0.06511842080469385	0	1.5335954395245543e-17	1.1102230246251565e-16	0.0	0.5007541478129713	0.49924585218702866
full_reference_panel	soft_expected_space_ranger_only	ENSG00000004468	CD38	-0.13197920504235194	0	0.024228158720347233	2.5718187644162205	0.0	0.5037707390648567	0.4962292609351433
full_reference_panel	soft_expected_space_ranger_only	ENSG00000153283	CD96	-0.10597204395291976	0	0.023201190840302387	3.027499766951546	1.1102230246251565e-16	0.49963771330553336	0.5003622866944666
full_reference_panel	soft_expected_space_ranger_only	ENSG00000054938	CHRDL2	-0.008357965613602428	0	1.9978942408779622e-17	1.1102230246251565e-16	0.0	0.5007541478129713	0.49924585218702866
full_reference_panel	soft_expected_space_ranger_only	ENSG00000163507	CIP2A	0.37128721382930585	1	0.044676566024814617	9.332937846113389	0.08126279173481576	0.5039333983970662	0.5039333983970662
full_reference_panel	soft_expected_space_ranger_only	ENSG00000163347	CLDN1	0.2141634392052716	1	0.048533505660946524	30.721209021400632	3.0354715877656115	0.5065063732883802	0.5065063732883802
full_reference_panel	soft_expected_space_ranger_only	ENSG00000060718	COL11A1	-0.2483355951316873	0	0.004972471506966579	0.348652338365945	0.0	0.5052790346907994	0.4947209653092006
full_reference_panel	soft_expected_space_ranger_only	ENSG00000168036	CTNNB1	-0.03934756491582103	0	-0.1349057201801517	11.479269931872027	3.9931847166653855	0.49220713926596277	0.5077928607340372
full_reference_panel	soft_expected_space_ranger_only	ENSG00000107201	DDX58	-0.3258866854337916	0	0.1299028060594657	13.405980860803838	3.552713678800501e-15	0.5145875846567889	0.4854124153432111
full_reference_panel	soft_expected_space_ranger_only	ENSG00000050165	DKK3	-0.5509568118001006	0	0.007138788741411647	10.734712232921021	0.5250680450993223	0.49517197527578155	0.5048280247242185
full_reference_panel	soft_expected_space_ranger_only	ENSG00000118997	DNAH7	0.39224721551629393	1	0.09128280437538532	11.806088489027445	2.220446049250313e-16	0.5085026469109515	0.5085026469109515
full_reference_panel	soft_expected_space_ranger_only	ENSG00000142627	EPHA2	-0.0673796678338453	0	-0.05508313566450297	8.274679952314505	2.4153119398917164	0.5015009020199332	0.49849909798006675
full_reference_panel	soft_expected_space_ranger_only	ENSG00000078098	FAP	-0.13797310709161634	0	0.0	0.0	0.0	0.5	0.5
full_reference_panel	soft_expected_space_ranger_only	ENSG00000162747	FCGR3B	-0.1351060202906019	0	0.0	0.0	0.0	0.5	0.5
full_reference_panel	soft_expected_space_ranger_only	ENSG00000169919	GUSB	0.3832131603941278	1	0.17660215765388546	21.243379167084548	0.0	0.5256410256410257	0.5256410256410257
full_reference_panel	soft_expected_space_ranger_only	ENSG00000164683	HEY1	-0.3253465178773897	0	0.012120262352266657	1.5135631139231656	0.0	0.5030165912518854	0.49698340874811464
full_reference_panel	soft_expected_space_ranger_only	ENSG00000173110	HSPA6	-0.18727786612997324	0	0.006560413966677109	0.9491977669730727	0.0	0.5007541478129713	0.49924585218702866
full_reference_panel	soft_expected_space_ranger_only	ENSG00000090339	ICAM1	0.2791998317286457	1	0.13821689215202587	26.116673269753434	0.9773384014972433	0.5165025286132552	0.5165025286132552
full_reference_panel	soft_expected_space_ranger_only	ENSG00000131203	IDO1	-0.022210749492450926	0	1.607821412809009e-17	1.1102230246251565e-16	0.0	0.5007541478129713	0.49924585218702866
full_reference_panel	soft_expected_space_ranger_only	ENSG00000137959	IFI44L	-0.9041469826251693	0	0.19866268958403246	29.447719460199835	0.8896222734028715	0.5195191198651405	0.48048088013485946
full_reference_panel	soft_expected_space_ranger_only	ENSG00000185811	IKZF1	-0.17477833236199297	0	0.0	0.0	0.0	0.5	0.5
full_reference_panel	soft_expected_space_ranger_only	ENSG00000100385	IL2RB	-0.225882409899349	0	0.00010879034608150116	0.0010474776338371683	0.0	0.5007541478129713	0.49924585218702866
full_reference_panel	soft_expected_space_ranger_only	ENSG00000122641	INHBA	-0.1915303956148917	0	-0.04571307318262873	0.02264838132980529	0.9999983661566565	0.49733830183657174	0.5026616981634282
full_reference_panel	soft_expected_space_ranger_only	ENSG00000005844	ITGAL	-0.5752531390939338	0	0.00025502084298490796	0.002381705453534111	0.0	0.502262443438914	0.497737556561086
full_reference_panel	soft_expected_space_ranger_only	ENSG00000169896	ITGAM	-0.2966447705937746	0	0.019770924794124633	2.6026274505201314	0.0	0.5075414781297134	0.4924585218702866
full_reference_panel	soft_expected_space_ranger_only	ENSG00000076706	MCAM	-0.5183335012275943	0	-0.021879757582990877	6.82568137957817	0.8471263675237712	0.49341229704551504	0.506587702954485
full_reference_panel	soft_expected_space_ranger_only	ENSG00000085276	MECOM	0.3388970550022603	1	0.08403344977938296	34.9108508387019	4.408092196349475	0.513700351935646	0.513700351935646
full_reference_panel	soft_expected_space_ranger_only	ENSG00000099953	MMP11	-0.4689070594226381	0	0.09243810681859502	16.1213671884788	0.2579843437765492	0.5136929583296365	0.48630704167036354
full_reference_panel	soft_expected_space_ranger_only	ENSG00000181143	MUC16	1.160201873183913	1	-0.20185142319998692	20.61697259332262	6.628731449326676	0.4818413036406117	0.4818413036406117
full_reference_panel	soft_expected_space_ranger_only	ENSG00000117983	MUC5B	0.7969077332305541	1	0.01781928826764334	24.009136970101817	2.4746948969587197	0.5032679738562091	0.5032679738562091
full_reference_panel	soft_expected_space_ranger_only	ENSG00000157601	MX1	-0.9359873798701337	0	0.06398875946699986	25.23797768356593	2.04974226830848	0.5024990388312187	0.4975009611687813
full_reference_panel	soft_expected_space_ranger_only	ENSG00000149294	NCAM1	0.6868886706577602	1	0.017070574385766396	22.505404316364647	3.2779977803693745	0.5101292402330465	0.5101292402330465
full_reference_panel	soft_expected_space_ranger_only	ENSG00000104419	NDRG1	0.37700526735914064	1	-0.004578363041024207	5.58171020696192	1.0	0.5018484015023807	0.5018484015023807
full_reference_panel	soft_expected_space_ranger_only	ENSG00000074181	NOTCH3	0.5459944211749401	1	-0.021838096644395344	21.39312489465116	3.4298772899769494	0.5038742495489901	0.5038742495489901
full_reference_panel	soft_expected_space_ranger_only	ENSG00000122133	PAEP	0.1101394664779702	1	0.014990444298207452	1.5096727330329283	2.220446049250313e-16	0.5033566971283234	0.5033566971283234
full_reference_panel	soft_expected_space_ranger_only	ENSG00000185920	PTCH1	-0.8443916078460016	0	0.03900196799850165	3.460991688456266	0.0	0.5128205128205128	0.4871794871794872
full_reference_panel	soft_expected_space_ranger_only	ENSG00000095303	PTGS1	0.6925416702060048	1	0.17725522150442238	21.977392445807578	0.0	0.5279034690799397	0.5279034690799397
full_reference_panel	soft_expected_space_ranger_only	ENSG00000143248	RGS5	-0.4985575652749244	0	-0.08074117905881317	6.326808305669463	2.3209311650705193	0.5000221808180285	0.4999778191819715
full_reference_panel	soft_expected_space_ranger_only	ENSG00000124935	SCGB1D2	0.1405927284535079	1	-0.029670939186461937	17.752904944762438	3.9458705775867786	0.4966580900836956	0.4966580900836956
full_reference_panel	soft_expected_space_ranger_only	ENSG00000196136	SERPINA3	0.187736083921979	1	0.02763819537742034	2.378692392652804	0.0	0.5105580693815988	0.5105580693815988
full_reference_panel	soft_expected_space_ranger_only	ENSG00000117394	SLC2A1	0.8539351532613062	1	0.009887939645744692	25.347057392354436	3.876069811642085	0.5029648360098188	0.5029648360098188
full_reference_panel	soft_expected_space_ranger_only	ENSG00000125398	SOX9	0.48214832620441606	1	0.03824543001088365	19.934094460865367	2.4155208407860638	0.5134193949072842	0.5134193949072842
full_reference_panel	soft_expected_space_ranger_only	ENSG00000105825	TFPI2	0.18709128402486136	1	0.044629729921869754	4.602047070933912	4.975414896968289e-05	0.5146763079289032	0.5146763079289032
full_reference_panel	soft_expected_space_ranger_only	ENSG00000181847	TIGIT	0.0026970012763099516	1	-0.005940840078334286	2.122610561574234	0.09924117178389413	0.489863366160944	0.489863366160944
full_reference_panel	soft_expected_space_ranger_only	ENSG00000078900	TP73	0.017130289819595315	1	-0.0029704567542507	3.10868854379682	0.3778913655333067	0.5063437139561707	0.5063437139561707
full_reference_panel	soft_expected_space_ranger_only	ENSG00000159713	TPPP3	0.07209900746038661	1	0.026702755501792214	6.614704024118504	0.36926462146820604	0.5094046668441131	0.5094046668441131
full_reference_panel	soft_expected_space_ranger_only	ENSG00000176890	TYMS	0.5229662110453963	1	-0.03030532764595739	23.683194462281897	4.0412490384259465	0.5044361636057137	0.5044361636057137
full_reference_panel	soft_expected_space_ranger_only	ENSG00000112715	VEGFA	0.0949916644745119	1	0.13391273522276398	31.758252591705187	2.499026377132827	0.5185135894478454	0.5185135894478454
full_reference_panel	soft_expected_space_ranger_only	ENSG00000114251	WNT5A	-0.7850404529893669	0	0.004048067707821741	4.980132926105377	0.9603889757391428	0.5014639339898855	0.49853606601011446
exclude_mecom	xenium	ENSG00000106624	AEBP1	-1.2186788129097876	0	-1.2186788129097876	9932.0	4314.0	0.17414160234229437	0.8258583976577056
exclude_mecom	xenium	ENSG00000178999	AURKB	0.49001377066826124	1	0.49001377066826124	28972.0	472.0	0.7968976429184041	0.7968976429184041
exclude_mecom	xenium	ENSG00000168646	AXIN2	-0.3677557366257922	0	-0.3677557366257922	6795.0	660.0	0.25924200751190374	0.7407579924880963
exclude_mecom	xenium	ENSG00000125378	BMP4	-0.08043686333278965	0	-0.08043686333278965	1503.0	105.0	0.515792742436341	0.484207257563659
exclude_mecom	xenium	ENSG00000101144	BMP7	0.915588309005567	1	0.915588309005567	71825.0	776.0	0.8885192085884127	0.8885192085884127
exclude_mecom	xenium	ENSG00000150636	CCDC102B	-0.22139343782288504	0	-0.22139343782288504	234.0	135.0	0.32054239493685854	0.6794576050631415
exclude_mecom	xenium	ENSG00000091986	CCDC80	-0.25386539955675086	0	-0.25386539955675086	5143.0	504.0	0.3825377813267087	0.6174622186732913
exclude_mecom	xenium	ENSG00000105383	CD33	-0.06511842080469385	0	-0.06511842080469385	298.0	50.0	0.49905361843078105	0.500946381569219
exclude_mecom	xenium	ENSG00000004468	CD38	-0.13197920504235194	0	-0.13197920504235194	909.0	191.0	0.5152456155916363	0.4847543844083637
exclude_mecom	xenium	ENSG00000153283	CD96	-0.10597204395291976	0	-0.10597204395291976	762.0	65.0	0.6233697098749001	0.37663029012509985
exclude_mecom	xenium	ENSG00000054938	CHRDL2	-0.008357965613602428	0	-0.008357965613602428	66.0	7.0	0.5078224351580752	0.49217756484192476
exclude_mecom	xenium	ENSG00000163507	CIP2A	0.37128721382930585	1	0.37128721382930585	20403.0	444.0	0.7547762694821518	0.7547762694821518
exclude_mecom	xenium	ENSG00000163347	CLDN1	0.2141634392052716	1	0.2141634392052716	46073.0	2041.0	0.5574631059060124	0.5574631059060124
exclude_mecom	xenium	ENSG00000060718	COL11A1	-0.2483355951316873	0	-0.2483355951316873	474.0	204.0	0.3186200573743826	0.6813799426256174
exclude_mecom	xenium	ENSG00000168036	CTNNB1	-0.03934756491582103	0	-0.03934756491582103	138726.0	6103.0	0.39413834915565016	0.6058616508443498
exclude_mecom	xenium	ENSG00000107201	DDX58	-0.3258866854337916	0	-0.3258866854337916	36473.0	2133.0	0.24734569544258128	0.7526543045574188
exclude_mecom	xenium	ENSG00000050165	DKK3	-0.5509568118001006	0	-0.5509568118001006	1420.0	807.0	0.31002868719131693	0.6899713128086831
exclude_mecom	xenium	ENSG00000118997	DNAH7	0.39224721551629393	1	0.39224721551629393	9794.0	119.0	0.8799943808594328	0.8799943808594328
exclude_mecom	xenium	ENSG00000142627	EPHA2	-0.0673796678338453	0	-0.0673796678338453	11144.0	454.0	0.4727619554609174	0.5272380445390825
exclude_mecom	xenium	ENSG00000078098	FAP	-0.13797310709161634	0	-0.13797310709161634	252.0	78.0	0.3810368793067755	0.6189631206932245
exclude_mecom	xenium	ENSG00000162747	FCGR3B	-0.1351060202906019	0	-0.1351060202906019	381.0	49.0	0.464569840002366	0.535430159997634
exclude_mecom	xenium	ENSG00000169919	GUSB	0.3832131603941278	1	0.3832131603941278	141986.0	3595.0	0.8316919527992193	0.8316919527992193
exclude_mecom	xenium	ENSG00000164683	HEY1	-0.3253465178773897	0	-0.3253465178773897	551.0	262.0	0.3355070535001331	0.6644929464998669
exclude_mecom	xenium	ENSG00000173110	HSPA6	-0.18727786612997324	0	-0.18727786612997324	665.0	84.0	0.42187915890338035	0.5781208410966197
exclude_mecom	xenium	ENSG00000090339	ICAM1	0.2791998317286457	1	0.2791998317286457	25376.0	502.0	0.6528849850649158	0.6528849850649158
exclude_mecom	xenium	ENSG00000131203	IDO1	-0.022210749492450926	0	-0.022210749492450926	297.0	29.0	0.5191568331706741	0.48084316682932593
exclude_mecom	xenium	ENSG00000137959	IFI44L	-0.9041469826251693	0	-0.9041469826251693	37905.0	4140.0	0.09045337592050395	0.909546624079496
exclude_mecom	xenium	ENSG00000185811	IKZF1	-0.17477833236199297	0	-0.17477833236199297	509.0	134.0	0.4104338568006388	0.5895661431993612
exclude_mecom	xenium	ENSG00000100385	IL2RB	-0.225882409899349	0	-0.225882409899349	245.0	129.0	0.415979061307781	0.584020938692219
exclude_mecom	xenium	ENSG00000122641	INHBA	-0.1915303956148917	0	-0.1915303956148917	451.0	153.0	0.3787744358678615	0.6212255641321385
exclude_mecom	xenium	ENSG00000005844	ITGAL	-0.5752531390939338	0	-0.5752531390939338	1385.0	387.0	0.31952207730754445	0.6804779226924556
exclude_mecom	xenium	ENSG00000169896	ITGAM	-0.2966447705937746	0	-0.2966447705937746	1674.0	253.0	0.3857761807588797	0.6142238192411202
exclude_mecom	xenium	ENSG00000076706	MCAM	-0.5183335012275943	0	-0.5183335012275943	24005.0	2833.0	0.2800032531866442	0.7199967468133558
exclude_mecom	xenium	ENSG00000099953	MMP11	-0.4689070594226381	0	-0.4689070594226381	3766.0	782.0	0.36868955727087216	0.6313104427291278
exclude_mecom	xenium	ENSG00000181143	MUC16	1.160201873183913	1	1.160201873183913	377717.0	3551.0	0.956200277999586	0.956200277999586
exclude_mecom	xenium	ENSG00000117983	MUC5B	0.7969077332305541	1	0.7969077332305541	56517.0	868.0	0.8231153698281726	0.8231153698281726
exclude_mecom	xenium	ENSG00000157601	MX1	-0.9359873798701337	0	-0.9359873798701337	79518.0	7229.0	0.11236802413273	0.8876319758672699
exclude_mecom	xenium	ENSG00000149294	NCAM1	0.6868886706577602	1	0.6868886706577602	61816.0	1129.0	0.8463165054860557	0.8463165054860557
exclude_mecom	xenium	ENSG00000104419	NDRG1	0.37700526735914064	1	0.37700526735914064	77466.0	1833.0	0.7299263596841451	0.7299263596841451
exclude_mecom	xenium	ENSG00000074181	NOTCH3	0.5459944211749401	1	0.5459944211749401	155647.0	3183.0	0.8471889509951793	0.8471889509951793
exclude_mecom	xenium	ENSG00000122133	PAEP	0.1101394664779702	1	0.1101394664779702	2459.0	36.0	0.7869680300476148	0.7869680300476148
exclude_mecom	xenium	ENSG00000185920	PTCH1	-0.8443916078460016	0	-0.8443916078460016	10678.0	3239.0	0.16366486262680033	0.8363351373731996
exclude_mecom	xenium	ENSG00000095303	PTGS1	0.6925416702060048	1	0.6925416702060048	53530.0	642.0	0.8428415106615799	0.8428415106615799
exclude_mecom	xenium	ENSG00000143248	RGS5	-0.4985575652749244	0	-0.4985575652749244	1081.0	543.0	0.28913435660840503	0.710865643391595
exclude_mecom	xenium	ENSG00000124935	SCGB1D2	0.1405927284535079	1	0.1405927284535079	6109.0	123.0	0.7159080826900897	0.7159080826900897
exclude_mecom	xenium	ENSG00000196136	SERPINA3	0.187736083921979	1	0.187736083921979	7503.0	122.0	0.7064220861798717	0.7064220861798717
exclude_mecom	xenium	ENSG00000117394	SLC2A1	0.8539351532613062	1	0.8539351532613062	134863.0	1569.0	0.8235441989767249	0.8235441989767249
exclude_mecom	xenium	ENSG00000125398	SOX9	0.48214832620441606	1	0.48214832620441606	20531.0	290.0	0.8394700263212374	0.8394700263212374
exclude_mecom	xenium	ENSG00000105825	TFPI2	0.18709128402486136	1	0.18709128402486136	4571.0	89.0	0.8051045455889747	0.8051045455889747
exclude_mecom	xenium	ENSG00000181847	TIGIT	0.0026970012763099516	1	0.0026970012763099516	1568.0	73.0	0.6705113417916186	0.6705113417916186
exclude_mecom	xenium	ENSG00000078900	TP73	0.017130289819595315	1	0.017130289819595315	752.0	20.0	0.7024369325407389	0.7024369325407389
exclude_mecom	xenium	ENSG00000159713	TPPP3	0.07209900746038661	1	0.07209900746038661	4860.0	165.0	0.6289740632301186	0.6289740632301186
exclude_mecom	xenium	ENSG00000176890	TYMS	0.5229662110453963	1	0.5229662110453963	43165.0	897.0	0.7864430840209388	0.7864430840209388
exclude_mecom	xenium	ENSG00000112715	VEGFA	0.0949916644745119	1	0.0949916644745119	36951.0	1051.0	0.5501138615325466	0.5501138615325466
exclude_mecom	xenium	ENSG00000114251	WNT5A	-0.7850404529893669	0	-0.7850404529893669	5003.0	1344.0	0.17581995090645608	0.8241800490935439
exclude_mecom	space_ranger	ENSG00000106624	AEBP1	-1.2186788129097876	0	-0.5746857070158565	2177.0	451.0	0.35036820157927423	0.6496317984207258
exclude_mecom	space_ranger	ENSG00000178999	AURKB	0.49001377066826124	1	0.29884762734743797	2047.0	123.0	0.6591695501730104	0.6591695501730104
exclude_mecom	space_ranger	ENSG00000168646	AXIN2	-0.3677557366257922	0	0.0642537756655211	801.0	61.0	0.584996894685476	0.415003105314524
exclude_mecom	space_ranger	ENSG00000125378	BMP4	-0.08043686333278965	0	-0.012329091213337973	187.0	19.0	0.5295522432200632	0.4704477567799368
exclude_mecom	space_ranger	ENSG00000101144	BMP7	0.915588309005567	1	0.2958441009543935	6130.0	413.0	0.5856253511962856	0.5856253511962856
exclude_mecom	space_ranger	ENSG00000150636	CCDC102B	-0.22139343782288504	0	-0.029476869830164176	90.0	10.0	0.5192899180788454	0.4807100819211546
exclude_mecom	space_ranger	ENSG00000091986	CCDC80	-0.25386539955675086	0	0.10444160679872261	947.0	53.0	0.6120427054683109	0.38795729453168915
exclude_mecom	space_ranger	ENSG00000105383	CD33	-0.06511842080469385	0	-0.017505728576063306	21.0	5.0	0.4907579924880962	0.5092420075119037
exclude_mecom	space_ranger	ENSG00000004468	CD38	-0.13197920504235194	0	-0.05691038156422913	69.0	10.0	0.505796587111466	0.494203412888534
exclude_mecom	space_ranger	ENSG00000153283	CD96	-0.10597204395291976	0	0.032293480292380536	227.0	16.0	0.5654851684263449	0.4345148315736551
exclude_mecom	space_ranger	ENSG00000054938	CHRDL2	-0.008357965613602428	0	0.003045926275285879	13.0	1.0	0.504820631118209	0.49517936888179104
exclude_mecom	space_ranger	ENSG00000163507	CIP2A	0.37128721382930585	1	0.1863615485658317	1357.0	83.0	0.6493434477863543	0.6493434477863543
exclude_mecom	space_ranger	ENSG00000163347	CLDN1	0.2141634392052716	1	0.018410332016666864	6234.0	536.0	0.46854760003548934	0.46854760003548934
exclude_mecom	space_ranger	ENSG00000060718	COL11A1	-0.2483355951316873	0	0.028492189586537514	207.0	16.0	0.5503060952887943	0.44969390471120574
exclude_mecom	space_ranger	ENSG00000168036	CTNNB1	-0.03934756491582103	0	0.04678415565295735	24223.0	1674.0	0.5122364179457606	0.4877635820542394
exclude_mecom	space_ranger	ENSG00000107201	DDX58	-0.3258866854337916	0	-0.036031508957525604	2215.0	184.0	0.47601514210510754	0.5239848578948925
exclude_mecom	space_ranger	ENSG00000050165	DKK3	-0.5509568118001006	0	-0.11798256883835184	896.0	112.0	0.4992458521870286	0.5007541478129713
exclude_mecom	space_ranger	ENSG00000118997	DNAH7	0.39224721551629393	1	0.10472539320938995	779.0	62.0	0.6022387838996835	0.6022387838996835
exclude_mecom	space_ranger	ENSG00000142627	EPHA2	-0.0673796678338453	0	0.03688061475694748	1063.0	89.0	0.5477774820335375	0.4522225179664625
exclude_mecom	space_ranger	ENSG00000078098	FAP	-0.13797310709161634	0	-0.026451244723365294	33.0	4.0	0.5031348889480377	0.4968651110519623
exclude_mecom	space_ranger	ENSG00000162747	FCGR3B	-0.1351060202906019	0	0.0009486167823053465	2.0	0.0	0.5015082956259427	0.4984917043740573
exclude_mecom	space_ranger	ENSG00000169919	GUSB	0.3832131603941278	1	0.11025719579373239	3565.0	262.0	0.5211013515511785	0.5211013515511785
exclude_mecom	space_ranger	ENSG00000164683	HEY1	-0.3253465178773897	0	-0.031872828277606624	85.0	16.0	0.494188625676515	0.505811374323485
exclude_mecom	space_ranger	ENSG00000173110	HSPA6	-0.18727786612997324	0	-0.035252285252794405	30.0	6.0	0.490654482003963	0.509345517996037
exclude_mecom	space_ranger	ENSG00000090339	ICAM1	0.2791998317286457	1	0.0684884615111126	1164.0	81.0	0.5733741460385058	0.5733741460385058
exclude_mecom	space_ranger	ENSG00000131203	IDO1	-0.022210749492450926	0	-0.021431464104306932	36.0	5.0	0.5045100996658091	0.49548990033419094
exclude_mecom	space_ranger	ENSG00000137959	IFI44L	-0.9041469826251693	0	-0.1178312741534655	6469.0	568.0	0.38891846331292695	0.611081536687073
exclude_mecom	space_ranger	ENSG00000185811	IKZF1	-0.17477833236199297	0	-0.014816319345172253	25.0	3.0	0.5029796232218378	0.49702037677816224
exclude_mecom	space_ranger	ENSG00000100385	IL2RB	-0.225882409899349	0	-0.019004869508607494	29.0	4.0	0.4994972347913525	0.5005027652086476
exclude_mecom	space_ranger	ENSG00000122641	INHBA	-0.1915303956148917	0	-0.0075800764652888195	63.0	7.0	0.5045988229379232	0.49540117706207676
exclude_mecom	space_ranger	ENSG00000005844	ITGAL	-0.5752531390939338	0	-0.001277592955544294	38.0	3.0	0.5121772690976844	0.48782273090231565
exclude_mecom	space_ranger	ENSG00000169896	ITGAM	-0.2966447705937746	0	-0.01514601079113459	163.0	12.0	0.5415816401975572	0.45841835980244283
exclude_mecom	space_ranger	ENSG00000076706	MCAM	-0.5183335012275943	0	-0.10295872620410051	1078.0	123.0	0.5136042350575223	0.4863957649424777
exclude_mecom	space_ranger	ENSG00000099953	MMP11	-0.4689070594226381	0	-0.2332006150217335	1336.0	182.0	0.4504554461301866	0.5495445538698134
exclude_mecom	space_ranger	ENSG00000181143	MUC16	1.160201873183913	1	0.3658514069610961	41042.0	2273.0	0.6449812202407357	0.6449812202407357
exclude_mecom	space_ranger	ENSG00000117983	MUC5B	0.7969077332305541	1	0.28752488245618557	5120.0	365.0	0.5934182119303226	0.5934182119303226
exclude_mecom	space_ranger	ENSG00000157601	MX1	-0.9359873798701337	0	-0.191522829082434	4538.0	423.0	0.3712329577381481	0.6287670422618519
exclude_mecom	space_ranger	ENSG00000149294	NCAM1	0.6868886706577602	1	0.26944191322427125	3329.0	210.0	0.5902167805281993	0.5902167805281993
exclude_mecom	space_ranger	ENSG00000104419	NDRG1	0.37700526735914064	1	-0.014440571090655475	72.0	6.0	0.5212787980954071	0.5212787980954071
exclude_mecom	space_ranger	ENSG00000074181	NOTCH3	0.5459944211749401	1	0.09070447053438624	17738.0	1203.0	0.5100553041729512	0.5100553041729512
exclude_mecom	space_ranger	ENSG00000122133	PAEP	0.1101394664779702	1	0.030643405788159606	330.0	23.0	0.5617587909975452	0.5617587909975452
exclude_mecom	space_ranger	ENSG00000185920	PTCH1	-0.8443916078460016	0	-0.12101236511769031	783.0	127.0	0.5064546180463135	0.49354538195368647
exclude_mecom	space_ranger	ENSG00000095303	PTGS1	0.6925416702060048	1	0.3844333470814473	2860.0	162.0	0.6685446425930854	0.6685446425930854
exclude_mecom	space_ranger	ENSG00000143248	RGS5	-0.4985575652749244	0	-0.2919429713884637	1619.0	234.0	0.4363336586519978	0.5636663413480022
exclude_mecom	space_ranger	ENSG00000124935	SCGB1D2	0.1405927284535079	1	0.08663617984197058	3692.0	288.0	0.5176781119687694	0.5176781119687694
exclude_mecom	space_ranger	ENSG00000196136	SERPINA3	0.187736083921979	1	0.05659229450966041	655.0	52.0	0.5616774613314406	0.5616774613314406
exclude_mecom	space_ranger	ENSG00000117394	SLC2A1	0.8539351532613062	1	0.21730987715349093	14912.0	967.0	0.5916363528820276	0.5916363528820276
exclude_mecom	space_ranger	ENSG00000125398	SOX9	0.48214832620441606	1	0.2966174754009908	3100.0	192.0	0.610600952296454	0.610600952296454
exclude_mecom	space_ranger	ENSG00000105825	TFPI2	0.18709128402486136	1	0.059707356400474976	1103.0	97.0	0.5609972495785646	0.5609972495785646
exclude_mecom	space_ranger	ENSG00000181847	TIGIT	0.0026970012763099516	1	-0.025417282916945005	162.0	20.0	0.5127983320024843	0.5127983320024843
exclude_mecom	space_ranger	ENSG00000078900	TP73	0.017130289819595315	1	0.07537274123453311	411.0	28.0	0.5965826753023986	0.5965826753023986
exclude_mecom	space_ranger	ENSG00000159713	TPPP3	0.07209900746038661	1	0.15824174787819772	892.0	58.0	0.6359832017271463	0.6359832017271463
exclude_mecom	space_ranger	ENSG00000176890	TYMS	0.5229662110453963	1	0.319530738615585	6223.0	380.0	0.6089447845503209	0.6089447845503209
exclude_mecom	space_ranger	ENSG00000112715	VEGFA	0.0949916644745119	1	0.2917002876135226	8154.0	575.0	0.569048886522935	0.569048886522935
exclude_mecom	space_ranger	ENSG00000114251	WNT5A	-0.7850404529893669	0	-0.26229373725949257	1034.0	189.0	0.4350397776003312	0.5649602223996688
exclude_mecom	soft_expected	ENSG00000106624	AEBP1	-1.2186788129097876	0	-0.5386204233867682	2376.0510719850613	475.85839874903763	0.3526897938662644	0.6473102061337356
exclude_mecom	soft_expected	ENSG00000178999	AURKB	0.49001377066826124	1	0.28661568783169555	2175.782516315909	131.17633043409876	0.6531955165173158	0.6531955165173158
exclude_mecom	soft_expected	ENSG00000168646	AXIN2	-0.3677557366257922	0	0.02033362130295885	857.5056871294998	67.50870780163473	0.558956614319936	0.44104338568006396
exclude_mecom	soft_expected	ENSG00000125378	BMP4	-0.08043686333278965	0	-0.0042527670948025315	203.0299821738417	19.0	0.5390899949723479	0.4609100050276521
exclude_mecom	soft_expected	ENSG00000101144	BMP7	0.915588309005567	1	0.2637527702323754	6573.9436707386785	438.14400348183176	0.5863055629491615	0.5863055629491615
exclude_mecom	soft_expected	ENSG00000150636	CCDC102B	-0.22139343782288504	0	-0.014619634836211037	115.65543845500424	11.0	0.5263064501818826	0.4736935498181174
exclude_mecom	soft_expected	ENSG00000091986	CCDC80	-0.25386539955675086	0	0.06822398983879813	991.9551557570285	61.25645276671357	0.5932777334161418	0.40672226658385824
exclude_mecom	soft_expected	ENSG00000105383	CD33	-0.06511842080469385	0	-0.015431224404086665	22.99843226182197	5.0	0.4922219264779818	0.5077780735220182
exclude_mecom	soft_expected	ENSG00000004468	CD38	-0.13197920504235194	0	-0.04907591908143348	75.87908111601925	10.0	0.5107650903498655	0.4892349096501345
exclude_mecom	soft_expected	ENSG00000153283	CD96	-0.10597204395291976	0	0.016722522702841913	260.75820310526865	19.0	0.5636441605299737	0.4363558394700263
exclude_mecom	soft_expected	ENSG00000054938	CHRDL2	-0.008357965613602428	0	0.002981935558943604	13.0	1.0	0.504820631118209	0.49517936888179104
exclude_mecom	soft_expected	ENSG00000163507	CIP2A	0.37128721382930585	1	0.19011749300862074	1452.3238240475168	88.91874023988288	0.6525005175524207	0.6525005175524207
exclude_mecom	soft_expected	ENSG00000163347	CLDN1	0.2141634392052716	1	-0.013700044747093632	6665.0019683403425	580.0954055054574	0.45486942891787185	0.45486942891787185
exclude_mecom	soft_expected	ENSG00000060718	COL11A1	-0.2483355951316873	0	0.0016634681853701372	220.64972998561134	23.0	0.5328645787123296	0.4671354212876704
exclude_mecom	soft_expected	ENSG00000168036	CTNNB1	-0.03934756491582103	0	0.06273772371115705	25950.389548204585	1836.209358488196	0.5076893502499038	0.4923106497500962
exclude_mecom	soft_expected	ENSG00000107201	DDX58	-0.3258866854337916	0	-0.014817132806224764	2390.3478533078915	194.07197854423308	0.4848061396504303	0.5151938603495697
exclude_mecom	soft_expected	ENSG00000050165	DKK3	-0.5509568118001006	0	-0.1806957728186303	949.5306930358277	128.00419629251826	0.46854760003548923	0.5314523999645108
exclude_mecom	soft_expected	ENSG00000118997	DNAH7	0.39224721551629393	1	0.10807436153637717	824.5257679596004	65.22093999357189	0.6086860083399875	0.6086860083399875
exclude_mecom	soft_expected	ENSG00000142627	EPHA2	-0.0673796678338453	0	0.032912186560782986	1135.8691993453308	93.45989569037604	0.5419217460739952	0.45807825392600476
exclude_mecom	soft_expected	ENSG00000078098	FAP	-0.13797310709161634	0	-0.022252374615322822	37.0	4.0	0.5061071185638659	0.4938928814361341
exclude_mecom	soft_expected	ENSG00000162747	FCGR3B	-0.1351060202906019	0	0.0008919053556790314	2.0	0.0	0.5015082956259427	0.4984917043740573
exclude_mecom	soft_expected	ENSG00000169919	GUSB	0.3832131603941278	1	0.09354696086469638	3782.8712273254437	289.59686031519607	0.5065137668943898	0.5065137668943898
exclude_mecom	soft_expected	ENSG00000164683	HEY1	-0.3253465178773897	0	-0.03545557285724278	87.48643685274956	18.0	0.4908541093662201	0.5091458906337799
exclude_mecom	soft_expected	ENSG00000173110	HSPA6	-0.18727786612997324	0	-0.0316479863862536	33.05080223302693	6.0	0.49352320113565795	0.506476798864342
exclude_mecom	soft_expected	ENSG00000090339	ICAM1	0.2791998317286457	1	0.06829990846668704	1224.3863632798668	87.40007057050408	0.5713778724159347	0.5713778724159347
exclude_mecom	soft_expected	ENSG00000131203	IDO1	-0.022210749492450926	0	-0.027370572360357757	39.0	7.0	0.4959630911188005	0.5040369088811996
exclude_mecom	soft_expected	ENSG00000137959	IFI44L	-0.9041469826251693	0	-0.14569307689421063	6913.045303395349	612.4916648476452	0.3805489013101469	0.6194510986898532
exclude_mecom	soft_expected	ENSG00000185811	IKZF1	-0.17477833236199297	0	-0.0228299679285475	32.92372745049629	4.017270131112761	0.49976340460769525	0.5002365953923047
exclude_mecom	soft_expected	ENSG00000100385	IL2RB	-0.225882409899349	0	-0.015737448745486833	32.99895252236617	4.000747292104602	0.5024546771951617	0.4975453228048383
exclude_mecom	soft_expected	ENSG00000122641	INHBA	-0.1915303956148917	0	0.0012943984030509004	64.97735161867018	6.000001633843343	0.5059222784136279	0.4940777215863721
exclude_mecom	soft_expected	ENSG00000005844	ITGAL	-0.5752531390939338	0	-0.00828208913658313	43.99802594860513	5.0	0.5072309466773134	0.4927690533226866
exclude_mecom	soft_expected	ENSG00000169896	ITGAM	-0.2966447705937746	0	-0.02792009959713178	171.39729388180925	15.0	0.5304616567592346	0.4695383432407654
exclude_mecom	soft_expected	ENSG00000076706	MCAM	-0.5183335012275943	0	-0.08918609354422768	1169.2086668612046	128.51208729989804	0.5132641291810842	0.4867358708189158
exclude_mecom	soft_expected	ENSG00000099953	MMP11	-0.4689070594226381	0	-0.22724920703828588	1421.6965085429392	194.9216010420751	0.44769763108863453	0.5523023689113655
exclude_mecom	soft_expected	ENSG00000181143	MUC16	1.160201873183913	1	0.31894189240720516	43831.4562160418	2439.1881854460185	0.65065211605004	0.65065211605004
exclude_mecom	soft_expected	ENSG00000117983	MUC5B	0.7969077332305541	1	0.2739776675746102	5505.645430158847	402.2943715361794	0.5946233697098748	0.5946233697098748
exclude_mecom	soft_expected	ENSG00000157601	MX1	-0.9359873798701337	0	-0.14654813202836703	4903.61787500754	443.0880313151913	0.3928518617099932	0.6071481382900068
exclude_mecom	soft_expected	ENSG00000149294	NCAM1	0.6868886706577602	1	0.2632842658322282	3531.193066681879	223.8231165804483	0.589802738591666	0.589802738591666
exclude_mecom	soft_expected	ENSG00000104419	NDRG1	0.37700526735914064	1	-0.016285031179282462	69.64734555610947	6.0	0.5191642267766836	0.5191642267766836
exclude_mecom	soft_expected	ENSG00000074181	NOTCH3	0.5459944211749401	1	0.06531415382025552	18941.435773319306	1297.672095097483	0.4858264572797445	0.4858264572797445
exclude_mecom	soft_expected	ENSG00000122133	PAEP	0.1101394664779702	1	0.03722464518951096	348.11140208734884	24.0	0.5720137225327537	0.5720137225327537
exclude_mecom	soft_expected	ENSG00000185920	PTCH1	-0.8443916078460016	0	-0.14162029347125243	846.2142721318172	134.91550961157864	0.48315736551030664	0.5168426344896934
exclude_mecom	soft_expected	ENSG00000095303	PTGS1	0.6925416702060048	1	0.3571013881246633	3069.92224215592	173.93723585126233	0.6579865732114867	0.6579865732114867
exclude_mecom	soft_expected	ENSG00000143248	RGS5	-0.4985575652749244	0	-0.27992275557460344	1728.237746669793	248.6627720406626	0.43713956170703583	0.5628604382929642
exclude_mecom	soft_expected	ENSG00000124935	SCGB1D2	0.1405927284535079	1	0.06236833952458154	3956.3503442039328	306.03308386985213	0.509981368112856	0.509981368112856
exclude_mecom	soft_expected	ENSG00000196136	SERPINA3	0.187736083921979	1	0.0592810141108262	702.0155020529189	56.02412737768776	0.5634667139857452	0.5634667139857452
exclude_mecom	soft_expected	ENSG00000117394	SLC2A1	0.8539351532613062	1	0.2256985692924327	15857.97818389649	1049.6647626751903	0.5969893236329222	0.5969893236329222
exclude_mecom	soft_expected	ENSG00000125398	SOX9	0.48214832620441606	1	0.29003631399414165	3294.258639851623	201.52871728506136	0.6063939904770355	0.6063939904770355
exclude_mecom	soft_expected	ENSG00000105825	TFPI2	0.18709128402486136	1	0.0704149340860406	1187.2653179597569	99.96951796380692	0.5648714991275545	0.5648714991275545
exclude_mecom	soft_expected	ENSG00000181847	TIGIT	0.0026970012763099516	1	-0.024772328003929922	179.54149658547863	20.91787051196537	0.5111939194984179	0.5111939194984179
exclude_mecom	soft_expected	ENSG00000078900	TP73	0.017130289819595315	1	0.07016473857428387	444.2179074776092	29.62210863446669	0.6010262325141217	0.6010262325141217
exclude_mecom	soft_expected	ENSG00000159713	TPPP3	0.07209900746038661	1	0.13479084725627422	950.71591389311	63.22862195450889	0.6219057758850146	0.6219057758850146
exclude_mecom	soft_expected	ENSG00000176890	TYMS	0.5229662110453963	1	0.3081068910022797	6654.761486393511	404.86762478915705	0.6182237600922722	0.6182237600922722
exclude_mecom	soft_expected	ENSG00000112715	VEGFA	0.0949916644745119	1	0.22769229858577922	8675.054018510953	625.8291312881279	0.5488199804808802	0.5488199804808802
exclude_mecom	soft_expected	ENSG00000114251	WNT5A	-0.7850404529893669	0	-0.24713365123180697	1117.5562154179556	197.5762928080963	0.4411099281341496	0.5588900718658504
exclude_mecom	hard	ENSG00000106624	AEBP1	-1.2186788129097876	0	-0.5383260685944532	2379.0	476.0	0.35538846005974034	0.6446115399402597
exclude_mecom	hard	ENSG00000178999	AURKB	0.49001377066826124	1	0.2813092508383267	2185.0	131.0	0.6506890840800875	0.6506890840800875
exclude_mecom	hard	ENSG00000168646	AXIN2	-0.3677557366257922	0	0.018888115457725008	858.0	68.0	0.554276461715908	0.44572353828409195
exclude_mecom	hard	ENSG00000125378	BMP4	-0.08043686333278965	0	-0.004742856444390292	202.0	19.0	0.5365761689291101	0.4634238310708899
exclude_mecom	hard	ENSG00000101144	BMP7	0.915588309005567	1	0.26800840066887943	6588.0	438.0	0.5829932274568952	0.5829932274568952
exclude_mecom	hard	ENSG00000150636	CCDC102B	-0.22139343782288504	0	-0.01551326083670225	115.0	11.0	0.5249016650400733	0.4750983349599267
exclude_mecom	hard	ENSG00000091986	CCDC80	-0.25386539955675086	0	0.0703823590997989	996.0	61.0	0.59562890012717	0.40437109987283004
exclude_mecom	hard	ENSG00000105383	CD33	-0.06511842080469385	0	-0.015450349319422001	23.0	5.0	0.4915047466950581	0.5084952533049418
exclude_mecom	hard	ENSG00000004468	CD38	-0.13197920504235194	0	-0.048648272956979106	77.0	10.0	0.5108094519859226	0.48919054801407735
exclude_mecom	hard	ENSG00000153283	CD96	-0.10597204395291976	0	0.01678930720420757	261.0	19.0	0.5630378848371927	0.43696211516280725
exclude_mecom	hard	ENSG00000054938	CHRDL2	-0.008357965613602428	0	0.00295989071235729	13.0	1.0	0.504820631118209	0.49517936888179104
exclude_mecom	hard	ENSG00000163507	CIP2A	0.37128721382930585	1	0.18995626325307974	1455.0	89.0	0.6525300919764588	0.6525300919764588
exclude_mecom	hard	ENSG00000163347	CLDN1	0.2141634392052716	1	-0.01668247538901091	6680.0	581.0	0.45363469671428147	0.45363469671428147
exclude_mecom	hard	ENSG00000060718	COL11A1	-0.2483355951316873	0	0.001607317354939658	221.0	23.0	0.5328645787123296	0.4671354212876704
exclude_mecom	hard	ENSG00000168036	CTNNB1	-0.03934756491582103	0	0.07170831895566199	25997.0	1833.0	0.5150385946233696	0.48496140537663035
exclude_mecom	hard	ENSG00000107201	DDX58	-0.3258866854337916	0	-0.015894459345964562	2391.0	194.0	0.4847395971963445	0.5152604028036555
exclude_mecom	hard	ENSG00000050165	DKK3	-0.5509568118001006	0	-0.17848168156218747	953.0	128.0	0.46880637624582255	0.5311936237541774
exclude_mecom	hard	ENSG00000118997	DNAH7	0.39224721551629393	1	0.11150630273065776	832.0	65.0	0.6091296247005589	0.6091296247005589
exclude_mecom	hard	ENSG00000142627	EPHA2	-0.0673796678338453	0	0.04373686047066455	1138.0	93.0	0.5497072132020229	0.45029278679797713
exclude_mecom	hard	ENSG00000078098	FAP	-0.13797310709161634	0	-0.022344189638969038	37.0	4.0	0.5061071185638659	0.4938928814361341
exclude_mecom	hard	ENSG00000162747	FCGR3B	-0.1351060202906019	0	0.0008898760611383812	2.0	0.0	0.5015082956259427	0.4984917043740573
exclude_mecom	hard	ENSG00000169919	GUSB	0.3832131603941278	1	0.10194795858337136	3796.0	289.0	0.5080516369443705	0.5080516369443705
exclude_mecom	hard	ENSG00000164683	HEY1	-0.3253465178773897	0	-0.035081919859957615	88.0	18.0	0.49089847100227724	0.5091015289977228
exclude_mecom	hard	ENSG00000173110	HSPA6	-0.18727786612997324	0	-0.031696834732483775	33.0	6.0	0.49281341495874376	0.5071865850412562
exclude_mecom	hard	ENSG00000090339	ICAM1	0.2791998317286457	1	0.07452444726675789	1227.0	86.0	0.5730710081921154	0.5730710081921154
exclude_mecom	hard	ENSG00000131203	IDO1	-0.022210749492450926	0	-0.02737232430424056	39.0	7.0	0.4959630911188005	0.5040369088811996
exclude_mecom	hard	ENSG00000137959	IFI44L	-0.9041469826251693	0	-0.14600642064135982	6925.0	614.0	0.38031969952385175	0.6196803004761482
exclude_mecom	hard	ENSG00000185811	IKZF1	-0.17477833236199297	0	-0.02226909809757231	33.0	4.0	0.5037263774287996	0.49627362257120045
exclude_mecom	hard	ENSG00000100385	IL2RB	-0.225882409899349	0	-0.015735944813539262	33.0	4.0	0.5024398899831426	0.4975601100168574
exclude_mecom	hard	ENSG00000122641	INHBA	-0.1915303956148917	0	0.0011645730689582093	65.0	6.0	0.5104545588974654	0.4895454411025346
exclude_mecom	hard	ENSG00000005844	ITGAL	-0.5752531390939338	0	-0.00833477439304817	44.0	5.0	0.5065137668943896	0.49348623310561035
exclude_mecom	hard	ENSG00000169896	ITGAM	-0.2966447705937746	0	-0.02731555013935985	173.0	15.0	0.530579954455387	0.46942004554461303
exclude_mecom	hard	ENSG00000076706	MCAM	-0.5183335012275943	0	-0.08800131811735168	1171.0	128.0	0.5138482240558365	0.4861517759441635
exclude_mecom	hard	ENSG00000099953	MMP11	-0.4689070594226381	0	-0.21785754937074464	1425.0	194.0	0.45226687960251977	0.5477331203974802
exclude_mecom	hard	ENSG00000181143	MUC16	1.160201873183913	1	0.31838054480472744	43936.0	2443.0	0.6494099902404401	0.6494099902404401
exclude_mecom	hard	ENSG00000117983	MUC5B	0.7969077332305541	1	0.271532831992654	5523.0	403.0	0.5930781060538846	0.5930781060538846
exclude_mecom	hard	ENSG00000157601	MX1	-0.9359873798701337	0	-0.13199010619588436	4916.0	441.0	0.3966965368349451	0.6033034631650549
exclude_mecom	hard	ENSG00000149294	NCAM1	0.6868886706577602	1	0.26612484372767176	3537.0	224.0	0.5936104456865703	0.5936104456865703
exclude_mecom	hard	ENSG00000104419	NDRG1	0.37700526735914064	1	-0.01579763973207301	71.0	6.0	0.5191790139887026	0.5191790139887026
exclude_mecom	hard	ENSG00000074181	NOTCH3	0.5459944211749401	1	0.06286081552909639	18987.0	1302.0	0.4852793304350398	0.4852793304350398
exclude_mecom	hard	ENSG00000122133	PAEP	0.1101394664779702	1	0.037117002219087564	348.0	24.0	0.5695146837015349	0.5695146837015349
exclude_mecom	hard	ENSG00000185920	PTCH1	-0.8443916078460016	0	-0.11572840241840798	850.0	134.0	0.5005101588146571	0.4994898411853429
exclude_mecom	hard	ENSG00000095303	PTGS1	0.6925416702060048	1	0.3586337940136801	3076.0	174.0	0.6572841806405819	0.6572841806405819
exclude_mecom	hard	ENSG00000143248	RGS5	-0.4985575652749244	0	-0.2815477047322129	1730.0	249.0	0.43623754177387397	0.563762458226126
exclude_mecom	hard	ENSG00000124935	SCGB1D2	0.1405927284535079	1	0.06785543357665214	3967.0	305.0	0.5124804069440748	0.5124804069440748
exclude_mecom	hard	ENSG00000196136	SERPINA3	0.187736083921979	1	0.058412976518709414	702.0	56.0	0.5624316091444119	0.5624316091444119
exclude_mecom	hard	ENSG00000117394	SLC2A1	0.8539351532613062	1	0.2210808175529526	15886.0	1049.0	0.5929450211457132	0.5929450211457132
exclude_mecom	hard	ENSG00000125398	SOX9	0.48214832620441606	1	0.3075885840152831	3301.0	201.0	0.6160574335314819	0.6160574335314819
exclude_mecom	hard	ENSG00000105825	TFPI2	0.18709128402486136	1	0.06993760651947706	1189.0	100.0	0.5659066039688877	0.5659066039688877
exclude_mecom	hard	ENSG00000181847	TIGIT	0.0026970012763099516	1	-0.025111899435840357	179.0	21.0	0.5143583828704936	0.5143583828704936
exclude_mecom	hard	ENSG00000078900	TP73	0.017130289819595315	1	0.0683467719794115	443.0	30.0	0.5999615532487504	0.5999615532487504
exclude_mecom	hard	ENSG00000159713	TPPP3	0.07209900746038661	1	0.14410916506623345	953.0	63.0	0.6292476266524709	0.6292476266524709
exclude_mecom	hard	ENSG00000176890	TYMS	0.5229662110453963	1	0.30142929097949733	6668.0	406.0	0.6119465885901872	0.6119465885901872
exclude_mecom	hard	ENSG00000112715	VEGFA	0.0949916644745119	1	0.22569236601827392	8689.0	627.0	0.5475113122171946	0.5475113122171946
exclude_mecom	hard	ENSG00000114251	WNT5A	-0.7850404529893669	0	-0.24587492634448405	1120.0	197.0	0.4406219501375211	0.559378049862479
exclude_mecom	hard_shared	ENSG00000106624	AEBP1	-1.2186788129097876	0	-0.5723295700006662	2165.0	446.0	0.3544346848845118	0.6455653151154882
exclude_mecom	hard_shared	ENSG00000178999	AURKB	0.49001377066826124	1	0.2973793384061245	2036.0	122.0	0.6583932215420105	0.6583932215420105
exclude_mecom	hard_shared	ENSG00000168646	AXIN2	-0.3677557366257922	0	0.05988327734667359	798.0	61.0	0.5835403543015999	0.4164596456984001
exclude_mecom	hard_shared	ENSG00000125378	BMP4	-0.08043686333278965	0	-0.013817328431145665	185.0	19.0	0.5282213941383492	0.47177860586165077
exclude_mecom	hard_shared	ENSG00000101144	BMP7	0.915588309005567	1	0.30317354908367156	6107.0	409.0	0.59144411912578	0.59144411912578
exclude_mecom	hard_shared	ENSG00000150636	CCDC102B	-0.22139343782288504	0	-0.025553446474870158	90.0	9.0	0.5194008221689883	0.4805991778310117
exclude_mecom	hard_shared	ENSG00000091986	CCDC80	-0.25386539955675086	0	0.10295030305957414	945.0	53.0	0.6116286635317776	0.3883713364682224
exclude_mecom	hard_shared	ENSG00000105383	CD33	-0.06511842080469385	0	-0.017574445709288525	21.0	5.0	0.4907579924880962	0.5092420075119037
exclude_mecom	hard_shared	ENSG00000004468	CD38	-0.13197920504235194	0	-0.05823318565067399	67.0	10.0	0.5050868009345519	0.49491319906544806
exclude_mecom	hard_shared	ENSG00000153283	CD96	-0.10597204395291976	0	0.031164738439152656	225.0	16.0	0.564738414219383	0.435261585780617
exclude_mecom	hard_shared	ENSG00000054938	CHRDL2	-0.008357965613602428	0	0.0030698058526108466	13.0	1.0	0.504820631118209	0.49517936888179104
exclude_mecom	hard_shared	ENSG00000163507	CIP2A	0.37128721382930585	1	0.18249222703332557	1350.0	83.0	0.6481382900068021	0.6481382900068021
exclude_mecom	hard_shared	ENSG00000163347	CLDN1	0.2141634392052716	1	0.015063417428685	6215.0	534.0	0.46752728240617514	0.46752728240617514
exclude_mecom	hard_shared	ENSG00000060718	COL11A1	-0.2483355951316873	0	0.0284847689518109	207.0	16.0	0.5503060952887943	0.44969390471120574
exclude_mecom	hard_shared	ENSG00000168036	CTNNB1	-0.03934756491582103	0	0.07056179606168422	24216.0	1669.0	0.5132123739390175	0.48678762606098247
exclude_mecom	hard_shared	ENSG00000107201	DDX58	-0.3258866854337916	0	-0.04250523268494788	2203.0	184.0	0.4739523260284506	0.5260476739715494
exclude_mecom	hard_shared	ENSG00000050165	DKK3	-0.5509568118001006	0	-0.12217505235230663	890.0	112.0	0.49818856652766685	0.5018114334723331
exclude_mecom	hard_shared	ENSG00000118997	DNAH7	0.39224721551629393	1	0.10314909537525202	774.0	62.0	0.6016472954189217	0.6016472954189217
exclude_mecom	hard_shared	ENSG00000142627	EPHA2	-0.0673796678338453	0	0.04159851554867616	1060.0	87.0	0.5510898175258037	0.44891018247419634
exclude_mecom	hard_shared	ENSG00000078098	FAP	-0.13797310709161634	0	-0.026899776328827767	33.0	4.0	0.5031496761600568	0.4968503238399432
exclude_mecom	hard_shared	ENSG00000162747	FCGR3B	-0.1351060202906019	0	0.0009508640280006366	2.0	0.0	0.5015082956259427	0.4984917043740573
exclude_mecom	hard_shared	ENSG00000169919	GUSB	0.3832131603941278	1	0.10606517273419147	3555.0	262.0	0.5192825244728358	0.5192825244728358
exclude_mecom	hard_shared	ENSG00000164683	HEY1	-0.3253465178773897	0	-0.032492571677447804	84.0	16.0	0.4935084139236388	0.5064915860763612
exclude_mecom	hard_shared	ENSG00000173110	HSPA6	-0.18727786612997324	0	-0.0361111012210682	29.0	6.0	0.4899446958270488	0.5100553041729512
exclude_mecom	hard_shared	ENSG00000090339	ICAM1	0.2791998317286457	1	0.06471956599780149	1142.0	80.0	0.5733963268565344	0.5733963268565344
exclude_mecom	hard_shared	ENSG00000131203	IDO1	-0.022210749492450926	0	-0.021580192292913164	36.0	5.0	0.5045100996658091	0.49548990033419094
exclude_mecom	hard_shared	ENSG00000137959	IFI44L	-0.9041469826251693	0	-0.1198650316778993	6451.0	567.0	0.3892289947653269	0.6107710052346731
exclude_mecom	hard_shared	ENSG00000185811	IKZF1	-0.17477833236199297	0	-0.014892749198721694	25.0	3.0	0.5029796232218378	0.49702037677816224
exclude_mecom	hard_shared	ENSG00000100385	IL2RB	-0.225882409899349	0	-0.019145681235618883	29.0	4.0	0.4994972347913525	0.5005027652086476
exclude_mecom	hard_shared	ENSG00000122641	INHBA	-0.1915303956148917	0	-0.0001085591116706322	63.0	6.0	0.509700411084494	0.49029958891550596
exclude_mecom	hard_shared	ENSG00000005844	ITGAL	-0.5752531390939338	0	-0.0013625818665481577	38.0	3.0	0.5121772690976844	0.48782273090231565
exclude_mecom	hard_shared	ENSG00000169896	ITGAM	-0.2966447705937746	0	-0.016195355475600373	162.0	12.0	0.5415890338035666	0.4584109661964334
exclude_mecom	hard_shared	ENSG00000076706	MCAM	-0.5183335012275943	0	-0.10568245927425779	1074.0	123.0	0.5128205128205128	0.4871794871794872
exclude_mecom	hard_shared	ENSG00000099953	MMP11	-0.4689070594226381	0	-0.23869818754638905	1325.0	182.0	0.4491985331085677	0.5508014668914323
exclude_mecom	hard_shared	ENSG00000181143	MUC16	1.160201873183913	1	0.3675644488470384	41035.0	2268.0	0.6476355247981546	0.6476355247981546
exclude_mecom	hard_shared	ENSG00000117983	MUC5B	0.7969077332305541	1	0.2830780878583363	5107.0	364.0	0.5921834797267322	0.5921834797267322
exclude_mecom	hard_shared	ENSG00000157601	MX1	-0.9359873798701337	0	-0.1789305760772948	4525.0	421.0	0.37714044893975696	0.622859551060243
exclude_mecom	hard_shared	ENSG00000149294	NCAM1	0.6868886706577602	1	0.2864496856462174	3315.0	207.0	0.5997249578564458	0.5997249578564458
exclude_mecom	hard_shared	ENSG00000104419	NDRG1	0.37700526735914064	1	-0.012634363336445548	68.0	5.0	0.5236521456244639	0.5236521456244639
exclude_mecom	hard_shared	ENSG00000074181	NOTCH3	0.5459944211749401	1	0.09537001373246667	17726.0	1200.0	0.5129092360926271	0.5129092360926271
exclude_mecom	hard_shared	ENSG00000122133	PAEP	0.1101394664779702	1	0.03002007401309484	329.0	23.0	0.5611451216987549	0.5611451216987549
exclude_mecom	hard_shared	ENSG00000185920	PTCH1	-0.8443916078460016	0	-0.12245079445190943	781.0	127.0	0.506277171502085	0.49372282849791504
exclude_mecom	hard_shared	ENSG00000095303	PTGS1	0.6925416702060048	1	0.37878858618203204	2845.0	162.0	0.666119539821962	0.666119539821962
exclude_mecom	hard_shared	ENSG00000143248	RGS5	-0.4985575652749244	0	-0.28719174225005306	1615.0	232.0	0.4369916895868453	0.5630083104131547
exclude_mecom	hard_shared	ENSG00000124935	SCGB1D2	0.1405927284535079	1	0.08904218741093262	3679.0	284.0	0.5190385354745216	0.5190385354745216
exclude_mecom	hard_shared	ENSG00000196136	SERPINA3	0.187736083921979	1	0.05606704406869378	654.0	52.0	0.5615665572412977	0.5615665572412977
exclude_mecom	hard_shared	ENSG00000117394	SLC2A1	0.8539351532613062	1	0.216962307437635	14896.0	964.0	0.5903942270724278	0.5903942270724278
exclude_mecom	hard_shared	ENSG00000125398	SOX9	0.48214832620441606	1	0.3163731932158871	3085.0	190.0	0.6185416851506816	0.6185416851506816
exclude_mecom	hard_shared	ENSG00000105825	TFPI2	0.18709128402486136	1	0.058806286814004405	1101.0	97.0	0.5606571437021265	0.5606571437021265
exclude_mecom	hard_shared	ENSG00000181847	TIGIT	0.0026970012763099516	1	-0.027283894193570468	160.0	20.0	0.5113491852246177	0.5113491852246177
exclude_mecom	hard_shared	ENSG00000078900	TP73	0.017130289819595315	1	0.07425242848723512	409.0	28.0	0.5963830479401414	0.5963830479401414
exclude_mecom	hard_shared	ENSG00000159713	TPPP3	0.07209900746038661	1	0.1571825408757	888.0	58.0	0.6357318191228225	0.6357318191228225
exclude_mecom	hard_shared	ENSG00000176890	TYMS	0.5229662110453963	1	0.3153218419609254	6209.0	377.0	0.6077987756188449	0.6077987756188449
exclude_mecom	hard_shared	ENSG00000112715	VEGFA	0.0949916644745119	1	0.2879654832391896	8132.0	574.0	0.5673261763227161	0.5673261763227161
exclude_mecom	hard_shared	ENSG00000114251	WNT5A	-0.7850404529893669	0	-0.26211683391294394	1032.0	188.0	0.43493626711619787	0.5650637328838022
exclude_mecom	hard_star_excess	ENSG00000106624	AEBP1	-1.2186788129097876	0	-0.05148037266373795	214.0	30.0	0.5027799958595806	0.49722000414041945
exclude_mecom	hard_star_excess	ENSG00000178999	AURKB	0.49001377066826124	1	0.18528372895160677	149.0	9.0	0.5552006624670984	0.5552006624670984
exclude_mecom	hard_star_excess	ENSG00000168646	AXIN2	-0.3677557366257922	0	-0.027921233785855454	60.0	7.0	0.5049832904504185	0.49501670954958155
exclude_mecom	hard_star_excess	ENSG00000125378	BMP4	-0.08043686333278965	0	0.04913620435735541	17.0	0.0	0.5128205128205128	0.4871794871794872
exclude_mecom	hard_star_excess	ENSG00000101144	BMP7	0.915588309005567	1	0.5274261134430713	481.0	29.0	0.6148079141158727	0.6148079141158727
exclude_mecom	hard_star_excess	ENSG00000150636	CCDC102B	-0.22139343782288504	0	0.040644870049544965	25.0	2.0	0.5091532842397894	0.49084671576021055
exclude_mecom	hard_star_excess	ENSG00000091986	CCDC80	-0.25386539955675086	0	-0.05197274495835835	51.0	8.0	0.49608138881495284	0.5039186111850471
exclude_mecom	hard_star_excess	ENSG00000105383	CD33	-0.06511842080469385	0	0.006021412942802612	2.0	0.0	0.5015082956259427	0.4984917043740573
exclude_mecom	hard_star_excess	ENSG00000004468	CD38	-0.13197920504235194	0	0.03363519558873263	10.0	0.0	0.5075414781297134	0.4924585218702866
exclude_mecom	hard_star_excess	ENSG00000153283	CD96	-0.10597204395291976	0	0.015276950938859377	36.0	3.0	0.5102992931712654	0.48970070682873457
exclude_mecom	hard_star_excess	ENSG00000054938	CHRDL2	-0.008357965613602428	0	0.0	0.0	0.0	0.5	0.5
exclude_mecom	hard_star_excess	ENSG00000163507	CIP2A	0.37128721382930585	1	0.15884687405476952	105.0	6.0	0.5417073314997191	0.5417073314997191
exclude_mecom	hard_star_excess	ENSG00000163347	CLDN1	0.2141634392052716	1	0.1954438897243298	465.0	47.0	0.546062165439328	0.546062165439328
exclude_mecom	hard_star_excess	ENSG00000060718	COL11A1	-0.2483355951316873	0	-0.11194073672845839	14.0	7.0	0.4759190252269837	0.5240809747730163
exclude_mecom	hard_star_excess	ENSG00000168036	CTNNB1	-0.03934756491582103	0	0.465956792923504	1781.0	164.0	0.5160736994647029	0.48392630053529706
exclude_mecom	hard_star_excess	ENSG00000107201	DDX58	-0.3258866854337916	0	0.23476576447102304	188.0	10.0	0.5594002306805075	0.4405997693194925
exclude_mecom	hard_star_excess	ENSG00000050165	DKK3	-0.5509568118001006	0	-0.16732074875975445	63.0	16.0	0.4772498743086978	0.5227501256913022
exclude_mecom	hard_star_excess	ENSG00000118997	DNAH7	0.39224721551629393	1	0.10426051629083444	58.0	3.0	0.5271419276609588	0.5271419276609588
exclude_mecom	hard_star_excess	ENSG00000142627	EPHA2	-0.0673796678338453	0	0.08733089145020834	78.0	6.0	0.5269866619347587	0.47301333806524126
exclude_mecom	hard_star_excess	ENSG00000078098	FAP	-0.13797310709161634	0	0.013475770871116143	4.0	0.0	0.5030165912518854	0.49698340874811464
exclude_mecom	hard_star_excess	ENSG00000162747	FCGR3B	-0.1351060202906019	0	0.0	0.0	0.0	0.5	0.5
exclude_mecom	hard_star_excess	ENSG00000169919	GUSB	0.3832131603941278	1	0.04812822805329331	241.0	27.0	0.5173675805163696	0.5173675805163696
exclude_mecom	hard_star_excess	ENSG00000164683	HEY1	-0.3253465178773897	0	-0.024300561381768844	4.0	2.0	0.49325703131931503	0.506742968680685
exclude_mecom	hard_star_excess	ENSG00000173110	HSPA6	-0.18727786612997324	0	0.0124048712412867	4.0	0.0	0.5030165912518854	0.49698340874811464
exclude_mecom	hard_star_excess	ENSG00000090339	ICAM1	0.2791998317286457	1	0.11345536180664592	85.0	6.0	0.5272971933871587	0.5272971933871587
exclude_mecom	hard_star_excess	ENSG00000131203	IDO1	-0.022210749492450926	0	-0.03115396693984821	3.0	2.0	0.4924437346582675	0.5075562653417325
exclude_mecom	hard_star_excess	ENSG00000137959	IFI44L	-0.9041469826251693	0	0.10919184701227391	474.0	47.0	0.5228314553574069	0.47716854464259306
exclude_mecom	hard_star_excess	ENSG00000185811	IKZF1	-0.17477833236199297	0	-0.010537601970475381	8.0	1.0	0.5010720728713808	0.4989279271286192
exclude_mecom	hard_star_excess	ENSG00000100385	IL2RB	-0.225882409899349	0	0.012031660122544183	4.0	0.0	0.5030165912518854	0.49698340874811464
exclude_mecom	hard_star_excess	ENSG00000122641	INHBA	-0.1915303956148917	0	0.006838828671403988	2.0	0.0	0.5015082956259427	0.4984917043740573
exclude_mecom	hard_star_excess	ENSG00000005844	ITGAL	-0.5752531390939338	0	-0.025009512831781266	6.0	2.0	0.49472096530920057	0.5052790346907994
exclude_mecom	hard_star_excess	ENSG00000169896	ITGAM	-0.2966447705937746	0	-0.03833426744184486	11.0	3.0	0.49346405228758167	0.5065359477124183
exclude_mecom	hard_star_excess	ENSG00000076706	MCAM	-0.5183335012275943	0	0.15158807060247873	97.0	5.0	0.5411897790790524	0.4588102209209476
exclude_mecom	hard_star_excess	ENSG00000099953	MMP11	-0.4689070594226381	0	0.05636089149319634	100.0	12.0	0.5166134327033981	0.4833865672966019
exclude_mecom	hard_star_excess	ENSG00000181143	MUC16	1.160201873183913	1	0.7441746645285314	2901.0	175.0	0.6116508443498062	0.6116508443498062
exclude_mecom	hard_star_excess	ENSG00000117983	MUC5B	0.7969077332305541	1	0.3039714704322791	416.0	39.0	0.5749268033005057	0.5749268033005057
exclude_mecom	hard_star_excess	ENSG00000157601	MX1	-0.9359873798701337	0	0.48518937665990586	391.0	20.0	0.6078135628308639	0.39218643716913615
exclude_mecom	hard_star_excess	ENSG00000149294	NCAM1	0.6868886706577602	1	0.17470979200804387	222.0	17.0	0.5483246088782421	0.5483246088782421
exclude_mecom	hard_star_excess	ENSG00000104419	NDRG1	0.37700526735914064	1	-0.012030289048062805	3.0	1.0	0.49733830183657174	0.49733830183657174
exclude_mecom	hard_star_excess	ENSG00000074181	NOTCH3	0.5459944211749401	1	0.2510441094929752	1261.0	102.0	0.5074157868275515	0.5074157868275515
exclude_mecom	hard_star_excess	ENSG00000122133	PAEP	0.1101394664779702	1	0.038865636414247146	19.0	1.0	0.5094342412681512	0.5094342412681512
exclude_mecom	hard_star_excess	ENSG00000185920	PTCH1	-0.8443916078460016	0	0.053544401946645226	69.0	7.0	0.518661461568036	0.48133853843196395
exclude_mecom	hard_star_excess	ENSG00000095303	PTGS1	0.6925416702060048	1	0.3140230315987655	231.0	12.0	0.579880519326886	0.579880519326886
exclude_mecom	hard_star_excess	ENSG00000143248	RGS5	-0.4985575652749244	0	-0.058536118464092846	115.0	17.0	0.49872829976636207	0.501271700233638
exclude_mecom	hard_star_excess	ENSG00000124935	SCGB1D2	0.1405927284535079	1	0.27558886397346083	288.0	21.0	0.5708159583592111	0.5708159583592111
exclude_mecom	hard_star_excess	ENSG00000196136	SERPINA3	0.187736083921979	1	0.05347832670211031	48.0	4.0	0.5133380652411795	0.5133380652411795
exclude_mecom	hard_star_excess	ENSG00000117394	SLC2A1	0.8539351532613062	1	0.43668051188815715	990.0	85.0	0.5620397480259073	0.5620397480259073
exclude_mecom	hard_star_excess	ENSG00000125398	SOX9	0.48214832620441606	1	0.30411350094438294	216.0	11.0	0.5793333924821814	0.5793333924821814
exclude_mecom	hard_star_excess	ENSG00000105825	TFPI2	0.18709128402486136	1	0.17917250231626017	88.0	3.0	0.5473560464909946	0.5473560464909946
exclude_mecom	hard_star_excess	ENSG00000181847	TIGIT	0.0026970012763099516	1	0.026293078939805006	19.0	1.0	0.5092863691479608	0.5092863691479608
exclude_mecom	hard_star_excess	ENSG00000078900	TP73	0.017130289819595315	1	0.038924371223294625	34.0	2.0	0.513204980333008	0.513204980333008
exclude_mecom	hard_star_excess	ENSG00000159713	TPPP3	0.07209900746038661	1	0.06988679743302122	65.0	5.0	0.5221660308165498	0.5221660308165498
exclude_mecom	hard_star_excess	ENSG00000176890	TYMS	0.5229662110453963	1	0.4120690803430932	459.0	29.0	0.5909117794930944	0.5909117794930944
exclude_mecom	hard_star_excess	ENSG00000112715	VEGFA	0.0949916644745119	1	0.2471352892120673	557.0	53.0	0.5479697157897849	0.5479697157897849
exclude_mecom	hard_star_excess	ENSG00000114251	WNT5A	-0.7850404529893669	0	0.02500895412077947	88.0	9.0	0.5141143938721794	0.4858856061278206
exclude_mecom	hard_space_ranger_only	ENSG00000106624	AEBP1	-1.2186788129097876	0	-0.14588338221856334	12.0	5.0	0.48468044834826834	0.5153195516517317
exclude_mecom	hard_space_ranger_only	ENSG00000178999	AURKB	0.49001377066826124	1	0.028699178733681434	11.0	1.0	0.5026690917694379	0.5026690917694379
exclude_mecom	hard_space_ranger_only	ENSG00000168646	AXIN2	-0.3677557366257922	0	0.025183252180974922	3.0	0.0	0.502262443438914	0.497737556561086
exclude_mecom	hard_space_ranger_only	ENSG00000125378	BMP4	-0.08043686333278965	0	0.015344921916822457	2.0	0.0	0.5015082956259427	0.4984917043740573
exclude_mecom	hard_space_ranger_only	ENSG00000101144	BMP7	0.915588309005567	1	-0.04849318716908804	23.0	4.0	0.49661372844763857	0.49661372844763857
exclude_mecom	hard_space_ranger_only	ENSG00000150636	CCDC102B	-0.22139343782288504	0	-0.054171107246390036	0.0	1.0	0.4950980392156863	0.5049019607843137
exclude_mecom	hard_space_ranger_only	ENSG00000091986	CCDC80	-0.25386539955675086	0	0.016546483853859956	2.0	0.0	0.5015082956259427	0.4984917043740573
exclude_mecom	hard_space_ranger_only	ENSG00000105383	CD33	-0.06511842080469385	0	0.0	0.0	0.0	0.5	0.5
exclude_mecom	hard_space_ranger_only	ENSG00000004468	CD38	-0.13197920504235194	0	0.014676651306200161	2.0	0.0	0.5015082956259427	0.4984917043740573
exclude_mecom	hard_space_ranger_only	ENSG00000153283	CD96	-0.10597204395291976	0	0.015529594325269493	2.0	0.0	0.5015082956259427	0.4984917043740573
exclude_mecom	hard_space_ranger_only	ENSG00000054938	CHRDL2	-0.008357965613602428	0	0.0	0.0	0.0	0.5	0.5
exclude_mecom	hard_space_ranger_only	ENSG00000163507	CIP2A	0.37128721382930585	1	0.05367413767491641	7.0	0.0	0.5052790346907994	0.5052790346907994
exclude_mecom	hard_space_ranger_only	ENSG00000163347	CLDN1	0.2141634392052716	1	0.009569358773127437	19.0	2.0	0.5020554224706473	0.5020554224706473
exclude_mecom	hard_space_ranger_only	ENSG00000060718	COL11A1	-0.2483355951316873	0	0.0	0.0	0.0	0.5	0.5
exclude_mecom	hard_space_ranger_only	ENSG00000168036	CTNNB1	-0.03934756491582103	0	-0.22285787612151312	7.0	5.0	0.4805104545588974	0.5194895454411026
exclude_mecom	hard_space_ranger_only	ENSG00000107201	DDX58	-0.3258866854337916	0	0.09188561395510644	12.0	0.0	0.5090497737556561	0.4909502262443439
exclude_mecom	hard_space_ranger_only	ENSG00000050165	DKK3	-0.5509568118001006	0	0.04047066034517056	6.0	0.0	0.5037707390648567	0.4962292609351433
exclude_mecom	hard_space_ranger_only	ENSG00000118997	DNAH7	0.39224721551629393	1	0.03825212976826829	5.0	0.0	0.5037707390648567	0.5037707390648567
exclude_mecom	hard_space_ranger_only	ENSG00000142627	EPHA2	-0.0673796678338453	0	-0.07515360750786115	3.0	2.0	0.4924733090823056	0.5075266909176944
exclude_mecom	hard_space_ranger_only	ENSG00000078098	FAP	-0.13797310709161634	0	0.0	0.0	0.0	0.5	0.5
exclude_mecom	hard_space_ranger_only	ENSG00000162747	FCGR3B	-0.1351060202906019	0	0.0	0.0	0.0	0.5	0.5
exclude_mecom	hard_space_ranger_only	ENSG00000169919	GUSB	0.3832131603941278	1	0.0689905849352704	10.0	0.0	0.5067873303167421	0.5067873303167421
exclude_mecom	hard_space_ranger_only	ENSG00000164683	HEY1	-0.3253465178773897	0	0.007294542846080661	1.0	0.0	0.5007541478129713	0.49924585218702866
exclude_mecom	hard_space_ranger_only	ENSG00000173110	HSPA6	-0.18727786612997324	0	0.007186359436475359	1.0	0.0	0.5007541478129713	0.49924585218702866
exclude_mecom	hard_space_ranger_only	ENSG00000090339	ICAM1	0.2791998317286457	1	0.11624803600258518	22.0	1.0	0.5117188655250939	0.5117188655250939
exclude_mecom	hard_space_ranger_only	ENSG00000131203	IDO1	-0.022210749492450926	0	0.0	0.0	0.0	0.5	0.5
exclude_mecom	hard_space_ranger_only	ENSG00000137959	IFI44L	-0.9041469826251693	0	0.07637210041678366	18.0	1.0	0.5078076479460563	0.49219235205394374
exclude_mecom	hard_space_ranger_only	ENSG00000185811	IKZF1	-0.17477833236199297	0	0.0	0.0	0.0	0.5	0.5
exclude_mecom	hard_space_ranger_only	ENSG00000100385	IL2RB	-0.225882409899349	0	0.0	0.0	0.0	0.5	0.5
exclude_mecom	hard_space_ranger_only	ENSG00000122641	INHBA	-0.1915303956148917	0	-0.05021546942580029	0.0	1.0	0.4950980392156863	0.5049019607843137
exclude_mecom	hard_space_ranger_only	ENSG00000005844	ITGAL	-0.5752531390939338	0	0.0	0.0	0.0	0.5	0.5
exclude_mecom	hard_space_ranger_only	ENSG00000169896	ITGAM	-0.2966447705937746	0	0.007275955638584469	1.0	0.0	0.5007541478129713	0.49924585218702866
exclude_mecom	hard_space_ranger_only	ENSG00000076706	MCAM	-0.5183335012275943	0	0.029747260977573443	4.0	0.0	0.5030165912518854	0.49698340874811464
exclude_mecom	hard_space_ranger_only	ENSG00000099953	MMP11	-0.4689070594226381	0	0.08225094863836176	11.0	0.0	0.5082956259426847	0.49170437405731526
exclude_mecom	hard_space_ranger_only	ENSG00000181143	MUC16	1.160201873183913	1	-0.2259261481288462	7.0	5.0	0.48058439061899266	0.48058439061899266
exclude_mecom	hard_space_ranger_only	ENSG00000117983	MUC5B	0.7969077332305541	1	0.05009642569065494	13.0	1.0	0.5049019607843137	0.5049019607843137
exclude_mecom	hard_space_ranger_only	ENSG00000157601	MX1	-0.9359873798701337	0	-0.005484874153366889	13.0	2.0	0.4998521278798095	0.5001478721201905
exclude_mecom	hard_space_ranger_only	ENSG00000149294	NCAM1	0.6868886706577602	1	-0.045841868211806525	14.0	3.0	0.4951202200337148	0.4951202200337148
exclude_mecom	hard_space_ranger_only	ENSG00000104419	NDRG1	0.37700526735914064	1	-0.01842347753317783	4.0	1.0	0.49811463046757165	0.49811463046757165
exclude_mecom	hard_space_ranger_only	ENSG00000074181	NOTCH3	0.5459944211749401	1	-0.0674979883650841	12.0	3.0	0.4942108064945435	0.4942108064945435
exclude_mecom	hard_space_ranger_only	ENSG00000122133	PAEP	0.1101394664779702	1	0.0067918238990822685	1.0	0.0	0.5007541478129713	0.5007541478129713
exclude_mecom	hard_space_ranger_only	ENSG00000185920	PTCH1	-0.8443916078460016	0	0.014526601950583761	2.0	0.0	0.5015082956259427	0.4984917043740573
exclude_mecom	hard_space_ranger_only	ENSG00000095303	PTGS1	0.6925416702060048	1	0.10641067427180835	15.0	0.0	0.5105580693815988	0.5105580693815988
exclude_mecom	hard_space_ranger_only	ENSG00000143248	RGS5	-0.4985575652749244	0	-0.07827638360197502	4.0	2.0	0.49316830804720074	0.5068316919527993
exclude_mecom	hard_space_ranger_only	ENSG00000124935	SCGB1D2	0.1405927284535079	1	-0.10334711566653729	13.0	4.0	0.4900629935232011	0.4900629935232011
exclude_mecom	hard_space_ranger_only	ENSG00000196136	SERPINA3	0.187736083921979	1	0.007239465322166843	1.0	0.0	0.5007541478129713	0.5007541478129713
exclude_mecom	hard_space_ranger_only	ENSG00000117394	SLC2A1	0.8539351532613062	1	-0.031554445534559744	16.0	3.0	0.49719782332239076	0.49719782332239076
exclude_mecom	hard_space_ranger_only	ENSG00000125398	SOX9	0.48214832620441606	1	0.00953849774243233	15.0	2.0	0.5013604235057522	0.5013604235057522
exclude_mecom	hard_space_ranger_only	ENSG00000105825	TFPI2	0.18709128402486136	1	0.014515420960751311	2.0	0.0	0.5015082956259427	0.5015082956259427
exclude_mecom	hard_space_ranger_only	ENSG00000181847	TIGIT	0.0026970012763099516	1	0.01747518880256931	2.0	0.0	0.5015082956259427	0.5015082956259427
exclude_mecom	hard_space_ranger_only	ENSG00000078900	TP73	0.017130289819595315	1	0.014957221002420773	2.0	0.0	0.5015082956259427	0.5015082956259427
exclude_mecom	hard_space_ranger_only	ENSG00000159713	TPPP3	0.07209900746038661	1	0.029686049302425698	4.0	0.0	0.5030165912518854	0.5030165912518854
exclude_mecom	hard_space_ranger_only	ENSG00000176890	TYMS	0.5229662110453963	1	-0.059711817990526106	14.0	3.0	0.49498713512554343	0.49498713512554343
exclude_mecom	hard_space_ranger_only	ENSG00000112715	VEGFA	0.0949916644745119	1	0.11282776953835542	22.0	1.0	0.5115562061928844	0.5115562061928844
exclude_mecom	hard_space_ranger_only	ENSG00000114251	WNT5A	-0.7850404529893669	0	-0.03539275017015356	2.0	1.0	0.4965989412356195	0.5034010587643805
exclude_mecom	soft_expected_shared	ENSG00000106624	AEBP1	-1.2186788129097876	0	-0.5729556991067457	2161.533204867689	446.28851950028013	0.35344394167923576	0.6465560583207642
exclude_mecom	soft_expected_shared	ENSG00000178999	AURKB	0.49001377066826124	1	0.30597351391488314	2027.8172416706811	121.0451739730842	0.6631620974181528	0.6631620974181528
exclude_mecom	soft_expected_shared	ENSG00000168646	AXIN2	-0.3677557366257922	0	0.060875788065357594	795.8932336561828	60.483286639866144	0.5854035430159997	0.4145964569840003
exclude_mecom	soft_expected_shared	ENSG00000125378	BMP4	-0.08043686333278965	0	-0.013969951712191508	184.69956628706	19.0	0.5294930943719871	0.4705069056280129
exclude_mecom	soft_expected_shared	ENSG00000101144	BMP7	0.915588309005567	1	0.30572226258397084	6099.7703073270895	407.51032431229305	0.5941206045012274	0.5941206045012274
exclude_mecom	soft_expected_shared	ENSG00000150636	CCDC102B	-0.22139343782288504	0	-0.025578929587698987	90.0	9.0	0.5194008221689883	0.4805991778310117
exclude_mecom	soft_expected_shared	ENSG00000091986	CCDC80	-0.25386539955675086	0	0.10075026809457921	939.890270818695	53.0	0.6106231331144825	0.38937686688551754
exclude_mecom	soft_expected_shared	ENSG00000105383	CD33	-0.06511842080469385	0	-0.017590599305681645	21.0	5.0	0.4907579924880962	0.5092420075119037
exclude_mecom	soft_expected_shared	ENSG00000004468	CD38	-0.13197920504235194	0	-0.05863986401351153	66.42818123558378	10.0	0.5050720137225329	0.49492798627746715
exclude_mecom	soft_expected_shared	ENSG00000153283	CD96	-0.10597204395291976	0	0.030470019864038467	223.97250023304844	16.0	0.5640508088604974	0.4359491911395026
exclude_mecom	soft_expected_shared	ENSG00000054938	CHRDL2	-0.008357965613602428	0	0.003078663664209773	13.0	1.0	0.504820631118209	0.49517936888179104
exclude_mecom	soft_expected_shared	ENSG00000163507	CIP2A	0.37128721382930585	1	0.18271504328484728	1347.6670621538865	82.91873720826518	0.6484636086712211	0.6484636086712211
exclude_mecom	soft_expected_shared	ENSG00000163347	CLDN1	0.2141634392052716	1	0.0178748333031995	6203.278790978599	532.9645284122345	0.46858456806553694	0.46858456806553694
exclude_mecom	soft_expected_shared	ENSG00000060718	COL11A1	-0.2483355951316873	0	0.028367447206991317	206.65134766163405	16.0	0.5502765208647562	0.4497234791352438
exclude_mecom	soft_expected_shared	ENSG00000168036	CTNNB1	-0.03934756491582103	0	0.06836288569225779	24211.52073006813	1670.0068152833346	0.5121846627036939	0.4878153372963061
exclude_mecom	soft_expected_shared	ENSG00000107201	DDX58	-0.3258866854337916	0	-0.04282410991177821	2201.594019139196	184.0	0.47395971963446015	0.5260402803655398
exclude_mecom	soft_expected_shared	ENSG00000050165	DKK3	-0.5509568118001006	0	-0.12259189564207795	885.2652877670789	111.47493195490068	0.49851388519208584	0.5014861148079142
exclude_mecom	soft_expected_shared	ENSG00000118997	DNAH7	0.39224721551629393	1	0.10040126198722915	767.1939115109726	62.0	0.5999615532487506	0.5999615532487506
exclude_mecom	soft_expected_shared	ENSG00000142627	EPHA2	-0.0673796678338453	0	0.040391729912288676	1054.7253200476855	86.58468806010828	0.5504539674089848	0.4495460325910152
exclude_mecom	soft_expected_shared	ENSG00000078098	FAP	-0.13797310709161634	0	-0.02693735810339302	33.0	4.0	0.5031496761600568	0.4968503238399432
exclude_mecom	soft_expected_shared	ENSG00000162747	FCGR3B	-0.1351060202906019	0	0.0009518803278291432	2.0	0.0	0.5015082956259427	0.4984917043740573
exclude_mecom	soft_expected_shared	ENSG00000169919	GUSB	0.3832131603941278	1	0.10427341069751717	3543.7566208329154	262.0	0.5183509301156359	0.5183509301156359
exclude_mecom	soft_expected_shared	ENSG00000164683	HEY1	-0.3253465178773897	0	-0.032927295434304456	83.48643688607683	16.0	0.4934344778635436	0.5065655221364564
exclude_mecom	soft_expected_shared	ENSG00000173110	HSPA6	-0.18727786612997324	0	-0.03613661055730076	29.05080223302693	6.0	0.490654482003963	0.509345517996037
exclude_mecom	soft_expected_shared	ENSG00000090339	ICAM1	0.2791998317286457	1	0.06383386774932104	1137.8833267302466	80.02266159850276	0.5730414337680773	0.5730414337680773
exclude_mecom	soft_expected_shared	ENSG00000131203	IDO1	-0.022210749492450926	0	-0.021621359637396444	36.0	5.0	0.5045100996658091	0.49548990033419094
exclude_mecom	soft_expected_shared	ENSG00000137959	IFI44L	-0.9041469826251693	0	-0.1223775723744549	6439.5522805397995	567.1103777265971	0.3880460178038033	0.6119539821961967
exclude_mecom	soft_expected_shared	ENSG00000185811	IKZF1	-0.17477833236199297	0	-0.01491901789186004	25.0	3.0	0.5029796232218378	0.49702037677816224
exclude_mecom	soft_expected_shared	ENSG00000100385	IL2RB	-0.225882409899349	0	-0.019193930636373365	28.998952522366164	4.0	0.4994972347913525	0.5005027652086476
exclude_mecom	soft_expected_shared	ENSG00000122641	INHBA	-0.1915303956148917	0	-8.685891797648171e-05	62.97735161867019	6.000001633843343	0.5051903114186851	0.4948096885813149
exclude_mecom	soft_expected_shared	ENSG00000005844	ITGAL	-0.5752531390939338	0	-0.001381335185934137	37.99761829454647	3.0	0.5121772690976844	0.48782273090231565
exclude_mecom	soft_expected_shared	ENSG00000169896	ITGAM	-0.2966447705937746	0	-0.017227834903581707	160.39737254947988	12.0	0.5414855233194333	0.45851447668056666
exclude_mecom	soft_expected_shared	ENSG00000076706	MCAM	-0.5183335012275943	0	-0.10490657844964124	1071.174318620422	122.15287363247623	0.5136929583296366	0.4863070416703634
exclude_mecom	soft_expected_shared	ENSG00000099953	MMP11	-0.4689070594226381	0	-0.23812965691503396	1319.8786328115211	181.74201565622346	0.44973087274125334	0.5502691272587467
exclude_mecom	soft_expected_shared	ENSG00000181143	MUC16	1.160201873183913	1	0.36807879088750983	41021.38302740668	2266.3712685506734	0.6481974388548783	0.6481974388548783
exclude_mecom	soft_expected_shared	ENSG00000117983	MUC5B	0.7969077332305541	1	0.2866477607937079	5095.990863029898	362.5253051030413	0.5945864016798272	0.5945864016798272
exclude_mecom	soft_expected_shared	ENSG00000157601	MX1	-0.9359873798701337	0	-0.19189899366297514	4512.762022316434	420.9502577316915	0.37440481471623344	0.6255951852837666
exclude_mecom	soft_expected_shared	ENSG00000149294	NCAM1	0.6868886706577602	1	0.2833784179504357	3306.4945956836355	206.7220022196306	0.5983941087747315	0.5983941087747315
exclude_mecom	soft_expected_shared	ENSG00000104419	NDRG1	0.37700526735914064	1	-0.013379383271660064	66.41828979303808	5.0	0.5229349658415402	0.5229349658415402
exclude_mecom	soft_expected_shared	ENSG00000074181	NOTCH3	0.5459944211749401	1	0.09407005565288262	17716.606875105346	1199.570122710023	0.512413864489989	0.512413864489989
exclude_mecom	soft_expected_shared	ENSG00000122133	PAEP	0.1101394664779702	1	0.02975393310638605	328.49032726696703	23.0	0.5617366101795167	0.5617366101795167
exclude_mecom	soft_expected_shared	ENSG00000185920	PTCH1	-0.8443916078460016	0	-0.12286699059012735	779.5390083115437	127.0	0.5062475970780469	0.4937524029219531
exclude_mecom	soft_expected_shared	ENSG00000095303	PTGS1	0.6925416702060048	1	0.3770560660697997	2838.0226075541927	162.0	0.6658385827936001	0.6658385827936001
exclude_mecom	soft_expected_shared	ENSG00000143248	RGS5	-0.4985575652749244	0	-0.28730367732552287	1612.6731916943304	231.6790688349295	0.43687339189069296	0.563126608109307
exclude_mecom	soft_expected_shared	ENSG00000124935	SCGB1D2	0.1405927284535079	1	0.08785306732292697	3674.247095055238	284.0541294224132	0.5185653446899121	0.5185653446899121
exclude_mecom	soft_expected_shared	ENSG00000196136	SERPINA3	0.187736083921979	1	0.055619587134753734	652.6213076073473	52.0	0.5609972495785644	0.5609972495785644
exclude_mecom	soft_expected_shared	ENSG00000117394	SLC2A1	0.8539351532613062	1	0.2167086243143208	14886.652942607645	963.1239301883578	0.5909117794930944	0.5909117794930944
exclude_mecom	soft_expected_shared	ENSG00000125398	SOX9	0.48214832620441606	1	0.3127345118252063	3080.0659055391347	189.58447915921394	0.6173661017951675	0.6173661017951675
exclude_mecom	soft_expected_shared	ENSG00000105825	TFPI2	0.18709128402486136	1	0.05818460804970754	1098.3979529290662	96.99995024585104	0.5603613994617456	0.5603613994617456
exclude_mecom	soft_expected_shared	ENSG00000181847	TIGIT	0.0026970012763099516	1	-0.027190777819266876	159.87738943842578	19.900758828216105	0.5113343980125987	0.5113343980125987
exclude_mecom	soft_expected_shared	ENSG00000078900	TP73	0.017130289819595315	1	0.07480307427325594	407.89131145620314	27.62210863446669	0.5961390589418272	0.5961390589418272
exclude_mecom	soft_expected_shared	ENSG00000159713	TPPP3	0.07209900746038661	1	0.15682041483658876	885.3852959758815	57.630735378531796	0.6357318191228225	0.6357318191228225
exclude_mecom	soft_expected_shared	ENSG00000176890	TYMS	0.5229662110453963	1	0.31741511908832365	6199.316805537718	375.9587509615741	0.6100316446337207	0.6100316446337207
exclude_mecom	soft_expected_shared	ENSG00000112715	VEGFA	0.0949916644745119	1	0.2885294849210598	8122.241747408294	572.5009736228671	0.5672078786265639	0.5672078786265639
exclude_mecom	soft_expected_shared	ENSG00000114251	WNT5A	-0.7850404529893669	0	-0.26385370300716693	1029.0198670738946	188.03961102426086	0.43465531008783603	0.5653446899121639
exclude_mecom	soft_expected_star_excess	ENSG00000106624	AEBP1	-1.2186788129097876	0	-0.024020447602525308	214.51786711737194	29.569879248757495	0.5072087658592848	0.49279123414071524
exclude_mecom	soft_expected_star_excess	ENSG00000178999	AURKB	0.49001377066826124	1	0.14193018318309253	147.9652746452279	10.131156461014553	0.543755360364357	0.543755360364357
exclude_mecom	soft_expected_star_excess	ENSG00000168646	AXIN2	-0.3677557366257922	0	-0.014869486554479783	61.61245347331704	7.025421161768574	0.5154896045899506	0.48451039541004937
exclude_mecom	soft_expected_star_excess	ENSG00000125378	BMP4	-0.08043686333278965	0	0.05580208063390908	18.330415886781704	0.0	0.5158371040723981	0.48416289592760187
exclude_mecom	soft_expected_star_excess	ENSG00000101144	BMP7	0.915588309005567	1	0.4602777975526118	474.17336341158966	30.63367916953876	0.6065640434152544	0.6065640434152544
exclude_mecom	soft_expected_star_excess	ENSG00000150636	CCDC102B	-0.22139343782288504	0	0.04493076138572762	25.655438455004244	2.0	0.5107059415017893	0.4892940584982107
exclude_mecom	soft_expected_star_excess	ENSG00000091986	CCDC80	-0.25386539955675086	0	-0.053163584373023154	52.06488493833335	8.256452766713572	0.4956969213024576	0.5043030786975424
exclude_mecom	soft_expected_star_excess	ENSG00000105383	CD33	-0.06511842080469385	0	0.006098342678694442	1.9984322618219705	0.0	0.502262443438914	0.497737556561086
exclude_mecom	soft_expected_star_excess	ENSG00000004468	CD38	-0.13197920504235194	0	0.0328426413112163	9.450899880435468	0.0	0.5075414781297134	0.4924585218702866
exclude_mecom	soft_expected_star_excess	ENSG00000153283	CD96	-0.10597204395291976	0	0.020657628304214984	36.785702872220206	3.0	0.5132271611510366	0.4867728388489634
exclude_mecom	soft_expected_star_excess	ENSG00000054938	CHRDL2	-0.008357965613602428	0	0.0	0.0	0.0	0.5	0.5
exclude_mecom	soft_expected_star_excess	ENSG00000163507	CIP2A	0.37128721382930585	1	0.16701173973434652	104.65676189363035	6.000003031617692	0.5503208825008132	0.5503208825008132
exclude_mecom	soft_expected_star_excess	ENSG00000163347	CLDN1	0.2141634392052716	1	0.1932915860618697	461.72317736174386	47.130877093222985	0.5475852482772897	0.5475852482772897
exclude_mecom	soft_expected_star_excess	ENSG00000060718	COL11A1	-0.2483355951316873	0	-0.11103023254373609	13.99838232397729	7.0	0.47738295921686924	0.5226170407831308
exclude_mecom	soft_expected_star_excess	ENSG00000168036	CTNNB1	-0.03934756491582103	0	0.29302346305111904	1738.868818136456	166.2025432048614	0.5064694052583325	0.4935305947416675
exclude_mecom	soft_expected_star_excess	ENSG00000107201	DDX58	-0.3258866854337916	0	0.24620723031925848	188.75383416869528	10.071978544233072	0.5608937390944312	0.4391062609055688
exclude_mecom	soft_expected_star_excess	ENSG00000050165	DKK3	-0.5509568118001006	0	-0.19043897808330842	64.26540526874861	16.52926433761759	0.46578239138792776	0.5342176086120722
exclude_mecom	soft_expected_star_excess	ENSG00000118997	DNAH7	0.39224721551629393	1	0.09161215307405038	57.331856448627974	3.220939993571886	0.5273563422352351	0.5273563422352351
exclude_mecom	soft_expected_star_excess	ENSG00000142627	EPHA2	-0.0673796678338453	0	0.05347139584591362	81.14387929764528	6.87520763026775	0.5136633839055983	0.4863366160944017
exclude_mecom	soft_expected_star_excess	ENSG00000078098	FAP	-0.13797310709161634	0	0.013454003036185198	4.0	0.0	0.5030165912518854	0.49698340874811464
exclude_mecom	soft_expected_star_excess	ENSG00000162747	FCGR3B	-0.1351060202906019	0	0.0	0.0	0.0	0.5	0.5
exclude_mecom	soft_expected_star_excess	ENSG00000169919	GUSB	0.3832131603941278	1	0.042175586846556534	239.11460649252814	27.596860315196057	0.5207612456747405	0.5207612456747405
exclude_mecom	soft_expected_star_excess	ENSG00000164683	HEY1	-0.3253465178773897	0	-0.024125781130245643	3.999999966672738	2.0	0.49325703131931503	0.506742968680685
exclude_mecom	soft_expected_star_excess	ENSG00000173110	HSPA6	-0.18727786612997324	0	0.012430987698202299	4.0	0.0	0.5030165912518854	0.49698340874811464
exclude_mecom	soft_expected_star_excess	ENSG00000090339	ICAM1	0.2791998317286457	1	0.06986620978760621	86.50303654962013	7.377408972001318	0.5227501256913021	0.5227501256913021
exclude_mecom	soft_expected_star_excess	ENSG00000131203	IDO1	-0.022210749492450926	0	-0.031003164455083332	3.0	2.0	0.4924437346582675	0.5075562653417325
exclude_mecom	soft_expected_star_excess	ENSG00000137959	IFI44L	-0.9041469826251693	0	0.1392353171037567	473.49302285554836	45.38128712104805	0.5312453789962439	0.4687546210037561
exclude_mecom	soft_expected_star_excess	ENSG00000185811	IKZF1	-0.17477833236199297	0	-0.013986115067689039	7.923727450496283	1.0172701311127614	0.4969686215360955	0.5030313784639044
exclude_mecom	soft_expected_star_excess	ENSG00000100385	IL2RB	-0.225882409899349	0	0.012022687072424577	4.0	0.0007472921046027814	0.4981442048916097	0.5018557951083903
exclude_mecom	soft_expected_star_excess	ENSG00000122641	INHBA	-0.1915303956148917	0	0.006786040384727857	2.0	0.0	0.5015082956259427	0.4984917043740573
exclude_mecom	soft_expected_star_excess	ENSG00000005844	ITGAL	-0.5752531390939338	0	-0.02459325029389186	6.0004076540586615	2.0	0.4954603259101529	0.5045396740898471
exclude_mecom	soft_expected_star_excess	ENSG00000169896	ITGAM	-0.2966447705937746	0	-0.03831083497294393	10.999921332329372	3.0	0.49346405228758167	0.5065359477124183
exclude_mecom	soft_expected_star_excess	ENSG00000076706	MCAM	-0.5183335012275943	0	0.1183209193189593	98.03434824078283	6.359213667421827	0.5346168633365865	0.46538313666341347
exclude_mecom	soft_expected_star_excess	ENSG00000099953	MMP11	-0.4689070594226381	0	0.02277033073864576	101.81787573141803	13.179585385851686	0.5144471061426078	0.4855528938573922
exclude_mecom	soft_expected_star_excess	ENSG00000181143	MUC16	1.160201873183913	1	0.6789548028926577	2810.073188635124	172.81691689534554	0.6147783396918345	0.6147783396918345
exclude_mecom	soft_expected_star_excess	ENSG00000117983	MUC5B	0.7969077332305541	1	0.275861649749618	409.6545671289488	39.76906643313815	0.5755035045692485	0.5755035045692485
exclude_mecom	soft_expected_star_excess	ENSG00000157601	MX1	-0.9359873798701337	0	0.41417563709825356	390.8558526911054	22.13777358349983	0.5963756543341319	0.40362434566586813
exclude_mecom	soft_expected_star_excess	ENSG00000149294	NCAM1	0.6868886706577602	1	0.1962868079549352	224.69847099824364	17.101114360817657	0.5525241770916511	0.5525241770916511
exclude_mecom	soft_expected_star_excess	ENSG00000104419	NDRG1	0.37700526735914064	1	-0.01066002667610553	3.22905576307139	1.0	0.49808505604353354	0.49808505604353354
exclude_mecom	soft_expected_star_excess	ENSG00000074181	NOTCH3	0.5459944211749401	1	0.2144508332379811	1224.8288982139572	98.10197238745998	0.5144101381125603	0.5144101381125603
exclude_mecom	soft_expected_star_excess	ENSG00000122133	PAEP	0.1101394664779702	1	0.04203940987672388	19.621074820381793	1.0	0.5131975867269986	0.5131975867269986
exclude_mecom	soft_expected_star_excess	ENSG00000185920	PTCH1	-0.8443916078460016	0	-0.0048820923706967	66.67526382027344	7.915509611578631	0.5061514801999231	0.49384851980007693
exclude_mecom	soft_expected_star_excess	ENSG00000095303	PTGS1	0.6925416702060048	1	0.3010078910237113	231.8996346017277	11.937235851262344	0.5735515925827345	0.5735515925827345
exclude_mecom	soft_expected_star_excess	ENSG00000143248	RGS5	-0.4985575652749244	0	-0.06784423621195068	115.56455497546273	16.983703205733114	0.5001478721201905	0.4998521278798095
exclude_mecom	soft_expected_star_excess	ENSG00000124935	SCGB1D2	0.1405927284535079	1	0.2288240201051604	282.1032491486957	21.978954447438895	0.5662171354212877	0.5662171354212877
exclude_mecom	soft_expected_star_excess	ENSG00000196136	SERPINA3	0.187736083921979	1	0.06058762780396175	49.394194445571685	4.0241273776877575	0.5131532250909413	0.5131532250909413
exclude_mecom	soft_expected_star_excess	ENSG00000117394	SLC2A1	0.8539351532613062	1	0.45278609528203706	971.3252412888448	86.54083248683247	0.5759027592937628	0.5759027592937628
exclude_mecom	soft_expected_star_excess	ENSG00000125398	SOX9	0.48214832620441606	1	0.2786162195895129	214.1927343124882	11.944238125847427	0.5813148788927336	0.5813148788927336
exclude_mecom	soft_expected_star_excess	ENSG00000105825	TFPI2	0.18709128402486136	1	0.18721266801715714	88.86736503069082	2.9695677179558886	0.5475113122171946	0.5475113122171946
exclude_mecom	soft_expected_star_excess	ENSG00000181847	TIGIT	0.0026970012763099516	1	0.02623232878575365	19.66410714705285	1.017111683749261	0.5052642474787803	0.5052642474787803
exclude_mecom	soft_expected_star_excess	ENSG00000078900	TP73	0.017130289819595315	1	0.051425756877180935	36.32659602140602	2.0	0.5191198651406264	0.5191198651406264
exclude_mecom	soft_expected_star_excess	ENSG00000159713	TPPP3	0.07209900746038661	1	0.03326440987286283	65.33061791722854	5.597886575977092	0.5112752491645225	0.5112752491645225
exclude_mecom	soft_expected_star_excess	ENSG00000176890	TYMS	0.5229662110453963	1	0.4103631457034066	455.4446808557934	28.908873827583044	0.5904090142844467	0.5904090142844467
exclude_mecom	soft_expected_star_excess	ENSG00000112715	VEGFA	0.0949916644745119	1	0.21826607951016785	552.8122711026572	53.32815766526077	0.5500990743205276	0.5500990743205276
exclude_mecom	soft_expected_star_excess	ENSG00000114251	WNT5A	-0.7850404529893669	0	0.030192934106501895	88.53634834406098	9.536681783835466	0.5116671102830271	0.48833288971697286
exclude_mecom	soft_expected_space_ranger_only	ENSG00000106624	AEBP1	-1.2186788129097876	0	-0.17527589947842775	15.466795132310764	4.711480499719891	0.4748469523556029	0.5251530476443971
exclude_mecom	soft_expected_space_ranger_only	ENSG00000178999	AURKB	0.49001377066826124	1	0.06553354015547308	19.18275832931881	1.954826026915797	0.5113417916186082	0.5113417916186082
exclude_mecom	soft_expected_space_ranger_only	ENSG00000168646	AXIN2	-0.3677557366257922	0	0.001985083660336291	5.106766343817178	0.5167133601338527	0.5007245733889332	0.49927542661106683
exclude_mecom	soft_expected_space_ranger_only	ENSG00000125378	BMP4	-0.08043686333278965	0	0.019442570349721678	2.3004337129400105	1.1102230246251565e-16	0.5033566971283234	0.4966433028716766
exclude_mecom	soft_expected_space_ranger_only	ENSG00000101144	BMP7	0.915588309005567	1	-0.03160037826455492	30.229692672911124	5.489675687706981	0.5010794664773903	0.5010794664773903
exclude_mecom	soft_expected_space_ranger_only	ENSG00000150636	CCDC102B	-0.22139343782288504	0	-0.0518386809736625	4.440892098500626e-16	1.0	0.49808505604353354	0.5019149439564665
exclude_mecom	soft_expected_space_ranger_only	ENSG00000091986	CCDC80	-0.25386539955675086	0	0.0732896146747696	7.109729181304922	2.220446049250313e-16	0.5091828586638275	0.4908171413361725
exclude_mecom	soft_expected_space_ranger_only	ENSG00000105383	CD33	-0.06511842080469385	0	1.5335954395245543e-17	1.1102230246251565e-16	0.0	0.5007541478129713	0.49924585218702866
exclude_mecom	soft_expected_space_ranger_only	ENSG00000004468	CD38	-0.13197920504235194	0	0.024228158720347233	2.5718187644162205	0.0	0.5037707390648567	0.4962292609351433
exclude_mecom	soft_expected_space_ranger_only	ENSG00000153283	CD96	-0.10597204395291976	0	0.023201190840302387	3.027499766951546	1.1102230246251565e-16	0.49963771330553336	0.5003622866944666
exclude_mecom	soft_expected_space_ranger_only	ENSG00000054938	CHRDL2	-0.008357965613602428	0	1.9978942408779622e-17	1.1102230246251565e-16	0.0	0.5007541478129713	0.49924585218702866
exclude_mecom	soft_expected_space_ranger_only	ENSG00000163507	CIP2A	0.37128721382930585	1	0.044676566024814617	9.332937846113389	0.08126279173481576	0.5039333983970662	0.5039333983970662
exclude_mecom	soft_expected_space_ranger_only	ENSG00000163347	CLDN1	0.2141634392052716	1	0.048533505660946524	30.721209021400632	3.0354715877656115	0.5065063732883802	0.5065063732883802
exclude_mecom	soft_expected_space_ranger_only	ENSG00000060718	COL11A1	-0.2483355951316873	0	0.004972471506966579	0.348652338365945	0.0	0.5052790346907994	0.4947209653092006
exclude_mecom	soft_expected_space_ranger_only	ENSG00000168036	CTNNB1	-0.03934756491582103	0	-0.1349057201801517	11.479269931872027	3.9931847166653855	0.49220713926596277	0.5077928607340372
exclude_mecom	soft_expected_space_ranger_only	ENSG00000107201	DDX58	-0.3258866854337916	0	0.1299028060594657	13.405980860803838	3.552713678800501e-15	0.5145875846567889	0.4854124153432111
exclude_mecom	soft_expected_space_ranger_only	ENSG00000050165	DKK3	-0.5509568118001006	0	0.007138788741411647	10.734712232921021	0.5250680450993223	0.49517197527578155	0.5048280247242185
exclude_mecom	soft_expected_space_ranger_only	ENSG00000118997	DNAH7	0.39224721551629393	1	0.09128280437538532	11.806088489027445	2.220446049250313e-16	0.5085026469109515	0.5085026469109515
exclude_mecom	soft_expected_space_ranger_only	ENSG00000142627	EPHA2	-0.0673796678338453	0	-0.05508313566450297	8.274679952314505	2.4153119398917164	0.5015009020199332	0.49849909798006675
exclude_mecom	soft_expected_space_ranger_only	ENSG00000078098	FAP	-0.13797310709161634	0	0.0	0.0	0.0	0.5	0.5
exclude_mecom	soft_expected_space_ranger_only	ENSG00000162747	FCGR3B	-0.1351060202906019	0	0.0	0.0	0.0	0.5	0.5
exclude_mecom	soft_expected_space_ranger_only	ENSG00000169919	GUSB	0.3832131603941278	1	0.17660215765388546	21.243379167084548	0.0	0.5256410256410257	0.5256410256410257
exclude_mecom	soft_expected_space_ranger_only	ENSG00000164683	HEY1	-0.3253465178773897	0	0.012120262352266657	1.5135631139231656	0.0	0.5030165912518854	0.49698340874811464
exclude_mecom	soft_expected_space_ranger_only	ENSG00000173110	HSPA6	-0.18727786612997324	0	0.006560413966677109	0.9491977669730727	0.0	0.5007541478129713	0.49924585218702866
exclude_mecom	soft_expected_space_ranger_only	ENSG00000090339	ICAM1	0.2791998317286457	1	0.13821689215202587	26.116673269753434	0.9773384014972433	0.5165025286132552	0.5165025286132552
exclude_mecom	soft_expected_space_ranger_only	ENSG00000131203	IDO1	-0.022210749492450926	0	1.607821412809009e-17	1.1102230246251565e-16	0.0	0.5007541478129713	0.49924585218702866
exclude_mecom	soft_expected_space_ranger_only	ENSG00000137959	IFI44L	-0.9041469826251693	0	0.19866268958403246	29.447719460199835	0.8896222734028715	0.5195191198651405	0.48048088013485946
exclude_mecom	soft_expected_space_ranger_only	ENSG00000185811	IKZF1	-0.17477833236199297	0	0.0	0.0	0.0	0.5	0.5
exclude_mecom	soft_expected_space_ranger_only	ENSG00000100385	IL2RB	-0.225882409899349	0	0.00010879034608150116	0.0010474776338371683	0.0	0.5007541478129713	0.49924585218702866
exclude_mecom	soft_expected_space_ranger_only	ENSG00000122641	INHBA	-0.1915303956148917	0	-0.04571307318262873	0.02264838132980529	0.9999983661566565	0.49733830183657174	0.5026616981634282
exclude_mecom	soft_expected_space_ranger_only	ENSG00000005844	ITGAL	-0.5752531390939338	0	0.00025502084298490796	0.002381705453534111	0.0	0.502262443438914	0.497737556561086
exclude_mecom	soft_expected_space_ranger_only	ENSG00000169896	ITGAM	-0.2966447705937746	0	0.019770924794124633	2.6026274505201314	0.0	0.5075414781297134	0.4924585218702866
exclude_mecom	soft_expected_space_ranger_only	ENSG00000076706	MCAM	-0.5183335012275943	0	-0.021879757582990877	6.82568137957817	0.8471263675237712	0.49341229704551504	0.506587702954485
exclude_mecom	soft_expected_space_ranger_only	ENSG00000099953	MMP11	-0.4689070594226381	0	0.09243810681859502	16.1213671884788	0.2579843437765492	0.5136929583296365	0.48630704167036354
exclude_mecom	soft_expected_space_ranger_only	ENSG00000181143	MUC16	1.160201873183913	1	-0.20185142319998692	20.61697259332262	6.628731449326676	0.4818413036406117	0.4818413036406117
exclude_mecom	soft_expected_space_ranger_only	ENSG00000117983	MUC5B	0.7969077332305541	1	0.01781928826764334	24.009136970101817	2.4746948969587197	0.5032679738562091	0.5032679738562091
exclude_mecom	soft_expected_space_ranger_only	ENSG00000157601	MX1	-0.9359873798701337	0	0.06398875946699986	25.23797768356593	2.04974226830848	0.5024990388312187	0.4975009611687813
exclude_mecom	soft_expected_space_ranger_only	ENSG00000149294	NCAM1	0.6868886706577602	1	0.017070574385766396	22.505404316364647	3.2779977803693745	0.5101292402330465	0.5101292402330465
exclude_mecom	soft_expected_space_ranger_only	ENSG00000104419	NDRG1	0.37700526735914064	1	-0.004578363041024207	5.58171020696192	1.0	0.5018484015023807	0.5018484015023807
exclude_mecom	soft_expected_space_ranger_only	ENSG00000074181	NOTCH3	0.5459944211749401	1	-0.021838096644395344	21.39312489465116	3.4298772899769494	0.5038742495489901	0.5038742495489901
exclude_mecom	soft_expected_space_ranger_only	ENSG00000122133	PAEP	0.1101394664779702	1	0.014990444298207452	1.5096727330329283	2.220446049250313e-16	0.5033566971283234	0.5033566971283234
exclude_mecom	soft_expected_space_ranger_only	ENSG00000185920	PTCH1	-0.8443916078460016	0	0.03900196799850165	3.460991688456266	0.0	0.5128205128205128	0.4871794871794872
exclude_mecom	soft_expected_space_ranger_only	ENSG00000095303	PTGS1	0.6925416702060048	1	0.17725522150442238	21.977392445807578	0.0	0.5279034690799397	0.5279034690799397
exclude_mecom	soft_expected_space_ranger_only	ENSG00000143248	RGS5	-0.4985575652749244	0	-0.08074117905881317	6.326808305669463	2.3209311650705193	0.5000221808180285	0.4999778191819715
exclude_mecom	soft_expected_space_ranger_only	ENSG00000124935	SCGB1D2	0.1405927284535079	1	-0.029670939186461937	17.752904944762438	3.9458705775867786	0.4966580900836956	0.4966580900836956
exclude_mecom	soft_expected_space_ranger_only	ENSG00000196136	SERPINA3	0.187736083921979	1	0.02763819537742034	2.378692392652804	0.0	0.5105580693815988	0.5105580693815988
exclude_mecom	soft_expected_space_ranger_only	ENSG00000117394	SLC2A1	0.8539351532613062	1	0.009887939645744692	25.347057392354436	3.876069811642085	0.5029648360098188	0.5029648360098188
exclude_mecom	soft_expected_space_ranger_only	ENSG00000125398	SOX9	0.48214832620441606	1	0.03824543001088365	19.934094460865367	2.4155208407860638	0.5134193949072842	0.5134193949072842
exclude_mecom	soft_expected_space_ranger_only	ENSG00000105825	TFPI2	0.18709128402486136	1	0.044629729921869754	4.602047070933912	4.975414896968289e-05	0.5146763079289032	0.5146763079289032
exclude_mecom	soft_expected_space_ranger_only	ENSG00000181847	TIGIT	0.0026970012763099516	1	-0.005940840078334286	2.122610561574234	0.09924117178389413	0.489863366160944	0.489863366160944
exclude_mecom	soft_expected_space_ranger_only	ENSG00000078900	TP73	0.017130289819595315	1	-0.0029704567542507	3.10868854379682	0.3778913655333067	0.5063437139561707	0.5063437139561707
exclude_mecom	soft_expected_space_ranger_only	ENSG00000159713	TPPP3	0.07209900746038661	1	0.026702755501792214	6.614704024118504	0.36926462146820604	0.5094046668441131	0.5094046668441131
exclude_mecom	soft_expected_space_ranger_only	ENSG00000176890	TYMS	0.5229662110453963	1	-0.03030532764595739	23.683194462281897	4.0412490384259465	0.5044361636057137	0.5044361636057137
exclude_mecom	soft_expected_space_ranger_only	ENSG00000112715	VEGFA	0.0949916644745119	1	0.13391273522276398	31.758252591705187	2.499026377132827	0.5185135894478454	0.5185135894478454
exclude_mecom	soft_expected_space_ranger_only	ENSG00000114251	WNT5A	-0.7850404529893669	0	0.004048067707821741	4.980132926105377	0.9603889757391428	0.5014639339898855	0.49853606601011446
label_leakage_controlled	xenium	ENSG00000106624	AEBP1	-1.2186788129097876	0	-1.2186788129097876	9932.0	4314.0	0.17414160234229437	0.8258583976577056
label_leakage_controlled	xenium	ENSG00000178999	AURKB	0.49001377066826124	1	0.49001377066826124	28972.0	472.0	0.7968976429184041	0.7968976429184041
label_leakage_controlled	xenium	ENSG00000168646	AXIN2	-0.3677557366257922	0	-0.3677557366257922	6795.0	660.0	0.25924200751190374	0.7407579924880963
label_leakage_controlled	xenium	ENSG00000125378	BMP4	-0.08043686333278965	0	-0.08043686333278965	1503.0	105.0	0.515792742436341	0.484207257563659
label_leakage_controlled	xenium	ENSG00000101144	BMP7	0.915588309005567	1	0.915588309005567	71825.0	776.0	0.8885192085884127	0.8885192085884127
label_leakage_controlled	xenium	ENSG00000150636	CCDC102B	-0.22139343782288504	0	-0.22139343782288504	234.0	135.0	0.32054239493685854	0.6794576050631415
label_leakage_controlled	xenium	ENSG00000091986	CCDC80	-0.25386539955675086	0	-0.25386539955675086	5143.0	504.0	0.3825377813267087	0.6174622186732913
label_leakage_controlled	xenium	ENSG00000105383	CD33	-0.06511842080469385	0	-0.06511842080469385	298.0	50.0	0.49905361843078105	0.500946381569219
label_leakage_controlled	xenium	ENSG00000004468	CD38	-0.13197920504235194	0	-0.13197920504235194	909.0	191.0	0.5152456155916363	0.4847543844083637
label_leakage_controlled	xenium	ENSG00000153283	CD96	-0.10597204395291976	0	-0.10597204395291976	762.0	65.0	0.6233697098749001	0.37663029012509985
label_leakage_controlled	xenium	ENSG00000054938	CHRDL2	-0.008357965613602428	0	-0.008357965613602428	66.0	7.0	0.5078224351580752	0.49217756484192476
label_leakage_controlled	xenium	ENSG00000163507	CIP2A	0.37128721382930585	1	0.37128721382930585	20403.0	444.0	0.7547762694821518	0.7547762694821518
label_leakage_controlled	xenium	ENSG00000163347	CLDN1	0.2141634392052716	1	0.2141634392052716	46073.0	2041.0	0.5574631059060124	0.5574631059060124
label_leakage_controlled	xenium	ENSG00000060718	COL11A1	-0.2483355951316873	0	-0.2483355951316873	474.0	204.0	0.3186200573743826	0.6813799426256174
label_leakage_controlled	xenium	ENSG00000168036	CTNNB1	-0.03934756491582103	0	-0.03934756491582103	138726.0	6103.0	0.39413834915565016	0.6058616508443498
label_leakage_controlled	xenium	ENSG00000107201	DDX58	-0.3258866854337916	0	-0.3258866854337916	36473.0	2133.0	0.24734569544258128	0.7526543045574188
label_leakage_controlled	xenium	ENSG00000050165	DKK3	-0.5509568118001006	0	-0.5509568118001006	1420.0	807.0	0.31002868719131693	0.6899713128086831
label_leakage_controlled	xenium	ENSG00000118997	DNAH7	0.39224721551629393	1	0.39224721551629393	9794.0	119.0	0.8799943808594328	0.8799943808594328
label_leakage_controlled	xenium	ENSG00000142627	EPHA2	-0.0673796678338453	0	-0.0673796678338453	11144.0	454.0	0.4727619554609174	0.5272380445390825
label_leakage_controlled	xenium	ENSG00000078098	FAP	-0.13797310709161634	0	-0.13797310709161634	252.0	78.0	0.3810368793067755	0.6189631206932245
label_leakage_controlled	xenium	ENSG00000162747	FCGR3B	-0.1351060202906019	0	-0.1351060202906019	381.0	49.0	0.464569840002366	0.535430159997634
label_leakage_controlled	xenium	ENSG00000169919	GUSB	0.3832131603941278	1	0.3832131603941278	141986.0	3595.0	0.8316919527992193	0.8316919527992193
label_leakage_controlled	xenium	ENSG00000164683	HEY1	-0.3253465178773897	0	-0.3253465178773897	551.0	262.0	0.3355070535001331	0.6644929464998669
label_leakage_controlled	xenium	ENSG00000173110	HSPA6	-0.18727786612997324	0	-0.18727786612997324	665.0	84.0	0.42187915890338035	0.5781208410966197
label_leakage_controlled	xenium	ENSG00000090339	ICAM1	0.2791998317286457	1	0.2791998317286457	25376.0	502.0	0.6528849850649158	0.6528849850649158
label_leakage_controlled	xenium	ENSG00000131203	IDO1	-0.022210749492450926	0	-0.022210749492450926	297.0	29.0	0.5191568331706741	0.48084316682932593
label_leakage_controlled	xenium	ENSG00000137959	IFI44L	-0.9041469826251693	0	-0.9041469826251693	37905.0	4140.0	0.09045337592050395	0.909546624079496
label_leakage_controlled	xenium	ENSG00000185811	IKZF1	-0.17477833236199297	0	-0.17477833236199297	509.0	134.0	0.4104338568006388	0.5895661431993612
label_leakage_controlled	xenium	ENSG00000100385	IL2RB	-0.225882409899349	0	-0.225882409899349	245.0	129.0	0.415979061307781	0.584020938692219
label_leakage_controlled	xenium	ENSG00000122641	INHBA	-0.1915303956148917	0	-0.1915303956148917	451.0	153.0	0.3787744358678615	0.6212255641321385
label_leakage_controlled	xenium	ENSG00000005844	ITGAL	-0.5752531390939338	0	-0.5752531390939338	1385.0	387.0	0.31952207730754445	0.6804779226924556
label_leakage_controlled	xenium	ENSG00000169896	ITGAM	-0.2966447705937746	0	-0.2966447705937746	1674.0	253.0	0.3857761807588797	0.6142238192411202
label_leakage_controlled	xenium	ENSG00000076706	MCAM	-0.5183335012275943	0	-0.5183335012275943	24005.0	2833.0	0.2800032531866442	0.7199967468133558
label_leakage_controlled	xenium	ENSG00000099953	MMP11	-0.4689070594226381	0	-0.4689070594226381	3766.0	782.0	0.36868955727087216	0.6313104427291278
label_leakage_controlled	xenium	ENSG00000117983	MUC5B	0.7969077332305541	1	0.7969077332305541	56517.0	868.0	0.8231153698281726	0.8231153698281726
label_leakage_controlled	xenium	ENSG00000157601	MX1	-0.9359873798701337	0	-0.9359873798701337	79518.0	7229.0	0.11236802413273	0.8876319758672699
label_leakage_controlled	xenium	ENSG00000149294	NCAM1	0.6868886706577602	1	0.6868886706577602	61816.0	1129.0	0.8463165054860557	0.8463165054860557
label_leakage_controlled	xenium	ENSG00000104419	NDRG1	0.37700526735914064	1	0.37700526735914064	77466.0	1833.0	0.7299263596841451	0.7299263596841451
label_leakage_controlled	xenium	ENSG00000074181	NOTCH3	0.5459944211749401	1	0.5459944211749401	155647.0	3183.0	0.8471889509951793	0.8471889509951793
label_leakage_controlled	xenium	ENSG00000122133	PAEP	0.1101394664779702	1	0.1101394664779702	2459.0	36.0	0.7869680300476148	0.7869680300476148
label_leakage_controlled	xenium	ENSG00000185920	PTCH1	-0.8443916078460016	0	-0.8443916078460016	10678.0	3239.0	0.16366486262680033	0.8363351373731996
label_leakage_controlled	xenium	ENSG00000095303	PTGS1	0.6925416702060048	1	0.6925416702060048	53530.0	642.0	0.8428415106615799	0.8428415106615799
label_leakage_controlled	xenium	ENSG00000143248	RGS5	-0.4985575652749244	0	-0.4985575652749244	1081.0	543.0	0.28913435660840503	0.710865643391595
label_leakage_controlled	xenium	ENSG00000124935	SCGB1D2	0.1405927284535079	1	0.1405927284535079	6109.0	123.0	0.7159080826900897	0.7159080826900897
label_leakage_controlled	xenium	ENSG00000196136	SERPINA3	0.187736083921979	1	0.187736083921979	7503.0	122.0	0.7064220861798717	0.7064220861798717
label_leakage_controlled	xenium	ENSG00000117394	SLC2A1	0.8539351532613062	1	0.8539351532613062	134863.0	1569.0	0.8235441989767249	0.8235441989767249
label_leakage_controlled	xenium	ENSG00000125398	SOX9	0.48214832620441606	1	0.48214832620441606	20531.0	290.0	0.8394700263212374	0.8394700263212374
label_leakage_controlled	xenium	ENSG00000105825	TFPI2	0.18709128402486136	1	0.18709128402486136	4571.0	89.0	0.8051045455889747	0.8051045455889747
label_leakage_controlled	xenium	ENSG00000181847	TIGIT	0.0026970012763099516	1	0.0026970012763099516	1568.0	73.0	0.6705113417916186	0.6705113417916186
label_leakage_controlled	xenium	ENSG00000078900	TP73	0.017130289819595315	1	0.017130289819595315	752.0	20.0	0.7024369325407389	0.7024369325407389
label_leakage_controlled	xenium	ENSG00000159713	TPPP3	0.07209900746038661	1	0.07209900746038661	4860.0	165.0	0.6289740632301186	0.6289740632301186
label_leakage_controlled	xenium	ENSG00000176890	TYMS	0.5229662110453963	1	0.5229662110453963	43165.0	897.0	0.7864430840209388	0.7864430840209388
label_leakage_controlled	xenium	ENSG00000112715	VEGFA	0.0949916644745119	1	0.0949916644745119	36951.0	1051.0	0.5501138615325466	0.5501138615325466
label_leakage_controlled	xenium	ENSG00000114251	WNT5A	-0.7850404529893669	0	-0.7850404529893669	5003.0	1344.0	0.17581995090645608	0.8241800490935439
label_leakage_controlled	space_ranger	ENSG00000106624	AEBP1	-1.2186788129097876	0	-0.5746857070158565	2177.0	451.0	0.35036820157927423	0.6496317984207258
label_leakage_controlled	space_ranger	ENSG00000178999	AURKB	0.49001377066826124	1	0.29884762734743797	2047.0	123.0	0.6591695501730104	0.6591695501730104
label_leakage_controlled	space_ranger	ENSG00000168646	AXIN2	-0.3677557366257922	0	0.0642537756655211	801.0	61.0	0.584996894685476	0.415003105314524
label_leakage_controlled	space_ranger	ENSG00000125378	BMP4	-0.08043686333278965	0	-0.012329091213337973	187.0	19.0	0.5295522432200632	0.4704477567799368
label_leakage_controlled	space_ranger	ENSG00000101144	BMP7	0.915588309005567	1	0.2958441009543935	6130.0	413.0	0.5856253511962856	0.5856253511962856
label_leakage_controlled	space_ranger	ENSG00000150636	CCDC102B	-0.22139343782288504	0	-0.029476869830164176	90.0	10.0	0.5192899180788454	0.4807100819211546
label_leakage_controlled	space_ranger	ENSG00000091986	CCDC80	-0.25386539955675086	0	0.10444160679872261	947.0	53.0	0.6120427054683109	0.38795729453168915
label_leakage_controlled	space_ranger	ENSG00000105383	CD33	-0.06511842080469385	0	-0.017505728576063306	21.0	5.0	0.4907579924880962	0.5092420075119037
label_leakage_controlled	space_ranger	ENSG00000004468	CD38	-0.13197920504235194	0	-0.05691038156422913	69.0	10.0	0.505796587111466	0.494203412888534
label_leakage_controlled	space_ranger	ENSG00000153283	CD96	-0.10597204395291976	0	0.032293480292380536	227.0	16.0	0.5654851684263449	0.4345148315736551
label_leakage_controlled	space_ranger	ENSG00000054938	CHRDL2	-0.008357965613602428	0	0.003045926275285879	13.0	1.0	0.504820631118209	0.49517936888179104
label_leakage_controlled	space_ranger	ENSG00000163507	CIP2A	0.37128721382930585	1	0.1863615485658317	1357.0	83.0	0.6493434477863543	0.6493434477863543
label_leakage_controlled	space_ranger	ENSG00000163347	CLDN1	0.2141634392052716	1	0.018410332016666864	6234.0	536.0	0.46854760003548934	0.46854760003548934
label_leakage_controlled	space_ranger	ENSG00000060718	COL11A1	-0.2483355951316873	0	0.028492189586537514	207.0	16.0	0.5503060952887943	0.44969390471120574
label_leakage_controlled	space_ranger	ENSG00000168036	CTNNB1	-0.03934756491582103	0	0.04678415565295735	24223.0	1674.0	0.5122364179457606	0.4877635820542394
label_leakage_controlled	space_ranger	ENSG00000107201	DDX58	-0.3258866854337916	0	-0.036031508957525604	2215.0	184.0	0.47601514210510754	0.5239848578948925
label_leakage_controlled	space_ranger	ENSG00000050165	DKK3	-0.5509568118001006	0	-0.11798256883835184	896.0	112.0	0.4992458521870286	0.5007541478129713
label_leakage_controlled	space_ranger	ENSG00000118997	DNAH7	0.39224721551629393	1	0.10472539320938995	779.0	62.0	0.6022387838996835	0.6022387838996835
label_leakage_controlled	space_ranger	ENSG00000142627	EPHA2	-0.0673796678338453	0	0.03688061475694748	1063.0	89.0	0.5477774820335375	0.4522225179664625
label_leakage_controlled	space_ranger	ENSG00000078098	FAP	-0.13797310709161634	0	-0.026451244723365294	33.0	4.0	0.5031348889480377	0.4968651110519623
label_leakage_controlled	space_ranger	ENSG00000162747	FCGR3B	-0.1351060202906019	0	0.0009486167823053465	2.0	0.0	0.5015082956259427	0.4984917043740573
label_leakage_controlled	space_ranger	ENSG00000169919	GUSB	0.3832131603941278	1	0.11025719579373239	3565.0	262.0	0.5211013515511785	0.5211013515511785
label_leakage_controlled	space_ranger	ENSG00000164683	HEY1	-0.3253465178773897	0	-0.031872828277606624	85.0	16.0	0.494188625676515	0.505811374323485
label_leakage_controlled	space_ranger	ENSG00000173110	HSPA6	-0.18727786612997324	0	-0.035252285252794405	30.0	6.0	0.490654482003963	0.509345517996037
label_leakage_controlled	space_ranger	ENSG00000090339	ICAM1	0.2791998317286457	1	0.0684884615111126	1164.0	81.0	0.5733741460385058	0.5733741460385058
label_leakage_controlled	space_ranger	ENSG00000131203	IDO1	-0.022210749492450926	0	-0.021431464104306932	36.0	5.0	0.5045100996658091	0.49548990033419094
label_leakage_controlled	space_ranger	ENSG00000137959	IFI44L	-0.9041469826251693	0	-0.1178312741534655	6469.0	568.0	0.38891846331292695	0.611081536687073
label_leakage_controlled	space_ranger	ENSG00000185811	IKZF1	-0.17477833236199297	0	-0.014816319345172253	25.0	3.0	0.5029796232218378	0.49702037677816224
label_leakage_controlled	space_ranger	ENSG00000100385	IL2RB	-0.225882409899349	0	-0.019004869508607494	29.0	4.0	0.4994972347913525	0.5005027652086476
label_leakage_controlled	space_ranger	ENSG00000122641	INHBA	-0.1915303956148917	0	-0.0075800764652888195	63.0	7.0	0.5045988229379232	0.49540117706207676
label_leakage_controlled	space_ranger	ENSG00000005844	ITGAL	-0.5752531390939338	0	-0.001277592955544294	38.0	3.0	0.5121772690976844	0.48782273090231565
label_leakage_controlled	space_ranger	ENSG00000169896	ITGAM	-0.2966447705937746	0	-0.01514601079113459	163.0	12.0	0.5415816401975572	0.45841835980244283
label_leakage_controlled	space_ranger	ENSG00000076706	MCAM	-0.5183335012275943	0	-0.10295872620410051	1078.0	123.0	0.5136042350575223	0.4863957649424777
label_leakage_controlled	space_ranger	ENSG00000099953	MMP11	-0.4689070594226381	0	-0.2332006150217335	1336.0	182.0	0.4504554461301866	0.5495445538698134
label_leakage_controlled	space_ranger	ENSG00000117983	MUC5B	0.7969077332305541	1	0.28752488245618557	5120.0	365.0	0.5934182119303226	0.5934182119303226
label_leakage_controlled	space_ranger	ENSG00000157601	MX1	-0.9359873798701337	0	-0.191522829082434	4538.0	423.0	0.3712329577381481	0.6287670422618519
label_leakage_controlled	space_ranger	ENSG00000149294	NCAM1	0.6868886706577602	1	0.26944191322427125	3329.0	210.0	0.5902167805281993	0.5902167805281993
label_leakage_controlled	space_ranger	ENSG00000104419	NDRG1	0.37700526735914064	1	-0.014440571090655475	72.0	6.0	0.5212787980954071	0.5212787980954071
label_leakage_controlled	space_ranger	ENSG00000074181	NOTCH3	0.5459944211749401	1	0.09070447053438624	17738.0	1203.0	0.5100553041729512	0.5100553041729512
label_leakage_controlled	space_ranger	ENSG00000122133	PAEP	0.1101394664779702	1	0.030643405788159606	330.0	23.0	0.5617587909975452	0.5617587909975452
label_leakage_controlled	space_ranger	ENSG00000185920	PTCH1	-0.8443916078460016	0	-0.12101236511769031	783.0	127.0	0.5064546180463135	0.49354538195368647
label_leakage_controlled	space_ranger	ENSG00000095303	PTGS1	0.6925416702060048	1	0.3844333470814473	2860.0	162.0	0.6685446425930854	0.6685446425930854
label_leakage_controlled	space_ranger	ENSG00000143248	RGS5	-0.4985575652749244	0	-0.2919429713884637	1619.0	234.0	0.4363336586519978	0.5636663413480022
label_leakage_controlled	space_ranger	ENSG00000124935	SCGB1D2	0.1405927284535079	1	0.08663617984197058	3692.0	288.0	0.5176781119687694	0.5176781119687694
label_leakage_controlled	space_ranger	ENSG00000196136	SERPINA3	0.187736083921979	1	0.05659229450966041	655.0	52.0	0.5616774613314406	0.5616774613314406
label_leakage_controlled	space_ranger	ENSG00000117394	SLC2A1	0.8539351532613062	1	0.21730987715349093	14912.0	967.0	0.5916363528820276	0.5916363528820276
label_leakage_controlled	space_ranger	ENSG00000125398	SOX9	0.48214832620441606	1	0.2966174754009908	3100.0	192.0	0.610600952296454	0.610600952296454
label_leakage_controlled	space_ranger	ENSG00000105825	TFPI2	0.18709128402486136	1	0.059707356400474976	1103.0	97.0	0.5609972495785646	0.5609972495785646
label_leakage_controlled	space_ranger	ENSG00000181847	TIGIT	0.0026970012763099516	1	-0.025417282916945005	162.0	20.0	0.5127983320024843	0.5127983320024843
label_leakage_controlled	space_ranger	ENSG00000078900	TP73	0.017130289819595315	1	0.07537274123453311	411.0	28.0	0.5965826753023986	0.5965826753023986
label_leakage_controlled	space_ranger	ENSG00000159713	TPPP3	0.07209900746038661	1	0.15824174787819772	892.0	58.0	0.6359832017271463	0.6359832017271463
label_leakage_controlled	space_ranger	ENSG00000176890	TYMS	0.5229662110453963	1	0.319530738615585	6223.0	380.0	0.6089447845503209	0.6089447845503209
label_leakage_controlled	space_ranger	ENSG00000112715	VEGFA	0.0949916644745119	1	0.2917002876135226	8154.0	575.0	0.569048886522935	0.569048886522935
label_leakage_controlled	space_ranger	ENSG00000114251	WNT5A	-0.7850404529893669	0	-0.26229373725949257	1034.0	189.0	0.4350397776003312	0.5649602223996688
label_leakage_controlled	soft_expected	ENSG00000106624	AEBP1	-1.2186788129097876	0	-0.5386204233867682	2376.0510719850613	475.85839874903763	0.3526897938662644	0.6473102061337356
label_leakage_controlled	soft_expected	ENSG00000178999	AURKB	0.49001377066826124	1	0.28661568783169555	2175.782516315909	131.17633043409876	0.6531955165173158	0.6531955165173158
label_leakage_controlled	soft_expected	ENSG00000168646	AXIN2	-0.3677557366257922	0	0.02033362130295885	857.5056871294998	67.50870780163473	0.558956614319936	0.44104338568006396
label_leakage_controlled	soft_expected	ENSG00000125378	BMP4	-0.08043686333278965	0	-0.0042527670948025315	203.0299821738417	19.0	0.5390899949723479	0.4609100050276521
label_leakage_controlled	soft_expected	ENSG00000101144	BMP7	0.915588309005567	1	0.2637527702323754	6573.9436707386785	438.14400348183176	0.5863055629491615	0.5863055629491615
label_leakage_controlled	soft_expected	ENSG00000150636	CCDC102B	-0.22139343782288504	0	-0.014619634836211037	115.65543845500424	11.0	0.5263064501818826	0.4736935498181174
label_leakage_controlled	soft_expected	ENSG00000091986	CCDC80	-0.25386539955675086	0	0.06822398983879813	991.9551557570285	61.25645276671357	0.5932777334161418	0.40672226658385824
label_leakage_controlled	soft_expected	ENSG00000105383	CD33	-0.06511842080469385	0	-0.015431224404086665	22.99843226182197	5.0	0.4922219264779818	0.5077780735220182
label_leakage_controlled	soft_expected	ENSG00000004468	CD38	-0.13197920504235194	0	-0.04907591908143348	75.87908111601925	10.0	0.5107650903498655	0.4892349096501345
label_leakage_controlled	soft_expected	ENSG00000153283	CD96	-0.10597204395291976	0	0.016722522702841913	260.75820310526865	19.0	0.5636441605299737	0.4363558394700263
label_leakage_controlled	soft_expected	ENSG00000054938	CHRDL2	-0.008357965613602428	0	0.002981935558943604	13.0	1.0	0.504820631118209	0.49517936888179104
label_leakage_controlled	soft_expected	ENSG00000163507	CIP2A	0.37128721382930585	1	0.19011749300862074	1452.3238240475168	88.91874023988288	0.6525005175524207	0.6525005175524207
label_leakage_controlled	soft_expected	ENSG00000163347	CLDN1	0.2141634392052716	1	-0.013700044747093632	6665.0019683403425	580.0954055054574	0.45486942891787185	0.45486942891787185
label_leakage_controlled	soft_expected	ENSG00000060718	COL11A1	-0.2483355951316873	0	0.0016634681853701372	220.64972998561134	23.0	0.5328645787123296	0.4671354212876704
label_leakage_controlled	soft_expected	ENSG00000168036	CTNNB1	-0.03934756491582103	0	0.06273772371115705	25950.389548204585	1836.209358488196	0.5076893502499038	0.4923106497500962
label_leakage_controlled	soft_expected	ENSG00000107201	DDX58	-0.3258866854337916	0	-0.014817132806224764	2390.3478533078915	194.07197854423308	0.4848061396504303	0.5151938603495697
label_leakage_controlled	soft_expected	ENSG00000050165	DKK3	-0.5509568118001006	0	-0.1806957728186303	949.5306930358277	128.00419629251826	0.46854760003548923	0.5314523999645108
label_leakage_controlled	soft_expected	ENSG00000118997	DNAH7	0.39224721551629393	1	0.10807436153637717	824.5257679596004	65.22093999357189	0.6086860083399875	0.6086860083399875
label_leakage_controlled	soft_expected	ENSG00000142627	EPHA2	-0.0673796678338453	0	0.032912186560782986	1135.8691993453308	93.45989569037604	0.5419217460739952	0.45807825392600476
label_leakage_controlled	soft_expected	ENSG00000078098	FAP	-0.13797310709161634	0	-0.022252374615322822	37.0	4.0	0.5061071185638659	0.4938928814361341
label_leakage_controlled	soft_expected	ENSG00000162747	FCGR3B	-0.1351060202906019	0	0.0008919053556790314	2.0	0.0	0.5015082956259427	0.4984917043740573
label_leakage_controlled	soft_expected	ENSG00000169919	GUSB	0.3832131603941278	1	0.09354696086469638	3782.8712273254437	289.59686031519607	0.5065137668943898	0.5065137668943898
label_leakage_controlled	soft_expected	ENSG00000164683	HEY1	-0.3253465178773897	0	-0.03545557285724278	87.48643685274956	18.0	0.4908541093662201	0.5091458906337799
label_leakage_controlled	soft_expected	ENSG00000173110	HSPA6	-0.18727786612997324	0	-0.0316479863862536	33.05080223302693	6.0	0.49352320113565795	0.506476798864342
label_leakage_controlled	soft_expected	ENSG00000090339	ICAM1	0.2791998317286457	1	0.06829990846668704	1224.3863632798668	87.40007057050408	0.5713778724159347	0.5713778724159347
label_leakage_controlled	soft_expected	ENSG00000131203	IDO1	-0.022210749492450926	0	-0.027370572360357757	39.0	7.0	0.4959630911188005	0.5040369088811996
label_leakage_controlled	soft_expected	ENSG00000137959	IFI44L	-0.9041469826251693	0	-0.14569307689421063	6913.045303395349	612.4916648476452	0.3805489013101469	0.6194510986898532
label_leakage_controlled	soft_expected	ENSG00000185811	IKZF1	-0.17477833236199297	0	-0.0228299679285475	32.92372745049629	4.017270131112761	0.49976340460769525	0.5002365953923047
label_leakage_controlled	soft_expected	ENSG00000100385	IL2RB	-0.225882409899349	0	-0.015737448745486833	32.99895252236617	4.000747292104602	0.5024546771951617	0.4975453228048383
label_leakage_controlled	soft_expected	ENSG00000122641	INHBA	-0.1915303956148917	0	0.0012943984030509004	64.97735161867018	6.000001633843343	0.5059222784136279	0.4940777215863721
label_leakage_controlled	soft_expected	ENSG00000005844	ITGAL	-0.5752531390939338	0	-0.00828208913658313	43.99802594860513	5.0	0.5072309466773134	0.4927690533226866
label_leakage_controlled	soft_expected	ENSG00000169896	ITGAM	-0.2966447705937746	0	-0.02792009959713178	171.39729388180925	15.0	0.5304616567592346	0.4695383432407654
label_leakage_controlled	soft_expected	ENSG00000076706	MCAM	-0.5183335012275943	0	-0.08918609354422768	1169.2086668612046	128.51208729989804	0.5132641291810842	0.4867358708189158
label_leakage_controlled	soft_expected	ENSG00000099953	MMP11	-0.4689070594226381	0	-0.22724920703828588	1421.6965085429392	194.9216010420751	0.44769763108863453	0.5523023689113655
label_leakage_controlled	soft_expected	ENSG00000117983	MUC5B	0.7969077332305541	1	0.2739776675746102	5505.645430158847	402.2943715361794	0.5946233697098748	0.5946233697098748
label_leakage_controlled	soft_expected	ENSG00000157601	MX1	-0.9359873798701337	0	-0.14654813202836703	4903.61787500754	443.0880313151913	0.3928518617099932	0.6071481382900068
label_leakage_controlled	soft_expected	ENSG00000149294	NCAM1	0.6868886706577602	1	0.2632842658322282	3531.193066681879	223.8231165804483	0.589802738591666	0.589802738591666
label_leakage_controlled	soft_expected	ENSG00000104419	NDRG1	0.37700526735914064	1	-0.016285031179282462	69.64734555610947	6.0	0.5191642267766836	0.5191642267766836
label_leakage_controlled	soft_expected	ENSG00000074181	NOTCH3	0.5459944211749401	1	0.06531415382025552	18941.435773319306	1297.672095097483	0.4858264572797445	0.4858264572797445
label_leakage_controlled	soft_expected	ENSG00000122133	PAEP	0.1101394664779702	1	0.03722464518951096	348.11140208734884	24.0	0.5720137225327537	0.5720137225327537
label_leakage_controlled	soft_expected	ENSG00000185920	PTCH1	-0.8443916078460016	0	-0.14162029347125243	846.2142721318172	134.91550961157864	0.48315736551030664	0.5168426344896934
label_leakage_controlled	soft_expected	ENSG00000095303	PTGS1	0.6925416702060048	1	0.3571013881246633	3069.92224215592	173.93723585126233	0.6579865732114867	0.6579865732114867
label_leakage_controlled	soft_expected	ENSG00000143248	RGS5	-0.4985575652749244	0	-0.27992275557460344	1728.237746669793	248.6627720406626	0.43713956170703583	0.5628604382929642
label_leakage_controlled	soft_expected	ENSG00000124935	SCGB1D2	0.1405927284535079	1	0.06236833952458154	3956.3503442039328	306.03308386985213	0.509981368112856	0.509981368112856
label_leakage_controlled	soft_expected	ENSG00000196136	SERPINA3	0.187736083921979	1	0.0592810141108262	702.0155020529189	56.02412737768776	0.5634667139857452	0.5634667139857452
label_leakage_controlled	soft_expected	ENSG00000117394	SLC2A1	0.8539351532613062	1	0.2256985692924327	15857.97818389649	1049.6647626751903	0.5969893236329222	0.5969893236329222
label_leakage_controlled	soft_expected	ENSG00000125398	SOX9	0.48214832620441606	1	0.29003631399414165	3294.258639851623	201.52871728506136	0.6063939904770355	0.6063939904770355
label_leakage_controlled	soft_expected	ENSG00000105825	TFPI2	0.18709128402486136	1	0.0704149340860406	1187.2653179597569	99.96951796380692	0.5648714991275545	0.5648714991275545
label_leakage_controlled	soft_expected	ENSG00000181847	TIGIT	0.0026970012763099516	1	-0.024772328003929922	179.54149658547863	20.91787051196537	0.5111939194984179	0.5111939194984179
label_leakage_controlled	soft_expected	ENSG00000078900	TP73	0.017130289819595315	1	0.07016473857428387	444.2179074776092	29.62210863446669	0.6010262325141217	0.6010262325141217
label_leakage_controlled	soft_expected	ENSG00000159713	TPPP3	0.07209900746038661	1	0.13479084725627422	950.71591389311	63.22862195450889	0.6219057758850146	0.6219057758850146
label_leakage_controlled	soft_expected	ENSG00000176890	TYMS	0.5229662110453963	1	0.3081068910022797	6654.761486393511	404.86762478915705	0.6182237600922722	0.6182237600922722
label_leakage_controlled	soft_expected	ENSG00000112715	VEGFA	0.0949916644745119	1	0.22769229858577922	8675.054018510953	625.8291312881279	0.5488199804808802	0.5488199804808802
label_leakage_controlled	soft_expected	ENSG00000114251	WNT5A	-0.7850404529893669	0	-0.24713365123180697	1117.5562154179556	197.5762928080963	0.4411099281341496	0.5588900718658504
label_leakage_controlled	hard	ENSG00000106624	AEBP1	-1.2186788129097876	0	-0.5383260685944532	2379.0	476.0	0.35538846005974034	0.6446115399402597
label_leakage_controlled	hard	ENSG00000178999	AURKB	0.49001377066826124	1	0.2813092508383267	2185.0	131.0	0.6506890840800875	0.6506890840800875
label_leakage_controlled	hard	ENSG00000168646	AXIN2	-0.3677557366257922	0	0.018888115457725008	858.0	68.0	0.554276461715908	0.44572353828409195
label_leakage_controlled	hard	ENSG00000125378	BMP4	-0.08043686333278965	0	-0.004742856444390292	202.0	19.0	0.5365761689291101	0.4634238310708899
label_leakage_controlled	hard	ENSG00000101144	BMP7	0.915588309005567	1	0.26800840066887943	6588.0	438.0	0.5829932274568952	0.5829932274568952
label_leakage_controlled	hard	ENSG00000150636	CCDC102B	-0.22139343782288504	0	-0.01551326083670225	115.0	11.0	0.5249016650400733	0.4750983349599267
label_leakage_controlled	hard	ENSG00000091986	CCDC80	-0.25386539955675086	0	0.0703823590997989	996.0	61.0	0.59562890012717	0.40437109987283004
label_leakage_controlled	hard	ENSG00000105383	CD33	-0.06511842080469385	0	-0.015450349319422001	23.0	5.0	0.4915047466950581	0.5084952533049418
label_leakage_controlled	hard	ENSG00000004468	CD38	-0.13197920504235194	0	-0.048648272956979106	77.0	10.0	0.5108094519859226	0.48919054801407735
label_leakage_controlled	hard	ENSG00000153283	CD96	-0.10597204395291976	0	0.01678930720420757	261.0	19.0	0.5630378848371927	0.43696211516280725
label_leakage_controlled	hard	ENSG00000054938	CHRDL2	-0.008357965613602428	0	0.00295989071235729	13.0	1.0	0.504820631118209	0.49517936888179104
label_leakage_controlled	hard	ENSG00000163507	CIP2A	0.37128721382930585	1	0.18995626325307974	1455.0	89.0	0.6525300919764588	0.6525300919764588
label_leakage_controlled	hard	ENSG00000163347	CLDN1	0.2141634392052716	1	-0.01668247538901091	6680.0	581.0	0.45363469671428147	0.45363469671428147
label_leakage_controlled	hard	ENSG00000060718	COL11A1	-0.2483355951316873	0	0.001607317354939658	221.0	23.0	0.5328645787123296	0.4671354212876704
label_leakage_controlled	hard	ENSG00000168036	CTNNB1	-0.03934756491582103	0	0.07170831895566199	25997.0	1833.0	0.5150385946233696	0.48496140537663035
label_leakage_controlled	hard	ENSG00000107201	DDX58	-0.3258866854337916	0	-0.015894459345964562	2391.0	194.0	0.4847395971963445	0.5152604028036555
label_leakage_controlled	hard	ENSG00000050165	DKK3	-0.5509568118001006	0	-0.17848168156218747	953.0	128.0	0.46880637624582255	0.5311936237541774
label_leakage_controlled	hard	ENSG00000118997	DNAH7	0.39224721551629393	1	0.11150630273065776	832.0	65.0	0.6091296247005589	0.6091296247005589
label_leakage_controlled	hard	ENSG00000142627	EPHA2	-0.0673796678338453	0	0.04373686047066455	1138.0	93.0	0.5497072132020229	0.45029278679797713
label_leakage_controlled	hard	ENSG00000078098	FAP	-0.13797310709161634	0	-0.022344189638969038	37.0	4.0	0.5061071185638659	0.4938928814361341
label_leakage_controlled	hard	ENSG00000162747	FCGR3B	-0.1351060202906019	0	0.0008898760611383812	2.0	0.0	0.5015082956259427	0.4984917043740573
label_leakage_controlled	hard	ENSG00000169919	GUSB	0.3832131603941278	1	0.10194795858337136	3796.0	289.0	0.5080516369443705	0.5080516369443705
label_leakage_controlled	hard	ENSG00000164683	HEY1	-0.3253465178773897	0	-0.035081919859957615	88.0	18.0	0.49089847100227724	0.5091015289977228
label_leakage_controlled	hard	ENSG00000173110	HSPA6	-0.18727786612997324	0	-0.031696834732483775	33.0	6.0	0.49281341495874376	0.5071865850412562
label_leakage_controlled	hard	ENSG00000090339	ICAM1	0.2791998317286457	1	0.07452444726675789	1227.0	86.0	0.5730710081921154	0.5730710081921154
label_leakage_controlled	hard	ENSG00000131203	IDO1	-0.022210749492450926	0	-0.02737232430424056	39.0	7.0	0.4959630911188005	0.5040369088811996
label_leakage_controlled	hard	ENSG00000137959	IFI44L	-0.9041469826251693	0	-0.14600642064135982	6925.0	614.0	0.38031969952385175	0.6196803004761482
label_leakage_controlled	hard	ENSG00000185811	IKZF1	-0.17477833236199297	0	-0.02226909809757231	33.0	4.0	0.5037263774287996	0.49627362257120045
label_leakage_controlled	hard	ENSG00000100385	IL2RB	-0.225882409899349	0	-0.015735944813539262	33.0	4.0	0.5024398899831426	0.4975601100168574
label_leakage_controlled	hard	ENSG00000122641	INHBA	-0.1915303956148917	0	0.0011645730689582093	65.0	6.0	0.5104545588974654	0.4895454411025346
label_leakage_controlled	hard	ENSG00000005844	ITGAL	-0.5752531390939338	0	-0.00833477439304817	44.0	5.0	0.5065137668943896	0.49348623310561035
label_leakage_controlled	hard	ENSG00000169896	ITGAM	-0.2966447705937746	0	-0.02731555013935985	173.0	15.0	0.530579954455387	0.46942004554461303
label_leakage_controlled	hard	ENSG00000076706	MCAM	-0.5183335012275943	0	-0.08800131811735168	1171.0	128.0	0.5138482240558365	0.4861517759441635
label_leakage_controlled	hard	ENSG00000099953	MMP11	-0.4689070594226381	0	-0.21785754937074464	1425.0	194.0	0.45226687960251977	0.5477331203974802
label_leakage_controlled	hard	ENSG00000117983	MUC5B	0.7969077332305541	1	0.271532831992654	5523.0	403.0	0.5930781060538846	0.5930781060538846
label_leakage_controlled	hard	ENSG00000157601	MX1	-0.9359873798701337	0	-0.13199010619588436	4916.0	441.0	0.3966965368349451	0.6033034631650549
label_leakage_controlled	hard	ENSG00000149294	NCAM1	0.6868886706577602	1	0.26612484372767176	3537.0	224.0	0.5936104456865703	0.5936104456865703
label_leakage_controlled	hard	ENSG00000104419	NDRG1	0.37700526735914064	1	-0.01579763973207301	71.0	6.0	0.5191790139887026	0.5191790139887026
label_leakage_controlled	hard	ENSG00000074181	NOTCH3	0.5459944211749401	1	0.06286081552909639	18987.0	1302.0	0.4852793304350398	0.4852793304350398
label_leakage_controlled	hard	ENSG00000122133	PAEP	0.1101394664779702	1	0.037117002219087564	348.0	24.0	0.5695146837015349	0.5695146837015349
label_leakage_controlled	hard	ENSG00000185920	PTCH1	-0.8443916078460016	0	-0.11572840241840798	850.0	134.0	0.5005101588146571	0.4994898411853429
label_leakage_controlled	hard	ENSG00000095303	PTGS1	0.6925416702060048	1	0.3586337940136801	3076.0	174.0	0.6572841806405819	0.6572841806405819
label_leakage_controlled	hard	ENSG00000143248	RGS5	-0.4985575652749244	0	-0.2815477047322129	1730.0	249.0	0.43623754177387397	0.563762458226126
label_leakage_controlled	hard	ENSG00000124935	SCGB1D2	0.1405927284535079	1	0.06785543357665214	3967.0	305.0	0.5124804069440748	0.5124804069440748
label_leakage_controlled	hard	ENSG00000196136	SERPINA3	0.187736083921979	1	0.058412976518709414	702.0	56.0	0.5624316091444119	0.5624316091444119
label_leakage_controlled	hard	ENSG00000117394	SLC2A1	0.8539351532613062	1	0.2210808175529526	15886.0	1049.0	0.5929450211457132	0.5929450211457132
label_leakage_controlled	hard	ENSG00000125398	SOX9	0.48214832620441606	1	0.3075885840152831	3301.0	201.0	0.6160574335314819	0.6160574335314819
label_leakage_controlled	hard	ENSG00000105825	TFPI2	0.18709128402486136	1	0.06993760651947706	1189.0	100.0	0.5659066039688877	0.5659066039688877
label_leakage_controlled	hard	ENSG00000181847	TIGIT	0.0026970012763099516	1	-0.025111899435840357	179.0	21.0	0.5143583828704936	0.5143583828704936
label_leakage_controlled	hard	ENSG00000078900	TP73	0.017130289819595315	1	0.0683467719794115	443.0	30.0	0.5999615532487504	0.5999615532487504
label_leakage_controlled	hard	ENSG00000159713	TPPP3	0.07209900746038661	1	0.14410916506623345	953.0	63.0	0.6292476266524709	0.6292476266524709
label_leakage_controlled	hard	ENSG00000176890	TYMS	0.5229662110453963	1	0.30142929097949733	6668.0	406.0	0.6119465885901872	0.6119465885901872
label_leakage_controlled	hard	ENSG00000112715	VEGFA	0.0949916644745119	1	0.22569236601827392	8689.0	627.0	0.5475113122171946	0.5475113122171946
label_leakage_controlled	hard	ENSG00000114251	WNT5A	-0.7850404529893669	0	-0.24587492634448405	1120.0	197.0	0.4406219501375211	0.559378049862479
label_leakage_controlled	hard_shared	ENSG00000106624	AEBP1	-1.2186788129097876	0	-0.5723295700006662	2165.0	446.0	0.3544346848845118	0.6455653151154882
label_leakage_controlled	hard_shared	ENSG00000178999	AURKB	0.49001377066826124	1	0.2973793384061245	2036.0	122.0	0.6583932215420105	0.6583932215420105
label_leakage_controlled	hard_shared	ENSG00000168646	AXIN2	-0.3677557366257922	0	0.05988327734667359	798.0	61.0	0.5835403543015999	0.4164596456984001
label_leakage_controlled	hard_shared	ENSG00000125378	BMP4	-0.08043686333278965	0	-0.013817328431145665	185.0	19.0	0.5282213941383492	0.47177860586165077
label_leakage_controlled	hard_shared	ENSG00000101144	BMP7	0.915588309005567	1	0.30317354908367156	6107.0	409.0	0.59144411912578	0.59144411912578
label_leakage_controlled	hard_shared	ENSG00000150636	CCDC102B	-0.22139343782288504	0	-0.025553446474870158	90.0	9.0	0.5194008221689883	0.4805991778310117
label_leakage_controlled	hard_shared	ENSG00000091986	CCDC80	-0.25386539955675086	0	0.10295030305957414	945.0	53.0	0.6116286635317776	0.3883713364682224
label_leakage_controlled	hard_shared	ENSG00000105383	CD33	-0.06511842080469385	0	-0.017574445709288525	21.0	5.0	0.4907579924880962	0.5092420075119037
label_leakage_controlled	hard_shared	ENSG00000004468	CD38	-0.13197920504235194	0	-0.05823318565067399	67.0	10.0	0.5050868009345519	0.49491319906544806
label_leakage_controlled	hard_shared	ENSG00000153283	CD96	-0.10597204395291976	0	0.031164738439152656	225.0	16.0	0.564738414219383	0.435261585780617
label_leakage_controlled	hard_shared	ENSG00000054938	CHRDL2	-0.008357965613602428	0	0.0030698058526108466	13.0	1.0	0.504820631118209	0.49517936888179104
label_leakage_controlled	hard_shared	ENSG00000163507	CIP2A	0.37128721382930585	1	0.18249222703332557	1350.0	83.0	0.6481382900068021	0.6481382900068021
label_leakage_controlled	hard_shared	ENSG00000163347	CLDN1	0.2141634392052716	1	0.015063417428685	6215.0	534.0	0.46752728240617514	0.46752728240617514
label_leakage_controlled	hard_shared	ENSG00000060718	COL11A1	-0.2483355951316873	0	0.0284847689518109	207.0	16.0	0.5503060952887943	0.44969390471120574
label_leakage_controlled	hard_shared	ENSG00000168036	CTNNB1	-0.03934756491582103	0	0.07056179606168422	24216.0	1669.0	0.5132123739390175	0.48678762606098247
label_leakage_controlled	hard_shared	ENSG00000107201	DDX58	-0.3258866854337916	0	-0.04250523268494788	2203.0	184.0	0.4739523260284506	0.5260476739715494
label_leakage_controlled	hard_shared	ENSG00000050165	DKK3	-0.5509568118001006	0	-0.12217505235230663	890.0	112.0	0.49818856652766685	0.5018114334723331
label_leakage_controlled	hard_shared	ENSG00000118997	DNAH7	0.39224721551629393	1	0.10314909537525202	774.0	62.0	0.6016472954189217	0.6016472954189217
label_leakage_controlled	hard_shared	ENSG00000142627	EPHA2	-0.0673796678338453	0	0.04159851554867616	1060.0	87.0	0.5510898175258037	0.44891018247419634
label_leakage_controlled	hard_shared	ENSG00000078098	FAP	-0.13797310709161634	0	-0.026899776328827767	33.0	4.0	0.5031496761600568	0.4968503238399432
label_leakage_controlled	hard_shared	ENSG00000162747	FCGR3B	-0.1351060202906019	0	0.0009508640280006366	2.0	0.0	0.5015082956259427	0.4984917043740573
label_leakage_controlled	hard_shared	ENSG00000169919	GUSB	0.3832131603941278	1	0.10606517273419147	3555.0	262.0	0.5192825244728358	0.5192825244728358
label_leakage_controlled	hard_shared	ENSG00000164683	HEY1	-0.3253465178773897	0	-0.032492571677447804	84.0	16.0	0.4935084139236388	0.5064915860763612
label_leakage_controlled	hard_shared	ENSG00000173110	HSPA6	-0.18727786612997324	0	-0.0361111012210682	29.0	6.0	0.4899446958270488	0.5100553041729512
label_leakage_controlled	hard_shared	ENSG00000090339	ICAM1	0.2791998317286457	1	0.06471956599780149	1142.0	80.0	0.5733963268565344	0.5733963268565344
label_leakage_controlled	hard_shared	ENSG00000131203	IDO1	-0.022210749492450926	0	-0.021580192292913164	36.0	5.0	0.5045100996658091	0.49548990033419094
label_leakage_controlled	hard_shared	ENSG00000137959	IFI44L	-0.9041469826251693	0	-0.1198650316778993	6451.0	567.0	0.3892289947653269	0.6107710052346731
label_leakage_controlled	hard_shared	ENSG00000185811	IKZF1	-0.17477833236199297	0	-0.014892749198721694	25.0	3.0	0.5029796232218378	0.49702037677816224
label_leakage_controlled	hard_shared	ENSG00000100385	IL2RB	-0.225882409899349	0	-0.019145681235618883	29.0	4.0	0.4994972347913525	0.5005027652086476
label_leakage_controlled	hard_shared	ENSG00000122641	INHBA	-0.1915303956148917	0	-0.0001085591116706322	63.0	6.0	0.509700411084494	0.49029958891550596
label_leakage_controlled	hard_shared	ENSG00000005844	ITGAL	-0.5752531390939338	0	-0.0013625818665481577	38.0	3.0	0.5121772690976844	0.48782273090231565
label_leakage_controlled	hard_shared	ENSG00000169896	ITGAM	-0.2966447705937746	0	-0.016195355475600373	162.0	12.0	0.5415890338035666	0.4584109661964334
label_leakage_controlled	hard_shared	ENSG00000076706	MCAM	-0.5183335012275943	0	-0.10568245927425779	1074.0	123.0	0.5128205128205128	0.4871794871794872
label_leakage_controlled	hard_shared	ENSG00000099953	MMP11	-0.4689070594226381	0	-0.23869818754638905	1325.0	182.0	0.4491985331085677	0.5508014668914323
label_leakage_controlled	hard_shared	ENSG00000117983	MUC5B	0.7969077332305541	1	0.2830780878583363	5107.0	364.0	0.5921834797267322	0.5921834797267322
label_leakage_controlled	hard_shared	ENSG00000157601	MX1	-0.9359873798701337	0	-0.1789305760772948	4525.0	421.0	0.37714044893975696	0.622859551060243
label_leakage_controlled	hard_shared	ENSG00000149294	NCAM1	0.6868886706577602	1	0.2864496856462174	3315.0	207.0	0.5997249578564458	0.5997249578564458
label_leakage_controlled	hard_shared	ENSG00000104419	NDRG1	0.37700526735914064	1	-0.012634363336445548	68.0	5.0	0.5236521456244639	0.5236521456244639
label_leakage_controlled	hard_shared	ENSG00000074181	NOTCH3	0.5459944211749401	1	0.09537001373246667	17726.0	1200.0	0.5129092360926271	0.5129092360926271
label_leakage_controlled	hard_shared	ENSG00000122133	PAEP	0.1101394664779702	1	0.03002007401309484	329.0	23.0	0.5611451216987549	0.5611451216987549
label_leakage_controlled	hard_shared	ENSG00000185920	PTCH1	-0.8443916078460016	0	-0.12245079445190943	781.0	127.0	0.506277171502085	0.49372282849791504
label_leakage_controlled	hard_shared	ENSG00000095303	PTGS1	0.6925416702060048	1	0.37878858618203204	2845.0	162.0	0.666119539821962	0.666119539821962
label_leakage_controlled	hard_shared	ENSG00000143248	RGS5	-0.4985575652749244	0	-0.28719174225005306	1615.0	232.0	0.4369916895868453	0.5630083104131547
label_leakage_controlled	hard_shared	ENSG00000124935	SCGB1D2	0.1405927284535079	1	0.08904218741093262	3679.0	284.0	0.5190385354745216	0.5190385354745216
label_leakage_controlled	hard_shared	ENSG00000196136	SERPINA3	0.187736083921979	1	0.05606704406869378	654.0	52.0	0.5615665572412977	0.5615665572412977
label_leakage_controlled	hard_shared	ENSG00000117394	SLC2A1	0.8539351532613062	1	0.216962307437635	14896.0	964.0	0.5903942270724278	0.5903942270724278
label_leakage_controlled	hard_shared	ENSG00000125398	SOX9	0.48214832620441606	1	0.3163731932158871	3085.0	190.0	0.6185416851506816	0.6185416851506816
label_leakage_controlled	hard_shared	ENSG00000105825	TFPI2	0.18709128402486136	1	0.058806286814004405	1101.0	97.0	0.5606571437021265	0.5606571437021265
label_leakage_controlled	hard_shared	ENSG00000181847	TIGIT	0.0026970012763099516	1	-0.027283894193570468	160.0	20.0	0.5113491852246177	0.5113491852246177
label_leakage_controlled	hard_shared	ENSG00000078900	TP73	0.017130289819595315	1	0.07425242848723512	409.0	28.0	0.5963830479401414	0.5963830479401414
label_leakage_controlled	hard_shared	ENSG00000159713	TPPP3	0.07209900746038661	1	0.1571825408757	888.0	58.0	0.6357318191228225	0.6357318191228225
label_leakage_controlled	hard_shared	ENSG00000176890	TYMS	0.5229662110453963	1	0.3153218419609254	6209.0	377.0	0.6077987756188449	0.6077987756188449
label_leakage_controlled	hard_shared	ENSG00000112715	VEGFA	0.0949916644745119	1	0.2879654832391896	8132.0	574.0	0.5673261763227161	0.5673261763227161
label_leakage_controlled	hard_shared	ENSG00000114251	WNT5A	-0.7850404529893669	0	-0.26211683391294394	1032.0	188.0	0.43493626711619787	0.5650637328838022
label_leakage_controlled	hard_star_excess	ENSG00000106624	AEBP1	-1.2186788129097876	0	-0.05148037266373795	214.0	30.0	0.5027799958595806	0.49722000414041945
label_leakage_controlled	hard_star_excess	ENSG00000178999	AURKB	0.49001377066826124	1	0.18528372895160677	149.0	9.0	0.5552006624670984	0.5552006624670984
label_leakage_controlled	hard_star_excess	ENSG00000168646	AXIN2	-0.3677557366257922	0	-0.027921233785855454	60.0	7.0	0.5049832904504185	0.49501670954958155
label_leakage_controlled	hard_star_excess	ENSG00000125378	BMP4	-0.08043686333278965	0	0.04913620435735541	17.0	0.0	0.5128205128205128	0.4871794871794872
label_leakage_controlled	hard_star_excess	ENSG00000101144	BMP7	0.915588309005567	1	0.5274261134430713	481.0	29.0	0.6148079141158727	0.6148079141158727
label_leakage_controlled	hard_star_excess	ENSG00000150636	CCDC102B	-0.22139343782288504	0	0.040644870049544965	25.0	2.0	0.5091532842397894	0.49084671576021055
label_leakage_controlled	hard_star_excess	ENSG00000091986	CCDC80	-0.25386539955675086	0	-0.05197274495835835	51.0	8.0	0.49608138881495284	0.5039186111850471
label_leakage_controlled	hard_star_excess	ENSG00000105383	CD33	-0.06511842080469385	0	0.006021412942802612	2.0	0.0	0.5015082956259427	0.4984917043740573
label_leakage_controlled	hard_star_excess	ENSG00000004468	CD38	-0.13197920504235194	0	0.03363519558873263	10.0	0.0	0.5075414781297134	0.4924585218702866
label_leakage_controlled	hard_star_excess	ENSG00000153283	CD96	-0.10597204395291976	0	0.015276950938859377	36.0	3.0	0.5102992931712654	0.48970070682873457
label_leakage_controlled	hard_star_excess	ENSG00000054938	CHRDL2	-0.008357965613602428	0	0.0	0.0	0.0	0.5	0.5
label_leakage_controlled	hard_star_excess	ENSG00000163507	CIP2A	0.37128721382930585	1	0.15884687405476952	105.0	6.0	0.5417073314997191	0.5417073314997191
label_leakage_controlled	hard_star_excess	ENSG00000163347	CLDN1	0.2141634392052716	1	0.1954438897243298	465.0	47.0	0.546062165439328	0.546062165439328
label_leakage_controlled	hard_star_excess	ENSG00000060718	COL11A1	-0.2483355951316873	0	-0.11194073672845839	14.0	7.0	0.4759190252269837	0.5240809747730163
label_leakage_controlled	hard_star_excess	ENSG00000168036	CTNNB1	-0.03934756491582103	0	0.465956792923504	1781.0	164.0	0.5160736994647029	0.48392630053529706
label_leakage_controlled	hard_star_excess	ENSG00000107201	DDX58	-0.3258866854337916	0	0.23476576447102304	188.0	10.0	0.5594002306805075	0.4405997693194925
label_leakage_controlled	hard_star_excess	ENSG00000050165	DKK3	-0.5509568118001006	0	-0.16732074875975445	63.0	16.0	0.4772498743086978	0.5227501256913022
label_leakage_controlled	hard_star_excess	ENSG00000118997	DNAH7	0.39224721551629393	1	0.10426051629083444	58.0	3.0	0.5271419276609588	0.5271419276609588
label_leakage_controlled	hard_star_excess	ENSG00000142627	EPHA2	-0.0673796678338453	0	0.08733089145020834	78.0	6.0	0.5269866619347587	0.47301333806524126
label_leakage_controlled	hard_star_excess	ENSG00000078098	FAP	-0.13797310709161634	0	0.013475770871116143	4.0	0.0	0.5030165912518854	0.49698340874811464
label_leakage_controlled	hard_star_excess	ENSG00000162747	FCGR3B	-0.1351060202906019	0	0.0	0.0	0.0	0.5	0.5
label_leakage_controlled	hard_star_excess	ENSG00000169919	GUSB	0.3832131603941278	1	0.04812822805329331	241.0	27.0	0.5173675805163696	0.5173675805163696
label_leakage_controlled	hard_star_excess	ENSG00000164683	HEY1	-0.3253465178773897	0	-0.024300561381768844	4.0	2.0	0.49325703131931503	0.506742968680685
label_leakage_controlled	hard_star_excess	ENSG00000173110	HSPA6	-0.18727786612997324	0	0.0124048712412867	4.0	0.0	0.5030165912518854	0.49698340874811464
label_leakage_controlled	hard_star_excess	ENSG00000090339	ICAM1	0.2791998317286457	1	0.11345536180664592	85.0	6.0	0.5272971933871587	0.5272971933871587
label_leakage_controlled	hard_star_excess	ENSG00000131203	IDO1	-0.022210749492450926	0	-0.03115396693984821	3.0	2.0	0.4924437346582675	0.5075562653417325
label_leakage_controlled	hard_star_excess	ENSG00000137959	IFI44L	-0.9041469826251693	0	0.10919184701227391	474.0	47.0	0.5228314553574069	0.47716854464259306
label_leakage_controlled	hard_star_excess	ENSG00000185811	IKZF1	-0.17477833236199297	0	-0.010537601970475381	8.0	1.0	0.5010720728713808	0.4989279271286192
label_leakage_controlled	hard_star_excess	ENSG00000100385	IL2RB	-0.225882409899349	0	0.012031660122544183	4.0	0.0	0.5030165912518854	0.49698340874811464
label_leakage_controlled	hard_star_excess	ENSG00000122641	INHBA	-0.1915303956148917	0	0.006838828671403988	2.0	0.0	0.5015082956259427	0.4984917043740573
label_leakage_controlled	hard_star_excess	ENSG00000005844	ITGAL	-0.5752531390939338	0	-0.025009512831781266	6.0	2.0	0.49472096530920057	0.5052790346907994
label_leakage_controlled	hard_star_excess	ENSG00000169896	ITGAM	-0.2966447705937746	0	-0.03833426744184486	11.0	3.0	0.49346405228758167	0.5065359477124183
label_leakage_controlled	hard_star_excess	ENSG00000076706	MCAM	-0.5183335012275943	0	0.15158807060247873	97.0	5.0	0.5411897790790524	0.4588102209209476
label_leakage_controlled	hard_star_excess	ENSG00000099953	MMP11	-0.4689070594226381	0	0.05636089149319634	100.0	12.0	0.5166134327033981	0.4833865672966019
label_leakage_controlled	hard_star_excess	ENSG00000117983	MUC5B	0.7969077332305541	1	0.3039714704322791	416.0	39.0	0.5749268033005057	0.5749268033005057
label_leakage_controlled	hard_star_excess	ENSG00000157601	MX1	-0.9359873798701337	0	0.48518937665990586	391.0	20.0	0.6078135628308639	0.39218643716913615
label_leakage_controlled	hard_star_excess	ENSG00000149294	NCAM1	0.6868886706577602	1	0.17470979200804387	222.0	17.0	0.5483246088782421	0.5483246088782421
label_leakage_controlled	hard_star_excess	ENSG00000104419	NDRG1	0.37700526735914064	1	-0.012030289048062805	3.0	1.0	0.49733830183657174	0.49733830183657174
label_leakage_controlled	hard_star_excess	ENSG00000074181	NOTCH3	0.5459944211749401	1	0.2510441094929752	1261.0	102.0	0.5074157868275515	0.5074157868275515
label_leakage_controlled	hard_star_excess	ENSG00000122133	PAEP	0.1101394664779702	1	0.038865636414247146	19.0	1.0	0.5094342412681512	0.5094342412681512
label_leakage_controlled	hard_star_excess	ENSG00000185920	PTCH1	-0.8443916078460016	0	0.053544401946645226	69.0	7.0	0.518661461568036	0.48133853843196395
label_leakage_controlled	hard_star_excess	ENSG00000095303	PTGS1	0.6925416702060048	1	0.3140230315987655	231.0	12.0	0.579880519326886	0.579880519326886
label_leakage_controlled	hard_star_excess	ENSG00000143248	RGS5	-0.4985575652749244	0	-0.058536118464092846	115.0	17.0	0.49872829976636207	0.501271700233638
label_leakage_controlled	hard_star_excess	ENSG00000124935	SCGB1D2	0.1405927284535079	1	0.27558886397346083	288.0	21.0	0.5708159583592111	0.5708159583592111
label_leakage_controlled	hard_star_excess	ENSG00000196136	SERPINA3	0.187736083921979	1	0.05347832670211031	48.0	4.0	0.5133380652411795	0.5133380652411795
label_leakage_controlled	hard_star_excess	ENSG00000117394	SLC2A1	0.8539351532613062	1	0.43668051188815715	990.0	85.0	0.5620397480259073	0.5620397480259073
label_leakage_controlled	hard_star_excess	ENSG00000125398	SOX9	0.48214832620441606	1	0.30411350094438294	216.0	11.0	0.5793333924821814	0.5793333924821814
label_leakage_controlled	hard_star_excess	ENSG00000105825	TFPI2	0.18709128402486136	1	0.17917250231626017	88.0	3.0	0.5473560464909946	0.5473560464909946
label_leakage_controlled	hard_star_excess	ENSG00000181847	TIGIT	0.0026970012763099516	1	0.026293078939805006	19.0	1.0	0.5092863691479608	0.5092863691479608
label_leakage_controlled	hard_star_excess	ENSG00000078900	TP73	0.017130289819595315	1	0.038924371223294625	34.0	2.0	0.513204980333008	0.513204980333008
label_leakage_controlled	hard_star_excess	ENSG00000159713	TPPP3	0.07209900746038661	1	0.06988679743302122	65.0	5.0	0.5221660308165498	0.5221660308165498
label_leakage_controlled	hard_star_excess	ENSG00000176890	TYMS	0.5229662110453963	1	0.4120690803430932	459.0	29.0	0.5909117794930944	0.5909117794930944
label_leakage_controlled	hard_star_excess	ENSG00000112715	VEGFA	0.0949916644745119	1	0.2471352892120673	557.0	53.0	0.5479697157897849	0.5479697157897849
label_leakage_controlled	hard_star_excess	ENSG00000114251	WNT5A	-0.7850404529893669	0	0.02500895412077947	88.0	9.0	0.5141143938721794	0.4858856061278206
label_leakage_controlled	hard_space_ranger_only	ENSG00000106624	AEBP1	-1.2186788129097876	0	-0.14588338221856334	12.0	5.0	0.48468044834826834	0.5153195516517317
label_leakage_controlled	hard_space_ranger_only	ENSG00000178999	AURKB	0.49001377066826124	1	0.028699178733681434	11.0	1.0	0.5026690917694379	0.5026690917694379
label_leakage_controlled	hard_space_ranger_only	ENSG00000168646	AXIN2	-0.3677557366257922	0	0.025183252180974922	3.0	0.0	0.502262443438914	0.497737556561086
label_leakage_controlled	hard_space_ranger_only	ENSG00000125378	BMP4	-0.08043686333278965	0	0.015344921916822457	2.0	0.0	0.5015082956259427	0.4984917043740573
label_leakage_controlled	hard_space_ranger_only	ENSG00000101144	BMP7	0.915588309005567	1	-0.04849318716908804	23.0	4.0	0.49661372844763857	0.49661372844763857
label_leakage_controlled	hard_space_ranger_only	ENSG00000150636	CCDC102B	-0.22139343782288504	0	-0.054171107246390036	0.0	1.0	0.4950980392156863	0.5049019607843137
label_leakage_controlled	hard_space_ranger_only	ENSG00000091986	CCDC80	-0.25386539955675086	0	0.016546483853859956	2.0	0.0	0.5015082956259427	0.4984917043740573
label_leakage_controlled	hard_space_ranger_only	ENSG00000105383	CD33	-0.06511842080469385	0	0.0	0.0	0.0	0.5	0.5
label_leakage_controlled	hard_space_ranger_only	ENSG00000004468	CD38	-0.13197920504235194	0	0.014676651306200161	2.0	0.0	0.5015082956259427	0.4984917043740573
label_leakage_controlled	hard_space_ranger_only	ENSG00000153283	CD96	-0.10597204395291976	0	0.015529594325269493	2.0	0.0	0.5015082956259427	0.4984917043740573
label_leakage_controlled	hard_space_ranger_only	ENSG00000054938	CHRDL2	-0.008357965613602428	0	0.0	0.0	0.0	0.5	0.5
label_leakage_controlled	hard_space_ranger_only	ENSG00000163507	CIP2A	0.37128721382930585	1	0.05367413767491641	7.0	0.0	0.5052790346907994	0.5052790346907994
label_leakage_controlled	hard_space_ranger_only	ENSG00000163347	CLDN1	0.2141634392052716	1	0.009569358773127437	19.0	2.0	0.5020554224706473	0.5020554224706473
label_leakage_controlled	hard_space_ranger_only	ENSG00000060718	COL11A1	-0.2483355951316873	0	0.0	0.0	0.0	0.5	0.5
label_leakage_controlled	hard_space_ranger_only	ENSG00000168036	CTNNB1	-0.03934756491582103	0	-0.22285787612151312	7.0	5.0	0.4805104545588974	0.5194895454411026
label_leakage_controlled	hard_space_ranger_only	ENSG00000107201	DDX58	-0.3258866854337916	0	0.09188561395510644	12.0	0.0	0.5090497737556561	0.4909502262443439
label_leakage_controlled	hard_space_ranger_only	ENSG00000050165	DKK3	-0.5509568118001006	0	0.04047066034517056	6.0	0.0	0.5037707390648567	0.4962292609351433
label_leakage_controlled	hard_space_ranger_only	ENSG00000118997	DNAH7	0.39224721551629393	1	0.03825212976826829	5.0	0.0	0.5037707390648567	0.5037707390648567
label_leakage_controlled	hard_space_ranger_only	ENSG00000142627	EPHA2	-0.0673796678338453	0	-0.07515360750786115	3.0	2.0	0.4924733090823056	0.5075266909176944
label_leakage_controlled	hard_space_ranger_only	ENSG00000078098	FAP	-0.13797310709161634	0	0.0	0.0	0.0	0.5	0.5
label_leakage_controlled	hard_space_ranger_only	ENSG00000162747	FCGR3B	-0.1351060202906019	0	0.0	0.0	0.0	0.5	0.5
label_leakage_controlled	hard_space_ranger_only	ENSG00000169919	GUSB	0.3832131603941278	1	0.0689905849352704	10.0	0.0	0.5067873303167421	0.5067873303167421
label_leakage_controlled	hard_space_ranger_only	ENSG00000164683	HEY1	-0.3253465178773897	0	0.007294542846080661	1.0	0.0	0.5007541478129713	0.49924585218702866
label_leakage_controlled	hard_space_ranger_only	ENSG00000173110	HSPA6	-0.18727786612997324	0	0.007186359436475359	1.0	0.0	0.5007541478129713	0.49924585218702866
label_leakage_controlled	hard_space_ranger_only	ENSG00000090339	ICAM1	0.2791998317286457	1	0.11624803600258518	22.0	1.0	0.5117188655250939	0.5117188655250939
label_leakage_controlled	hard_space_ranger_only	ENSG00000131203	IDO1	-0.022210749492450926	0	0.0	0.0	0.0	0.5	0.5
label_leakage_controlled	hard_space_ranger_only	ENSG00000137959	IFI44L	-0.9041469826251693	0	0.07637210041678366	18.0	1.0	0.5078076479460563	0.49219235205394374
label_leakage_controlled	hard_space_ranger_only	ENSG00000185811	IKZF1	-0.17477833236199297	0	0.0	0.0	0.0	0.5	0.5
label_leakage_controlled	hard_space_ranger_only	ENSG00000100385	IL2RB	-0.225882409899349	0	0.0	0.0	0.0	0.5	0.5
label_leakage_controlled	hard_space_ranger_only	ENSG00000122641	INHBA	-0.1915303956148917	0	-0.05021546942580029	0.0	1.0	0.4950980392156863	0.5049019607843137
label_leakage_controlled	hard_space_ranger_only	ENSG00000005844	ITGAL	-0.5752531390939338	0	0.0	0.0	0.0	0.5	0.5
label_leakage_controlled	hard_space_ranger_only	ENSG00000169896	ITGAM	-0.2966447705937746	0	0.007275955638584469	1.0	0.0	0.5007541478129713	0.49924585218702866
label_leakage_controlled	hard_space_ranger_only	ENSG00000076706	MCAM	-0.5183335012275943	0	0.029747260977573443	4.0	0.0	0.5030165912518854	0.49698340874811464
label_leakage_controlled	hard_space_ranger_only	ENSG00000099953	MMP11	-0.4689070594226381	0	0.08225094863836176	11.0	0.0	0.5082956259426847	0.49170437405731526
label_leakage_controlled	hard_space_ranger_only	ENSG00000117983	MUC5B	0.7969077332305541	1	0.05009642569065494	13.0	1.0	0.5049019607843137	0.5049019607843137
label_leakage_controlled	hard_space_ranger_only	ENSG00000157601	MX1	-0.9359873798701337	0	-0.005484874153366889	13.0	2.0	0.4998521278798095	0.5001478721201905
label_leakage_controlled	hard_space_ranger_only	ENSG00000149294	NCAM1	0.6868886706577602	1	-0.045841868211806525	14.0	3.0	0.4951202200337148	0.4951202200337148
label_leakage_controlled	hard_space_ranger_only	ENSG00000104419	NDRG1	0.37700526735914064	1	-0.01842347753317783	4.0	1.0	0.49811463046757165	0.49811463046757165
label_leakage_controlled	hard_space_ranger_only	ENSG00000074181	NOTCH3	0.5459944211749401	1	-0.0674979883650841	12.0	3.0	0.4942108064945435	0.4942108064945435
label_leakage_controlled	hard_space_ranger_only	ENSG00000122133	PAEP	0.1101394664779702	1	0.0067918238990822685	1.0	0.0	0.5007541478129713	0.5007541478129713
label_leakage_controlled	hard_space_ranger_only	ENSG00000185920	PTCH1	-0.8443916078460016	0	0.014526601950583761	2.0	0.0	0.5015082956259427	0.4984917043740573
label_leakage_controlled	hard_space_ranger_only	ENSG00000095303	PTGS1	0.6925416702060048	1	0.10641067427180835	15.0	0.0	0.5105580693815988	0.5105580693815988
label_leakage_controlled	hard_space_ranger_only	ENSG00000143248	RGS5	-0.4985575652749244	0	-0.07827638360197502	4.0	2.0	0.49316830804720074	0.5068316919527993
label_leakage_controlled	hard_space_ranger_only	ENSG00000124935	SCGB1D2	0.1405927284535079	1	-0.10334711566653729	13.0	4.0	0.4900629935232011	0.4900629935232011
label_leakage_controlled	hard_space_ranger_only	ENSG00000196136	SERPINA3	0.187736083921979	1	0.007239465322166843	1.0	0.0	0.5007541478129713	0.5007541478129713
label_leakage_controlled	hard_space_ranger_only	ENSG00000117394	SLC2A1	0.8539351532613062	1	-0.031554445534559744	16.0	3.0	0.49719782332239076	0.49719782332239076
label_leakage_controlled	hard_space_ranger_only	ENSG00000125398	SOX9	0.48214832620441606	1	0.00953849774243233	15.0	2.0	0.5013604235057522	0.5013604235057522
label_leakage_controlled	hard_space_ranger_only	ENSG00000105825	TFPI2	0.18709128402486136	1	0.014515420960751311	2.0	0.0	0.5015082956259427	0.5015082956259427
label_leakage_controlled	hard_space_ranger_only	ENSG00000181847	TIGIT	0.0026970012763099516	1	0.01747518880256931	2.0	0.0	0.5015082956259427	0.5015082956259427
label_leakage_controlled	hard_space_ranger_only	ENSG00000078900	TP73	0.017130289819595315	1	0.014957221002420773	2.0	0.0	0.5015082956259427	0.5015082956259427
label_leakage_controlled	hard_space_ranger_only	ENSG00000159713	TPPP3	0.07209900746038661	1	0.029686049302425698	4.0	0.0	0.5030165912518854	0.5030165912518854
label_leakage_controlled	hard_space_ranger_only	ENSG00000176890	TYMS	0.5229662110453963	1	-0.059711817990526106	14.0	3.0	0.49498713512554343	0.49498713512554343
label_leakage_controlled	hard_space_ranger_only	ENSG00000112715	VEGFA	0.0949916644745119	1	0.11282776953835542	22.0	1.0	0.5115562061928844	0.5115562061928844
label_leakage_controlled	hard_space_ranger_only	ENSG00000114251	WNT5A	-0.7850404529893669	0	-0.03539275017015356	2.0	1.0	0.4965989412356195	0.5034010587643805
label_leakage_controlled	soft_expected_shared	ENSG00000106624	AEBP1	-1.2186788129097876	0	-0.5729556991067457	2161.533204867689	446.28851950028013	0.35344394167923576	0.6465560583207642
label_leakage_controlled	soft_expected_shared	ENSG00000178999	AURKB	0.49001377066826124	1	0.30597351391488314	2027.8172416706811	121.0451739730842	0.6631620974181528	0.6631620974181528
label_leakage_controlled	soft_expected_shared	ENSG00000168646	AXIN2	-0.3677557366257922	0	0.060875788065357594	795.8932336561828	60.483286639866144	0.5854035430159997	0.4145964569840003
label_leakage_controlled	soft_expected_shared	ENSG00000125378	BMP4	-0.08043686333278965	0	-0.013969951712191508	184.69956628706	19.0	0.5294930943719871	0.4705069056280129
label_leakage_controlled	soft_expected_shared	ENSG00000101144	BMP7	0.915588309005567	1	0.30572226258397084	6099.7703073270895	407.51032431229305	0.5941206045012274	0.5941206045012274
label_leakage_controlled	soft_expected_shared	ENSG00000150636	CCDC102B	-0.22139343782288504	0	-0.025578929587698987	90.0	9.0	0.5194008221689883	0.4805991778310117
label_leakage_controlled	soft_expected_shared	ENSG00000091986	CCDC80	-0.25386539955675086	0	0.10075026809457921	939.890270818695	53.0	0.6106231331144825	0.38937686688551754
label_leakage_controlled	soft_expected_shared	ENSG00000105383	CD33	-0.06511842080469385	0	-0.017590599305681645	21.0	5.0	0.4907579924880962	0.5092420075119037
label_leakage_controlled	soft_expected_shared	ENSG00000004468	CD38	-0.13197920504235194	0	-0.05863986401351153	66.42818123558378	10.0	0.5050720137225329	0.49492798627746715
label_leakage_controlled	soft_expected_shared	ENSG00000153283	CD96	-0.10597204395291976	0	0.030470019864038467	223.97250023304844	16.0	0.5640508088604974	0.4359491911395026
label_leakage_controlled	soft_expected_shared	ENSG00000054938	CHRDL2	-0.008357965613602428	0	0.003078663664209773	13.0	1.0	0.504820631118209	0.49517936888179104
label_leakage_controlled	soft_expected_shared	ENSG00000163507	CIP2A	0.37128721382930585	1	0.18271504328484728	1347.6670621538865	82.91873720826518	0.6484636086712211	0.6484636086712211
label_leakage_controlled	soft_expected_shared	ENSG00000163347	CLDN1	0.2141634392052716	1	0.0178748333031995	6203.278790978599	532.9645284122345	0.46858456806553694	0.46858456806553694
label_leakage_controlled	soft_expected_shared	ENSG00000060718	COL11A1	-0.2483355951316873	0	0.028367447206991317	206.65134766163405	16.0	0.5502765208647562	0.4497234791352438
label_leakage_controlled	soft_expected_shared	ENSG00000168036	CTNNB1	-0.03934756491582103	0	0.06836288569225779	24211.52073006813	1670.0068152833346	0.5121846627036939	0.4878153372963061
label_leakage_controlled	soft_expected_shared	ENSG00000107201	DDX58	-0.3258866854337916	0	-0.04282410991177821	2201.594019139196	184.0	0.47395971963446015	0.5260402803655398
label_leakage_controlled	soft_expected_shared	ENSG00000050165	DKK3	-0.5509568118001006	0	-0.12259189564207795	885.2652877670789	111.47493195490068	0.49851388519208584	0.5014861148079142
label_leakage_controlled	soft_expected_shared	ENSG00000118997	DNAH7	0.39224721551629393	1	0.10040126198722915	767.1939115109726	62.0	0.5999615532487506	0.5999615532487506
label_leakage_controlled	soft_expected_shared	ENSG00000142627	EPHA2	-0.0673796678338453	0	0.040391729912288676	1054.7253200476855	86.58468806010828	0.5504539674089848	0.4495460325910152
label_leakage_controlled	soft_expected_shared	ENSG00000078098	FAP	-0.13797310709161634	0	-0.02693735810339302	33.0	4.0	0.5031496761600568	0.4968503238399432
label_leakage_controlled	soft_expected_shared	ENSG00000162747	FCGR3B	-0.1351060202906019	0	0.0009518803278291432	2.0	0.0	0.5015082956259427	0.4984917043740573
label_leakage_controlled	soft_expected_shared	ENSG00000169919	GUSB	0.3832131603941278	1	0.10427341069751717	3543.7566208329154	262.0	0.5183509301156359	0.5183509301156359
label_leakage_controlled	soft_expected_shared	ENSG00000164683	HEY1	-0.3253465178773897	0	-0.032927295434304456	83.48643688607683	16.0	0.4934344778635436	0.5065655221364564
label_leakage_controlled	soft_expected_shared	ENSG00000173110	HSPA6	-0.18727786612997324	0	-0.03613661055730076	29.05080223302693	6.0	0.490654482003963	0.509345517996037
label_leakage_controlled	soft_expected_shared	ENSG00000090339	ICAM1	0.2791998317286457	1	0.06383386774932104	1137.8833267302466	80.02266159850276	0.5730414337680773	0.5730414337680773
label_leakage_controlled	soft_expected_shared	ENSG00000131203	IDO1	-0.022210749492450926	0	-0.021621359637396444	36.0	5.0	0.5045100996658091	0.49548990033419094
label_leakage_controlled	soft_expected_shared	ENSG00000137959	IFI44L	-0.9041469826251693	0	-0.1223775723744549	6439.5522805397995	567.1103777265971	0.3880460178038033	0.6119539821961967
label_leakage_controlled	soft_expected_shared	ENSG00000185811	IKZF1	-0.17477833236199297	0	-0.01491901789186004	25.0	3.0	0.5029796232218378	0.49702037677816224
label_leakage_controlled	soft_expected_shared	ENSG00000100385	IL2RB	-0.225882409899349	0	-0.019193930636373365	28.998952522366164	4.0	0.4994972347913525	0.5005027652086476
label_leakage_controlled	soft_expected_shared	ENSG00000122641	INHBA	-0.1915303956148917	0	-8.685891797648171e-05	62.97735161867019	6.000001633843343	0.5051903114186851	0.4948096885813149
label_leakage_controlled	soft_expected_shared	ENSG00000005844	ITGAL	-0.5752531390939338	0	-0.001381335185934137	37.99761829454647	3.0	0.5121772690976844	0.48782273090231565
label_leakage_controlled	soft_expected_shared	ENSG00000169896	ITGAM	-0.2966447705937746	0	-0.017227834903581707	160.39737254947988	12.0	0.5414855233194333	0.45851447668056666
label_leakage_controlled	soft_expected_shared	ENSG00000076706	MCAM	-0.5183335012275943	0	-0.10490657844964124	1071.174318620422	122.15287363247623	0.5136929583296366	0.4863070416703634
label_leakage_controlled	soft_expected_shared	ENSG00000099953	MMP11	-0.4689070594226381	0	-0.23812965691503396	1319.8786328115211	181.74201565622346	0.44973087274125334	0.5502691272587467
label_leakage_controlled	soft_expected_shared	ENSG00000117983	MUC5B	0.7969077332305541	1	0.2866477607937079	5095.990863029898	362.5253051030413	0.5945864016798272	0.5945864016798272
label_leakage_controlled	soft_expected_shared	ENSG00000157601	MX1	-0.9359873798701337	0	-0.19189899366297514	4512.762022316434	420.9502577316915	0.37440481471623344	0.6255951852837666
label_leakage_controlled	soft_expected_shared	ENSG00000149294	NCAM1	0.6868886706577602	1	0.2833784179504357	3306.4945956836355	206.7220022196306	0.5983941087747315	0.5983941087747315
label_leakage_controlled	soft_expected_shared	ENSG00000104419	NDRG1	0.37700526735914064	1	-0.013379383271660064	66.41828979303808	5.0	0.5229349658415402	0.5229349658415402
label_leakage_controlled	soft_expected_shared	ENSG00000074181	NOTCH3	0.5459944211749401	1	0.09407005565288262	17716.606875105346	1199.570122710023	0.512413864489989	0.512413864489989
label_leakage_controlled	soft_expected_shared	ENSG00000122133	PAEP	0.1101394664779702	1	0.02975393310638605	328.49032726696703	23.0	0.5617366101795167	0.5617366101795167
label_leakage_controlled	soft_expected_shared	ENSG00000185920	PTCH1	-0.8443916078460016	0	-0.12286699059012735	779.5390083115437	127.0	0.5062475970780469	0.4937524029219531
label_leakage_controlled	soft_expected_shared	ENSG00000095303	PTGS1	0.6925416702060048	1	0.3770560660697997	2838.0226075541927	162.0	0.6658385827936001	0.6658385827936001
label_leakage_controlled	soft_expected_shared	ENSG00000143248	RGS5	-0.4985575652749244	0	-0.28730367732552287	1612.6731916943304	231.6790688349295	0.43687339189069296	0.563126608109307
label_leakage_controlled	soft_expected_shared	ENSG00000124935	SCGB1D2	0.1405927284535079	1	0.08785306732292697	3674.247095055238	284.0541294224132	0.5185653446899121	0.5185653446899121
label_leakage_controlled	soft_expected_shared	ENSG00000196136	SERPINA3	0.187736083921979	1	0.055619587134753734	652.6213076073473	52.0	0.5609972495785644	0.5609972495785644
label_leakage_controlled	soft_expected_shared	ENSG00000117394	SLC2A1	0.8539351532613062	1	0.2167086243143208	14886.652942607645	963.1239301883578	0.5909117794930944	0.5909117794930944
label_leakage_controlled	soft_expected_shared	ENSG00000125398	SOX9	0.48214832620441606	1	0.3127345118252063	3080.0659055391347	189.58447915921394	0.6173661017951675	0.6173661017951675
label_leakage_controlled	soft_expected_shared	ENSG00000105825	TFPI2	0.18709128402486136	1	0.05818460804970754	1098.3979529290662	96.99995024585104	0.5603613994617456	0.5603613994617456
label_leakage_controlled	soft_expected_shared	ENSG00000181847	TIGIT	0.0026970012763099516	1	-0.027190777819266876	159.87738943842578	19.900758828216105	0.5113343980125987	0.5113343980125987
label_leakage_controlled	soft_expected_shared	ENSG00000078900	TP73	0.017130289819595315	1	0.07480307427325594	407.89131145620314	27.62210863446669	0.5961390589418272	0.5961390589418272
label_leakage_controlled	soft_expected_shared	ENSG00000159713	TPPP3	0.07209900746038661	1	0.15682041483658876	885.3852959758815	57.630735378531796	0.6357318191228225	0.6357318191228225
label_leakage_controlled	soft_expected_shared	ENSG00000176890	TYMS	0.5229662110453963	1	0.31741511908832365	6199.316805537718	375.9587509615741	0.6100316446337207	0.6100316446337207
label_leakage_controlled	soft_expected_shared	ENSG00000112715	VEGFA	0.0949916644745119	1	0.2885294849210598	8122.241747408294	572.5009736228671	0.5672078786265639	0.5672078786265639
label_leakage_controlled	soft_expected_shared	ENSG00000114251	WNT5A	-0.7850404529893669	0	-0.26385370300716693	1029.0198670738946	188.03961102426086	0.43465531008783603	0.5653446899121639
label_leakage_controlled	soft_expected_star_excess	ENSG00000106624	AEBP1	-1.2186788129097876	0	-0.024020447602525308	214.51786711737194	29.569879248757495	0.5072087658592848	0.49279123414071524
label_leakage_controlled	soft_expected_star_excess	ENSG00000178999	AURKB	0.49001377066826124	1	0.14193018318309253	147.9652746452279	10.131156461014553	0.543755360364357	0.543755360364357
label_leakage_controlled	soft_expected_star_excess	ENSG00000168646	AXIN2	-0.3677557366257922	0	-0.014869486554479783	61.61245347331704	7.025421161768574	0.5154896045899506	0.48451039541004937
label_leakage_controlled	soft_expected_star_excess	ENSG00000125378	BMP4	-0.08043686333278965	0	0.05580208063390908	18.330415886781704	0.0	0.5158371040723981	0.48416289592760187
label_leakage_controlled	soft_expected_star_excess	ENSG00000101144	BMP7	0.915588309005567	1	0.4602777975526118	474.17336341158966	30.63367916953876	0.6065640434152544	0.6065640434152544
label_leakage_controlled	soft_expected_star_excess	ENSG00000150636	CCDC102B	-0.22139343782288504	0	0.04493076138572762	25.655438455004244	2.0	0.5107059415017893	0.4892940584982107
label_leakage_controlled	soft_expected_star_excess	ENSG00000091986	CCDC80	-0.25386539955675086	0	-0.053163584373023154	52.06488493833335	8.256452766713572	0.4956969213024576	0.5043030786975424
label_leakage_controlled	soft_expected_star_excess	ENSG00000105383	CD33	-0.06511842080469385	0	0.006098342678694442	1.9984322618219705	0.0	0.502262443438914	0.497737556561086
label_leakage_controlled	soft_expected_star_excess	ENSG00000004468	CD38	-0.13197920504235194	0	0.0328426413112163	9.450899880435468	0.0	0.5075414781297134	0.4924585218702866
label_leakage_controlled	soft_expected_star_excess	ENSG00000153283	CD96	-0.10597204395291976	0	0.020657628304214984	36.785702872220206	3.0	0.5132271611510366	0.4867728388489634
label_leakage_controlled	soft_expected_star_excess	ENSG00000054938	CHRDL2	-0.008357965613602428	0	0.0	0.0	0.0	0.5	0.5
label_leakage_controlled	soft_expected_star_excess	ENSG00000163507	CIP2A	0.37128721382930585	1	0.16701173973434652	104.65676189363035	6.000003031617692	0.5503208825008132	0.5503208825008132
label_leakage_controlled	soft_expected_star_excess	ENSG00000163347	CLDN1	0.2141634392052716	1	0.1932915860618697	461.72317736174386	47.130877093222985	0.5475852482772897	0.5475852482772897
label_leakage_controlled	soft_expected_star_excess	ENSG00000060718	COL11A1	-0.2483355951316873	0	-0.11103023254373609	13.99838232397729	7.0	0.47738295921686924	0.5226170407831308
label_leakage_controlled	soft_expected_star_excess	ENSG00000168036	CTNNB1	-0.03934756491582103	0	0.29302346305111904	1738.868818136456	166.2025432048614	0.5064694052583325	0.4935305947416675
label_leakage_controlled	soft_expected_star_excess	ENSG00000107201	DDX58	-0.3258866854337916	0	0.24620723031925848	188.75383416869528	10.071978544233072	0.5608937390944312	0.4391062609055688
label_leakage_controlled	soft_expected_star_excess	ENSG00000050165	DKK3	-0.5509568118001006	0	-0.19043897808330842	64.26540526874861	16.52926433761759	0.46578239138792776	0.5342176086120722
label_leakage_controlled	soft_expected_star_excess	ENSG00000118997	DNAH7	0.39224721551629393	1	0.09161215307405038	57.331856448627974	3.220939993571886	0.5273563422352351	0.5273563422352351
label_leakage_controlled	soft_expected_star_excess	ENSG00000142627	EPHA2	-0.0673796678338453	0	0.05347139584591362	81.14387929764528	6.87520763026775	0.5136633839055983	0.4863366160944017
label_leakage_controlled	soft_expected_star_excess	ENSG00000078098	FAP	-0.13797310709161634	0	0.013454003036185198	4.0	0.0	0.5030165912518854	0.49698340874811464
label_leakage_controlled	soft_expected_star_excess	ENSG00000162747	FCGR3B	-0.1351060202906019	0	0.0	0.0	0.0	0.5	0.5
label_leakage_controlled	soft_expected_star_excess	ENSG00000169919	GUSB	0.3832131603941278	1	0.042175586846556534	239.11460649252814	27.596860315196057	0.5207612456747405	0.5207612456747405
label_leakage_controlled	soft_expected_star_excess	ENSG00000164683	HEY1	-0.3253465178773897	0	-0.024125781130245643	3.999999966672738	2.0	0.49325703131931503	0.506742968680685
label_leakage_controlled	soft_expected_star_excess	ENSG00000173110	HSPA6	-0.18727786612997324	0	0.012430987698202299	4.0	0.0	0.5030165912518854	0.49698340874811464
label_leakage_controlled	soft_expected_star_excess	ENSG00000090339	ICAM1	0.2791998317286457	1	0.06986620978760621	86.50303654962013	7.377408972001318	0.5227501256913021	0.5227501256913021
label_leakage_controlled	soft_expected_star_excess	ENSG00000131203	IDO1	-0.022210749492450926	0	-0.031003164455083332	3.0	2.0	0.4924437346582675	0.5075562653417325
label_leakage_controlled	soft_expected_star_excess	ENSG00000137959	IFI44L	-0.9041469826251693	0	0.1392353171037567	473.49302285554836	45.38128712104805	0.5312453789962439	0.4687546210037561
label_leakage_controlled	soft_expected_star_excess	ENSG00000185811	IKZF1	-0.17477833236199297	0	-0.013986115067689039	7.923727450496283	1.0172701311127614	0.4969686215360955	0.5030313784639044
label_leakage_controlled	soft_expected_star_excess	ENSG00000100385	IL2RB	-0.225882409899349	0	0.012022687072424577	4.0	0.0007472921046027814	0.4981442048916097	0.5018557951083903
label_leakage_controlled	soft_expected_star_excess	ENSG00000122641	INHBA	-0.1915303956148917	0	0.006786040384727857	2.0	0.0	0.5015082956259427	0.4984917043740573
label_leakage_controlled	soft_expected_star_excess	ENSG00000005844	ITGAL	-0.5752531390939338	0	-0.02459325029389186	6.0004076540586615	2.0	0.4954603259101529	0.5045396740898471
label_leakage_controlled	soft_expected_star_excess	ENSG00000169896	ITGAM	-0.2966447705937746	0	-0.03831083497294393	10.999921332329372	3.0	0.49346405228758167	0.5065359477124183
label_leakage_controlled	soft_expected_star_excess	ENSG00000076706	MCAM	-0.5183335012275943	0	0.1183209193189593	98.03434824078283	6.359213667421827	0.5346168633365865	0.46538313666341347
label_leakage_controlled	soft_expected_star_excess	ENSG00000099953	MMP11	-0.4689070594226381	0	0.02277033073864576	101.81787573141803	13.179585385851686	0.5144471061426078	0.4855528938573922
label_leakage_controlled	soft_expected_star_excess	ENSG00000117983	MUC5B	0.7969077332305541	1	0.275861649749618	409.6545671289488	39.76906643313815	0.5755035045692485	0.5755035045692485
label_leakage_controlled	soft_expected_star_excess	ENSG00000157601	MX1	-0.9359873798701337	0	0.41417563709825356	390.8558526911054	22.13777358349983	0.5963756543341319	0.40362434566586813
label_leakage_controlled	soft_expected_star_excess	ENSG00000149294	NCAM1	0.6868886706577602	1	0.1962868079549352	224.69847099824364	17.101114360817657	0.5525241770916511	0.5525241770916511
label_leakage_controlled	soft_expected_star_excess	ENSG00000104419	NDRG1	0.37700526735914064	1	-0.01066002667610553	3.22905576307139	1.0	0.49808505604353354	0.49808505604353354
label_leakage_controlled	soft_expected_star_excess	ENSG00000074181	NOTCH3	0.5459944211749401	1	0.2144508332379811	1224.8288982139572	98.10197238745998	0.5144101381125603	0.5144101381125603
label_leakage_controlled	soft_expected_star_excess	ENSG00000122133	PAEP	0.1101394664779702	1	0.04203940987672388	19.621074820381793	1.0	0.5131975867269986	0.5131975867269986
label_leakage_controlled	soft_expected_star_excess	ENSG00000185920	PTCH1	-0.8443916078460016	0	-0.0048820923706967	66.67526382027344	7.915509611578631	0.5061514801999231	0.49384851980007693
label_leakage_controlled	soft_expected_star_excess	ENSG00000095303	PTGS1	0.6925416702060048	1	0.3010078910237113	231.8996346017277	11.937235851262344	0.5735515925827345	0.5735515925827345
label_leakage_controlled	soft_expected_star_excess	ENSG00000143248	RGS5	-0.4985575652749244	0	-0.06784423621195068	115.56455497546273	16.983703205733114	0.5001478721201905	0.4998521278798095
label_leakage_controlled	soft_expected_star_excess	ENSG00000124935	SCGB1D2	0.1405927284535079	1	0.2288240201051604	282.1032491486957	21.978954447438895	0.5662171354212877	0.5662171354212877
label_leakage_controlled	soft_expected_star_excess	ENSG00000196136	SERPINA3	0.187736083921979	1	0.06058762780396175	49.394194445571685	4.0241273776877575	0.5131532250909413	0.5131532250909413
label_leakage_controlled	soft_expected_star_excess	ENSG00000117394	SLC2A1	0.8539351532613062	1	0.45278609528203706	971.3252412888448	86.54083248683247	0.5759027592937628	0.5759027592937628
label_leakage_controlled	soft_expected_star_excess	ENSG00000125398	SOX9	0.48214832620441606	1	0.2786162195895129	214.1927343124882	11.944238125847427	0.5813148788927336	0.5813148788927336
label_leakage_controlled	soft_expected_star_excess	ENSG00000105825	TFPI2	0.18709128402486136	1	0.18721266801715714	88.86736503069082	2.9695677179558886	0.5475113122171946	0.5475113122171946
label_leakage_controlled	soft_expected_star_excess	ENSG00000181847	TIGIT	0.0026970012763099516	1	0.02623232878575365	19.66410714705285	1.017111683749261	0.5052642474787803	0.5052642474787803
label_leakage_controlled	soft_expected_star_excess	ENSG00000078900	TP73	0.017130289819595315	1	0.051425756877180935	36.32659602140602	2.0	0.5191198651406264	0.5191198651406264
label_leakage_controlled	soft_expected_star_excess	ENSG00000159713	TPPP3	0.07209900746038661	1	0.03326440987286283	65.33061791722854	5.597886575977092	0.5112752491645225	0.5112752491645225
label_leakage_controlled	soft_expected_star_excess	ENSG00000176890	TYMS	0.5229662110453963	1	0.4103631457034066	455.4446808557934	28.908873827583044	0.5904090142844467	0.5904090142844467
label_leakage_controlled	soft_expected_star_excess	ENSG00000112715	VEGFA	0.0949916644745119	1	0.21826607951016785	552.8122711026572	53.32815766526077	0.5500990743205276	0.5500990743205276
label_leakage_controlled	soft_expected_star_excess	ENSG00000114251	WNT5A	-0.7850404529893669	0	0.030192934106501895	88.53634834406098	9.536681783835466	0.5116671102830271	0.48833288971697286
label_leakage_controlled	soft_expected_space_ranger_only	ENSG00000106624	AEBP1	-1.2186788129097876	0	-0.17527589947842775	15.466795132310764	4.711480499719891	0.4748469523556029	0.5251530476443971
label_leakage_controlled	soft_expected_space_ranger_only	ENSG00000178999	AURKB	0.49001377066826124	1	0.06553354015547308	19.18275832931881	1.954826026915797	0.5113417916186082	0.5113417916186082
label_leakage_controlled	soft_expected_space_ranger_only	ENSG00000168646	AXIN2	-0.3677557366257922	0	0.001985083660336291	5.106766343817178	0.5167133601338527	0.5007245733889332	0.49927542661106683
label_leakage_controlled	soft_expected_space_ranger_only	ENSG00000125378	BMP4	-0.08043686333278965	0	0.019442570349721678	2.3004337129400105	1.1102230246251565e-16	0.5033566971283234	0.4966433028716766
label_leakage_controlled	soft_expected_space_ranger_only	ENSG00000101144	BMP7	0.915588309005567	1	-0.03160037826455492	30.229692672911124	5.489675687706981	0.5010794664773903	0.5010794664773903
label_leakage_controlled	soft_expected_space_ranger_only	ENSG00000150636	CCDC102B	-0.22139343782288504	0	-0.0518386809736625	4.440892098500626e-16	1.0	0.49808505604353354	0.5019149439564665
label_leakage_controlled	soft_expected_space_ranger_only	ENSG00000091986	CCDC80	-0.25386539955675086	0	0.0732896146747696	7.109729181304922	2.220446049250313e-16	0.5091828586638275	0.4908171413361725
label_leakage_controlled	soft_expected_space_ranger_only	ENSG00000105383	CD33	-0.06511842080469385	0	1.5335954395245543e-17	1.1102230246251565e-16	0.0	0.5007541478129713	0.49924585218702866
label_leakage_controlled	soft_expected_space_ranger_only	ENSG00000004468	CD38	-0.13197920504235194	0	0.024228158720347233	2.5718187644162205	0.0	0.5037707390648567	0.4962292609351433
label_leakage_controlled	soft_expected_space_ranger_only	ENSG00000153283	CD96	-0.10597204395291976	0	0.023201190840302387	3.027499766951546	1.1102230246251565e-16	0.49963771330553336	0.5003622866944666
label_leakage_controlled	soft_expected_space_ranger_only	ENSG00000054938	CHRDL2	-0.008357965613602428	0	1.9978942408779622e-17	1.1102230246251565e-16	0.0	0.5007541478129713	0.49924585218702866
label_leakage_controlled	soft_expected_space_ranger_only	ENSG00000163507	CIP2A	0.37128721382930585	1	0.044676566024814617	9.332937846113389	0.08126279173481576	0.5039333983970662	0.5039333983970662
label_leakage_controlled	soft_expected_space_ranger_only	ENSG00000163347	CLDN1	0.2141634392052716	1	0.048533505660946524	30.721209021400632	3.0354715877656115	0.5065063732883802	0.5065063732883802
label_leakage_controlled	soft_expected_space_ranger_only	ENSG00000060718	COL11A1	-0.2483355951316873	0	0.004972471506966579	0.348652338365945	0.0	0.5052790346907994	0.4947209653092006
label_leakage_controlled	soft_expected_space_ranger_only	ENSG00000168036	CTNNB1	-0.03934756491582103	0	-0.1349057201801517	11.479269931872027	3.9931847166653855	0.49220713926596277	0.5077928607340372
label_leakage_controlled	soft_expected_space_ranger_only	ENSG00000107201	DDX58	-0.3258866854337916	0	0.1299028060594657	13.405980860803838	3.552713678800501e-15	0.5145875846567889	0.4854124153432111
label_leakage_controlled	soft_expected_space_ranger_only	ENSG00000050165	DKK3	-0.5509568118001006	0	0.007138788741411647	10.734712232921021	0.5250680450993223	0.49517197527578155	0.5048280247242185
label_leakage_controlled	soft_expected_space_ranger_only	ENSG00000118997	DNAH7	0.39224721551629393	1	0.09128280437538532	11.806088489027445	2.220446049250313e-16	0.5085026469109515	0.5085026469109515
label_leakage_controlled	soft_expected_space_ranger_only	ENSG00000142627	EPHA2	-0.0673796678338453	0	-0.05508313566450297	8.274679952314505	2.4153119398917164	0.5015009020199332	0.49849909798006675
label_leakage_controlled	soft_expected_space_ranger_only	ENSG00000078098	FAP	-0.13797310709161634	0	0.0	0.0	0.0	0.5	0.5
label_leakage_controlled	soft_expected_space_ranger_only	ENSG00000162747	FCGR3B	-0.1351060202906019	0	0.0	0.0	0.0	0.5	0.5
label_leakage_controlled	soft_expected_space_ranger_only	ENSG00000169919	GUSB	0.3832131603941278	1	0.17660215765388546	21.243379167084548	0.0	0.5256410256410257	0.5256410256410257
label_leakage_controlled	soft_expected_space_ranger_only	ENSG00000164683	HEY1	-0.3253465178773897	0	0.012120262352266657	1.5135631139231656	0.0	0.5030165912518854	0.49698340874811464
label_leakage_controlled	soft_expected_space_ranger_only	ENSG00000173110	HSPA6	-0.18727786612997324	0	0.006560413966677109	0.9491977669730727	0.0	0.5007541478129713	0.49924585218702866
label_leakage_controlled	soft_expected_space_ranger_only	ENSG00000090339	ICAM1	0.2791998317286457	1	0.13821689215202587	26.116673269753434	0.9773384014972433	0.5165025286132552	0.5165025286132552
label_leakage_controlled	soft_expected_space_ranger_only	ENSG00000131203	IDO1	-0.022210749492450926	0	1.607821412809009e-17	1.1102230246251565e-16	0.0	0.5007541478129713	0.49924585218702866
label_leakage_controlled	soft_expected_space_ranger_only	ENSG00000137959	IFI44L	-0.9041469826251693	0	0.19866268958403246	29.447719460199835	0.8896222734028715	0.5195191198651405	0.48048088013485946
label_leakage_controlled	soft_expected_space_ranger_only	ENSG00000185811	IKZF1	-0.17477833236199297	0	0.0	0.0	0.0	0.5	0.5
label_leakage_controlled	soft_expected_space_ranger_only	ENSG00000100385	IL2RB	-0.225882409899349	0	0.00010879034608150116	0.0010474776338371683	0.0	0.5007541478129713	0.49924585218702866
label_leakage_controlled	soft_expected_space_ranger_only	ENSG00000122641	INHBA	-0.1915303956148917	0	-0.04571307318262873	0.02264838132980529	0.9999983661566565	0.49733830183657174	0.5026616981634282
label_leakage_controlled	soft_expected_space_ranger_only	ENSG00000005844	ITGAL	-0.5752531390939338	0	0.00025502084298490796	0.002381705453534111	0.0	0.502262443438914	0.497737556561086
label_leakage_controlled	soft_expected_space_ranger_only	ENSG00000169896	ITGAM	-0.2966447705937746	0	0.019770924794124633	2.6026274505201314	0.0	0.5075414781297134	0.4924585218702866
label_leakage_controlled	soft_expected_space_ranger_only	ENSG00000076706	MCAM	-0.5183335012275943	0	-0.021879757582990877	6.82568137957817	0.8471263675237712	0.49341229704551504	0.506587702954485
label_leakage_controlled	soft_expected_space_ranger_only	ENSG00000099953	MMP11	-0.4689070594226381	0	0.09243810681859502	16.1213671884788	0.2579843437765492	0.5136929583296365	0.48630704167036354
label_leakage_controlled	soft_expected_space_ranger_only	ENSG00000117983	MUC5B	0.7969077332305541	1	0.01781928826764334	24.009136970101817	2.4746948969587197	0.5032679738562091	0.5032679738562091
label_leakage_controlled	soft_expected_space_ranger_only	ENSG00000157601	MX1	-0.9359873798701337	0	0.06398875946699986	25.23797768356593	2.04974226830848	0.5024990388312187	0.4975009611687813
label_leakage_controlled	soft_expected_space_ranger_only	ENSG00000149294	NCAM1	0.6868886706577602	1	0.017070574385766396	22.505404316364647	3.2779977803693745	0.5101292402330465	0.5101292402330465
label_leakage_controlled	soft_expected_space_ranger_only	ENSG00000104419	NDRG1	0.37700526735914064	1	-0.004578363041024207	5.58171020696192	1.0	0.5018484015023807	0.5018484015023807
label_leakage_controlled	soft_expected_space_ranger_only	ENSG00000074181	NOTCH3	0.5459944211749401	1	-0.021838096644395344	21.39312489465116	3.4298772899769494	0.5038742495489901	0.5038742495489901
label_leakage_controlled	soft_expected_space_ranger_only	ENSG00000122133	PAEP	0.1101394664779702	1	0.014990444298207452	1.5096727330329283	2.220446049250313e-16	0.5033566971283234	0.5033566971283234
label_leakage_controlled	soft_expected_space_ranger_only	ENSG00000185920	PTCH1	-0.8443916078460016	0	0.03900196799850165	3.460991688456266	0.0	0.5128205128205128	0.4871794871794872
label_leakage_controlled	soft_expected_space_ranger_only	ENSG00000095303	PTGS1	0.6925416702060048	1	0.17725522150442238	21.977392445807578	0.0	0.5279034690799397	0.5279034690799397
label_leakage_controlled	soft_expected_space_ranger_only	ENSG00000143248	RGS5	-0.4985575652749244	0	-0.08074117905881317	6.326808305669463	2.3209311650705193	0.5000221808180285	0.4999778191819715
label_leakage_controlled	soft_expected_space_ranger_only	ENSG00000124935	SCGB1D2	0.1405927284535079	1	-0.029670939186461937	17.752904944762438	3.9458705775867786	0.4966580900836956	0.4966580900836956
label_leakage_controlled	soft_expected_space_ranger_only	ENSG00000196136	SERPINA3	0.187736083921979	1	0.02763819537742034	2.378692392652804	0.0	0.5105580693815988	0.5105580693815988
label_leakage_controlled	soft_expected_space_ranger_only	ENSG00000117394	SLC2A1	0.8539351532613062	1	0.009887939645744692	25.347057392354436	3.876069811642085	0.5029648360098188	0.5029648360098188
label_leakage_controlled	soft_expected_space_ranger_only	ENSG00000125398	SOX9	0.48214832620441606	1	0.03824543001088365	19.934094460865367	2.4155208407860638	0.5134193949072842	0.5134193949072842
label_leakage_controlled	soft_expected_space_ranger_only	ENSG00000105825	TFPI2	0.18709128402486136	1	0.044629729921869754	4.602047070933912	4.975414896968289e-05	0.5146763079289032	0.5146763079289032
label_leakage_controlled	soft_expected_space_ranger_only	ENSG00000181847	TIGIT	0.0026970012763099516	1	-0.005940840078334286	2.122610561574234	0.09924117178389413	0.489863366160944	0.489863366160944
label_leakage_controlled	soft_expected_space_ranger_only	ENSG00000078900	TP73	0.017130289819595315	1	-0.0029704567542507	3.10868854379682	0.3778913655333067	0.5063437139561707	0.5063437139561707
label_leakage_controlled	soft_expected_space_ranger_only	ENSG00000159713	TPPP3	0.07209900746038661	1	0.026702755501792214	6.614704024118504	0.36926462146820604	0.5094046668441131	0.5094046668441131
label_leakage_controlled	soft_expected_space_ranger_only	ENSG00000176890	TYMS	0.5229662110453963	1	-0.03030532764595739	23.683194462281897	4.0412490384259465	0.5044361636057137	0.5044361636057137
label_leakage_controlled	soft_expected_space_ranger_only	ENSG00000112715	VEGFA	0.0949916644745119	1	0.13391273522276398	31.758252591705187	2.499026377132827	0.5185135894478454	0.5185135894478454
label_leakage_controlled	soft_expected_space_ranger_only	ENSG00000114251	WNT5A	-0.7850404529893669	0	0.004048067707821741	4.980132926105377	0.9603889757391428	0.5014639339898855	0.49853606601011446
